smiles,score_UV_FILTER
C[C@@H](O)[C@@H](NC(=O)OC(C)(C)C)C(=O)Nc1nn(C)c2c1CCNC2,0.0006252041127116133
C[C@@H](O)C(=O)N1CCC2(CCN(C(=O)C3CN(C)C(=O)N3)C2)C1,0.09121307027962972
C[C@@H]1CN(Cc2ccnn2C)CCN1C(=O)CCC1CCCC1,0.0012861760233049326
C[C@H](CNC(=O)c1cncnc1C1CC1)NC(=O)CC(C1CC1)C1CC1,0.2953037941012479
C[C@H]1CN(C(=O)CCn2ccnc2)CCN1C(=O)C(C)(C)N(C)C,0.00023884348068447684
CC[C@@H]1C[C@H]1c1nnc(N2CCOCC2C2CC(F)(F)C2)n1C,0.00042280758772220053
CC[C@@H]1CN(C(=O)c2ccoc2C)C[C@@H]1NC(=O)C1CCOC1C,0.0003814271708163392
CC[C@@H]1CN(c2cc(Cl)nc(C)n2)C[C@@H]1NC(=O)C(C)CCO,0.32652593477729963
CC(=O)CC1(C(=O)N2CC[C@H](NC(=O)CCF)C2)CCCCC1,0.16674947601649895
CC(=O)N[C@@H](Cc1ccccc1)C(=O)NCc1ccccc1C1CC1,0.00038175236215153284
CC(=O)N1CC2CCC1CN2C(=O)Cc1cccc(COC(C)C)c1,0.00038515345361832753
CC(=O)NCC1C(C2CC2)CCN1C(=O)CCCc1ccncc1,0.0010938654477141482
CC(=O)c1cc(C(=O)N2CC[C@@H](NC(=O)c3sccc3O)C2)no1,0.2830798169770114
CC(C(=O)N1CCC2C(CCCN2C)C1)N1CCN(C)CC1,0.0003660930013519477
CC(C(=O)O)C(NCc1ccc(C(N)=O)cc1)c1ccccc1,0.0004873239319799597
CC(C)(C)C(=O)CNC(=O)c1ccn(-c2ccc(Cl)cc2F)n1,0.2947142548639481
CC(C)(C)C(=O)N(CCNC(=O)c1ccc(CN2CCCC2)o1)C1CC1,0.000644149138451709
CC(C)(C)Cc1cn(CC(=O)N2Cc3cn[nH]c3CC(C)(C)C2)nn1,0.17831363232145933
CC(C)(NC(=O)c1csc(=O)[nH]1)c1cn([C@@H]2CCOC2)nn1,0.000318104343386603
CC(C)C1(C)CC1C(=O)N1CCCC1CN(C)CC1CCOC1,0.0003802891436132433
CC(C)N(C(=O)c1cnn(C2CCCNC2)c1)C1CCCNC1,0.0005115084673294961
CC(C)N1CCCC(N(C)C(=O)c2ccccc2OCC#N)CC1,0.001531618628420717
CC(C)NCC1CN(C(=O)Cn2cc(Cl)cn2)CCCO1,0.00042887709602880094
CC(C)OCCC(=O)NCC1(C)CCN(C(=O)C(C)c2cccnc2)C1,0.00045790970527939386
CC(CC(=O)N(C)CCN(C)C(=O)c1cc(O)no1)c1cccnc1,0.00035440145168980926
CC(CC(=O)NC(C)(C)C1CCCN1C(=O)c1cn[nH]c1)C(F)F,0.0005494587241517856
CC(NC(=O)Cc1ncccc1F)c1cc(C(F)(F)F)[nH]n1,0.0006017127838895737
CC(O)(CO)CNCc1ccnc(-c2ccccc2)n1,0.0007181145214605148
CC(O)C1CC1C(=O)N[C@H](C)CNc1nc(N)nc(C(F)F)n1,0.0004634182069277614
CC(O)C1CC1C(=O)N1CCCC(N(C)c2ncnc3c2COC3)C1,0.0006217790376071926
CC1(C)C[C@@H](CNC(=O)C2(CO)CC2)N(C(=O)C2CCC(=O)C2)C1,0.12501664054396802
CC1=NOC(C(=O)N[C@H]2C[C@H](CNC(=O)c3cc(Cl)ccn3)C2)C1,0.00037214515453235387
CC1=NOC(C(=O)N2CCCC(NC(C)=O)C2C)(c2ccccc2)C1,0.0006173267847163928
CC1CC(CNC(=O)C(C)(C)N(C)C)CN1c1cc(O)ncn1,0.0003875816103178124
CC1CC1CC(=O)N1CCCC[C@@H]1CNC(=O)CCc1cnccn1,0.0009828573217560536
CC1CCC(C)N1CCNC(=O)N[C@H]1C[C@@H](n2cncn2)C1,0.0003549751206460737
CC1CCC(CNC(=O)c2cnc3cccnn23)OC1,0.0005515242234971638
CC1CN(C(=O)C2COC(=O)N2)CCC1NC(=O)c1coc(=O)[nH]1,0.00018935235824277583
CC1CN(C(=O)c2cnn(C)c2C(F)F)c2cc(F)ccc2C1,0.392381371548983
CC1OC(C)C(NC(=O)CCNc2cccnc2)C1C,0.0007868788240078526
CCC(=O)N1CCC(NC(=O)c2ccc3nccc(C)c3c2)C(C)C1,0.0005913388911981982
CCC(=O)NCC1CCCC1NC(=O)c1occc1C1CC1,0.0004581848364395187
CCC(=O)NCCN(C)C(=O)C1(CC)CCC(F)(F)CC1,0.0005776381415096231
CCC(C)(COC)NC(=O)CN(C(=O)OCc1ccccc1)C1CC1,0.00037260313618352366
CCC(C)(O)C(=O)N1CC2CC(C1)N(C(=O)[C@H]1C[C@H](N(C)C)C1)C2,0.13074531180597873
CCC(C)C(OC)C(=O)NC(CNC(=O)CC#N)C1CC1,0.0005120239151933658
CCC(C)OCC(=O)N1CCCCC(NC(=O)C2COC(=O)N2)C1,0.13543368138847584
CCC(C)c1ncc(C(=O)OCc2nnc3n2CCOC3)cc1C,0.0003227660064435204
CCC(O)CN1CCN(C(=O)C2(C3CCCN3C(C)=O)CC2)CC1,0.21123922022372224
CCCC(=O)N1CC(n2cc(CN3CCCCC3)nn2)C1,0.0006054372999452543
CCCC(=O)N1CC2(CCCN(C(=O)Cn3cc(CCO)nn3)C2)C1,0.11462518157655172
CCCC(CCC)C(=O)N[C@H](C)C1CN(C(=O)c2cncn2C)C1,0.0007520467636896856
CCCCC(=O)NCCC1CCN(CCOC2CCC2)C1,0.0014408103455228703
CCCN(CCNC(=O)C1(C2CCC2)CC1)c1ccnc2ncnn12,0.6568671130184027
CCCN(CCNC(=O)C1CSC1)C(=O)C(CO)c1ccccc1,0.00029698711583646886
CCCOC1CCN(C(=O)N2CCNC(=O)C2)CC1,0.00026181436509924215
CCN(C(=O)Cc1nccn1C)C(C)c1ccccc1C,0.000503474924389024
CCN(CCNC(=O)C1CCN(C2CC2)CC1)C(=O)CCF,0.0005789392767788209
CCN1CCC(CNC(=O)N2CCC(C)(C(N)=O)C2)C1,0.0006208758929757709
CCOC(=O)N(C)C1CCN(C(=O)c2ncn(-c3ncccn3)n2)CC1,0.18727650587302933
CCOC(C(=O)NC(C)CN(C)C(=O)CCCC(C)C)C1CC1,0.0004872285469128341
CCOC1(CNCC(O)c2ccc3ccccc3c2)CCOC1,0.0006777145137565197
CCc1[nH]c(C)nc1C(=O)NCC1C2CN(C(=O)C3(C#N)CC3C)CC12,0.0012690122683216777
CCc1nc(C(=O)N2CC(O)CC23CCOCC3)c(C)n1C,0.0004908364332879507
CCn1nc(C)c(C(=O)NCC2(O)CN(CC3CCCOC3)C2)c1C,0.0003745734931471044
CN(C)C1(C(=O)N[C@@H]2CCCN(C(=O)C3CCc4ncnn43)C2)CC1,0.13380801037478615
CN(C)C1(C)CCC(NC(=O)CSc2nnnn2CCC#N)CC1,0.0006050139900767333
CN(CC1CC2(CCOCC2)O1)[C@@H]1C[C@H]2CC[C@@H]1C2,0.0008378213130937175
CN(CC1CCN(C(=O)c2ccoc2)C1)c1ncncc1C#N,0.0013898109138311132
CN(CCOc1ccccc1F)C(=O)C1Cc2nccnc2C1,0.0005906380030292674
CN1C[C@H](NC(=O)CN(C(=O)OC(C)(C)C)C2CC2)CC1=O,0.14331443312544406
CNC(CNC(=O)NC1CC(O)(C2(O)CCC2)C1)Cc1ccccc1,0.000295029190146935
CNc1ccc(C(=O)OC)cc1NC(=O)C1CC2CC2CO1,0.2844775464980669
CNc1nc(C)cc(N(CCCN)Cc2ccncc2)n1,0.0007741913881894473
CO[C@@H]1CN(C(=O)c2ccnc(C3(N)CC3)n2)CC[C@H]1F,0.0004470462229901564
CO[C@@H]1COC[C@H]1OC(=O)c1ncoc1C(C)C1CC1,0.0006191594462838923
CO[C@H](C)C(=O)NC(C)CNC(=O)c1ccn(C2CCCC2)n1,0.0004099294371984841
COC[C@@H]1C[C@H]1CNC(=O)NCC(C)(C)c1ccc(Cl)cc1,0.00040639160834928277
COC(=O)[C@@H]1C[C@@H]2CCCC[C@H]2N1C(=O)c1cc(Cl)c[nH]1,0.0010642694964340354
COC(=O)c1cc2n(n1)CCCC2NC(Cc1ccccn1)C1CCC1,0.0008566267924369863
COC1(CNC(=O)c2ccc(C(=O)N(C)C)nc2C)CC(C)C1,0.15426453202383936
COCC(C)(C)CC(=O)NC1CCN(c2ccc(C#N)cn2)C(C)C1,0.0014060196456500982
COCCC(=O)NC[C@@H](C)NC(=O)c1c(C)ccc2ccccc12,0.0007022848765106607
COCCN(C)S(=O)(=O)N1C[C@@H]2CC[C@]2(C(=O)O)C1,0.00026450129617592395
COCCc1noc(CN(C)C(=O)C2CCCCN2C(C)C)n1,0.0003580553798751683
COc1ccc(NC(C)=O)cc1NC(=O)NC(C)CN,0.000413844035858387
COc1ccc2c(c1)OC(C)(C(=O)Nc1ccccn1)CC2,0.0015451473392831966
COc1cccc(-n2ccc(C(=O)NCC3CCNC(C)(C)C3)n2)c1,0.33038570751554003
COc1cccc(CCC(=O)NC(C)CN(C)C(C)=O)c1,0.0003381732449019294
COc1ncccc1C(=O)N1CCC[C@H](NC(=O)c2cnoc2C)C1,0.17494575828067324
COc1nscc1C(=O)N1CCN(Cc2cnnn2C)CC1,0.000460069760130188
CSC1(C(=O)N2CCCC(C(C)Nc3nccnc3F)C2)CC1,0.0016257322056631386
Cc1cc(-n2ccnc2)ccc1CNC1C(=O)NCC12CCNCC2,0.0012519957420639412
Cc1cc(=O)c(C(=O)NC[C@H]2CCCN2C(=O)c2c[nH]nc2N)n[nH]1,0.25062946121117996
Cc1cc(C#N)c(=O)[nH]c1C(=O)NC1CN(C(=O)[C@H](C)N(C)C)C1,0.18698695535344295
Cc1cc(C(=O)N2CCC(C)C(NC(=O)c3nnn(C)n3)C2)cn1C,0.00028483213746864844
Cc1cc(C(=O)NCC2CCN(C(=O)C3CCCN(C)C3)C2)[nH]n1,0.0003688592012270085
Cc1cc(N[C@@H](CO)CNC(=O)C2CCC(F)C2)n2ncc(C)c2n1,0.000671025918930015
Cc1ccccc1C(=O)NC(C)C1CCCN(C(=O)c2ccno2)C1,0.0006751526364841495
Cc1ccncc1C(=O)N[C@H]1C[C@@H](NC(=O)c2ocnc2C(C)C)C1,0.16450123121558638
Cc1csc(C(C)C(=O)NC[C@H]2C[C@H](O)C2)n1,0.0004835127262813887
Cc1n[nH]c(C)c1NC(=O)C(C)CS(=O)(=O)c1ccc(F)cc1,0.0007760800012460492
Cc1nc2c(C(=O)OC3CN(C(N)=O)C3)cccn2n1,0.14758294370520314
Cc1nc2cc(C(=O)NC(C(=O)N3CCCCC3)C(C)C)ccc2s1,0.48426995723991545
Cc1ncc(CC(=O)NC2CCCN(C(=O)C(C)(C)C)C2C)n1C,0.00041562712643790405
Cc1ncc(NC(=O)NC(C)(C)C2CCS(=O)(=O)CC2)c(C)n1,0.000798326443464332
Cc1nn(C)c(Cl)c1CC(=O)NC1Cc2ccc(Cl)cc2C1,0.0005038099581045502
Cc1noc(CCCC(=O)N[C@H](CC(=O)O)C2CCCCC2)n1,0.2375473969711568
Cc1ocnc1C(=O)N1CC(C)(NC(=O)c2ccc(F)s2)C1,0.23307407657219267
Cn1c(=O)c2cc(C(=O)NCC3(C(=O)O)CCOC3)cnc2n(C)c1=O,0.00031648417720900486
Cn1cccc1C(=O)N1CCCC1CNC(=O)c1csc(C#N)c1,0.3054188408097161
Cn1nc(C(C)(C)C)cc1C(=O)N1CCCc2cc[nH]c(=O)c21,0.00100219712918404
NC(=O)c1cc(NCC(NC(=O)c2ccco2)C2CC2)ncn1,0.17918848958068723
O=C(CC1CCCC2CC12)NCC1CC2(CCN(C(=O)CO)CC2)CO1,0.23110228310867123
O=C(CCC(F)F)NCC12CC(CO1)N(C(=O)C1(CF)CC1)C2,0.15424906420933893
O=C(CN1CCn2cccc2C1)Nc1cccc(OC(F)(F)F)c1,0.001054458738606869
O=C(Cc1cnoc1)NC1CN(Cc2cc(F)ccc2F)CC1(C)C,0.0006175102736819361
O=C(Cn1cc(C=CC(F)(F)F)nn1)N1CCCC(F)C1O,0.0011366997764847289
O=C(NC1CCCN(C(=O)[C@@H]2CCOC2)CC1)c1cnc2[nH]ncc2c1,0.000368685830275243
O=C(NCC1CCN1C(=O)CO)C1CC2CCCCC2C1,0.0005503592294819668
O=C(Nc1ccnnc1)c1ccc(C(F)(F)F)s1,0.0009915256070192238
O=C(O)C1CN(C(=O)c2ccnc(OC(F)(F)F)c2)CCO1,0.0003308483688121748
O=C(c1cc(F)cc2ccoc12)N1CCC[C@]2(C(=O)O)CCC[C@H]12,0.0012297985261683353
O=C(c1ccc(F)cc1F)N1CC2(CCN(CCO)CC2)C1,0.0006503665523663971
O=C(c1cnnn1C1CC1)N1CC2CC(O)C(O)CC2C1,0.0002528189867686473
O=C1CC[C@H](C(=O)N2CC(CNC(=O)c3ccc(O)cc3)C2)O1,0.00033525280644638756
O=c1cc(Br)c2c([nH]1)CCN(Cc1ccc(O)nc1)C2,0.00032712806708545496
OCc1cncc(CN2CC3(CCCC3)OC3(CCC3)C2)c1,0.0008743563766719941
C[C@@H]1CN(Cc2ccncc2)CCN1C(=O)c1ccc(C(N)=O)s1,0.0003756363877630789
C[C@H]1C[C@@H]1C(=O)NC1(C)CCN(C(=O)c2ccc3c(c2)OCC3)C1,0.0004557568352466544
C[C@H]1CN(C(=O)c2ccn(C)c(=O)c2)CCN1C(=O)CC1(C)CC1,0.00043299349112465934
CC(=O)C1Cc2ccccc2N1C(=O)CCc1nnc[nH]1,0.00030054974136626937
CC(=O)CCCC(=O)N1CCC[C@H](CNC(=O)C2CC3CCCC32)C1,0.30361129262693387
CC(=O)N1CC2CCC1C(CNC(=O)c1cccc3nonc13)C2,0.0004707658716737881
CC(=O)N1CCCCC2C(NC(=O)c3cc(C)nc(O)c3)C21,0.0003789466836912055
CC(=O)NC(C)C(=O)NC1CC2CCC1(Nc1nccc(C#N)n1)C2,0.001103699451147986
CC(=O)c1c(C)[nH]c(C(=O)N(C)CCN(C)C(=O)[C@H]2C[C@@H](O)C2)c1C,0.0002500680674998483
CC(C(=O)NCC1CC2COCC2N1C(=O)C1CC1)n1cccn1,0.00047697117865366524
CC(C)(C(=O)N1CC(NC(=O)[C@H]2CC2(C)C)CC2(CC2)C1)C1CC1,0.21158590487103207
CC(C)(C(=O)N=S1(=O)CCCC2(CCCN2)C1)C1CCCCO1,0.0009418415036321463
CC(C)CC(=O)NC1(C)CN(C(=O)C(F)C2CCOC2)C1,0.0003037271244814681
CC(C)CC(CN)NC(=O)COCc1ccc(C#N)cc1,0.0007642393780046082
CC(C)SCC(=O)N1CCC[C@@H]1CNC(=O)C[C@H]1CCCC[C@@H]1O,0.0005220444209459863
CC(C)n1ncc2cc(C(=O)NC3(C4CCNCC4)CC3)cnc21,0.7542458733590546
CC(CC1CN(C(=O)CC2CCC(=O)C2)C1)NC(=O)c1ccnnc1,0.14431259798254703
CC(COc1ccccc1)NC1=NCC2(CO)COCCN12,0.0005796797417574887
CC(NC(=O)CCC1CCCO1)C1(O)CCN(C(=O)CC(C)(C)C)C1,0.0006329547197517328
CC(NC(=O)CCCC1CC1)C1CCN(C(=O)c2cccc(=O)[nH]2)C1,0.0003336052791899436
CC(NC(=O)CCn1ccnc1)C1CCN(C(=O)COC2COC2)C1,0.00027861904313361194
CC(NC(=O)N1CCC(C2CNC(=O)C2)CC1)c1csnn1,0.0002113293002073614
CC(NS(C)(=O)=O)C(=O)NC(C)C1CCCN(C(=O)CC#N)C1,0.2641148037985529
CC(O)(CNC(=O)NCCC(C1CC1)C1CC1)C1CCCOC1,0.0004152793634675003
CC(O)CN1CCN(CC(=O)Nc2ccnn2C(C)C)C(C)C1,0.0005599813461074432
CC1=C(C(=O)NC2CC(C)N(c3nc(SC)ns3)C2)CCO1,0.36121254860755103
CC1CC(=O)NC1C(=O)N[C@@H]1C[C@@H]2CC[C@H](C1)N2C(=O)[C@H]1C[C@@H]1C,0.26362596617591777
CC1CC(C(=O)NCc2cncc(O)c2)CN1C(=O)OC(C)(C)C,0.0005102807323233038
CC1CC1C(=O)N1C[C@@]2(C)CN(CCCc3ccccc3)C[C@@]2(C)C1,0.0010055211808583015
CC1CCCC1(O)CNC(=O)Nc1ccnn1-c1ncccn1,0.0012568971769098825
CC1CN(C(=O)c2cccc(N3CCCCC3=O)c2)CCS1,0.000676887983427052
CC1CN(C(=O)c2ccncc24CCCC3)C(C)CC1O,0.0
CC1OCCC1COC(=O)CCn1nnc2ccccc2c1=O,0.0006099039298302485
CCC(CC)CC(=O)NC1CCC2CN(C(=O)[C@H](O)C(C)C)CC21,0.0003700970347660279
CCC(CNC(=O)c1ncnn1CC)NC(=O)c1ncn(C)n1,0.00019524224406905976
CCC(OC)C(=O)Nc1cccc(-n2ccnn2)c1,0.0006480523534488186
CCC(F)(F)CC(=O)NC1(C2CCN(C(=O)CC#N)C2)CC1,0.26202843899660516
CCC1(C(=O)NC(C)CC2CN(c3nc(C)cc(C)n3)C2)CC1(F)F,0.0004934797662712957
CCCC(=O)N1CCC(CC(NC(=O)C2CNC(=O)C2)C2CC2)CC1,0.12177768660782906
CCCC(=O)NCC(C)CNC(=O)c1cc(O)ccn1,0.00032622246898652765
CCCn1cccc1C(=O)NCC1(O)CCN(C(=O)C2CCO2)C1,0.0003002803180657398
CCN(CC(=O)N(C)CC(O)CN(C)C(=O)C(C)(F)F)C1CC1,0.0003461915043278785
CCN(CC)CC(=O)NCC1CCCN1C(=O)C(F)(F)C1CC1,0.0004628934642654557
CCN(CC1CCN(C(=O)c2cnoc2C)CC1)C(=O)CC1CCC1,0.0011191766481905108
CCN1CCC[C@@H](NC(=O)N(C)CCOC(C)(C)C)C1,0.00044867812638402796
CCO[C@@H]1CCN(C(=O)C(F)(F)c2nccs2)C1,0.0006828378132462587
CCOC(=O)C1(CC)CCN(CC2(C)CCCO2)CC1,0.0008919958191554748
CCOC(CC)C(=O)NC(C)C1(O)CCN(C(=O)c2cn[nH]c2)C1,0.00028974409944101807
CCOC1(C(=O)N[C@@H](C)CNC(=O)C2CC(C)(C)CN2C)CCC1,0.0004229428990763221
CCOC1CC(C(=O)N2C[C@@H]3C[C@H]2CN3C(=O)C2CCCO2)C1,0.0006107938350779578
CCOc1cc(C(=O)NCC(CC)(COC)C(=O)O)on1,0.0005048117841115869
CCS(C)(=O)=NS(=O)(=O)Nc1ccc(C(C)(C)C#N)cc1,0.001553874118699848
CCc1cccc(C(=O)N2CCN(Cc3csc(CC)n3)CC2)n1,0.0007026472834684921
CCn1nc(C)c(C(=O)N(C)CCCN(C)CC2CCCC2)n1,0.0005915899929155104
CCn1nccc1C(=O)N[C@H]1CCCCN(C(=O)c2cncn2C)C1,0.0006997483190649636
CN(CC1CN(C(=O)c2cnco2)C1)C(=O)c1cc(CC2CC2)c[nH]1,0.39851640237161495
CN(CCC(O)c1ccccc1)C(=O)C1(CC(=O)N2CCNCC2)CC1,0.0007646598414638816
CN(CCN1CCN(c2ccccn2)CC1)C(=O)Cn1cnnn1,0.0003161775683278104
CN1[C@H]2CC[C@@H]1CN(C(=O)c1[nH]ncc1C1CC1)C2,0.0003952786044054718
CNC(=O)C1CCCCN1C(=O)c1cc(Br)no1,0.0004788690968901417
CNC(=O)CC[C@@H](NC(=O)Nc1c(C)c(F)ccc1C)C(=O)O,0.0004351498731251072
CNC(=O)NCCc1noc(C2(Oc3ccccc3)CC2)n1,0.000378338364620113
CNC(=O)c1ccc(C)c(NCc2csc(N)n2)c1,0.0007990518995891389
COC(=O)[C@@H](Cc1ccccc1)N(C)C(C)CCN(C(=O)CO)C1CC1,0.0003399647610327802
COC(=O)C(c1ccccc1)N(CC1CC1)C(=O)c1nocc1C,0.0006275436946945693
COC(=O)C1(OC)CN(C(=O)NCCN2C(C)C(C)CC2C)C1,0.0003813929508910346
COC(=O)C1CCC(C(=O)N2CC[C@H](NC(=O)CC3CC3)C2)C1,0.00023863229976864262
COC(=O)CC12CC(NC(=O)C(C)(N)C(F)(F)F)(C1)C2,0.0002666244001374343
COC(C)(C)CC(=O)NC1CCC(C)N(C(=O)[C@@H](C)OC)C1,0.0004689843027760049
COC(C)C(=O)NC1CCN(C(=O)CCC(C)(C)F)C1,0.00033641600490621636
COC(CN1CCCCC2C(CC1(C)C)CS2(=O)=O)C(C)C,0.0009093276954846618
COC1(CNC(=O)CCC2(C)CC2)CN(C(=O)c2cc[nH]c(=O)c2)C1,0.00026092541726237815
COCC(O)CCNC(=O)C(O)c1ncn(C)n1,0.00013155382139590005
COCC1(CNC(=O)c2cc(-c3ccccc3F)n[nH]2)CCCN1,0.0006439350520016258
COCCC(C)(C(=O)N1CCCC1(CO)CO)N(C)C,0.0002745294879970943
COCc1cncc(C(=O)N2CCCC2Cc2ccccc2)c1,0.0004580235238713983
COc1cc(C#N)cc(OCC(=O)Nc2cc(F)cc(Cl)c2)n1,0.5011739475240203
COc1cc(CNC(=O)COc2ccc(CC#N)cc2)ccc1C#N,0.0005793785735566196
COc1ccc(C)nc1CN(C)C(C)C(=O)Nc1cc(C)on1,0.0003796247232998226
COc1ccc(CCOC(=O)CN2CCOC2=O)cc1,0.00032514797465623324
COc1ccc(CNS(=O)(=O)CCC2CCOC2)c(Cl)c1,0.0003623959168317711
COc1cccc(CC(=O)N2CCN(c3ncns3)[C@H](C)C2)n1,0.0003561775116084396
COc1ccccc1C1(C(=O)NCc2ccc(C(N)=O)nc2)CC1,0.20195760974744845
COc1ccnc(C(=O)N(C)CC2CCN(c3ccc(C)nn3)C2)c1F,0.6514507781266002
COc1ccsc1C(=O)NC1(C)CN(c2ncns2)C1,0.0009994650892824945
COc1nn(C)cc1CNC(=O)N1CCC(OC(=O)N(C)C)CC1,0.0003519212312491527
CS(=O)(=O)c1cccc(CNC(=O)CCNC(=O)C2CCCC2)c1,0.00031815162900250484
CSC1CCCC(NCc2ccc(-n3cncn3)nc2)C1,0.0014415032902985374
Cc1[nH]nc(C(=O)NC2(C)CN(C(=O)c3cc(Cl)on3)C2)c1C,0.21068014253516895
Cc1[nH]ncc1C(=O)N(CCO)C1CCN(C(=O)c2cc[nH]n2)CC1,0.11824021649247685
Cc1[nH]ncc1C(=O)N1CC[C@@H](NC(=O)C2CC23CCOC(C)C3)C1,0.0005744604757567331
Cc1c(CC(=O)N2C[C@@H]3C[C@H]2CN3C2CC2)cnn1C,0.0005214390958165415
Cc1cc(C(=O)N[C@H]2CCN(C(=O)C3CCOC(C(C)C)C3)C2)no1,0.00035481100567729437
Cc1cc(C(=O)N2CC(F)(F)C[C@H]2C(=O)O)nn1CCO,0.00047776223427602047
Cc1cc(C(=O)NC(C)CCNC(=O)CCC2CCCO2)[nH]n1,0.16456651158099322
Cc1ccc(C(=O)N2CCC[C@H]2CNC(=O)Cc2ccc(=O)[nH]c2)[nH]1,0.0002613189646661837
Cc1ccc(CC(=O)N2CCCC3CN(C(=O)C4(O)CC4)CCC32)o1,0.0005294781861780024
Cc1cccc(C(C(=O)O)N(C)CC(O)CF)c1C,0.0004171037704725492
Cc1cccc(C)c1C(=O)NC1CN(Cc2nnnn2C2CC2)CC1C,0.0007403587290750969
Cc1ccccc1OCCN1C[C@H]2[C@H](NC(=O)c3cnn(C)c3)[C@H]2C1,0.00027354262287664587
Cc1cnc(COCC(=O)NCC2CCN(C(=O)CCF)CC2)o1,0.0003405576427251417
Cc1cnc(NCC(C)CNC(=O)[C@@H](O)Cc2ccccc2)nc1,0.000847494461276618
Cc1cnsc1C(=O)NCC(C)NC(=O)CC1C(C)(C)C1(C)C,0.20223389336893074
Cc1n[nH]cc1CC(=O)NCc1cccc(CN2CCCC2)c1,0.0004207183249885921
Cc1nc(C)c(-c2ccc(OCC3(O)CCCC3)nc2)o1,0.4065062771164096
Cc1nc(CN)sc1C(=O)N(CC(F)(F)F)CC(F)(F)F,0.0007648414320130944
Cc1nc2cc(C(C)NC(=O)C(N)CC(F)F)ccc2[nH]1,0.0006123632416859196
Cc1ncn(CC(=O)N2CCN3CC(F)(F)C[C@H]3C2)n1,0.00028961924885913303
Cc1nn(C)cc1C(=O)N1CCN(C(=O)c2cccc(F)c2)[C@H](C)C1,0.3981072586402725
Cn1cc(C(=O)O)c(C2CCCN2CC2COC(C)(C)OC2)n1,0.0003168258603125721
Cn1ccc(C(F)F)n1,0.00044385616776433244
Cn1nccc1C(N)C(=O)NC1CCC2(CCCN2)CC1,0.0007367989218524982
N#Cc1ccnnc1N1CC(F)(F)CC1CNC(=O)COC(F)F,0.0009364297885959915
NCc1ccccc1CNC(=O)COCC1CCOCC1,0.0002881376311654024
O=C(C[C@H]1COC(=O)N1)NCC1CCC(NC(=O)C2CC3(CC3)C2)C1,0.13710984712345448
O=C(C(O)C(F)F)N1CCc2c(Br)ccc(F)c2C1,0.0005740561426276174
O=C(C1CC(n2cc(Cl)cn2)C1)N1CCC(N2CCCC2=O)C1,0.0005421757148747989
O=C(C1CC(n2ccnc2)C1)N1CCC(CC(F)F)C1,0.0005814483699247613
O=C(CN1C=CS(=O)(=O)C=C1)OCCc1cccc(F)c1,0.0004066310635547412
O=C(N[C@@H]1[C@H]2COC[C@H]21)C1CC(=O)N(Cc2ccccn2)C1,0.0004245982828601287
O=C(N[C@@H]1CCN(CC(O)C(F)(F)F)C1)c1cccc(Cl)c1,0.0005280741615753061
O=C(N1CCCC(N2CCNCC2)C1)C1(C2CCC2)CCNCC1,0.0007419588725095854
O=C(N1CCN(C2CC2)c2cc(F)ccc21)[C@]12C[C@H]1COC21CCC1,0.3237679420530181
O=C(NCC1(NC(=O)[C@H]2CCCO2)CC1)c1cnc(C2CC2)s1,0.0005448762829100813
O=C(NCC1CN(CCc2ccccc2)C1)C1CCS(=O)(=O)C1,0.00038797345624286213
O=C1NC(C(=O)Nc2nccn3nccc23)CCO1,0.0002796978556563565
O=C1NCCCN(C(=O)C(F)(F)C2(O)CCOCC2)c2ccccc21,0.19649876454826148
O=c1ccc2cc(-c3cc(CNC4CCNC4)on3)co12,0.0
C[C@@]1(O)C[C@@H]2C[C@H]1C[C@@H]2NC(=O)Nc1c(SC(C)(C)C)nnn1C,0.0008899992407000823
C[C@@H](OCCN(C)C)C(=O)Nc1cncc(OCC(F)F)c1,0.0007951440379593604
C[C@H](CNC(=O)C1C(F)(F)C12CCC2)NC(=O)c1ccn(C)n1,0.0002397388919571372
C[C@H]1C[C@@H]1C(=O)NC[C@H]1C[C@@H](NC(=O)C2(n3cncn3)CC2)C1,0.0002727476777380164
CC(=O)N(C)Cc1cn(Cc2ccc(CS(C)(=O)=O)cc2)nn1,0.0002930168465665622
CC(=O)NC1CCCCN(C(=O)c2cccc3ccc(O)nc23)C1,0.3898674394419607
CC(=O)NCC(=O)NCC1CCCN(C(C)c2ncccn2)C1,0.13084375620724464
CC(=O)Nc1cc(C(=O)OCc2cnsn2)cc(C(F)(F)F)c1,0.0008507287963289133
CC(=O)Nc1cccc(NCc2nn3c(c2C)OCC3)c1,0.0008792322593876314
CC(C(=O)N1CC(C)(NC(=O)CCNC(=O)CO)C1)n1cccc1,0.00017296637003730373
CC(C)(CNc1nnc(C(C)(C)C)o1)NC(=O)c1cc(Cl)no1,0.2816308056084892
CC(C)(O)C1CCCN1C(=O)CC1C(=O)Nc2ccc(Cl)cc21,0.000960597303384853
CC(C)C(CNC(=O)[C@H](C)O)NC(=O)CC1CCNC1=O,0.00028431932724181513
CC(C)CC(O)CNC(=O)c1ccc(C2CCOC2)cc1,0.0005341919018216732
CC(C)CNC(=O)CCNC(=O)c1cnc2cn[nH]c2c1,0.00041092471441492106
CC(C)S(=O)(=O)C(C)(C)C(=O)N1CC(C2CS(=O)(=O)C2)C1,0.0002640178121969397
CC(CNC(=O)c1cncc(Cl)n1)CNC(=O)C(C)(O)C1CC1,0.15400772344139693
CC(NC(=O)c1cscc1F)c1nccc(N)n1,0.0007894264171037898
CC(O)(C(=O)N[C@H]1CCCN(C(=O)c2cccnn2)C1)C(F)(F)F,0.0004389432887378436
CC(F)(F)C(=O)N1CCC(CNC(=O)c2cccc3c2COCC3)C1,0.0005003594684204742
CC1(C(F)(F)F)CCN(Cc2nccc(N)n2)CC1,0.0007359964767672197
CC1(CNC(=O)c2coc(Cl)n2)CN(C(=O)c2cc[nH]c2)CCO1,0.00043121368305281944
CC1(NC(=O)CC2CCC2)CCN(C(=O)c2nc3n(n2)CCCN3)C1,0.3815676237518441
CC1(NC(=O)Cc2cnoc2)CCCN(C(=O)[C@@H]2CCC(=O)O2)C1,0.00029283817581839854
CC1(NC(=O)Cn2cnc3ccc(F)cc3c2=O)CCOC1C1CC1,0.0005000037959240343
CC1C(NC(=O)c2cc[nH]n2)CCCN1C(=O)CCCC1CC1,0.000899287886288834
CC1CC(=O)NC1C(=O)N1CCN(C(=O)c2cocn2)CCC1C,0.11887445785548521
CC1CC(CNC(=O)NCCc2cccc3[nH]ccc23)C1,0.0006814288243832264
CCC(=O)NC[C@H]1CCN(C(=O)c2cn[nH]c2C2CCCO2)C1,0.32454257003441456
CCC(C)(C)C(=O)N1CCN(C)C(CNC(=O)CC(F)(F)F)C1,0.0005430896757484013
CCC(C)(O)C(=O)N1CCN(C(=O)c2cncn2C)[C@H](C)C1,0.000368984528104489
CCC(C)CC(C)C(=O)NCC12CC(CO1)N(C(=O)[C@@H]1C[C@H]1C)C2,0.000368262984161505
CCC(C)OCC(=O)NC(C)(CNC(=O)Cc1cnc(C)o1)C1CC1,0.1958137754562063
CCC(CO)C(=O)N1CCC[C@@H]1CCNC(=O)[C@@H]1CCOC1,0.0003528464540898994
CCC(F)C(=O)N1CC(CNC(=O)CCn2cc(C)cn2)(OC)C1,0.00027880292176207165
CCC1(C(=O)N[C@@H](C)CNC(=O)c2c[nH]c3cc(C)ccc3c2=O)CC1,0.17243454516526327
CCC1(C(=O)NC[C@H]2CCN(C(=O)c3c(C)cnn3C)C2)COC1,0.00041201332128668977
CCCC(O)CC(=O)NC1CCN(C(=O)c2ccc(C)o2)C1(C)C,0.000539731626588454
CCCC1(C)C(=O)NCCN1CC(=O)NCc1ccco1,0.00025802210283945413
CCCN(CCNC(=O)c1ccc(F)cc1)Cc1ccnc(OC)c1,0.0003724974548426195
CCCN(CCNC(=O)c1cncn1C)C(=O)c1cncc(OC)n1,0.2096449928978996
CCCc1c(C)nc(NC(=O)c2ccc(C(=O)O)n2C)[nH]c1=O,0.0009662580158700696
CCCc1ncc(C(=O)N2CC(NC(=O)c3nc[nH]c3C)C2)s1,0.0004191906238131732
CCN(C(=O)c1conc1C1CC1)C1CCN(c2cc(C)ncn2)C1,0.00040470041945342596
CCN(CC)CC(=O)NCC(C)NC(=O)CN1CCC(C)CC1,0.00023017534663076768
CCOC(=O)CC1(S(=O)(=O)Nc2cc(C)c(OC)cc2C)CC1,0.0005121999511534677
CCOC(=O)CCC(C)(C)NCc1cc(C2CC2)on1,0.00042001641652626226
CCOC(=O)c1csc(-c2cnc(C)s2)n1,0.7156865896026251
CCOC(C)C(=O)N1CCOC[C@@H]1[C@@H]1COC(C)(C)O1,0.15199622356432543
CCOCC(C)NS(=O)(=O)c1cc2c(cc1OC)CCOC2,0.00030652249459250247
CCOc1cc(C(=O)NCC(F)(F)C2CCOCC2)ccc1OC,0.45535766004746336
CCOc1ccc(CC(=O)NC(C)Cn2cnnc2)nc1,0.00020677726207964908
CCSCc1ccc(NC(=O)CCC(C)=O)cc1,0.2230695130721644
CCc1nc[nH]c1C(=O)NCC(C)CNC(=O)c1ccc(F)cc1O,0.0005618598014093078
CCc1noc(N2CCC(Nc3ncccc3OC)CC2)n1,0.0008916950858502015
CCc1occ(C)c1C(=O)NCC(CC)NC(=O)CCC1CC1,0.00040743050095025005
CCc1occc1C(=O)N1CC(NC(=O)c2cnn(CC)n2)CC1C,0.0003537813838399409
CCc1onc(C)c1C(=O)Nc1cc(S(C)(=O)=O)nn1C(C)C,0.0006899609114656206
CCn1cc(CCNC(=O)c2coc(C)c2)cn1,0.0002942843114733655
CCn1cnnc1C(=O)NC1(C)CN(C(=O)c2cccc(O)c2F)C1,0.18491523631120887
CCn1nc(C)nc1NC(=O)N(C)CCN1CCCCC1,0.0004309548853233668
CN(C(=O)c1cnc2ccccc2n1)C1(CNC(=O)OC(C)(C)C)CC1,0.0008387267136412106
CN(CC(O)c1ccc(C#N)cc1)S(=O)(=O)OC1CC1,0.0003623140686141816
CN(CC1=NOCC1)C(=O)c1ccn(CC(F)(F)F)n1,0.00041915302876733396
CN(CC1CCOC1)c1nnnn1CC1CC2(CCOCC2)CO1,0.0005693702126571262
CN(CC1CN(C(=O)C2(C#N)CCC2)C1)C(=O)Cc1cnn(C)c1,0.0007979145331949973
CN1CCC(N(C)C(=O)c2cccc(OCC(F)F)n2)CC1=O,0.1491373305457556
CN1CCCC2CCC(C2)1C(=O)NCC1CCCN1C(=O)C1CCC1,0.46551422736186515
CNC(=O)c1ccc(NC(=O)Cn2cccc(C)c2=O)c(C)c1,0.0005178884159153748
COC(=O)C(C)CC(=O)N1CCC(n2cncn2)CC1,0.00036434266826929713
COC(=O)C1(O)CCN(Cc2cc(-c3ccco3)on2)C1,0.0006409420352701088
COC(=O)C1CC(F)(F)CCN1C(=O)Cc1ccnc(OC)c1,0.0003286404478145277
COC(=O)NC1(C(=O)NC2CC(C)NC(C)C2)CCCC1,0.00043766355081179757
COC(=O)c1cc(C(=O)NCCN2CCCS2(=O)=O)cs1,0.0002651970317324478
COC(=O)c1cccc(C)c1S(=O)(=O)NC(C)CO,0.0002623635990657084
COC(=O)c1cccc(CNC(=O)CN2CCC(C)CC2)c1,0.00046990112434661054
COC(=O)c1cnccc1N1CC2C(CNC(=O)[C@@H](O)C(C)C)C2C1,0.0004053750620484152
COC)n1nccc1C(=O)N1CC(NC(=O)C(OC)C2CC2)C1,0.0
COCC(=O)N1CC(C2CC2)C1c1ccccc1OC,0.0004398459385834414
COCC(C)(C)CC(=O)N1CCC(NC(=O)c2cn(C)cn2)C1,0.0005573332383049422
COCC1(C(=O)O)CN(CC(=O)NC2c3ccccc3CC2C)C1,0.00023276003393348397
COCCC(C)(C)C(=O)NC1CN(C(=O)C2CC3(CC3)C2)CC1C,0.00037871274011475037
COCCC1(C(=O)Nc2ccc(OC(C)(C)C)cc2OC)CCCN1,0.0009540472232227864
COCCC1(NC(=O)CC2CN(C)C2)CCN(C(=O)c2ccno2)C1,0.13445072402334057
COc1ccc(C(=O)NC2CCNC(C3CCCO3)C2)c(C2CC2)c1,0.000363094356028244
COc1ccc(NC(=O)c2cc(CC3CCCCN3)on2)c(Cl)c1,0.0017598900492753146
COc1cccc(CC(C)(C)NC(=O)CC[C@@H]2CCCO2)c1,0.0004907277313763132
COc1cccc(OC)c1CC(=O)N[C@H](C(=O)O)[C@@H](C)O,0.00034097576461375825
COc1ccsc1C(=O)N[C@H]1C[C@@H](CNC(=O)c2cncn2C)C1,0.27029832844784746
CS(=O)(=O)N1CCCN(c2ccnc(C(N)=O)n2)CC1,0.00044109983679496326
CSCc1cn(C[C@@H]2CCCN2C(=O)C2(C#N)CC3(CC3)C2)nn1,0.0016045877828227448
Cc1c(NC(=O)COC2CCNC2)c(=O)n(-c2ccccc2)n1C,0.001064417477586762
Cc1c(O)ccc(C(=O)N(C)C[C@@H]2CCC(=O)N2)c1C,0.0003816671234721509
Cc1cc(C(=O)N(C)CC(C)CNC(=O)C2CCCC2O)c[nH]1,0.00034047003035484683
Cc1cc(C(=O)N2CC3CCC(C2)N3C(=O)c2ncsc2C)c[nH]1,0.0007060769356531607
Cc1cc(NC(=O)C2(C)CCN(C(=O)OC(C)(C)C)C2)co1,0.00173614649683529
Cc1cc(F)cc(Cl)c1C(=O)NC[C@H]1C[C@@H](n2cncn2)C1,0.18838010142336373
Cc1cc2ncc(C(=O)NCC3C4CN(CC=CCl)CC34)c(C)n2n1,0.0007195029514773641
Cc1ccc(-n2cnnc2)c(C(=O)N2CCO[C@@H](C)C2)c1,0.0004892432789375317
Cc1ccc(N[C@@H]2CCCN(C(=O)CC(F)(F)F)C2)nn1,0.0006016595977141751
Cc1ccc2c(c1)CNCCN2C(=O)NCC1(F)CCOC1,0.0007459720498154326
Cc1cccc(CNC(=O)CNC2(C(=O)O)CC3(CCC3)C2)c1,0.0003378789943556091
Cc1cccc2c(=O)n(CCC(=O)N3CC(OC(F)(F)F)C3)cnc12,0.0006346678294108483
Cc1ccoc1-c1nsc(NC2(C3CCCOC3)CC2)n1,0.8985854647786414
Cc1cnc(C(=O)N2CCC3(CC2)CN(CC2CCOCC2)C3)cn1,0.0004031079807027911
Cc1conc1C(=O)N(C)CCCN(C)C(=O)C1CCCOC1,0.19579193927663704
Cc1nc(C(=O)NC2CN(C(=O)C3CC3)C2)sc1C(=O)OC(C)(C)C,0.2561905244377297
Cc1sc(=O)n(CC(=O)NCC(CO)Cc2ccccc2F)c1C,0.00041749348698698704
Cn1cnnc1NC(=O)Nc1ccc2c(c1)NC(=O)C1(CC1)CCC2,0.0009489894392749202
Cn1nccc1CC1CCCN(C(=O)c2cnc3c(n2)CCCC3)C1,0.0010210051275395642
N#C[C@@H]1C[C@@H](O)[C@H](c2nc(C3CCOCC3)no2)C1,0.0006232842428723776
N#Cc1ccc(CC(=O)NCC(O)C2CCOC2)cc1,0.0007011923889229665
N#Cc1cccc(N2CCN(c3cc(OC4CCC4)ncn3)CC2)n1,0.606967811594933
O=C(C1CC(OCc2ccccc2)C1)N1CCNC(=O)C12CCC2,0.0004269422590231494
O=C(C1CCC(F)(F)C1)N1CCN(Cc2cnccn2)CC1,0.0007033492691445386
O=C(Cn1cc(Cl)cn1)N1CCC(n2ccc(=O)[nH]c2=O)CC1,0.00027341575785651246
O=C(NC[C@@H]1C[C@H](c2ccccc2)CO1)C12CCCN1CCC2,0.0005250966223237408
O=C(NC1(CC2CCC2)CC1)C(O)C1(O)CCOCC1,0.0004313566241013613
O=C(NC1(CNc2nnco2)CCOCC1)C1(c2cccn2)CC1,0.0
O=C(NCC(C1CC1)N(C1CC1)C1CC1)C1CCC2CCC(=O)N21,0.0009122001842406043
O=C(NCC1CCN1CCOC1CCC1)c1cc2ncccc2s1,0.0006873405066547301
O=C(NCCC1CCCOC1)NCc1cnc2ccsc2c1,0.0004157025940734042
O=C(NCCN1CCCC1C(F)(F)F)N1CC2CCCC(C1)O2,0.000378957259451484
O=C(Nc1cncc(-c2ccccc2)c1)N1CC(OCCO)C1,0.0008986221931234521
O=C(O)[C@H]1C[C@H]2[C@@H](C1)C2C(F)(F)F)N1CCCn2nncc2C1,0.0
O=C(OC1(C(F)F)CC1)c1noc2c1COCC2,0.000474344331866747
O=C1CCC(c2cn(-c3ccc(C(=O)N4CCOCC4)nc3)nn2)C1,0.07971637082687276
O=S(=O)(NCCn1ncccc1=O)c1cccc2c1OCCCO2,0.0003022795250923386
C[C@@H](O)C(=O)N(C)C1CCN(c2ncncc2C#N)CC1,0.40766773797131417
C[C@@H](O)C(=O)N1CCN(C(=O)c2ncoc2-c2ccon2)C(C)(C)C1,0.49441044515742305
C[C@@H]1[C@@H](NC(=O)N2CCC(c3c[nH]c4ncccc34)CC2)C1(F)F,0.0014260004938723926
C[C@@H]1CC[C@H](C(=O)N(C)Cc2nc(-c3ccccc3F)no2)NC1,0.0008427522322942078
C[C@@H]1CN(C(=O)c2cc(C#N)cc(N(C)C)c2)C[C@H]1CC(=O)O,0.6462857611482736
C[C@H](CC1CC1)NC(=O)NCc1c(F)cccc1N1CCCC1,0.0014435145517018683
CC[C@@H]1C[C@H](C(=O)N(CC(=O)O)CC(=O)OC)CC(=O)N1,0.00021065217201303517
CC[C@@H]1C[C@H]1C(=O)N1CC2CC(C1)N(C(=O)C1CCC(OC)C1)C2,0.0005389232921046499
CC(=O)N1CCC[C@H](CNC(=O)c2ccccc2CN(C)C)C1,0.0003860885863220554
CC(=O)N1CCc2cc(C(C)N[C@H]3C[C@@H](C(N)=O)C3)ccc21,0.0006389492484030638
CC(C(=O)N1CC(CO)OCC1C)c1ccc2c(c1)OCCO2,0.00042039764639666865
CC(C)(C)OC(=O)[C@H]1C[C@@H]1C(=O)NC1CC(OCc2ccccc2)C1,0.0007069317254083322
CC(C)(O)C(=O)N[C@H]1CCCCN(C(=O)C(F)CC2CCCCC2)C1,0.00042729785538634155
CC(C)CN1CCC(NC(=O)Cn2cc(C3(C)COC3)nn2)CC1,0.00044408194515548353
CC(C)Nc1cccc(CNCc2cnsc2)c1,0.0007185332856873938
CC(CCNC(=O)C1(O)COC1)NC(=O)c1ccnc2ncncc12,0.08603375368887396
CC(NC(=O)C(C)(C)CO)C1CCCN(C(=O)Cc2ccccc2)C1,0.0003521923546674236
CC1(C)CC(NC(=O)C(C)(C)O)CN(Cc2cccc(Cl)c2)C1,0.0005428996104978267
CC1(C)CCC(C(=O)N2CCN(c3cccc(C(=O)NC)n3)CC2)O1,0.38419443217652166
CC1(C)CCN1C(=O)Cc1ccc(-c2nn[nH]n2)nc1,0.000970056227182863
CC1(C)CN(C(=O)c2ccno2)CC1NC(=O)C1CCCC(F)C1,0.0004988310639120056
CC1(C)CN(C(=O)c2nsc3ccccc23)C1CO,0.3574541842339657
CC1(CNC(=O)CN2CCCCCC2=O)CCN(C(=O)C2(C)CC2)C1,0.00032914111130104577
CC1(CNC(=O)CO)CCCN1C(=O)C1CC1C1CCCC1,0.000581543824293173
CC1(NC(=O)C(F)(F)F)CC(Nc2ncc(C(F)F)cn2)C1,0.0006609191208603619
CC1(O)CCC(c2nc(Cc3nccs3)no2)CC1,0.0005205799380498752
CC1CCN(C(=O)Cn2ccc(C(=O)OC(C)(C)C)cc2=O)C1C,0.00044845522115883116
CC1CN(C(=O)C(C)(C)CC(F)F)CC1CNC(=O)C1(CO)CC1,0.1737395112341484
CC=Cc1cn(CCC(F)(F)C(=O)NC(C)(C)C(=O)OC)nn1,0.00115179105719529
CCC(=O)CNC(=O)Cc1ccc(-c2nn[nH]n2)nc1,0.0005802984515549149
CCC(C)CC(=O)N(C)CC1CN(C(=O)C(C)n2cccc2)C1,0.15222629487753403
CCC(C)OCC(=O)NC1CC12CCN(C(=O)C(C)CO)CC2,0.00023883642191320755
CCC(CNC(C(N)=O)c1cccc(Br)c1)OC,0.0003700191539394065
CCC(O)(CC)c1cn(C2CN(C(=O)CCc3ccncc3)C2)nn1,0.0008610520862100427
CCC(F)C(=O)N[C@H](C)CNC(=O)c1ccc2c(=O)[nH]ncc2c1,0.0005367666010582013
CCCC(=O)NCC1CCCCN1C(=O)C1(NC(N)=O)CC1,0.0002927980133559982
CCCC(CCO)NC(=O)N[C@H]1C[C@@H](C(CC)OC)C1,0.0006761589526422078
CCCC(NC(=O)c1ccnn1C1CCOCC1)C(=O)N(C)C,0.00046056346715753584
CCCC1(C(=O)N[C@@H]2CN(C(=O)c3nocc3C)C[C@@H]2C)CCC1,0.00058114806285943
CCN(C(=O)[C@@H]1CNC(=O)C1)C1CCN(c2cc(C)ncc2C#N)C1,0.35732031158925287
CCN(C(=O)[C@H]1CCCO1)C1CCN(C(=O)CCC2CC2(F)F)C1,0.0006425946544180774
CCN(C(=O)CNC(=O)Nc1ccn(CC2CC2)n1)c1ccccc1,0.0010739151554887048
CCN(C)CC(=O)N1CCC(N(C)C(=O)CS(=O)CC)CC1,0.0004410007273236265
CCN(CCNC(=O)C1(C#N)CCCC1)C(=O)C(C)C(C)(C)C,0.6007218164960542
CCN(CCNC(=O)c1c[nH]nn1)C(=O)C(C)Oc1cccnc1,0.0002941639062280723
CCN(CCNC(=O)c1ccc2c(c1)CC(C)O2)CC(=O)NC(C)C,0.000380846154529821
CCN1CC(C(=O)NCC(C)N(C)Cc2nc(C(C)C)no2)CC1=O,0.00018464201021775362
CCNC(=O)c1ccccc1CNC[C@H]1C[C@@H](N(C)C)C1,0.0005667474807238302
CCOC(=O)C1CC12CC(C(=O)NC(C)C(=O)CC)C2,0.0004437401843642797
CCOC(=O)Cc1nc2n(n1)CCN(Cc1ccc(C)c(F)c1)C2,0.0004507590088401011
CCOC(=O)N1CCC(C(=O)OC2CCCNC2=O)CC1,0.00035552145572089757
CCOC(CNC(=O)CNC(C)=O)c1cc(F)ccc1F,0.0003644229659301322
CCOCC(=O)N1CCCC(NC(=O)Cc2n[nH]c3ccccc23)C1,0.0004542515936860023
CCOc1cccc(F)c1CN[C@@H](C)C(=O)N1CCCC(O)C1,0.00034083424006860864
CCc1cc(N[C@H]2C[C@H](NC(=O)Cc3ccnn3C)C2)ncn1,0.000888588030277958
CCc1cccc(CC(=O)NC2CC3(C2)CN(C(=O)CC2CC2)C3)c1,0.00026809593193225634
CCc1nc(C#N)cc(N2CC3(CC(NC(=O)C(F)F)C3)C2)n1,0.0009904758722888624
CCc1ncncc1C(=O)N(C)CCN(C)C(=O)Cc1nc(C)n[nH]1,0.00021067981062482849
CCc1occ(C)c1C(=O)N1CCC2(CC1)CC(NC(C)=O)CCO2,0.000535722696230521
CCn1c(C(=O)N(C2CC2)C(C)C2CC2)cnc1Br,0.0006340463791953055
CCn1ccnc1C(=O)N1CCCC(CO)(c2ccccc2)C1,0.0004291199623228289
CN(C(=O)CC(C)(C)C1CC1)C(CNC(=O)Cn1cccc1)C1CC1,0.000886818517516408
CN(C)CC1(O)CCN(C(=O)c2cc(O)ccc2Cl)CC1,0.00036510688512568235
CN(CC(=O)N1CCc2cccc(-c3cccc(Cl)c3)c21)C1COC1,0.00155143580261294
CN(CC1CCN(C(=O)C(O)c2cnn(C)c2)CC1)C(=O)CC1CC1,0.0004477603501712108
CN(CC1CCN(C(=O)c2cnns2)C1)C(=O)C1(C2CC2)CC1,0.2816882337752589
CN1CC[C@@H](NS(=O)(=O)CC[C@H](O)F)[C@@H]1c1ccccc1,0.00035097912838413786
CNc1ccccc1C(=O)NCC(NC(=O)CCSC)C(C)C,0.0012483555958626288
CO[C@H](C)C(=O)N(C)CC1CCN(C(=O)c2oc(C)nc2C)CC1,0.1831171650952259
CO[C@H](C)CN1C(=O)CC(c2cnc(C)s2)C1=O,0.00064034006200071
COC(=O)[C@]12C[C@H]1CCCN2C(=O)COc1cc(Cl)cc(Cl)c1,0.0007109957787538836
COC(=O)[C@H](Cc1cc(Cl)ccc1F)NC(=O)COC1CC1,0.000543681446590075
COC(=O)c1cccc(C(=O)N2C[C@@H]3CC[C@]3(CF)C2)c1C,0.0007283576762976043
COC(=O)c1nccc(N2CCCN(C(=O)c3cccnn3)CC2)n1,0.21516142203940722
COC(C(=O)N[C@H]1C[C@@H](CNC(=O)CC(C)(C)O)C1)C1CCC1,0.00031566561693456904
COC(C)C(=O)NC1(CNc2nc(C3CC3)ns2)CCOCC1,0.0002776043733439725
COC1(CN(C)S(=O)(=O)c2cc(C)oc2C)CCOC1,0.0003527428751264296
COCC(O)C(=O)NCCN(C)c1nc(C#N)ncc1C,0.0006498559312640003
COCC(OC)C(=O)N1CC2(NC(=O)CSC(C)C)CCC1CC2,0.0004963642474741475
COCCN(C)CC(=O)N1CC(NC(=O)[C@@H](O)C2CCCC2)C1,0.00022686159894636483
COc1c(C)ncnc1NCc1ccnccc1O[C@H]1CCNC1,0.0
COc1cc(C(=O)NC2(CNc3nccc(C)c3C#N)COC2)n[nH]1,0.46672172329962336
COc1cc(CC2CCN(Cc3ccc(Cl)cc3C#N)C2)ccn1,0.0018727230045658798
COc1cc(CN2CC(CNC(=O)c3ccsc3)C2)ccc1F,0.26006790911068156
COc1cc2c(c(C(=O)N[C@@H]3C[C@H]3CF)c1)NC(=O)NC2,0.000661641727180238
COc1ccc(-c2ccnc(CN3CCCC4(C3)C(O)CCN4C)n2)cc1,0.0006270517874987352
COc1ccc(Cc2nnc(NC(=O)C(F)(F)C3CC3)[nH]2)cc1,0.0012619331113297599
COc1ccnc(C(=O)NC(C)CNC(=O)c2cccc(F)c2)c1O,0.0009438038057882527
COc1cnc(N2CC(CO)(NC(=O)C3CCC4(CCC4)O3)C2)nc1,0.11942817933570213
COc1ncc(C(=O)N2CC(NC(=O)C3(O)CCC3)C(C)(C)C2)cn1,0.00030252025178023584
CSc1ccc(NC(=O)c2ncn3c2COCC3)cc1,0.000702043533751999
Cc1c(NC(=O)NCC23CC2(C)C3)cccc1S(N)(=O)=O,0.00039360141866507086
Cc1c(O)c(=O)ccn1CC(=O)N1CC(NC(=O)[C@@H](C)N(C)C)CC1C,0.00022879538052257635
Cc1cc(C(=O)NCC(C)CNC(=O)C[C@H]2COC(=O)N2)on1,0.0002589260893162461
Cc1cc(C)c(C(CO)NC(=O)Nc2cccc(C(=O)N(C)C)c2)cn1,0.0007208174083375696
Cc1cc(CC(=O)NC2CC3C(C2)C3(F)F)ccc1Cl,0.00040579387499874414
Cc1ccc(C(=O)N2CCN(C(=O)C(C)C(C)(C)C)[C@H](C)C2)[nH]1,0.0006525741258635488
Cc1cccc(CCn2cnc(C3(O)CCCC(N)C3)n2)n1,0.00035285083613651195
Cc1cccc(OCC(=O)N2CCC(N(C)C(=O)C(C)C)CC2)c1,0.25079551064363476
Cc1cccc2c1OCC(C(=O)N[C@@H](CC(C)C)CN1CCOCC1)C2,0.00038884306331041295
Cc1cnc(CCCC(=O)Nc2cnc(C3CCCC3)nc2)o1,0.0015520638186782183
Cc1cnc(CN2CCC(C)C(NC(=O)c3ncn(C)n3)C2)o1,0.0002506913551152757
Cc1nc(C(=O)N2CCCN(C(=O)Cn3cccnc3=O)CC2)n[nH]1,0.00013924573914301578
Cc1nccc(N2CCC3(CC2)CC3NC(=O)CCC2CCC2)n1,0.001444167408325158
Cc1nccnc1C(=O)NCC1(O)CN(C(=O)c2ccc(Cl)[nH]2)C1,0.14408678262671082
Cc1noc(C)c1C(C)C(=O)NC(C)C1(O)CCNCC1,0.0002952221300100774
Cc1scnc1C(=O)N[C@@H]1CCCN(C(=O)C(F)C(C)C)C1,0.29265466620731784
Cn1ccc(C(=O)N2CCC(c3cn([C@@H]4CCOC4)nn3)C23CC3)n1,0.0006985654646105734
Cn1nc(CS(=O)(=O)NC2COC3(CCCC3)C2)nc1Cl,0.0004899371094045144
Cn1ncnc1CC(=O)N1CCCC(NC(=O)Cc2ccn[nH]2)C1,0.00023918689826039438
N#CCCc1nnc(N2C3CCC2CS(=O)(=O)C3)n1CCC#N,0.0003376353732395344
N#Cc1nc(N(CCO)CC(F)F)ncc1Cl,0.0010177311655523602
O=C(C[C@H]1CCCN1)NC12CCC(C(F)F)(CC1)C2,0.0007544415867934038
O=C(CC1(O)CCCC1)N[C@@H]1CCCN(CCc2cccs2)C1,0.0006902999075804352
O=C(CCc1c[nH]nn1)NCC1(O)CN(Cc2ccccn2)C1,0.0001524751019577052
O=C(CCc1cn2c(n1)CNCC2)NCCC1CCCCS1,0.0012583738104410607
O=C(N[C@@H]1CCN(C(=O)c2cn3c(n2)CCCC3)C1)c1cccnc1,0.41296510431968914
O=C(NCC(O)CC(F)(F)F)c1csc(N2CCNCC2)n1,0.0005524177686966879
O=C(NCC1CCN(C(=O)[C@H]2C[C@@]((F)(CO)C2)C12CC2)C1CSC1,0.0
O=C(NCc1cnoc1C1CC1)N1C[C@H](c2ccccc2)O[C@@H](CO)C1,0.0003776666550017734
O=C(c1ccc(-c2nnn[nH]2)nc1)N1CCC2C(CCCN2C2CO)C1,0.0
O=C(c1ccc(COCC(F)F)cc1)N1CC2CCC1CN2,0.0004582597562349789
O=C1CC[C@@H](C(=O)NC2CCN(C(=O)c3cnoc3C3CCC3)C2)O1,0.00038260140497129716
O=S(=O)(c1ccc(C2CC2(F)F)cc1)N1CCC(F)(F)C1CO,0.0005773101306103109
OC[C@@H]1CCCC[C@@H]1NS(=O)(=O)c1ccc(Cl)cc1,0.0005989548383928241
OC(COCC1CCN(CCOc2ccccc2F)CC1)C1CC1,0.0006567542871702915
F[C@@H]1CC[C@H]1n1nnnc1N1CCC3(CC1)COCCO3,0.0002795332940989069
FC(F)c1nccc2cn(CC3CCOCO3)nc12,0.0006143371832519203
C[C@@H](N)c1ccc(C(=O)NCC[C@@H]2CCC[C@H]2O)cc1,0.00043224540445697783
C[C@@H]1CN(C(=O)NC2CCN(CC(C)(C)CO)CC2)C[C@@]1(C)CO,0.00034411397757705306
C[C@H](CNc1cc(C2CC2)ncn1)NC(=O)C(c1ccccc1)C1CC1,0.0017520035985389038
C[C@H](NC(=O)N[C@H]1C[C@@]2(C[C@@H]2C(=O)O)C1)c1cncs1,0.0004219577185885534
C[C@H]1CN(C(=O)C2(F)CCOC2)CCN1C(=O)[C@@H]1CCCO1,0.0004840222428463436
C[C@H]1CN(C(=O)CCC(C)(C)C)C[C@H]1NC(=O)C1CCCS1(=O)=O,0.20098619561816605
C=Cc1cc(F)cc(C(=O)NC2(CC)CCNC2)c1,0.0014975762388847646
CC[C@@H](CC(=O)O)NC(=O)c1ccc2c(c1)CCN2C,0.0007314137322108175
CC[C@H](CC(=O)NCCC(C)NC(=O)c1nc(O)n(CC)n1)C(C)C,0.00038603623783878835
CC(C(=O)N1CCC[C@@]1(C)CNC(=O)c1ccnn1C)C1CCCO1,0.0005699202483567914
CC(C)(C)OC(=O)C(C)(C)n1nnnc1Cn1nnnc1C1CC1,0.0002564476108093209
CC(C)(C)OC(=O)Nc1cc(C(=O)N2CCOC3(CC3)C2)ccn1,0.20145746644248405
CC(C)(CNC(=O)NCCS(=O)(=O)C1CC1)S(C)(=O)=O,0.00021870384830422265
CC(C)(OCc1ccccc1)C(=O)Nc1ccnc(C(=O)O)c1,0.0009166418006703498
CC(C)C(C)NC(=O)COC(=O)c1ccc2c(c1)CCNC2=O,0.00038687543702333913
CC(C)CC(=O)N1CC2(CC(CNc3nc(=O)c4cn[nH]c4[nH]3)C2)C1,0.000552178849095677
CC(CNC(=O)C1CC1(F)F)N(C)C(=O)C1(CN(C)C)CC1,0.16775973076644224
CC(CNc1cc(O)ncn1)N(C)C(=O)Cc1ccc(=O)[nH]c1,0.0004626247646867643
CC(NC(=O)CN1CCC(C)(C#N)CC1)C(=O)OC(C)(C)C,0.001065477441069706
CC(O)(C(=O)NC1COC2(C1)CN(C(=O)C1(O)COC1)C2)C1CC1,0.09045209115936848
CC(O)(CCNC(=O)C1CC12CCOCC2)c1ccccc1,0.00044178732231731706
CC(Oc1cccc(CO)c1)C(=O)Nc1cnc(N2CCOCC2)nc1,0.0005779483869913898
CC1(C(N)=O)CN(C(=O)C2(c3cccc(Cl)c3Cl)CC2)C1,0.0005182091166595172
CC1(C)C[C@@H](NC(=O)Nc2cnn(-c3cccc(F)c3)c2)[C@H]1O,0.0013107062956176916
CC1(C)C[C@@H]1C(=O)N1CC2(CCN(CC(O)CO)CC2)C1,0.00028397655383764303
CC1(C)C(N2CCCC2)CC1NC(=O)Cn1cc(-c2ccccc2)nn1,0.0012259252390419046
CC1(C)CCN(C(=O)NCC2(C)CCC3(CC2)OCCO3)C1,0.0004946184783325528
CC1(CC(=O)NCC2CCN(C(=O)c3coc(C#N)c3)C2)CCCO1,0.0010974109855059941
CC1(NC(=O)NCc2cncc(C(C)(C)C)c2)CCC1,0.00028817472371033546
CC1CC(C)(C(=O)NCCN(C)C(=O)C2CC3(CC(O)C3)C2)C1,0.1178221796495157
CC1CC(NC(=O)c2cnccn2)CN1C(=O)c1ccc(C#N)s1,0.0008859466588037205
CC1CN(C(=O)CC(O)CN(C)C)CCN1C(=O)C1CC1F,0.0002741559580724885
CC1OCCC1(F)C(=O)N[C@@H]1CCCN(C(=O)C2CCC(F)C2)C1,0.0004561281664549783
CCC[C@@H](CC(=O)OCC)NC1=NC[C@H]2[C@@H]3CCCN@H]13C2(C)C,0.0
CCC(=O)N[C@H]1C[C@H](NC(=O)C2(n3cncn3)CCCCC2)C1,0.0005455074877405983
CCC(C(=O)NCC(CC(C)C)NC(=O)C1CCOC1)n1cccn1,0.0003710493602074397
CCC(CC(=O)N[C@H]1[C@@H]2CN(c3nc(C)cc(OC)n3)C[C@@H]21)OC,0.00042633009267629615
CCC(NC(=O)N[C@H](CO)C(C)(C)C)c1ccc2c(c1)OCCO2,0.0005452153194656003
CCC1(C(=O)NC[C@H](C)NC(=O)CN2CCCC2=O)CC1(F)F,0.14685315200439514
CCC1CC1C(=O)N[C@@H](C)CCNC(=O)CNC(=O)c1ccccc1,0.0003572570207080575
CCCC[C@H](C)C(=O)N1CCN(C(=O)C(C)N2CCOCC2)CC1,0.00033936613789178454
CCCC(C(=O)NCCN(C(=O)c1cc[nH]c1)C1CC1)N(CC)CC,0.0005829959448541319
CCCC(CC)CC(=O)N[C@@H]1C[C@H](F)C[C@H]1NC(=O)C1(CO)CC1,0.0006188529258872617
CCCC(O)CC(=O)NC[C@H](C)NC(=O)c1ccc(CN(C)C)o1,0.0002646746048198535
CCCC(O)CCNC(=O)c1cccc(Br)c1,0.0004973315429507522
CCCC1CCCN1C(=O)Cn1cc(COC2COC2)nn1,0.0004151518636564035
CCCCC(C)NS(=O)(=O)N1CCN(CC(F)(F)F)C(=O)C1,0.1942141379171996
CCCN(CCNC(=O)C(C)CO)Cc1cncc(C)c1,0.00047375631865423286
CCCn1nc(C(=O)NC2(c3ncccn3)CCOC2)ccc1=O,0.0002847995557913478
CCN(CC)C(CNC(=O)C1CC2CCC(C1)O2)Cc1ccccc1,0.0005067314144132564
CCN(CC)CCN(C(=O)Cc1ncc[nH]1)C(C)C,0.0004924608875383968
CCNC(=O)CCc1nc(C2CCC(=O)N(C)C2)no1,0.0001610725592165536
CCOC(=O)[C@@H]1[C@H]2CC(NC(C(=O)O)C3CCC(F)(F)CC3)C[C@H]21,0.0007544692683096127
CCOC(C(=O)N1CC(NC(=O)C2CCc3cn[nH]c32)C1)C(C)C,0.0004002674769830214
CCOC(C)C(=O)N1CC2(CC(NC(=O)c3ccc(F)cn3)C2)C1,0.13520164091440134
CCOc1ccc(C)cc1C(=O)N1CCN(CC2CCCC2)CC1,0.3255704185686203
CCOc1ncccc1CNC(=O)CN(CCN)CC(F)F,0.00037080793837723916
CCS(=O)CC(=O)NC(Cc1ccccc1)C(N)=O,0.00022835453657828932
CCc1cc(C(=O)NC[C@@H](C)NC(=O)c2cccn2C)c(C)o1,0.0005144216616364163
CCc1cc(N2CCC[C@@H]2CN(C)C(=O)CCCN(C)C)ncn1,0.0007057135430665211
CCc1ccc(S(=O)(=O)N(C)CCN(C)C(C)C)cc1C,0.00051033437108334
CCc1nc(N)nc(NCC(NC(=O)CNC(=O)NC)C2CC2)n1,0.1639529950574375
CCc1nnc(NC2CCN(C(=O)CCNC(C)=O)C(C)C2)s1,0.00045391801673637654
CCc1nsc(N2CC([C@@H](C)NC(=O)c3cc(C(N)=O)[nH]n3)C2)n1,0.1560759320095432
CCn1cc(CN2C[C@@H](C(=O)OC(C)(C)C)CO2)c(C)n1,0.000556496857669375
CCn1cnc(C(=O)N2CC(O)(C3CC4CCC3C4)C2)n1,0.0003527072872590431
CCn1ncnc1C(=O)N(C)CCNC(=O)c1c(C)cc(F)cc1C,0.0003143296040796938
CN(C(=O)NCCC(=O)Nc1ccccc1)C1CC(F)(F)C1,0.000753873541505477
CN(CC(N)=O)S(=O)(=O)C1CCN(C(=O)OC(C)(C)C)CC1,0.00030924819193324255
CN(CCN(C)C(=O)c1cncn(C)c1=O)C(=O)CCNC(=O)CO,0.00020918264874171926
CN1CC[C@@H]2CN(CCC(C)(C)NC(=O)OC(C)(C)C)C[C@@H]2C1,0.0004280572258238156
CN1CCC(C)(C(=O)OC[C@]2(F)C[C@H](NC(=O)OC(C)(C)C)C2)C1=O,0.0004712700908746598
COC(=O)[C@@H]1O[C@@H](C(=O)N2[C@@H](C(=O)OC)[C@H]3CC[C@@H]2C3)C[C@H]1C,0.0006302556500182367
COC(=O)c1ccc(F)c(C(=O)O[C@H]2C[C@@H](n3ccnn3)C2)c1C,0.0005671436087231918
COC(=O)c1cncn1CC(=O)N1CC(=CBr)C1,0.00042972675872501506
COC(C)(CO)CNC(=O)C1Cc2ccccc2C(=O)O1,0.00026855955976297694
COC(Cc1ccccc1)C(=O)N[C@@H]1CCN(C(=O)c2ccco2)C1,0.00040074513659883645
COCC(=O)N1CC([C@H](C)NC(=O)c2c(C3CC3)cnn2C)C1,0.0003625255078045981
COCC(C)C(=O)N1CC2CC1CCC2NC(=O)c1ccc(F)cc1,0.00042212445336970117
COCC(CF)OC(=O)c1ccc(C2CCC2)cc1,0.0004138404300324855
COCC1(C(=O)NCCC(F)C(=O)O)CCCCNC1,0.0003703765410541705
COCCC1(CO)C[C@H](O)[C@@H](N(C)CCCN(C)C)C1,0.00037004386617473574
COCCN1CCCC(C(=O)N(C)CCNC(=O)C(C)C2CC2)C1,0.0003478557028074003
COCc1cn(C2CCN(C(=O)[C@H]3C[C@@H](O)C3)C2)nn1,0.0003796521614899456
COc1cc(C)ccc1OCCCC(=O)N1CCC2COCC2C1,0.0004275058320583514
COc1cc(OC)nc(N2CCN(C(=O)C(F)(F)C3CC3)CC2)n1,0.001170128323242896
COc1ccc(Cl)c(C(=O)N(C)CCNC(=O)c2cocn2)n1,0.0002872810933739657
COc1ccc(Cl)c(F)c1C(=O)NCCN1CC[C@@H](O)C1,0.0003908617009347576
COc1cccc(C)c1NCC(=O)N1C[C@@H](F)C[C@H]1C(F)(F)F,0.0011272699254198549
COc1cccc2nccc(NC(=O)N3CC4(CCCC(=O)N4)C3)c12,0.2923287653479255
COc1nn(C)cc1NC(=O)C1CC(n2cc(CN)nn2)C1,0.0004992740936500307
CSC(C)C(=O)NC1CCCN(C(=O)CC2CC3CCC2C3)C1,0.001179801520516354
CSc1ccc(C(C)NC2C[C@@H]3CN(C(=O)C(F)(F)F)C[C@H]23)nc1,0.00040446271598096263
CSc1nccnc1C(=O)NC1CCCCN(C(=O)CCF)C1,0.0009354369459294461
Cc1[nH]nc(C(=O)N(C)CCNc2ncc(F)cn2)c1C,0.0004725029697938236
Cc1c(Cl)cccc1CN1CCC(OC2COC2)CC1,0.0004944751773873652
Cc1cc(=O)c(C(=O)N2CC[C@H](NC(=O)C3(C)CC(C#N)C3)C2)c[nH]1,0.3038233217693751
Cc1cc(C(=O)Nc2ccc(Cl)cn2)nn1C1CC1,0.0009188756610109789
Cc1cc(CCC(=O)N2CCC(NC(=O)Cn3ccnc3C)C2)on1,0.00029284434777138613
Cc1cc(OCc2ccccc2)ccc1NC(=O)NC(CCO)C(=O)O,0.0009577234466566165
Cc1ccc(C(=O)O)c(S(=O)(=O)Nc2cnc(CC3CC3)nc2)c1,0.0007780384265755094
Cc1ccc(S(C)(=O)=O)c(NC(=O)NCC2COC2)c1,0.0005855513870149176
Cc1cccc(C(C)C(=O)NCCN2CCN(C(=O)C3CC3)CC2)c1,0.00037530181322137054
Cc1ccnc(C(C)(C)CNC(=O)NCCc2cccnc2C)c1,0.0005019165175245077
Cc1cnsc1CN1CCC(C(=O)OC(C)C)CC1,0.38839812813338637
Cc1conc1C(=O)N1CCCCC(NC(=O)c2ccc(=O)[nH]n2)C1,0.14842864518976928
Cc1csc(CN(CCC#N)C(=O)CC2CCCCC(=O)N2)n1,0.0007361878578733219
Cc1nn(C)c2nc(N(C)C3CC3C)cc(Cl)c12,0.0007675931064951717
Cc1nnc(C(=O)NC2CCN(C(=O)c3ccncc3C)C2)s1,0.16611002534022376
Cc1nnc(N2CCC(C3CCN(C(=O)CO)CC3)C2)c(C#N)c1C,0.5632334546560411
Cn1c(=O)cc(Br)c2ccc(C(=O)CC(C)(C)C#N)cc21,0.3558684817177868
Cn1c(C(F)F)cc(=O)n(CCC2CC(F)(F)C2)c1=O,0.0007128652242937374
Cn1ccc(C(=O)NCCN(CCC2CC2)C2CC2)c1,0.00048551465114891895
Cn1cnc(CC(O)C(=O)N2CCOC([C@H](N)CO)C2)c1,0.00016657393748613266
Cn1nnc(NC[C@@H]2CCCCN2C(=O)c2ccn(C(C)(C)C)n2)n1,0.0011519328188701352
NC[C@]1(F)C[C@H](C(=O)Nc2c[nH]nc2OCC(F)(F)F)C1,0.0002636219190614044
O=C([C@H]1C[C@](F)(CO)C1)N1CCCN(C(=O)[C@@H]2[C@H]3CCCC[C@H]32)CC1,0.0005994629800284524
O=C(CCc1ccncc1)NCC1CCCN1C(=O)C(F)(F)C1CC1,0.001102418323489445
O=C(CNC12CCCCC1OCC2)NCCc1ccc(F)cc1,0.0005981510266542193
O=C(Cn1ccnn1)NC1CN(CC2CCOCC2)CC1(C)C,0.00040264411497608005
O=C(NC1CCN(C(=O)c2ccc3cn[nH]c3c2)C1)C1CCCOC1,0.0004959280212453363
O=C(NC1CCN(Cc2csnn2)CC1)c1ccnn1CC1CC1,0.0005313307028505794
O=C(NCC1(Nc2nncs2)CC1)C(F)(F)C1CCOCC1,0.000721884922362576
O=C(NCc1cc(F)ccc1Cl)N[C@@H]1[C@@H](CO)[C@H]2CCC[C@H]21,0.0005769409479378841
O=C(O)c1cc2c(s1)CN(C(=O)c1ncoc1C(F)F)CC2,0.0007540425887570733
O=C1CCC(C(=O)NC[C@H]2CCN(C(=O)Cc3cccc(O)c3)C2)C1,0.11654425276604896
c1ccc(C2CC(NC3CCOCC3N3CCOCC3)C2)c2c1CCC2,0.0003956752686370282
c1ccc(CCN2CCN(CC3CCC34CCOC4)CC2)nc1,0.00023818887929611632
C[C@@H](CNC(=O)C1(c2cccnc2)CC1)NC(=O)Cc1cn(C)nn1,0.00015935133673447132
C[C@H](C(=O)NCC1CN(C(=O)c2cccn3nccc23)C1)N(C)C,0.09839031988609057
C[C@H](CNC(=O)C12CC1C2)NC(=O)C1CCCN1c1cnccn1,0.000668785574976702
C[C@H](NC(=O)CC1CCOC1)C1CN(C(=O)c2cc(F)n(C)n2)C1,0.00046011603554104477
C[C@H](NC(=O)COc1ccon1)C1CN(C(=O)c2nnn(C)c2N)C1,0.2507889702718352
C=C1c1ccc(C(=O)NCC[C@H](C)NC(=O)CC(C)(F)F)c1,0.0
CC(=O)N1CCN(C(=O)CN(C)Cc2cscc2C)[C@H](C)C1,0.00039267082569185443
CC(C(=O)N1CC(=O)N2CCCCC2C1)n1cc(C2CCCCO2)nn1,0.2289464100225535
CC(C)[C@H](O)C(=O)N[C@H]1C[C@H](NC(=O)C(O)c2c(F)cccc2F)C1,0.0003969143031644584
CC(C)(C)CCC(=O)N1CC2(CC2)CC1CNC(=O)Cn1nccn1,0.0005419570415614208
CC(C)(C)n1ccc(C(=O)NCc2cccc(C3OCCO3)c2)n1,0.0005509609213352249
CC(C)C(CCNC(=O)Nc1cnn(C2CCNC2=O)c1)C(C)C,0.4309182368028041
CC(C)C(CNC(=O)c1ncc[nH]1)NC(=O)C1(C)CC1F,0.00039979157036290283
CC(C)C(CNC(=O)c1ncn(C)n1)NC(=O)CC(C)(C)C,0.0003420382069930665
CC(C)CC(=O)NCC[C@H](C)NC(=O)c1cc(F)c(CO)c(F)c1,0.000398519177862755
CC(CC(=O)NC1(CNC(=O)CCc2ccn[nH]2)CCCC1)C1CC1,0.0007560280738680833
CC(CCNC(=O)c1cc(Cl)cs1)N(C)c1nccc(C#N)n1,0.0009302503470523067
CC(CS(C)=O)OC(=O)C1CCCCN1C(=O)c1ccccc1,0.0005370882285426485
CC(NC(=O)C1(F)CNCCNC1)c1ccnc(O)c1,0.00018903945853528963
CC(O)(C(=O)N1CCC(CNC(=O)C2CC2)C(F)(F)C1)C1CCC1,0.42760047013879937
CC(O)(CNC(=O)c1ccc(C2(C)CCO2)cc1)C(=O)O,0.00032636060500944596
CC(O)C1CC1C(=O)NC[C@@H](C)NC(=O)CCN1CCC(O)C1,0.00020057301578712956
CC(F)(F)CN1CCN(CC(O)C(F)(F)F)CC1,0.0004372804071363937
CC1(C(=O)O)CCCCC1NC(=O)C(C)(C)c1cnco1,0.0003929038119886259
CC1(C)CC(CNC(=O)c2nccc3[nH]nnc23)N(C(=O)C2CC2)C1,0.0003392760380677961
CC1CCN(C(=O)c2ccc(NC(N)=O)cc2)CC1C(=O)O,0.0006357481835516656
CCC(CC1CCCC1)C(=O)NCC1CCN(CC(F)(F)F)CC1,0.0005760024867857629
CCC(CCOC)C(=O)NC1(CO)Cc2ccccc2C1,0.0004269900544120027
CCC(CNC(=O)C12COC(C1)C2)NC(=O)CC(O)C(C)C,0.0002797023891316493
CCC1COCCN1S(=O)(=O)CC1CCC1(F)F,0.0003779273034445198
CCCC(C)C(=O)N1CCC[C@H]1CNC(=O)c1cncc(C(C)(C)C)c1,0.0007456247606996457
CCCN(CCNC(=O)[C@@H](O)C(C)C)C(CC)c1ccc(F)cc1,0.0004296861729685766
CCCN(CCNC(=O)Cc1ccccc1F)C(=O)C1CC2(CC2)C1,0.0004791619617909997
CCCc1[nH]ccc1C(=O)NC1CC(C)N(C(=O)CCC(=O)NC)C1,0.0003283803550292691
CCN(CCNC(=O)[C@H]1C[C@H](N(C)C)C1)C(=O)CC(C)C(C)C,0.0003774179588096361
CCNC(=O)CN(CC(=O)N(C)C)c1c2c(nc3ncccc12)CCC2,0.0
CCOC(=O)c1cc(C(=O)N(C)CCN(C)C(=O)C(C)(C)C)[nH]c1C,0.0005665510471240519
CCOC(=O)c1coc(NCCc2csc(C)n2)n1,0.0008484762452237844
CCOC(C)C(=O)NCC(C)(NC(=O)c1cncs1)C1CC1,0.0004932646289904763
CCOCc1cccc(NC(=O)N2CCC3CCOCC3C2)c1,0.0012478770979742026
CCOc1cc(CNC(=O)C2(C)CCC2)ccc1OCC(N)=O,0.0006836206103642786
CCOc1nccc(C)c1C(=O)N1CC(NC(=O)CO)CC2(CC2)C1,0.0003370498171283794
CCc1cc(CNC(=O)N(C)CCc2ccccn2)[nH]n1,0.0004054691539774582
CCc1ccc(CN(C2CC2)S(=O)(=O)CC2CCOCC2)cc1,0.0006127829582369528
CCc1cnc(NCc2cccc(CN3CCCC3)c2)nc1,0.0008956165363076035
CCc1n[nH]c(C(C)N2CC3CCC(C2)N3C(=O)C2CCC(O)CC2)n1,0.0005208362607625613
CCc1nc[nH]c1C(=O)N1CCN(c2cccs2)C(=O)C1,0.000765093113054138
CCc1nc(C)c(NC(=O)NCC(C)(C)CCCO)s1,0.0010546544856368115
CCc1ncc(C(=O)N(C)C2CCN(C(=O)CC(C)(C)O)CC2)s1,0.0004498276576808297
CCn1cc(C(=O)NCC(C)CN(C)C(=O)c2ccccc2C)cn1,0.2810980235901579
CCn1ccc(=O)c(NC(=O)NC2CCOC(C)(C)C2)c1,0.0004052570128269426
CCn1ncnc1CNC(=O)Cc1ccc(C(=O)OC)c(F)c1,0.0003643544629621501
CN(C)c1ncc(CNC(=O)C2CSC2)cn1,0.0004926437638022069
CN(C)c1ncccc1C(=O)N1CCC1CNC(=O)COC(F)F,0.00042507478789872803
CN(CCNC(=O)c1ccc(=O)oc1)C(=O)C1(C2CCCO2)CC1,0.0005384575477785884
CN(CCF)C(=O)NCC(C)(C)c1nc(-c2ccccc2)no1,0.0009084620408294301
CNS(=O)(=O)CC(=O)NCC1(NC(=O)C2C3CCCC32)CCCC1,0.15029402568354286
CNc1ncc(C(=O)N2CCN(C(=O)[C@H](C)n3cnnn3)[C@@H](C)C2)o1,0.0003679777978411435
COC(=O)[C@@H](C)CNC(=O)Nc1ccc(C(F)(F)F)[nH]c1=O,0.0007444055365088785
COC(=O)[C@H](CC(C)C)NC(=O)c1scnc1C(C)C,0.000571718750014085
COC(=O)C1CC2(C1)CN(c1ccc(C#N)c(C(F)(F)F)n1)C2,0.0015507292578871427
COC(=O)CN(Cc1nnc(SC)n1C)C1CCOCC1,0.000646823139966889
COC(=O)c1cc(N2CCN(Cc3cc(C)ccc3C)CC2)ncn1,0.0010262407245011755
COC(C(=O)O[C@@H]1CCN(C(=O)OC(C)(C)C)C[C@@H]1F)C1CCCC1,0.0005484824279570944
COC1(C)CCCN(C(=O)NC[C@@H](O)c2ccccc2)CC1,0.0004105374669798123
COC1(CNC(=O)C2CCCN2C)CN(C(=O)C2CCCC2)C1,0.17075903416200808
COC1CC2(C1)CC(C(=O)N1CC(NC(=O)CC(C)C)C1)C2,0.00041718978014606254
COC1CC2(CC(NC(=O)CCc3cncc4ccccc34)C2)C1,0.8434248898079684
COC1CC2(CCC(NC(=O)c3cc4c(nc3N)CCCC4)CC2)C1,0.0016799145827490732
COCC(OC)C(=O)NC1CC(C)N(C(=O)c2cccc(C)c2)C1,0.00031253762028641337
COCC(F)CNC(=O)NCc1cc(Cc2ccccc2)on1,0.0003989024157400689
COCCC(=O)NC1CCN(C(=O)c2ccnc(C#N)c2)CC1F,0.00045888800555613445
COCc1cc(COC(=O)c2ccc(C3CC3)o2)no1,0.00048274410875289987
COCc1sccc1C(=O)OCc1nc(C(F)(F)F)no1,0.0007160180740237856
COc1c(C)cccc1CNC(=O)NC1CCC2CN(C)CCC2C1,0.0004825842913213381
COc1cc(C(=O)NCC(C)NC(=O)CC23CCC(CC2)C3)n[nH]1,0.19722798653697363
COc1cc(CC(=O)NC[C@]2(C(=O)O)C[C@@H]2C(F)(F)F)cc(OC)n1,0.0004227433053864275
COc1cc(NCCN(C)C(=O)c2cc(C)c(=O)[nH]n2)ncn1,0.0004537019799349423
COc1cc(OC)nc(NC2CC(O)(CNC(=O)c3cnoc3)C2)n1,0.0004157826047346986
COc1cccc(CCCN2C[C@@H]3CSC[C@]3(C)C2)c1,0.0004715918119761126
COc1ccccc1CCNC(=O)C1(n2ccnn2)CC1,0.00041861739865570456
COc1cncnc1N1CC(CN(C)C(=O)CCCC(C)O)C1,0.33312230028659606
CS(=O)(=O)CCNC(=O)c1cnn(-c2ccccc2)c1Cl,0.0006244927239916928
CSCCC(NC(=O)C(C)c1ccc(C)s1)C(=O)N(C)C,0.000642559673829348
Cc1[nH]ccc1C(=O)N1CCCC[C@H](NC(=O)C2CCCC2C)C1,0.001224348866848132
Cc1c[nH]c(CN(C)C(=O)CCn2nc(C(F)(F)F)ccc2=O)n1,0.0005662397197212737
Cc1cc(C(=O)N[C@@H]2CCN(C(=O)CCc3cnoc3)C2)ns1,0.0008217390635629735
Cc1cc(C(=O)N(C)CCNc2ccnc(C3CCC3)n2)nc(O)n1,0.0003131016087029177
Cc1cc(C(=O)N2CC[C@H](NC(=O)c3nnn(C)n3)C2)n[nH]c1=O,0.06806492287159224
Cc1cc(C(=O)NCC(NC(=O)c2cnns2)C2CC2)[nH]n1,0.0003622546763622103
Cc1cc(NC(=O)c2cnn3c2OCCC3)nc(C(C)(C)C)n1,0.0008280025533052377
Cc1ccc(C(=O)N[C@H]2C[C@@H](NC(=O)Cc3ccccc3F)C2)c(F)c1,0.00040635377887691547
Cc1ccc(C(=O)N2CCC(NC(=O)c3cc(F)n(C)n3)C(C)C2)o1,0.1841598442503765
Cc1n[nH]c(Cl)c1C(=O)N1CC[C@H](NC(=O)c2c[nH]nc2N)C1,0.3132459569652545
Cc1nc(C(C)NC(=O)COCc2nnc[nH]2)sc1C(=O)O,0.00044755629982465463
Cc1nc2ncnn2cc1C(C)NC1CC(=O)N(C2CCCC2)C1,0.0013647108987629645
Cc1nn(CC(=O)NC(C)C23c4c(Cl)cccc2C4)c(=O)o1C,0.0
Cc1nn(CC(=O)NCC2CN(C(=O)CN(C)C)C2)c(=O)o1,0.0001308894804742033
Cc1sc(C(C)N)nc1C(=O)N1CCC1CC1CCC1,0.00044104749714813334
Cc1sc(O)nc1C(=O)NC[C@@H](C)NC(=O)[C@@H]1[C@H]2CCCC[C@H]21,0.0003368735353466844
Cn1c(=O)[nH]c2cc(C(=O)NCC(C)(CO)CO)ccc21,0.24847055160110365
Cn1c(Cl)cnc1CN(C(=O)C12CCC(CNC1)C2)C1CC1,0.0005161977397717479
Cn1cnn(CC(=O)NC(C)(C)CCNc2cc(=O)[nH]c(=O)[nH]2)c1=O,0.00037575349965845734
Cn1nc(O)cc1C(=O)N1CC(NC(=O)c2ccc(F)cn2)C1,0.11283441029256822
Cn1nnc(Br)c1COC(=O)c1cc(C2CCC2)no1,0.000879282861168181
Cn1nnc2c1CC(NC(=O)N1CC(Nc3ccc(C#N)cc3)C1)CC2,0.0012370585413070965
N#CCS(=O)(=O)CCC(=O)N1C[C@@H]2[C@H](C1)[C@H]1C[C@H]2C1,0.312176916229221
N#Cc1ccccc1NC(CNC(=O)c1nccc(Cl)c1F)C1CC1,0.8880708775492284
N#Cc1cncc(NC2(CNC(=O)c3sccc3C3CC3)COC2)n1,0.5058610693046921
NC1CC(NC(=O)N2Cc3nccc(Br)c3C2)C1,0.00035018652174128234
NCc1ccc2c(c1)CCC2NCc1ccc(C(=O)O)cc1Cl,0.00044889450874601187
O=C(CC1COC(=O)C1)NC1(c2ccc(C(F)(F)F)cc2)CC1,0.0006444262585090152
O=C(COCc1nnc[nH]1)NC1(c2ccc(Cl)cc2)CCC1,0.1168933377805746
O=C(N[C@H]1CCN(C(=O)C2CC2F)C1)C(C1CC1)C1CCCO1,0.000577794570063126
O=C(NC1CC(c2cccc(Cl)c2)C1)c1ncnc2c1CCC2,0.0008716726806852836
O=C(NC1CCCCCC1F)NC(CO)Cc1ccccc1Cl,0.0004570554942990129
O=C(NC1CCCc2ccccc21)N1CCCC[C@H](N2CCOCC2)C1,0.0011511063819546682
O=C(NCC1(OC(F)F)CCOCC1)N(CC1CC1)C1COC1,0.00046174976377701626
O=C(NCC1CCC(O)C1)Nc1ccc(-n2cnnn2)c(F)c1,0.0009115277038664252
O=C(NCC1CCCN1Cc1ccccc1)N1CC[C@H]2CC[C@@H](O)[C@H]21,0.0007272174790870148
O=C(NCC1CCN1C(=O)c1ccnc(CO)c1)[C@@H]1[C@H]2CCCC[C@H]21,0.00046885250669468
O=C(NCC1CN(C2CCc3ccccc32)C1)C1CCCCC1O,0.000525230614860782
O=C(NCc1cnsn1)NCC(=O)N1CCCc2ccccc21,0.000651600251733071
O=C(O)CCC(NC(=O)[C@@H]1[C@H]2COC[C@H]21)c1ccccc1,0.00031732900323960095
O=C1N[C@H](C(=O)NS(=O)(=O)c2ccc(F)c(F)c2)CO1,0.0002678054095891429
O=S(=O)([C@H]1C[C@H](C(F)(F)F)C1)N1CCCC1C1CCOCC1,0.0003435008956943643
O=S(=O)(NCC1CCOC1)[C@H]1Cc2ccccc2[C@H]1C(F)(F)F,0.00048073075536959577
O=S1(=O)CCC(CNC2(c3ccccc3F)CCC2)C1,0.0006126241013893972
C[C@@H](NCc1nc[nH]c1C(=O)OC(C)(C)C)C1CCCC1,0.0005793722556504694
C[C@@H](O)[C@@H](NC(=O)Cc1csc(Cl)c1)C(F)(F)F,0.0006404028365594305
CC[C@@H](NC(=O)c1ccc(=O)n(CC(C)C)n1)c1ccc(F)cc1,0.0005270323659369373
CC[C@@H]1CN(C(=O)C(C)(O)CC)C[C@@H]1NC(=O)CCOC(C)C,0.0004284618946130958
CC(=O)N1CCN(C(=O)c2cc3c([nH]c2=O)CCOC3)CC1,0.10583395339568424
CC(=O)NC(C)Cc1ccc(C(C)NC(=O)C2COCCO2)cc1,0.0002781545388815405
CC(C(=O)N[C@@H]1C[C@H]1C)n1cc(-c2cccc(Cl)c2)nn1,0.0010057297144093248
CC(C)(C#N)C(=O)N1C2CCC1CN(C(=O)C1(O)CC1)CC2,0.0006548625988860139
CC(C)(C)O[C@H]1CCCN(C(=O)Cn2cc(-c3ccccc3)nn2)C1,0.0006229986535584297
CC(C)C[C@@H]1CNC[C@H]1C(=O)NCC(C)c1ccncc1,0.15149693064765335
CC(C)C(=O)NCC1CC(F)(F)CN1C(=O)c1ncoc1C1CC1,0.25907548051768653
CC(C)C(OCC1CCCO1)C(=O)N1CC[C@@]2(O)CCCC[C@H]2C1,0.22268978576508855
CC(C)CN(CC(=O)O)C(=O)C(C)N1CCCCCC1,0.00046303185434542045
CC(CC(=O)N1CCCC1)NC(=O)C1(CC(F)(F)F)CC1,0.0005824339403178348
CC(CCNC(=O)C(C)(F)C(C)(C)F)NC(=O)CC1CC1(C)C,0.2674358625730173
CC(CN)CN(C)C(=O)N[C@@H](C)CN1CCCCC1,0.0006748695801224984
CC(CNC(=O)C(C)C(C)O)CN(C)C(=O)COCc1cc[nH]c1,0.00038917114006567846
CC(CNC(=O)Nc1cccc(-n2nccn2)c1)CC(C)(C)C,0.0007818650288783818
CC(CNC(=O)c1cnc(C2CCC2)[nH]c1=O)N(C)CC1CCC1,0.0005778829716991154
CC(NC(=O)NCC(O)c1ccc(F)cc1)C1CC(F)(F)C1,0.0005421256804859142
CC1(C(=O)NC2CN(C(=O)c3ncccc3F)CC2(C)C)CC(F)C1,0.1772882199253987
CC1(C)CCC(O)(C(=O)OCc2nnnn2C(C)(C)C)CC1,0.0004759801786463874
CC1(OC(=O)CCn2cnc3c(Br)cccc3c2=O)CC1,0.4425318488768565
CC12CCCC(C(=O)N3[C@H](CC(=O)O)C[C@@H]4OCC[C@H]43)(CO1)C2,0.22499575346920558
CC1C(NC(=O)[C@@H]2C[C@@H]3C[C@@H]3C2)CCCN1C(=O)Cc1cncn1C,0.0007363189340440908
CC1CC(C#N)(C(=O)N(C)CCNC(=O)c2cccc3ncoc23)C1,0.0014633313859821345
CC1CC(NC(=O)C2(F)CC2)CN1C(=O)CCOc1ccccc1,0.0006353018740307872
CC1CCC(C)(C(=O)NC[C@@H](C)NC(=O)CCc2cncs2)C1,0.0002683318073498034
CC1CCCCC1C(=O)N[C@H]1C[C@H](CNC(=O)CCn2cccn2)C1,0.0007318079808954497
CC1CCN(C(=O)C2CCC3(CCCN3C(=O)OC(C)(C)C)C2)C1,0.0007818930786169401
CC1CCN(S(=O)(=O)CC2CN(C3CC3)C(=O)O2)C2(CC2)C1,0.0003894762284922996
CC1CN(C(=O)CN(C)C(N)=O)CC1NC(=O)CC1(O)CCOC1,0.00017307960249320122
CC1CN(c2ccnc(C(=O)N3CCCCC4(CCNC4)C3)c2)CCO1,0.0010470771191821743
CCC(=O)N1C[C@H]2CN(C(=O)c3cc(OC)ccn3)C[C@H]2C1,0.00024951322600875087
CCC(=O)N1CCC2C(CCCN2c2cc(OC)ncn2)C1,0.0008278162327804243
CCC(=O)Nc1ccc(OC)cc1NC(=O)[C@@H]1C[C@@H](N)CC(C)O1,0.0007606992927476758
CCC(C)CC(=O)N(C)CC(C)NC(=O)COc1ccc(C#N)cc1,0.0013004050175636302
CCC(C)CCC(=O)NC1CCC(CNC(=O)c2cnn(C)c2N)C1,0.0005509551840345864
CCC(C)CCC(O)CC(=O)Nc1cc(OC)nnc1C,0.26834344907426755
CCC(CNC(=O)C(C)(O)C1CCC1)NC(=O)C1(N(C)C)CC1,0.0004299769136107013
CCC(CNC(=O)CC1CC(C)(C)CO1)NC(=O)Cn1ncnn1,0.00025590983028847704
CCC(NC(C)=O)C(=O)N1CCN(CCn2cccn2)CC1,0.00021589840061546583
CCC(F)(F)C(C)(C)C(=O)N1C[C@H](C)[C@H](NC(=O)C(C)(C)COC)C1,0.0006892420282129017
CCC(SC)C(=O)N[C@H]1[C@@H]2CN(C(=O)C3CCC(C)C3)C[C@@H]21,0.00040209630493090595
CCC1(CC)C(NC(=O)N2CCC(O)(CC)CC2)C(C)C1OC,0.0006093325754076811
CCC1(CC)COCCN1C(=O)c1nnn(C)c1C(F)(F)F,0.0005305110211644584
CCCC(OC)C(=O)NCc1cnn2c1CN(C(=O)C(C)(F)F)CC2,0.0002941957606172857
CCCCC(CC)C(=O)N1CCN(Cc2ncnn2C(C)C)CC1,0.0006052094327548146
CCCc1noc(CCCC(=O)Nc2cnn(CC(F)F)c2C)n1,0.0004667669650117096
CCN(C)C1CN(C(=O)C2CCC2c2ccc(F)cc2)C1,0.0005815721854454972
CCN(CC)CC(=O)NCC(O)CNC(=O)CC1(CO)CCC1,0.00034372211427550944
CCN(CCNC(=O)c1ccnc(OC)n1)C(=O)C(C)(C)C#N,0.0009691325355521048
CCOC(=O)C1(C)CCN(C(=O)C2CC23CC3(F)F)CC1,0.0005227511943020092
CCOC1(C(=O)N[C@H]2[C@@H]3CN(C(=O)c4ccc(C)cn4)C[C@@H]32)CCC1,0.0004119233838774243
CCOC1(CN(C)C(=O)NC(CC)c2ccc(OC)cc2)CCOC1,0.0009026894951018964
CCOC1CC(NC(=O)c2c(C3CC3)n[nH]c2Cl)C1OC,0.0003656163427965948
CCOc1nccnc1NCc1nnc(C2CCCO2)[nH]1,0.0006274792646524706
CCSC(C)C(=O)N1CCCC[C@@H]1CNc1nnc(C)s1,0.000481359492498789
CCn1c(CNC(=O)Cn2cnc(C(F)(F)F)n2)cnc1C,0.0005173991389229735
CCn1cc(NS(=O)(=O)c2cccc(C(N)=O)c2)c(C(=O)O)n1,0.00043726110861208367
CCn1nc(C)c(CNC(=O)N2CCC(O)(Cn3ccnn3)CC2)c1C,0.00034172685822956005
CN(C(=O)c1coc(C2OCCO2)c1)C(C(=O)O)c1ccccc1,0.000572433182326568
CN(CC1CCN(C(=O)C(C)(O)C2CC2)CC1)C(=O)CC1CC(=O)C1,0.0002872505569528043
CN(Cc1nnc(C(C)(C)C)o1)C(=O)C(C)(C)n1ccc(C2CC2)n1,0.000356358159197469
CN1C[C@@H]2CCN(C(=O)c3cc(C4CC4)n(C(F)F)n3)[C@@H]2C1,0.0005865633271091257
CN1C(=O)CC[C@@H]1C(=O)NCC1CC(NC(=O)C2CC2F)C1,0.08278071019363076
CNC(=O)C1(C)CCN(C(=O)Cc2nnc(C)n2C)C1,0.00018744159839551228
CNC(=O)C1CCC(CC(=O)NCc2ncc(C(=O)OC)c(C)n2)CC1,0.0003500324737839049
CNS(=O)(=O)CC(=O)NCC1C(F)(F)C12CCCC2,0.14364930737442155
CO[C@@H]1CCN(C(=O)NC(C)c2c(C)noc2C)C1,0.0003317617288918832
COC(=O)[C@H](CC(C)C)NC(=O)Cn1cc(CCOC(N)=O)nn1,0.00024054270113814172
COC(=O)C1(C)CCN1C(=O)Nc1nc(C)cc(-n2ccnc2)n1,0.5090441017901405
COC(=O)CC1CCCN1C(=O)CC1OCCCC1(C)C,0.0005153671475745594
COC(=O)c1cc(F)ccc1COC(=O)CCCc1nnn[nH]1,0.00036126047771888574
COC(CS(=O)(=O)N1CCN(C2CC2)CC1)C(C)C,0.0002815484241594997
COC1COCCC1OC(=O)Cc1cc2cc(O)ccc2s1,0.0008225102566821066
COCc1ncsc1C(=O)OCC1(O)CCCCC1,0.00044253642151998774
COc1cc(C(=O)NCCN(C)C(=O)c2sccc2C)cc(C)n1,0.0004486330616444091
COc1cc(CN2C(=O)CC(C)N(Cc3ccns3)C2=O)ccn1,0.0005040021740262183
COc1ccnc(N2CCC[C@H](NC(=O)CN3CCCCCC3)C2)n1,0.42301578901979
CS(=O)(=O)C[C@H]1C[C@@H](NCc2cncc3ccccc23)C1,0.0006499836862607758
CSC(C(=O)N(C)CCNC(=O)c1cncn1C)C(C)C,0.0010487104949266867
CSc1cccc(NC(=O)C2(C3(O)CCNC3)CCC2)c1C,0.0011521085078838914
Cc1c(CNC(=O)NCC2COCC3(CCNCC3)O2)cnn1C,0.0003760067879962956
Cc1c(Br)cc(S(C)(=O)=O)cc1NC(=O)C(C)(C)O,0.0008181498554742328
Cc1cc[nH]c1C(=O)N(C)C(C)CCNC(=O)CCC(F)(F)F,0.0005212257003250496
Cc1cc(C)nc(N2CCC3(C2)Oc2cccc(Cl)c2O3)n1,0.5788534076224507
Cc1cc(CNC(=O)C[C@]23CCCC[C@@H]2NCCC3)cc(C)n1,0.0008477131026955075
Cc1cc(CNC(=O)N2CCCCC2C2CCCN(C)C2)no1,0.00040377743484668483
Cc1cc(N)cnc1C(=O)NCC1CN(C(=O)c2csc(C)c2)C1,0.36235392960215074
Cc1cc(NC(C)CC(C)NC(=O)CCN2CCCC2=O)ncn1,0.0004100584736511287
Cc1cc(NCC2(C)CCC(=O)N2)nc(-n2cccn2)n1,0.0008031528030311317
Cc1ccc(N(C)C(=O)c2ccc(S(C)=O)cc2)cc1N(C)C,0.0014131600213666445
Cc1cccc(C(O)C(=O)NC2CCCN(C[C@@H](O)CO)C2)c1F,0.00029002637527109315
Cc1cccc(CN[C@@H]2CCC[C@@H]2N2CCNCC2)c1F,0.00048824253915791526
Cc1cnc2c(c1)N(C(=O)c1cc3c([nH]c1=O)CCC3)CC2,0.25697282437951074
Cc1cnn(C2CCCNC2)c1C(=O)N1CCn2c(C#N)ccc2C1C,0.001558140459317194
Cc1cnn(CC(=O)N2CCCCC(NC(=O)C(C)CO)C2)c1,0.00018090825133353054
Cc1n[nH]c(C)c1CC(C)C(=O)N1CCCC[C@H]1C(F)(F)F,0.000547459560952932
Cc1nc(C(=O)N[C@@H](C)CNC(=O)[C@]2(C)CCC(=O)N2)cc(=O)[nH]1,0.08150509496801368
Cc1nc(C)n(C2CC[C@H](NC(=O)[C@H]3CCC(=O)N3)CC2)n1,0.0001966906062796008
Cc1ncc(CNC(=O)N2CCCC2C(=O)OCc2ccccc2)o1,0.0004070129001712202
Cn1ccc(C(=O)N2CCN(C(=O)CC(O)C3CCCC3)CC2)n1,0.0005034275364930167
Cn1cnn(CCC(=O)NCC23CCC(CC2)CC3)c1=O,0.0007140239261261677
Cn1nccc1C(N)C(=O)Nc1ccc2c(c1)CCC(F)(F)C2,0.44780985082045666
Cn1nccc1C1(O)CCN(C(=O)NC2CCC3CNCC32)CC1,0.0006591992064768157
N#CC1(CNC(=O)[C@H]2NC(=O)C[C@@H]2c2ccccc2)CCNCC1,0.000657177653974544
N#Cc1cnccc1N[C@@H]1CCN(C(=O)CC2CCc3ccccc32)C1,0.0015484826530853492
NC(=O)c1cc(NC(=O)COCc2ccccn2)ccc1Cl,0.0008454930228146013
NC1(C2CCN(Cc3cnc(C(F)(F)F)s3)CC2)CC1,0.0005316292467971849
O=C(CC(O)c1ccccc1)NCCN(CC=CCl)C1CC1,0.00042820242276872143
O=C(CO)NC1CCCCC12CCCN(C(=O)CCc1c[nH]cn1)C2,0.42158482416243437
O=C(COC(F)F)N[C@H]1C[C@@H](NC(=O)c2ncccc2F)C1,0.0002743460324094883
O=C(COCc1cc[nH]c(=O)c1)N1CC[C@@H]2C[C@]2(O)C1,0.0001689974962602252
O=C(Cc1ccn[nH]1)NC1(CNc2nncs2)COC1,0.0003366065504543655
O=C(N[C@H]1CC[C@H](CF)CC1)[C@H]1CCC[C@H]1C1CC1,0.0010010300814954503
O=C(NC[C@H]1C[C@@H](n2cccn2)C1)c1ccnn1CCF,0.0005105373486134742
O=C(NC(CO)Cc1coc2ccccc12)C1CC2(CNCC2CO)C1,0.0007296531593046552
O=C(NC1(C2CCOC2)CC1)C1CCc2c(sc2-c2nn[nH]n2)C1,0.0
O=C(NC1CC(O)C12CCC2)c1cnc2ccsc2c1,0.0006029535860147346
O=C(NC1CCN(C(=O)CC2(O)CC2)CC1)C1CCC1(F)F,0.17802870096039736
O=C(NC1CCN(C2CC2)CC1)c1cn2ccc(C(F)(F)F)cc2n1,0.0009059509150734472
O=C(NC1CNCCNC1=O)C1CSCN1C(=O)c1ccccc1,0.00019723909987732352
O=C(NCC(O)C1CC1)NC1CCCN(C2CC2)C1=O,0.0004307688509198234
O=C(c1cccnn1)N1CCCC1CNC(=O)[C@H]1C[C@@H]1C(F)F,0.0003037346611300912
O=C1C(NCCC2CCCCC2)[C@H]2CCCN2(C(=O)c2ccon2)C1(C1NCCN[=[N@,0.0
O=C1CC(C(=O)N2CCC(NC(=O)c3cc(F)c[nH]3)C2)CCN1,0.0002964106678579518
O=S(=O)(NC1(c2ncccn2)CC1)N1CC(C(F)F)C2(CCC2)C1,0.000496206422849505
C[C@]1(C(=O)O)CCCN1C(=O)CNC(=O)C(O)c1ccccc1,0.0003153780397672251
C[C@]12CN(C(=O)CC3(O)CC3)C[C@@]1(C)CN(C(=O)C1CCCC1)C2,0.0005862470719727883
C[C@@H](NC(=O)CC(C)(C(F)F)N(C)C)C1CN(C(=O)[C@@H]2C[C@H]2C)C1,0.13397001653704463
C[C@@H]1C[C@@H](NC(=O)N2CCOc3c(F)cccc3C2)Cc2cccnc21,0.0008557444540281396
CC[C@H](C)[C@H](O)C(=O)NC1CCN(C(=O)C2(C)CC(F)C2)CC1(C)C,0.2470552758696716
CC(=O)N1CCC(C2CCCN(CCCC3CCOCC3)C2)C1,0.0009658178569705247
CC(C#N)C(=O)N1CCCC(C(C)NC(=O)c2cc(O)ncn2)C1,0.0005080406552368996
CC(C)(C(=O)N[C@H]1CCN(C(=O)c2coc(=O)[nH]2)C1)c1ccncc1,0.0003433122825735589
CC(C)(C)C(C)(O)CNC1CSc2ncccc21,0.0007151578282041733
CC(C)C(O)(CN(C)CCc1ccccn1)C(F)(F)F,0.0005288477319027099
CC(C)CCC(=O)NC1(CO)CN(c2ncnc3ccccc23)C1,0.0010635729062053421
CC(C)c1nocc1CN1CCCC2OCCNC(=O)C21,0.00035665465380917187
CC(CC(=O)NCCc1ncc(F)cn1)c1ccc(F)cc1F,0.00046878626547045444
CC(CC(C)(C)C)(C(=O)N(C1CC1)[C@@H]1COC[C@H]1O)c1ccccc1,0.0006138336807165346
CC(CNC(=O)C1CC(C)CO1)(NC(=O)CN1CCC1)C1CC1,0.00036944320652256403
CC(CNC(=O)C1CCCCN1C)NC(=O)c1cccc2ccncc12,0.0003691122725173006
CC(CS(C)(=O)=O)C(=O)N1CCC[C@H]1C(=O)OC(C)(C)C,0.00031269222251170426
CC(NC(=O)C12CCCC1CCC2)c1nc[nH]c1C(=O)O,0.0005884429542936415
CC(O)C(=O)N1CCC(N(C)C(=O)c2cn(C)nc2C2CCC2)CC1,0.2598891396785153
CC1(C(=O)NCc2ccc(-n3cncn3)cc2)CNC(=O)C1,0.00041689403694379406
CC1(C)CN(c2nnc(Cc3ccc(F)cc3)n2CC2CCOC2)C1,0.0008260071897328482
CC1(C)COCC(CNC(=O)CC2CC3(CCCC3)CN2)O1,0.0007193375287049914
CC1(C)Cc2cc(CNCC3CS(=O)(=O)C3)ccc2O1,0.000372531761181368
CC1CN(S(C)(=O)=O)C(C)CN1c1cnc(F)cn1,0.0005019222421950673
CC1CN(c2ccc3nnc(Cl)c(C(C)C)c3n2)CCN1C,0.0007304839621849885
CCC(=O)c1ccc(F)cc1NC(=O)N(C)C1CCN(C)C1,0.0013623964081046294
CCC(C)(C)NC(C)C(=O)N1CCCC[C@H](NC(=O)c2ccon2)C1,0.22231449008261528
CCC(CC(=O)N1CCCC(NC(=O)c2cccc(C#N)c2C)C1)OC,0.0008630399303805851
CCC(CC)C(=O)NC1(C2CCN(C(=O)c3cc(F)c[nH]3)C2)CC1,0.0009690035465460862
CCC(O)(CNc1ccc(S(N)(=O)=O)nn1)C(F)(F)F,0.00036717284751170467
CCC1(C)NC(=O)CCN(Cc2ccc(C)c(OC)n2)C1,0.0003281874658202829
CCCC(C)CC(=O)N1CCN(C(=O)C(C)C2CCOC2)C[C@@H]1C,0.0004368952689502412
CCCC(NC1(c2ncccc2F)CC1)C(=O)OC(C)(C)C,0.000607574742119967
CCCN(C)CC(=O)Nc1cccc2sc(=O)[nH]c12,0.0008400524841667331
CCCN(CCNC(=O)CN(C)C(=O)C1C2CCCC21)C(C)=O,0.16365305148725953
CCN(CC)C(=O)Cn1cc(C2(O)CCc3ccccc32)nn1,0.00034662170940123
CCN1CC(C(=O)NCC2CCN(C(=O)CC(C)C)C23CC3)CC1=O,0.19928513210758772
CCNC(=O)C1CCCN(C(=O)C(C)C(C)(C)CNC(C)=O)C1,0.0005267399379121272
CCO[C@@H]1C[C@@H](C(=O)O)N(S(=O)(=O)c2ccc(F)cc2)C1,0.0003087210114508711
CCOC(=O)C1(C(F)(F)F)CCN(C[C@@H]2CCC(=O)N2)CC1,0.00041776811041109563
CCOC(=O)CN1CCC(Nc2ccc(F)c(S(C)(=O)=O)c2)CC1,0.0005678029910563974
CCOC(=O)c1cnc2ccnc(N3CCS(=O)(=O)[C@@H](C)C3)c2c1,0.0003703603499082601
CCS(=O)(=O)CCN(C)Cc1ccc(OC(F)(F)F)cc1F,0.0006050289561311532
CCc1cc(C(=O)N[C@H]2C[C@@H](NC(=O)C(C)(C)N(C)C)C2)nn1C,0.0004617889652255066
CCc1cc(C(=O)NCC(C)NC(=O)C2(C#N)CC2)c(C)nn1,0.2555336199130183
CCc1cnoc1C(=O)NCC1CCN1C(=O)CCC1CC1(C)C,0.0004323580213413509
CCc1cscc1C(=O)NCC1CN(C(=O)[C@@H]2C[C@H]2CC)C1,0.0003372615714691685
CCc1nc2cc(CNC(=O)[C@@H]3C[C@H]3C)ccc2[nH]1,0.0007419662459187342
CCc1ncc(F)cc1NC(=O)N1CC[C@@H](N2CCOCC2)[C@H]1C,0.001202326127983029
CCc1occc1C(=O)NC1CCN(c2ncc(F)cn2)C1,0.0006613340195712128
CCn1nc(C(=O)NC2CSC(C)(C)C2)c(=O)c2ccccc21,0.0007761552026271139
CCn1nnc(NC(=O)N2CCC(CN3CCOC3=O)CC2)c1C,0.4810397007669833
CN(C(=O)CCc1ccc(O)cc1)[C@@H]1CCC[C@@H]1OC(C)(C)C,0.0006217119903445707
CN(C)C(=O)N1CCCC(C(=O)N[C@@H]2CCOc3ccc(O)cc32)C1,0.0005398341470833453
CN(CCc1ccccc1)Cc1nc(Cl)c[nH]1,0.0005219349779540469
CN(Cc1cn(C)nn1)C(=O)NCc1ccn(CC(F)F)n1,0.0003420648141359507
CN1CC(CCNC(=O)N(C)Cc2ccc3ccccc3n2)CC1=O,0.0005831995330077736
CNC(=O)CN(CC(C)OC)c1cc(C)c(C(F)F)c2nc(C)nn12,0.0004844379193465419
CNC1CCCN(C(=O)c2ccccc2NCC(F)(F)F)C1,0.0007573671583195258
CNC1CCN(S(=O)(=O)c2ccc(OCCF)cc2)CC1,0.0003004840609481978
CO[C@@H](C(=O)OCC(=O)CC1CC2(CCC2)CO1)c1ccccc1,0.00044748622330565254
CO[C@@H]1C[C@@H](O)CN(C(=O)Cc2cccc(C(F)F)c2)C1,0.0004630628136659926
COC(=O)[C@H]1CC[C@@H](C(=O)NC(C)CNC(=O)CC2CCCC2)O1,0.0002811392328911527
COC(=O)Nc1ccc(S(=O)(=O)NC[C@H]2OCC[C@H]2C)cc1C,0.0004289891071878519
COC(=O)c1ccc(NC(=O)N2CC[C@@]3(CO)CCC[C@@H]23)c(C)c1,0.0013737393881614523
COC(=O)c1ccc(O)nc1N1CC(F)(F)CC1CNC(=O)C1CC1,0.00032712804123996564
COC(C)(C)C(=O)N(C)C[C@H]1CCCN1C(=O)c1snnc1C,0.27456839474572897
COC(C)(C)CC(=O)NCC1CN(C(=O)C(C)OCC2CC2)C1,0.0003100170786165769
COCC(=O)N1CCC(O)(C2(CNC(=O)C(C)CCO)CC2)CC1,0.0002053870791861077
COCC1(C(=O)N[C@H](CO)CCc2ccccc2)CCNCC1,0.00035285038684231224
COCC1CC(OC(=O)CC2(c3ccccc3)CC2)CN1C,0.0004604385205864845
COc1cc(C(=O)N[C@@H]2CCN(C(=O)CNC(=O)N3CCC3)C2)n[nH]1,0.0003631924543966157
COc1cc(CC(=O)N2CCC(F)CC2)cc(OC)c1OC,0.00048787430968629154
COc1ccc(C2CCN(C(=O)C[C@@H]3CCCC[C@H]3O)C2)cc1OC,0.0007969004276174312
COc1ccc(S(=O)(=O)CC(=O)NCC2CC2)cn1,0.1571607696257311
COc1ccc2ccc(NC[C@H](O)CO)nc2c1OC,0.2694646192658331
COc1nc(C)cc(CNC(=O)c2ccc(OC)cc2C2CC2)n1,0.0005595345457236278
COc1nc(C)cc(N2CCC(CN(C)C(=O)CSC)CC2)n1,0.0007901875268342837
COc1nccc(C)c1C(=O)NC(C)CNC(=O)CC1CC(C)(C)CO1,0.20376089125546767
CS(=O)(=O)CCn1cc(C2(O)COC2)nn1,0.00018922599621586737
CS(=O)(=O)c1cccnc1C(=O)NCC12CCC(CO)(CC1)CO2,0.00024129508990043927
CSC(C(=O)NCCN(C)C(=O)C1(C)CC1(F)F)C(C)C,0.0007836666075131617
CSCC(C)C(=O)NC(C)CNC(=O)[C@]1(C)CCC(=O)N1,0.0003176354020294182
Cc1c(S(=O)(=O)NC(=O)c2ccc3c(n2)OCCO3)cnn1C,0.000559670350441038
Cc1c(Cl)sc(Cl)c1C(=O)N[C@@H]1[C@@H](CO)[C@H]2CCC[C@H]21,0.21216913644797072
Cc1ccc(-n2ccc(C(=O)NC3[C@@H]4C[C@@H]4[C@H]4C[C@@H]3C3F)n2)cc1,0.0
Cc1ccc(C(C)(O)CNS(=O)(=O)C(C)CC(F)(F)F)cc1,0.000467528506321345
Cc1ccc2nc(CNC3CC(O)C34CCOCC4)cn2c1,0.0006104382660628888
Cc1cccc(-n2nc(C)cc2NC(=O)NCCN(C)C)n1,0.0009390017327854168
Cc1cccc(CC(=O)NCc2ccc(N3CCOCC3)nc2)n1,0.0003659049687251118
Cc1ccoc1C(=O)NCC(C)Nc1ncc(O)cn1,0.00044270169746725354
Cc1cscc1CNC(=O)N1C[C@H](CO)OC(C)(C)C1,0.0003952199520422561
Cc1n[nH]c2nc(O)c(C(=O)N3CCC4(N)CC4C3)cc12,0.00044861953726276415
Cc1nc(-c2ccc(F)cc2F)ncc1C(=O)OC[C@@H]1CNC(=O)O1,0.5432998891186475
Cc1nc(C(=O)NC2CN(Cc3nc(C)sc3C)CC2(C)C)c[nH]1,0.0008597636505045884
Cc1nc(CC(C)C)c(C(=O)NC2CC(N)C23CCC3)s1,0.0004260276850654773
Cc1nc2c(F)cccc2c(C(=O)NC(CO)C2CCCC2)c1O,0.2719279971353669
Cc1nc2n(n1)CCCC2NC(=O)N1CC(=O)N(C)C[C@@H]1C,0.00034693681647409276
Cc1nn(C)c(C)c1NC(=O)N1CC(F)(c2ccccc2)C1,0.0013247331295618424
Cc1nnc(N2C[C@H]3[C@H](NC(=O)CC(n4ccnc4C)C)[C@H]3C2)nc1C,0.0005781793589502218
Cc1nnc(NC23CCCC2CN(C(=O)c2ccncn2)C3)o1,0.0009874338827267437
Cc1nnc(NCCN(C)C(=O)CCCN2CCCCC2)nc1C,0.00040500029703926805
Cc1nnc2n1CC(C(=O)NC[C@@H](C)NC(=O)OC(C)(C)C)C2,0.0002873284356651213
Cc1nnc2n1CC(C(=O)NCC1CCN(C(=O)c3ncc[nH]3)C1)C2,0.0002493987798392567
Cc1nsc(N2CCCC(C(C)NC(=O)[C@@H]3C[C@@H]4C[C@@H]4C3)C2)n1,0.0010490671723046813
Cc1oc(C#N)cc1C(=O)NCC1(C)CCN(C(=O)c2cn[nH]c2C)C1,0.4966228578951535
Cn1cc(CN2CCN(c3ccc(Cl)cc3F)CC2)nn1,0.0014593995981625446
Cn1nc2c(c1NC(=O)N1CC=C(Br)CC1)CCC2,0.0015121448404569833
N#CC1CCC(CNCc2ccc(-n3cccn3)c(F)c2)CC1,0.0019203449644384768
N#Cc1ccc(-c2nc(CNC(=O)[C@@H]3C[C@H](O)CN3)cs2)cc1,0.0011784020876202058
N#Cc1ccc(C(=O)NC2CCCOc3c(Cl)cccc32)o1,0.000781423734391631
N#Cc1ccc(N2CCC[C@H]2CNC(=O)CC2CC(=O)C2)nc1,0.0012547105526211177
NC(=O)CCC(=O)N[C@H]1C[C@H](NC(=O)c2cc3c(o2)CCCC3)C1,0.0004733547854932787
NC(=O)c1ccc(Cl)c(NC(=O)N2CCC(C(=O)O)C(F)C2)c1,0.3249573611535574
O=C(CN1CC(N[C@@H]2CCOC2)C1)Nc1cccc(Br)c1,0.0005954263614087603
O=C(COCc1ccccc1)NC[C@]1(F)CC[C@H](CO)CC1,0.00048358271906599043
O=C(NC[C@@H]1C[C@H]1C1CCOCC1)N1CCCC(N2CCCC2=O)C1,0.20927387501288344
O=C(NC1CCC2CC21CO)C1CCCCC1(F)F,0.0011244236307137768
O=C(NCC1CCOCC1)N1CC(O)CC12CCC2,0.00040556855421920284
O=C(NCCC(F)(F)F)NCC1CCN(c2ccccc2F)C1,0.0015044415898066029
O=C(NCCS(=O)(=O)NC1CC1)NC1(CCO)CCCCC1,0.00011467057506752866
O=C(O)COCC1CCCCN1Cc1nnc(Cc2ccccc2)o1,0.0003652770172041272
O=C(c1c(F)cc(O)cc1F)N1CCN(C(=O)C2(F)CC2)CC1,0.18917399045281455
O=C1CCN(C(=O)[C@,0.0
O=C1CN(CC(=O)N2CCC[C@H]2CNC(=O)C2CC3(CCOC3)C2)C1,0.07154765227653237
O=C1NCCC1CCNC(=O)C1CCC(N2CCOCC2)CC1,0.0003745666449518247
OC(CNCc1ccn(-c2ccc(F)cc2)n1)CC(F)(F)F,0.0007615608542408203
c1ccc(-c2ncsc2CN2CC[C@@H]3OCC[C@@H]3C2)nc1,0.001672906700570563
C[C@]12CN[C@H]1CCCN2C(=O)[C@H]1[C@H](C2CC2)C1(F)F,0.0007786598292923049
C[C@@H]1C[C@H](c2ccccc2)CN1S(=O)(=O)CCC1CCCOC1,0.000588599496676894
C[C@@H]1C[C@H]1CNC(=O)NC(C)(CO)c1ccc(Cl)cc1,0.0005045746752298401
C[C@H]1C[C@@H]1C(=O)N1C2CCC1CN(C(=O)c1cnn(C)n1)C2,0.0003566443991145135
C[C@H]1C[C@@H]1C(=O)NC[C@H](CO)Nc1ncnc2c(F)cccc12,0.26621773287761263
C=C(Br)CNC(=O)C1(C2CC2)CCCO1,0.0005245163743405715
CC[C@@H]1CN(C(=O)c2ccc(C(C)(C)C)cc2)C[C@@H]1NC(=O)[C@@H](C)O,0.0004947462494175673
CC[C@@H]1NCC[C@H]1NC(=O)C1CCN(c2ccccc2F)C1,0.001280514964870664
CC(=O)NC(C)C(=O)N1CCC2(CCN(C(=O)C3(C)COC3)C2)C1,0.14687126244802445
CC(C(=O)Nc1cc2c(s1)CCCC2)N1CCN(C(C)(C)CO)CC1,0.0005684793400480836
CC(C)(F)CCNC(=O)CCn1cc(COC2COC2)nn1,0.00023120809087431938
CC(C)C[C@@H]1C[C@H](n2nnnc2N2Cc3cccnc3C2)C1(C)C,0.0006117257445961763
CC(C)C(C)CC(=O)NC1CC2(C1)CC2Nc1ncc(Cl)cn1,0.0005052881689963802
CC(C)c1nnsc1C(=O)NCC1CCCN(C(=O)C2CCO2)C1,0.2273478662441434
CC(C)n1nnnc1COC(=O)c1cc(CN2CCOCC2)n[nH]1,0.00023620722375223877
CC(CCNC(=O)CC1(CN)COCCO1)N1CCCCC1,0.000390806339234501
CC(CNC(=O)[C@H]1CCCC(=O)N1)CNC(=O)C1Cc2ccccc21,0.20283500625977416
CC(COC(F)F)NC(=O)NCC1(O)CS(=O)(=O)C1,0.0002455260544888378
CC(O)C(=O)Nc1ccc(NC(=O)C2(C#N)CC23CCC3)nc1,0.0009292385769214962
CC(O)Cc1nnc(N(C)C(C)CC(C)(C)C)n1CCC#N,0.0013924508614316222
CC(c1nc(C[C@@H](C)O)no1)n1cc(C23CCC(CC2)O3)nn1,0.00045923174196574
CC1(C)CC(S(=O)(=O)NCc2ccnc(OC(F)F)c2)CO1,0.0005681550225265599
CC1(C)CCC(C(=O)N2CCC[C@H]2CNC(=O)C2CSC2)O1,0.0003601092890751914
CC1(C)CN=C(N2CCN(C(=O)COc3ccsc3)CC2)N1,0.0006175311917390224
CC1(CNC(=O)Cn2nnc3c2CCCC3)CC(F)(F)CCO1,0.0003677016169113879
CC1(CO)CC(F)(F)CN1C(=O)[C@@H]1CCC[C@H](OC(F)F)C1,0.24945511416407085
CC1(NC(=O)CCc2cncc(F)c2)CN(C(=O)C2(C#N)CCCC2)C1,0.5426887381296581
CC1(NC(=O)Cn2nccn2)CCCN(C(=O)Cc2ccncc2N)C1,0.0006541171508197438
CC1(O)CCC(CC(=O)N2CC(N)CC(F)(F)C2)CC1,0.20459305021060267
CC1CC1CC(=O)NC1CCN(C(=O)CCc2cn[nH]c2)CC1O,0.0002861327701678134
CC1CN(C(=O)[C@H]2C[C@](F)(CO)C2)CC1Nc1ncc2cc[nH]c2n1,0.0007471385216943727
CC1Oc2ccccc2OC1C(=O)OCC(=O)N(C)Cc1cccs1,0.0006898577241212681
CCC(C)(C)CC(=O)N[C@@H]1C[C@@H]2CC[C@H](C1)N2C(=O)c1cnc(C)o1,0.00061807740818019
CCC(CNC(=O)C(C)(C)SC)NC(=O)C1(C2CCOCC2)CC1,0.21560477479997542
CCC(CNC(=O)C(N)c1c(F)cccc1F)C1CCOCC1,0.0005237522700239457
CCC(F)C(=O)N(C)CCN(C)C(=O)c1ccc2[nH]cc(C#N)c2c1,0.001166915773987015
CCC1OCCC1C(=O)N1CC(CNC(=O)c2ccccc2COC)C1,0.0008561688724652169
CCCCn1ncc(C(=O)NCC(=O)N2CCOCC2)c1CC,0.0004118767091427269
CCCN(CCNC(=O)CCn1ccnc1CC(C)C)CC(C)(C)O,0.000580139637757162
CCN(C(=O)c1coc2c1CCCC2)C1CCN(CC=CCl)C1,0.001056970616949577
CCN(C)CC(O)CN1CCCC(OC)(c2nn[nH]n2)C1,0.00022882854776388442
CCN(CCNC(=O)CC(CC)CN(C)C)C(=O)[C@@H]1CNC(=O)N1,0.00033569085684095835
CCN(CCNC(=O)c1cncc(OC)c1)C(=O)C1CC12CC2,0.0004509467860367034
CCN(CCOC)C(=O)C1(Cn2cc(C(C)(C)OC)nn2)CCC1,0.0005689327385636376
CCN1CCN(Cc2n[nH]c(=O)[nH]2Cc2ccccc2)C(C)C1=O,0.0
CCNC(=O)c1cccc(NC(=O)c2cnc(C)s2)c1,0.541648054785285
CCNS(=O)(=O)C1CCN(C(=O)Cn2cc(C(=O)OC)cn2)C1,0.0002258145181079133
CCO[C@@H]1C[C@@H](NC(=O)C2(C3CCC3)CC2(F)F)[C@@H]1SC,0.0015505908066332584
CCOC(=O)c1csc(CNC(=O)c2ncc(Cl)cc2Cl)n1,0.0006296125274267039
CCOC1C(C)C1C(=O)N1CCC(NC(=O)c2ccc(O)c(C)c2)C1,0.0003693303965263324
CCOCC(=O)NCCC(C)N(C)c1nc(OC)cc(OC)n1,0.00039261648525067827
CCOCc1cn(CC2CCN(C(=O)CC(O)C3CC3)CC2)nn1,0.0004775219776142015
CCOc1cc(C(=O)NC2CCN(C(=O)CSC)C2)on1,0.0002576556505570001
CCS(=O)(=O)CC(=O)NC[C@@H](C)NC(=O)c1ocnc1C(F)F,0.0003459685534639972
CCSCC(=O)N1CC(C)(NC(=O)c2nc(CC)sc2C)C1,0.00036647210815841377
CCc1c(C(=O)N2CC3(CCCN(C(=O)CCF)C3)C2)nnn1CC,0.19003953782089508
CCc1c(C(=O)N2CC3(CCN(Cc4ccc(C)o4)CC3)C2)ccn1C,0.0006355560869159286
CCc1ccc(C(=O)N2CCC(O)(c3ccc(CC)cc3)CC2)nc1,0.000504365758398954
CCc1cccc(N(CC)C(=O)C2=NC(C)=NS2(=O)=O)c1,0.42920293576296686
CCc1nc(C)c(C(=O)N2CCCC(NC(=O)C(F)(F)CO)C2)o1,0.00034898648848139414
CCc1nc2ccccc2n1CC(=O)N1CC(C(F)F)C2)C1,0.0
CCc1ncccc1NC(=O)NCc1nc(C(C)(C)C)no1,0.000732319903634681
CCc1noc(CCCC(=O)N2CCN(CC3COCCO3)CC2)n1,0.00028084161733194526
CCc1noc(COCC(=O)N2CC[C@H](OC(F)F)C2)n1,0.0003097648289845982
CCn1ncnc1C(=O)NC[C@H]1CCN(C(=O)CN(C)C)C1,0.00024071594728110915
CN(C(=O)C1CC1)c1ccc(NC(=O)C23CCCN2CCC3)cc1,0.7439286629953622
CN(Cc1cnc2n1CCOC2)C(=O)C1CCOC2(CCCCC2)C1,0.0013431641167455093
CN1CCCCC1C1CCCN1c1ccnc(CC(=O)O)c1,0.001141971851392063
CN1CCN(Cc2ccc(NC(=O)C3CCCC4CC43)nc2)CC1,0.0007327186234685123
CNC1(CNC(=O)Nc2cnc(Br)nc2)CCC1,0.00023961573277640565
CNc1ccc(Cl)c(C(=O)NC2CCC(CNC(C)=O)C2)c1,0.0006529768691413335
CO[C@@H]1C[C@@H](O)CN(Cc2cc(O)nc(C3CC3)n2)C1,0.000294396198928405
CO[C@H](C)C(=O)N[C@H]1C[C@@H](NC(=O)c2ccc(C)[nH]2)C1,0.0002556800860693973
COC(=O)[C@H]1CC[C@@H](NC(=O)C2(Nc3ccccc3)CC2)C1,0.000835579275620515
COC(=O)C1(CNC(=O)c2cc3n(c2)CCSC3)COC1,0.0004445439575106324
COC(=O)CCC(=O)NCC(C)(C)CN(C)C(=O)c1n[nH]c(C)c1C,0.00043745101514819064
COC(=O)N[C@H]1CCN(c2cc(NCCO)ncn2)C1,0.0003277719086373986
COC(=O)c1ccc(C(=O)Nc2cc(O)n(C)n2)c(C)c1,0.0007813564984346378
COC(=O)c1ccc(N2CCC(n3cnc(C#N)n3)CC2)c2ccncc12,0.6507426623526824
COC(=O)c1cccc(S(=O)(=O)N2CC(OC)C3(CC3)C2)c1,0.00039130647354937865
COC(C(=O)N1CC(C)(NC(=O)c2ccn(C)n2)C1)C1CCCOC1,0.00029436941977738316
COC(C)CN1CCC2(CC1)CN(C(=O)CCCS(N)(=O)=O)C2,0.00022188938415055353
COC1(CC(=O)NC(C)Cn2cc(CNS(C)(=O)=O)nn2)CC1,0.00012670694483853676
COCC(C)(C)C(=O)N1CCN(C(=O)c2ccnc(C#N)c2)CC1,0.4436860052771801
COCC1(C(=O)OC)CCN(C(=O)c2cc(C(F)(F)F)cnc2N)C1,0.0005728130884754678
COCCN(C(=O)C1CNCC(C)(C)C1)C1CCCCC1,0.000859695483668541
COCCn1cc(C(=O)N[C@H]2C[C@@H](NC(=O)C3CCCCO3)C2)cn1,0.0003178969974225989
COCc1cc(CNC(=O)Nc2nnc(CCC(=O)OC)s2)no1,0.2391744557734006
COc1ccc(NC(=O)c2cc(C(N)=O)cs2)c(C(C)=O)c1,0.000702234461974396
COc1sccc1C(=O)N1CCN(C(=O)Cc2co[nH]c2=O)CC1,0.00033083335659544295
Cc1[nH]ccc1C(=O)Nc1ccc2c(c1)CCOC2=O,0.0007804293884004398
Cc1cc(C(C)NC2CCC(CS(=O)(=O)NC(C)(C)C)CC2)[nH]n1,0.000459122522671537
Cc1cc(NC(=O)N2CCN(C[C@H](C)O)CC2)ccn1,0.0006747740473713767
Cc1cc(OC(F)F)ccc1NC(=O)N1CCC(O)(CO)CC1,0.0007915108848799232
Cc1ccc(CN2CC[C@@H]3OCCO[C@H]3C2)c(-c2ccncc2)n1,0.0002934707876308748
Cc1ccc(NC2CN(C(=O)C3(O)CCC3)CC2C)nn1,0.0006430554493271356
Cc1cccnc1C(=O)NC1CCCN(C(=O)c2cnccc2N)C1,0.3146750247180918
Cc1ccoc1C(=O)N1CC[C@H](NC(=O)c2cn(C)cc2C)C1,0.26985123870363886
Cc1coc(C)c1C(=O)N(C)CCCN(C)Cc1cn(C(C)C)nn1,0.0006921881547731115
Cc1nnsc1NC(=O)N[C@@H](CO)c1cccc(Cl)c1,0.0006441685980573719
Cc1noc(C)c1CC(=O)N1CCN(Cc2cccc(C(C)C)c2)CC1,0.0004663078743188069
Cc1ocnc1-c1cn(C[C@@H](C)NC(=O)CCC2CCCOC2)nn1,0.0015102524467528805
Cn1cc(C#N)c(=O)c(Sc2ncccc2Br)n1,0.0009933742526542977
Cn1cc(CCC(=O)NC2(CNC(=O)CC3CSC3)CC2)cn1,0.00038147938445142854
Cn1ccc(C(=O)N2CCC(NC(=O)c3ccc(N)nc3)C2(C)C)c1,0.4591316336065758
Cn1cccc1CCC(=O)N1CCCC1c1cn(CCO)nn1,0.0005400144194538602
Cn1nncc1C(=O)N1CCCC(Nc2nnc(C(C)(C)C)o2)C1,0.001110855474633556
N#Cc1ccnc(NC[C@H]2C[C@H](NC(=O)c3cc4n(n3)CCOC4)C2)n1,0.0011179152474518215
NC(=O)NC1(c2noc(C3(N)CCOCC3)n2)CCCC1,0.0004733435484174235
Nc1ccnn1CC(=O)N[C@H]1CC[C@H](NC(=O)[C@H]2CCC(=O)N2)CC1,0.00022001006686389195
Nc1nnc(C(=O)NCC(O)COCc2ccccc2F)cc1Cl,0.0006579897950386826
O=C(C1Cc2c[nH]cc2S1(=O)=O)N(CCCO)Cc1ccncc1,0.0002205094519016305
O=C(CCSc1nnnn1C1CC1)NC1(c2ccc(Cl)cc2)CC1,0.16776211326944473
O=C(CCc1ccc(F)c2c1CCCC2)NC1CCc2cn[nH]c2C1,0.0015392623779644091
O=C(CCc1ccncc1)NCC1CCCN1C(=O)CC(O)C1CC1,0.34048578453866224
O=C(CNC(=O)c1ccc(OC(F)F)cn1)NCc1ccccc1,0.00038621930487943386
O=C(CNc1ncccn1)NCC1CCCCC1C(F)(F)F,0.0006547014400050887
O=C(N[C@@H]1C[C@@H]1c1ccccc1)C(O)C1(O)CCOCC1,0.00024704032708649083
O=C(NC[C@]1(F)C[C@@H](C(=O)O)C1)C1CC1c1ccc(Cl)c(Cl)c1,0.00034473252668506393
O=C(NC1CCCCN(c2ncccn2)C1)c1cccnn1,0.0007109567478025121
O=C(NC1CN(C(=O)C2CCS(=O)(=O)C2)C1)c1nncn1C1CC1,0.0001557138607085813
O=C(NCC(N1CC[C@@H](Nc2ccncn2)C1)C1CC1)c1ccc[nH]1,0.0004597784280264767
O=C(NCCN1CCOC1=O)c1cccc2c1OCO2,0.16620071774131662
O=C(Nc1ccncn1)NC1CCN(c2ccccc2Cl)C1,0.0008044231484102905
O=C1C(NC(=O)C2(c3ccno3)CCC2)CCCN1C1CC1,0.0005199502443934059
O=C1CC(CCNC2CCC(O)(C(F)(F)F)CC2)CN1,0.0003957028377696122
O=S(=O)(CC1COCOC1)NC(C1CCCC1)C(F)(F)F,0.18420163120495373
O=S1(=O)CC(N2CCN3CCOCC3C2)C1C1CC1,0.0003081760069308612
C[C@@H](CC#N)NC(=O)c1ccc(Cc2ncn[nH]2)cc1,0.0005339138493092367
C[C@@H](CNC(=O)c1cn(CCCF)nn1)NC(=O)C(C)(C)F,0.137249784317474
C[C@@H](CNc1ccc(CNC2CCC2)nn1)NC(=O)OC(C)(C)C,0.000673894838493739
C[C@@H]1C[C@H]1C(=O)N1CC([C@@H](C)NC(=O)Cn2(=O)CCCC2)C1,0.0002849559504268883
C[C@H]1CCCC[C@H]1NC(=O)N1CC2([C@@H]3CC[C@H](C3)[C@@H]1C2,0.0
C[C@H]1CN(c2ncncc2Cl)C[C@H]1NC(=O)c1cncn(C)c1=O,0.26175465382780544
C=Cc1ccc(Cl)c(S(=O)(=O)NCC(C)N2CCCC2)c1,0.0012972238666050693
CC[C@@H](C(=O)NCCC1CCN(C(=O)C2CC(C)(F)C2)C1)N(C)C,0.18019880099360452
CC(=O)NC1(c2noc(C3=CCC(F)(F)CC3)n2)CC1,0.35910671590224447
CC(=O)Nc1ccc(CCC(=O)NCC[C@@H]2CCCN2)cc1,0.0005811076840842468
CC(C(=O)N[C@@H]1CCCN(C(=O)CSC2CC2)C1)c1ccccn1,0.21364138584817888
CC(C(=O)N1CC[C@@H]2OCC(=O)N[C@@H]2C1)c1ccc2c(c1)OCCO2,0.0004180807027259392
CC(C)(C)C1OCCCC1NC(=O)c1cnc2c(c1)CCC2,0.0004927808272315488
CC(C)(C)S(C)(=O)=NC(=O)[C@]12CC[C@H](C1)[C@H](O)[C@@H]2O,0.0004619077432679918
CC(C)C[C@H](CO)NC(=O)NC(C)c1ccccc1OC(F)F,0.0005279038214732952
CC(C)CC(=O)N[C@H]1CC[C@H](NC(=O)C(C)Cc2cnc[nH]2)CC1,0.41939938235585644
CC(C)CCC(=O)N1CCN(C(=O)Cc2ccnn2C)CC1C,0.00040661266573240696
CC(C)CN(C(=O)NC1CCN(C)CC1)c1ncccn1,0.0012523301007893754
CC(C)N1CC(OC(=O)CNC(=O)CC(C)(C)C)CNC1=O,0.00028093240348697236
CC(C)N1CCCN(C(=O)C2(C)CCC(=O)N(C)C2)CC1,0.00034986406861026105
CC(C)n1ncc2ccc(C(=O)N3C[C@H](O)C[C@@H]3C(=O)O)cc21,0.0005677343578513133
CC(CN)CNC(=O)c1ccc(C(=O)OC(C)C)c(Cl)c1,0.0005424242340608161
CC(NC[C@@H]1C[C@@H]1C(F)F)c1ccncc1Br,0.0005441244461077548
CC(NC(=O)C(F)CC1CC1)C1CCN(C(=O)C2CCCO2)C1,0.000385967554776591
CC(NS(C)(=O)=O)C(=O)NC1CCOc2ccccc21,0.000293892431781378
CC(O)C(=O)N1CCC1CNC(=O)C1CCn2nccc2C1,0.00025549366554100737
CC(OC(=O)N(CCC#N)c1ccccc1F)C1CCOC1,0.8313018690873037
CC(F)CCS(=O)(=O)N1CCC(NC(=O)c2ccccc2)CC1,0.0003165712196298796
CC1(C)[C@H]2C[C@H](C(=O)N[C@@H]3CCCN(C(=O)CC4(O)CCOC4)C3)C[C@H]21,0.0005170390099554994
CC1CC(C(=O)N2CCC(CNC(=O)c3cc4n(n3)CCCO4)CC2)C1,0.0003790677465643922
CC1CC1(C#N)C(=O)N1CCCC(CN(C)C(=O)c2cc(CO)[nH]n2)C1,0.0010176636573078974
CC1CCCCC1OCCN1CC(O)(CNC(=O)c2ccon2)C1,0.0003734437921924188
CC1CN(C(=O)c2ccc(=O)[nH]c2)CC1NC(=O)c1nsnc1O,0.00028076240743401604
CCC(=O)NC(C)(C)C1CCCN1C(=O)C1OCC1(C)C,0.00043498705303462505
CCC(C)C(C)C(=O)N1CCN(Cc2ccns2)CC1,0.0004805548918203859
CCC(NC(C)=O)C(=O)N[C@H]1CCN(C(=O)c2cc(=O)n(C)cn2)C1,0.00022631242522201076
CCC(SC)C(=O)N1CCN(C(=O)c2cccnc2)[C@@H](C)C1,0.0005517401567749836
CCC1CC1C(=O)N(CCO)C1CCCN(C(=O)CCC(N)=O)C1,0.0004610668230606459
CCCC[C@@H](C)C(=O)N1CCn2c(C)cc(C(=O)O)c2C1,0.0005606869343118758
CCCC1(C(=O)NC2CCN(c3n[nH]c(=O)s3)C2)CCC1,0.0006388690447387974
CCCCC(=O)N1CC(CNC(=O)c2ncccc2C)C1,0.1543021122164034
CCCCC(C(=O)N1CCC(CNC(=O)C(O)COC)C1)C(C)C,0.0005164240728966295
CCCn1nc(C(=O)N(C)Cc2nnc(C)o2)ccc1=O,0.0002760275092469882
CCN(C)CC(=O)NC1CC(CCNc2nc(C)ccc2C#N)C1,0.0011896209332349186
CCN(CCNC(=O)[C@H]1C[C@@H]1C)Cc1snnc1C,0.00026473982026804283
CCN(CCNC(=O)C1CCC(C)C1)C(=O)c1ccccc1CN(C)C,0.0004666916938665822
CCN1CCCC(CNC(=O)NCc2ncc(C(F)(F)F)cn2)C1,0.0003860707564252018
CCOC(=O)c1cc(C2CC2)nnc1NCc1ncccn1,0.00043498895264351055
CCOC1(CNC(=O)Cn2cncc2C(=O)OC)CCCOC1,0.000261764147446493
CCOC1(c2nccn2C)CN(CCCC(=O)C2CC2)C1,0.0004415912054431113
CCOc1cc(C(=O)NCC(CC)NC(=O)c2nnn(C)n2)n[nH]1,0.1188493457727055
CCOc1ccc(OCC(=O)N(C)Cc2nc(C)c[nH]2)cc1,0.0006051574413692167
CCc1cc(NC(C)CCNC(=O)c2ccn(CC(C)C)n2)ncn1,0.0009321923485868875
CCc1ccc(C(=O)N2CC[C@H](NC(=O)CCc3nnc[nH]3)C2)[nH]1,0.0002087025954087648
CCc1ccnc(C(=O)NC[C@H]2C[C@@H](NC(=O)C3CCSC3)C2)c1,0.0005488001553440975
CCc1cnoc1C(=O)NC(C)CN(C)C(=O)c1cc(C#N)[nH]c1C,0.0005759499359173022
CCc1occc1C(=O)Nc1ccn(CC2CCOC2)n1,0.001036334263727535
CCn1cc(CNC(=O)N2CCN(C3CCC3)CC(C)C2)nn1,0.00046626406613708635
CCn1cnnc1C(=O)NC1CC2(C1)CN(C(=O)[C@@H]1C[C@H]1C)C2,0.00029731215903308037
CCn1cnnc1CN(C)c1nnc(C(C)(C)C)n1CC(C)C,0.000644524469463011
CN(C)C(C)(C)C(=O)N1CC(CNC(=O)CCc2cccc(O)c2)C1,0.00035172644948639105
CN(C)C1(CNC(=O)c2cnc(Cl)s2)CCCC1,0.0003044114566496663
CN(C)c1nc2c(C(=O)NCC(F)C(=O)O)cccc2s1,0.0005160355767111639
CN1C(=O)CC[C@@H]1C(=O)NC(CNC(=O)CO)c1ccccc1,0.00017690267645907755
CNC(=O)N[C@H](C)C(=O)Nc1cc(-c2nccc(C)n2)ccc1C,0.0014056909350542053
CNc1cccc(Cl)c1C(=O)N(CCCO)C1CCC1,0.0008603805572873475
COC[C@H](O)CN1CCC(NC(=O)c2cscn2)C1,0.0002516645544340017
COC(=O)[C@@H]1C[C@H](NC(=O)c2sc3nncn3c2C)CS1,0.1710072401754964
COC(=O)CN(CCOC1(C#N)CCSC1)CC1CCCO1,0.0011092647942800029
COC1(CO)CCN(C(=O)NC2CCCc3c2cnn3C)C1,0.0005115993864968259
COCC(=O)N1CCC[C@H]1CNC(=O)c1ccncc1N1CCCC1,0.0009936989004291797
COCC(C)(NC(=O)c1cn(C)nc1OC)C1CC1,0.000535798233417825
COCC1(CCNC(=O)CCCc2cnccn2)CCOCC1,0.0010663030519501545
COCCN1CC2CCC1CN2C(=O)c1ncnc2cc(C)ccc12,0.0006827309013379394
COCc1ccnc(CCNC(=O)NC(C)CC2CC2)n1,0.0003310738450106986
COCc1ncsc1C(=O)NC1(C)CN(C(=O)CC(C)(C)C#N)C1,0.0007686080057805506
COCc1noc(CNc2nc3n(c2C(=O)OC(C)(C)C)CCC3)n1,0.0007011593957004797
COc1cc(NCC(CC(C)C)NC(C)=O)nc(C2CCOCC2)n1,0.0007273472143304931
COc1cccc2[nH]c(C(=O)NC3CCOCCC3(F)F)cc12,0.3676889263747135
COc1cccc2c1CC(C(=O)N(C)[C@@H]1COC[C@@H]1OC)N2,0.0007149215026296223
CSc1cnn(C)c1NC(=O)NCc1ccc(C)cc1C,0.0013130358376868749
Cc1cc(C(=O)Nc2ccc(N3CCN(C)C3=O)c(F)c2)co1,0.5501654076861537
Cc1cc(C(N)=O)ccc1NC(=O)c1nocc1Cl,0.000814877643751644
Cc1cc(C)nc(C(=O)N2CCC[C@@H]2CNc2nnn(C)n2)c1,0.4237175663966974
Cc1cc(CNC(=O)N2CC(F)(F)C2)cc(N2CCCC2)n1,0.0009137027470922187
Cc1ccc(-c2cn(CCC(F)(F)C(=O)N(C)C)nn2)cn1,0.000563011436695004
Cc1ccc(C(=O)N(C)CC(O)CN(C)Cc2ccon2)s1,0.0004027784895963839
Cc1ccc(C(=O)N2CCC(CCNC(=O)c3cn[nH]c(=O)c3)C2)[nH]1,0.00044117067403566176
Cc1ccc(S(=O)(=O)N(C)Cc2ccc3c(c2)CCO3)c(F)c1,0.0004920574844518495
Cc1cccc(C(=O)N[C@@H]2CCN(C(=O)c3cnoc3C)C2)n1,0.15551568300714114
Cc1cccc2ncnc(N[C@H](C)CNC(=O)CC3CCOCC3)c12,0.001399602903576491
Cc1ccnc(N2CCOC(CNC(=O)[C@H]3C[C@H](N(C)C)C3)C2)n1,0.0004892747153384714
Cc1nc(C(C)NCC(C)(C)CNC(=O)c2coc(C)c2)no1,0.0006651174343997564
Cc1ncc(C(=O)NC2CCCC(NC(=O)C3(C4CCC4)CC3)C2)o1,0.0008075125771753863
Cc1nnc(N2CCC[C@@H]2CN(C)C(=O)C2CCCN(C(C)C)C2)o1,0.0012773634415651825
Cc1nnc2n1CCN(c1c(C#N)cccc1C#N)C2,0.0004513392031250749
Cc1nsc(C)c1C(=O)NC(C)(C)CNc1cc(O)ncn1,0.000954677639789026
Cc1oc(-c2ccc(F)cc2F)nc1C(=O)N1CCOC2(COC2)C1,0.7177058547439545
Cc1oc(-c2ccccc2)nc1CC(=O)NCCC1(O)CCCOC1,0.001019217973405891
Cc1sc(CNC(=O)c2cnn3c2NCCC3)nc1C(=O)O,0.0009215398719064822
Cn1cc(C(=O)NC2CS(=O)(=O)c3cc(F)ccc32)ncc1=O,0.00034863549843501535
Cn1cnc(C(=O)NC[C@]2(F)C[C@H](Nc3ncnc4c3COC4)C2)c1,0.0011172756663625568
Cn1nccc1NCC(=O)Nc1ccc2c(c1)OCCCO2,0.0013646932820843987
N#Cc1ccc(C(=O)N2CC(CNC(=O)CC3(CO)CCC3)C2)c(F)c1,0.368605452038514
N#Cc1ccc(C(=O)N2CCC3CS(=O)(=O)CC3C2)c(=O)[nH]1,0.2916363047159155
N#Cc1cccnc1N1CC(CNC(=O)C2CCC3C2C3(F)F)C1,0.689238871496565
O=C(C(F)(F)F)N1CCN([C@@H]2Cc3ccccc3[C@@H]2O)CC1,0.0004083052362477593
O=C(C1CCCS1)N1CCCN(C(=O)C2CC2)CC1,0.0003494196001335003
O=C(CCC(F)F)N1CCCCCCN1C(=O)C1(C(F)F)CC1,0.0005971321985826897
O=C(CCC1CC1)NCC1(O)CCN(C(=O)CN2CCC2)CC1,0.00034084548442093804
O=C(CN1CCCC1)NC1COCCN(C(=O)C2CC23CC(O)C3)C1,0.09478560249453623
O=C(COC1CC1)N1CCC(Cn2cc(C(O)C3CC3)nn2)CC1,0.0006903068981183814
O=C(Cn1cc(CN2CCCCC2=O)nn1)NCCC1CC1,0.0004937650896852342
O=C(Cn1cn[nH]c1=O)NC1CCCN(c2nncs2)CC1,0.0002510257729777442
O=C(Cn1cncn1)NCC1OCc2ccccc21,0.00022332189906590003
O=C(N=S1(=O)CCOc2ccccc21)c1cc2c([nH]1)CCC2,0.0010191721824782186
O=C(NC1CC2(C1)CN(C(=O)[C@@H]1CCCO1)C2)c1nc(=O)[nH][nH]1,0.11725286481488006
O=C(NC1CCC2(C1)CC2(F)F)N1CCC(Cc2c[nH]cn2)CC1,0.001707410491916091
O=C(NC1CCN(C(=O)c2ccncc2)C1)c1ncnc2c1CCC2,0.0007742390738518532
O=C(NCC(F)(F)F)c1ccnc2c(C(F)(F)F)cccc12,0.32673506600526014
O=C(O)[C@@H]1CCC[C@@H]1CN1CCCC(N2CCCC2)CC1,0.0009412157679840668
O=C(O)C1CC(NC(=O)C23COC(CF)(C2)C3)C1(CCC1OCCO2,0.0
O=C(OC(C(=O)N1CCO[C@@H](CO)C1)c1ccccc1)c1ccccc1,0.00040717601731771853
O=C(c1c(Cl)cccc1Cl)N1CCN(CC(C2CC2)C2CC2)CC1,0.24317089598513814
O=C(c1csc(N2CCNCC2)n1)N(CC1CC1)C1CCC1,0.33025398034325804
O=C1OCCN1CC1CCC(NCc2ccc(C(F)F)o2)C1,0.0004123347885770168
O=S(=O)(c1ccc(C(F)F)cc1)N(CCO)CCc1ccccc1,0.00046534176628853423
OC1CC(NCc2ccc(COc3ccc(C(F)(F)F)cc3)cc2)C1,0.0004735843362866385
C[C@@H](O)CN1CCN(C(=O)Cc2cnc(C(F)(F)F)s2)CC1,0.0003576712074338398
C[C@@H]1CC[C@H](O)CN1c1nnc(-c2ccco2)n1CC1CCOCC1,0.0016489067329836593
C[C@H](CC1CC1)NC(=O)N1CCC(C(=O)OC(C)(C)C)CC1,0.0004988341448311744
C[C@H](CNC(=O)C1CCC(=O)c2cccn21)NC(=O)C1CC(F)(F)C1,0.0005171077458057718
C[C@H](F)CC(=O)N1CC(CN)C2(C1)C(c1cccnc1)C21CCC1,0.0004202473242913794
C[C@H]1C[C@@H](C(=O)NC2(C)CN(C(=O)C3CCCOC3)C2)C[C@@H](C)O1,0.00035094911171597526
CC[C@@H]1C[C@H](NC(=O)N2CCC(CS(C)(=O)=O)C2)CCO1,0.000745436074396134
CC(=O)N1CCCCC1C(=O)N(C)Cc1ccccc1S(N)(=O)=O,0.0003588247938378536
CC(=O)NC(C)c1ccc(S(=O)(=O)N2CCNC[C@H]2C)cc1,0.00038432889751855294
CC(=O)NC1CCCC(NC(=O)c2cccnn2)C1,0.0002511778747661854
CC(=O)Nc1cnccc1C(=O)NCC1CN(C(=O)[C@@H](C)O)C1,0.20172101641286075
CC(C)[C@@H]1NC(=O)[C@H](CC(c2ccccc2)C(F)(F)F)NC1=O,0.0004999948895770372
CC(C)[C@H](O)c1cn(C2CN(C(=O)c3[nH]ncc3C#N)C2)nn1,0.2918502700252902
CC(C)(C(=O)N[C@@H]1CCN(C(=O)c2cc(Cl)no2)C1)C(F)F,0.0006019025832867783
CC(C)(C)C(=O)CCC(=O)N1CCCC1CNC(=O)c1cc[nH]n1,0.13846000508899736
CC(C)(CN(CC1CC1)C(=O)c1cnn2ccccc12)C(=O)O,0.1943315724132799
CC(C)C(=O)NCC(C)(NC(=O)CCc1ccncn1)C1CC1,0.16842069852614538
CC(C)C(NCC(O)C1CCCO1)C(=O)Nc1nnc[nH]1,0.00036331996980550025
CC(CN(C)C(=O)c1ncn2cccnc12)NC(=O)C1CCC(=O)N1C,0.00022116099185625599
CC(OC(=O)[C@H]1CCCC(=O)N1)c1n[nH]c(-c2ccco2)n1,0.0010784734404948803
CC(OC(=O)C1CN(C2CCOCC2)C1)C(=O)Cc1ccccc1,0.20308915614857048
CC1(C)CC(C(=O)N2CC3CC(NC(=O)c4ccno4)C3C2)CO1,0.0006018309146025777
CC1(CC(=O)N[C@H]2C[C@H](NC(=O)c3ccnc4[nH]ncc34)C2)CC1,0.6422845136590557
CC12CCCN1S(=O)(=O)C2C1CCN(C(=O)c2cc[nH]c2)CC1,0.0004964803899086926
CC1CC(C)(C(=O)N2CC(C)C(Nc3cc(O)ncn3)C2)C1,0.00028350238601354327
CC1CC(CNC(=O)c2ccc3c(c2)C(=O)NCCO3)=NO1,0.17535048471379014
CCC(=O)N[C@@H]1CCN(C(C(=O)OC)c2cccc(Cl)c2)C1,0.00046427134718327414
CCC(=O)NCC(=O)N1CC(NC(=O)c2ccc3cc(C)n3c2)C1,0.0
CCC(C)C(C)(O)C(=O)NCc1c(C)nn(C)c1Cl,0.0005482633106993654
CCC(C)N(C(=O)Nc1c(SC)ncn1C)C1CC1,0.0011351391455666363
CCC(CNC(=O)c1ccn(C(C)C)n1)NC(=O)c1cscn1,0.00040962685352548777
CCC(CO)N1CCN(C(=O)c2ccn(CCC(F)(F)F)n2)CC1,0.0003880043721092068
CCC(CS(C)(=O)=O)NC(=O)N1CC[C@]12CC[C@H](C(C)(C)C)CC2,0.2473075845853424
CCC(OC)C(=O)N1C[C@@]2(CCC[C@@H]2NC(=O)OC(C)(C)C)C1,0.0005889051444901939
CCC(F)C(=O)N(C)C1CCN(c2ncc3c(n2)CCCC3)C1,0.0006812799449973523
CCCC1(CNC(=O)NCCc2cnc(SC)nc2O)CC1,0.5730641010167771
CCCCC1(O)CCC(NC2CCN(CC(F)F)CC2)CC1,0.00036621477126681405
CCN(C)C[C@@H]1CCCCN1C(=O)c1sc2nccnc2c1N,0.001268592028842387
CCN(CC)C(=O)c1ccc(NC(CCc2ccccc2)C(N)=O)nn1,0.0006776205851627085
CCN(CC)S(=O)(=O)N1C[C@@H]2CC[C@H](C1)N2C(C)C,0.00032482699251407907
CCN(CCNC(=O)CC(C)(C)C1CC1)C(=O)C12CC(CCO1)C2,0.2111570451137529
CCNC(=O)COC(=O)c1cc2c(cc1Br)OC(C)C2,0.00047318930409001147
CCO[C@H]1C[C@H](NC(=O)CCN2C(=O)CSc3ccccc32)C1,0.0005886551767588381
CCOC(=O)c1[nH]c(C)c(C(=O)N(CC(C)O)C(C)C)c1C,0.00047790043244528164
CCOC1CC(CO)(Nc2ncnc3c2c(=O)[nH]c(=O)n3C)C1(C)C,0.000706405280047702
CCOc1ccc(C(COC)NC(=O)Nc2ncncc2C(C)C)cc1,0.001217830394134844
CCOc1ccc(NC(=O)N2C[C@@H](O)[C@@H](O)C2(C)C)cc1,0.00048484286696223207
CCOc1cccc(CN2CCCC3NCCCC32)c1OC,0.0005681835234326486
CCS(=O)(=O)NC(C)C(=O)NC1(C(C)(F)F)CCOCC1,0.0003504988259312981
CCS(=O)(=O)c1cc(C(=O)N2CCO[C@H](C)C2)ccc1Cl,0.000329363945050508
CCc1cc(C(=O)NCC2CN(C(=O)CC(C)C)CC(C)O2)no1,0.0004752360760232514
CCc1ccc(C(=O)N[C@@H]2CCCN(C(=O)COc3ccon3)C2)[nH]1,0.00043633211125108744
CCc1ccc(S(=O)(=O)NCc2snnc2C)cc1CC,0.000543153942490842
CCc1cscc1C(=O)N1CCNC(c2cccnc2)C1,0.0004543206968543514
CCn1c(C(=O)NC(C)c2cncc(C)c2)cnc1C,0.0004183986438486956
CCn1cccc1C(=O)NC1CN(c2ncc(C)c(O)n2)CC1(C)C,0.0011699865076910277
CCn1nccc1C(=O)NC(C)(CNC(=O)C1(C)CC(C#N)C1)C1CC1,0.0015052891013930467
CN(C(=O)NCc1cccc(NC(=O)N(C)C)c1)c1ncccn1,0.0004277901406946199
CN(C)C1CCCN(CC(=O)NCCN(C)CC(F)(F)F)C1,0.0003277036217262003
CN(CCCN(C)C(=O)C1CCOC1)C(=O)C(F)C1CCC1,0.0002941085344446025
CN1CC(CC(=O)NC[C@H]2C[C@H](NC(=O)CCC(=O)N(C)C)C2)C1,0.00017915825509396595
CNC(=O)NCC(=O)NC(CNC(=O)[C@H]1CCCO1)CC(C)C,0.0004482000298215941
COC(=O)C(Cc1cn(C)nc1C)NC(=O)c1[nH]nc(C)c1Cl,0.0003492464334097822
COC(=O)C1(C)CC(NC(=O)N2CCOc3ccccc3C2)C1,0.0005547334441488582
COC(=O)C1CNC(=O)CN1C(=O)N1CCN(c2ccn(C)n2)CC1,0.000568830058308537
COC(=O)CC1CCN(Cc2cccc(OC)c2OC)C12CC2,0.0007093983381454319
COC(=O)N1CCN(C(=O)c2cc(SC(F)F)cc(C)c2)CC1,0.0005572285916240404
COC(=O)NCC(=O)NCC1CCCN(C(=O)[C@H]2C[C@@H](O)C2)C1,0.00021286121138886993
COC(=O)c1cc(C(=O)Nc2nccnc2OC)ccc1C,0.5968147004700186
COC(=O)c1cc(C)c(C(=O)OCc2cc(F)cc(F)c2)o1,0.0005022337200177838
COC(=O)c1ccc(OCCN(C)CC(C)(C)CN2CCOCC2)cc1,0.0004919920870857448
COC(C)C(=O)NC1CCCCN(C(=O)c2ccc(CC(C)C)[nH]2)C1,0.0006687912153036125
COC1(C(=O)N2CCCN(C(=O)C(F)CC3CC3)CC2)CCSC1,0.0004432280615383738
COCC1(CC(=O)NC2C3CCCCN(c4nccc(C)n4)C32)CC1,0.0012071090754008592
COCC1(CNC(=O)NCc2cc3cccc(C)c3s2)CCNC1,0.0008707085724618349
COCCC(C)(C)C(=O)N[C@H](C)C1CN(c2ncnc(C)c2OC)C1,0.0006335090685101696
COc1ccc(CNC(=O)C2(C#N)CCCO2)cc1Br,0.000825930246940006
COc1ccc2ncc(C(=O)NCC3CCOC(C)(C)C3)n2n1,0.33807361948721826
COc1cncc(C(=O)N[C@H]2C[C@@H](NC(=O)Cc3ccc(C)o3)C2)n1,0.11962985813375132
COc1cncnc1NCC(O)CNC(=O)C1(C)CC1F,0.0004858271378433168
CSC(C)C(=O)NCC(C1CC1)N(C)C(=O)CC1(O)CCCOC1,0.0004218053915372103
CSCCC(=O)N(C)C1CCCN(C(=O)C2CC(C3CC3)=NO2)C1,0.00039736918360861134
Cc1[nH]cnc1C(=O)NC1CCC(CNC(=O)c2ncsc2C)C1,0.000486426875863931
Cc1[nH]ncc1C(=O)N1CCN(C(=O)c2ccc(C(C)F)o2)C(C)C1,0.00047705697022469855
Cc1cc(C(=O)N2CC3(CCN(C(=O)CCF)C3)C2)cc2nc[nH]c12,0.5001008086316407
Cc1cc(C(=O)N2CCCC[C@@H]2CN(C)C2CCCNC2=O)nn1C,0.0006752226631163788
Cc1cc(N)cnc1C(=O)N[C@H](C)CNC(=O)CN1CCCC1=O,0.10903464830371035
Cc1cc(N2CCN(C(=O)COCC(C)C)CC2)nc(CC2CC2)n1,0.0004400382248839583
Cc1ccc(CC(=O)NCCN(C)c2cccc(F)c2C#N)cc1O,0.0015170161566900584
Cc1ccc(NC(=O)NCc2cnn(C)n2)cc1S(C)(=O)=O,0.0009951525990415653
Cc1ccc(OCC(=O)N2CCC(C)N(C(=O)C(C)CO)CC2)cc1,0.00033710664407681114
Cc1cccc(-n2nc(C)cc2NC(=O)[C@@H]2C[C@@H](N)CC(C)(C)O2)c1,0.0011718424976501999
Cc1ccccc1C(=O)N1CCC[C@H](NC(=O)COC2COC2)C1,0.0007551845406305775
Cc1ccn(CC(=O)N2CCC(CCC(=O)OC(C)(C)C)C2)n1,0.00045160452840360313
Cc1cnsc1C(=O)NCc1cn(C2CN(C(=O)CC#N)C2)nn1,0.3220572188727359
Cc1nc(CO)[nH]c1C(=O)N1CCC(CF)(NC(=O)[C@@H]C(C)C)C1,0.0004919441284872572
Cc1nc(N)nc(NC2(C(C)NC(=O)c3cnoc3C)CC2)n1,0.17899622083089103
Cc1ncc(CN2CCN(C(=O)C(F)C(C)C)[C@@H](C)C2)c2c1OC2,0.00035996297334831234
Cc1ncc(CNC(=O)c2cc3c(cc2Cl)OCO3)cn1,0.00046233349857722534
Cc1nnc(N2CCC(NC(=O)C3(N(C)C)CC3)C23CCC3)c(C#N)c1C,0.0012424898741661484
Cc1nnc2n1CC(NC(=O)C1CCCc3ncnn31)CC2,0.00016584261891146987
Cc1nocc1CN1CC(O)(CNC(=O)c2ccc3c(c2)CCO3)C1,0.0003864346188840361
Cc1scc(C(=O)NC[C@H]2C[C@@H](NC(=O)c3ncccn3)C2)c1N,0.2807165497188754
Cn1cccc1C(=O)N1CCC(C2(NC(=O)C(F)(F)C3CC3)CC2)C1,0.5736637733586007
Cn1ccnc1C(F)(F)C(=O)N1CCC(CNc2ncccn2)C1,0.0013031957441810148
Cn1nc(C(=O)N2CC34CCCCC3(CNC4)C2)cc1OC(F)F,0.0005901550464036759
N#Cc1cccc(C2(F)CN(C(=O)NCC3(F)CCOC3)C2)c1,0.0009853731724830843
Nc1nc(C(=O)N2C[C@H]3CN(C(=O)C(F)(F)CO)C[C@H]3C2)n[nH]1,0.0002981540099905129
O=C(CCc1cccc(F)c1F)NCCN(CCCO)C1CC1,0.0004700014853264856
O=C(CNC1(C2CC2)CCCC1)Nc1ccc(Cl)cn1,0.0017806535015544545
O=C(COC(=O)c1ccc2nccnc2n1)CC(F)(F)F,0.4343957312613287
O=C(Cc1nnco1)NC[C@@H]1C[C@H](F)CN1C(=O)c1ccc(CO)o1,0.00027890353628064765
O=C(NC1CC2CC1CC2(F)F)c1cn(CC2CCOC2)nn1,0.0008644952841723763
O=C(NC1CCC(F)(F)C1)c1cncc2c(=O)[nH]ccc12,0.0009062635044576234
O=C(NCC(Cc1ccccc1OC(F)F)C(=O)O)NC1CC1,0.0006092169327399344
O=C(NCCN1CCNC1=O)c1nc2cc(F)ccc2s1,0.0006106856601145827
O=C(NCc1cccc(-n2cccn2)n1)C1CC2(CC2)C1,0.001461348466785566
O=C(Nc1ccc(CO)c(Cl)c1)N[C@H]1C[C@@H](O)C1,0.000413428092125103
O=C(O)[C@@]12CCOC[C@@H]1CN(CCc1ccc3c(c1)CCOC3)C2,0.000497241618695745
O=C(OCC(=O)C1CC2CCC(C1)S2(=O)=O)c1csc(=O)[nH]1,0.00042515517882080336
O=C(c1cc(F)c(Br)cn1)N1CCC[C@@H]1CF,0.0006385910422345637
O=C(c1ccc(OCCO)cc1)N1CCN2[C@H]1C[C@@H]1C[C@H]12,0.0004733399122107914
O=C(c1coc(C(F)F)c1)N1CC[C@H](Nc2cc(O)ncn2)C1,0.0008179086788807108
O=C1CC[C@@H](C(=O)NC2CC3(C2)CN(C(=O)Cc2cscn2)C3)N1,0.13951784059451885
O=S(=O)(c1ccc(N2CCCC2)cc1)N1CCOC1,0.000365389444859997
O=c1cc(C2CC2)[nH]c(N(Cc2nn[nH]n2)C2CC2)n1,0.00020948877575024567
OCC(NC1CCN(c2cc(F)cc(F)c2)C1)c1c(F)cccc1F,0.0010499466753991625
c1ccc(CN(CC2CC2)C2COC2)c(C2CC2)c1,0.0005231533568593899
C[C@@H](CCNC(=O)CCC(C)(C)O)NC(=O)C(O)c1cccnc1,0.0003268277026046803
C[C@@H]1CN(CC2C3CCOC32)C[C@@H]1NC(=O)Cc1ccccc1,0.00045306315687661784
C[C@H](CNC(=O)Cc1cnccn1)NC(=O)C1CC(=O)CO1,0.00010339559133994604
CC[C@@H]1CN(c2nnc(C3(C)CC3)n2CCC2CCOCC2)CCO1,0.001261395290438824
CC[C@H]1CC[C@H](C(=O)NCCC2CCN(C(=O)[C@H]3C[C@@H](O)C3)C2)CC1,0.3695052588662917
CC(=O)CNC(=O)C(C)(C)NC(=O)c1ccc(OC2CCC2)cc1,0.00038298049288368726
CC(=O)N1C[C@@H](C)[C@@H](NC(=O)c2c(F)cccc2F)C1,0.0003609603792197751
CC(=O)N1CC(C)(NC(=O)c2cnc3ccoc3c2)C1,0.0003465501797758234
CC(=O)c1ccc(NCc2ccc(OCCO)c(F)c2)c2nc(C)ccc12,0.5425302270435973
CC(C#N)C(=O)N1CCCN(C(C)c2ccc(C#N)cc2)CC1,0.0008988978164601174
CC(C(=O)N1CCC(CNC(=O)CO)C1)c1ncccn1,0.15482250291727903
CC(C(=O)NC[C@]1(F)CC[C@@H](C(=O)O)CC1)N(C)Cc1ccccc1,0.0005495397254329254
CC(C(=O)NCC(F)=C1CN(c2ncnc(N)n2)C1)c1cnccn1,0.14534200193206903
CC(C)CCC(C)(O)CN1CCN(c2ccc(F)cn2)CC1,0.0008903574418256736
CC(C)CCOC(C)C(=O)N(C)CC(C)NC(=O)c1ccnn1C,0.0004356746351845078
CC(C)c1nocc1C(=O)N[C@@H]1CCN(C(=O)CCC2CC2)C1,0.3984246967928971
CC(CC(C)(C)C)C(=O)NCC(C)NC(=O)C1(O)CCCCC1,0.0005459221080726987
CC(CC1CCC(=O)N1)NCCN(C(F)F)[C@H](C)C,0.0003840061991176289
CC(CNC(=O)CC1C(C)(C)C1(C)C)Nc1ccc(C#N)nc1,0.5798017928605761
CC(CS(C)=O)OC(=O)c1cc2cccc(F)c2s1,0.0008139723709410016
CC(O)CCCC(=O)N1CCC(C)C1CNC(=O)c1nncs1,0.1577833978859593
CC(Oc1cccc(C#N)c1)C(=O)N1CC(O)(c2ccccc2F)C1,0.0007582821147545252
CC1(NC(=O)C2C[C@@H]3C[C@H](NC(=O)OC(C)(C)C)[C@@H]3C2)CCOC1,0.00039228689903218745
CC1=C(C(=O)NCC(C)NC(=O)CC2CC(F)C2)CCCC1,0.0003065150651413219
CC1CC1C(=O)NC1CCN(C(=O)CCn2cc(C3CCCC3)nn2)C1,0.0005415930982308094
CC1CCC(C(=O)N[C@H]2C[C@H](CNC(=O)CCC3CC3)C2)CC1,0.0006168089979606435
CC1CCN(C(=O)c2cc(C#N)c[nH]2)CC1NC(=O)C1CC(C)(C)C1,0.6281642768888995
CC1CN(C(=O)N2CCC2C2CC2)CC(C(F)F)O1,0.0003524835120004919
CC1CN(C(=O)N2CCSCC2)Cc2c[nH]nc21,0.00026277504886093486
CC1Cc2c(F)cccc2N1C(=O)Cn1cc(S(C)(=O)=O)cn1,0.0005316488302314519
CCC(=O)NC[C@H]1CC[C@H](NC(=O)CC(C)CC)CC1,0.0004923968777810425
CCC(C)(C)OCC(=O)N1CCC(C)C(CNC(=O)COC)C1,0.0008439297300920616
CCC(C)C(=O)N[C@H]1C[C@H](CNC(=O)c2nc(=O)[nH]c3[nH]ccc23)C1,0.0004925146410193555
CCC(C)C(=O)N1CCC2(C1)CN(C(=O)C1CC(=O)N(C)C1)C2,0.12019402244694809
CCC(NC(=O)C(F)(F)c1cnccc1OC)c1ccoc1,0.0012624922394153827
CCC(O)CC(=O)NCC1(NC(=O)c2ccc(C(N)=O)nc2)CC1,0.09225389123891756
CCC(F)C(=O)NC1CN(C(C(=O)OC)c2cccnc2)C2(CCC2)C1,0.00042815144767151475
CCC1(C(=O)N[C@H](C)C2CN(C(=O)C3(O)CC3)C2)CCCCC1,0.0008673791948832337
CCC1(NC(=O)Nc2cn[nH]c2)CCN(C(=O)OC(C)(C)C)CC1,0.0005196671554192905
CCC1CCN(C(=O)Nc2ncc3c(n2)CCCC3)CCO1,0.0011116853913663623
CCCH](C)C(=O)N(C)CC(C)NC(=O)CC1COC(=O)C1,0.0
CCCC(C)(O)C(=O)NC1CC(C)N(C(=O)c2cc(F)cc(F)c2)C1,0.25646940290088655
CCCCC(=O)N(C)C(C)CNC(=O)c1cc2c([nH]1)CCCC2,0.00039220578784863964
CCCCN(CC)C(=O)c1coc(CNC2CNC(C)=O)C1,0.0
CCCN(C(=O)C1CC1)C1CCN(C(=O)c2cc(C)n(C)n2)CC1,0.0006616010997461641
CCCN(CCNC(=O)C(C)(C)C1CC1)C(=O)c1cnn(C)c1,0.0006016260535386334
CCCN1CC(CNc2nnc(C(F)(F)F)cc2C#N)CC1=O,0.0012079920638383022
CCN(CC(=O)N1CCCC(C2CCCCN2C(=O)C2CC2)C1)C1CC1,0.3393770766564152
CCN(CCNC(=O)c1ccnnc1)CC(=O)N(C)C(C)C,0.00029755781189250385
CCN1CCN(c2nnc(C)n2Cc2nc(COC)no2)CC1,0.0008508469242673995
CCOC(=O)[C@H]1CC[C@H](CNC(=O)[C@@H]2C[C@H]3C[C@@H]2CC3=O)CC1,0.0002861248506947588
CCOC(=O)C1CCN(C(=O)NC(CC)C2CC(F)(F)C2)C1,0.0006429534565170071
CCOC(=O)C1CNCC1NC(=O)Cc1cscn1,0.00024741063607653215
CCOc1cc(N2CCC[C@@H](NC(=O)c3c(C)cnn3C)C2)ncn1,0.0012461366869198616
CCOc1cc(NC2CCCN(C(=O)c3cn[nH]c3C)C2)ncn1,0.0010261317887933822
CCSCC(=O)NCC1CCC(NC(=O)[C@@H](O)C(C)C)C1,0.000510684699931138
CCCl(=O)(=O)c1ccc(COC(=O)C(C)(C)CN2CCNC2=O)o1,0.0
CCc1cc(C(=O)NC2CCN(Cc3cscn3)C(C)C2)n(C)n1,0.0005530800788566732
CCc1cc(NCCN(CC(F)(F)F)C(=O)C(C)(F)F)nc(C)n1,0.0014283879885346076
CCc1ncc(C(=O)N[C@H]2C[C@H](Nc3nnc(CC)o3)C2)s1,0.000493203880520652
CCc1noc(C(=O)NC(C)C2CCCN(C(=O)C3CCC3)C2)n1,0.0005275052647499692
CCc1onc(C(=O)N[C@@H](C)C2CCOCC2)c1C(=O)O,0.00041567721213953997
CCn1ccc(C(=O)NCC2CCCCN2C(=O)[C@H]2CC2(C)C)n1,0.0005678180467278451
CN(CC1CCN(C(=O)CCn2cnnn2)CC1)c1ncc(F)cn1,0.0007251222780027786
CN(CC1CN(c2ncccn2)CCO1)C(=O)c1nc(=O)[nH][nH]1,0.0002652871182806071
CN(CCNC(=O)C1CCNC(=O)C1)C(=O)c1cc(Cl)no1,0.11029353939979178
CN(CCc1cn(C[C@@H]2COCCO2)nn1)C(=O)[C@H](O)C1CCC1,0.00028912038122412645
CN1C[C@H](NC(=O)Cn2cc([C@]3(F)C[C@H](N)C3)nn2)CC1=O,0.08267141628622719
CN1C(=O)CCC1CC(=O)NCc1ccc(Oc2ccccc2F)nc1,0.0009142125342609453
CNC1CC2CCC(C1)N2C(=O)c1ncc(Br)cc1F,0.0004182335471033168
CO[C@@H]1COC[C@H]1OC(=O)c1cc(COc2ccccc2)on1,0.000374032969848099
COC(=O)CCC1CCN(CCCc2ccc(Cl)cc2)C1,0.0006204557149556415
COC1(CC(=O)N2CCCC[C@H]2CNC(=O)c2ncc(C)cc2C)CC1,0.20970995407980203
COC1(CC(=O)Nc2cc(C(=O)O)n(Cc3ccc(F)cc3)n2)CC1,0.41826848994964266
COC1CCCC1C(=O)NCC(O)CNc1nc(C)cc(C)n1,0.0004760738131269675
COC1CCN(C)C12CCCN(C(=O)CNC(=O)Nc1ccccc1)C2,0.0005927127765180956
COCCN1CCCN(Cc2ccccc2OC2CCC2)CC1=O,0.0007056090063446947
COc1c(F)cc(F)cc1NCc1nnn(C(C)(C)C)n1,0.001025942388528206
COc1cc(OC)cc(C(=O)OCC(=O)NC2CCOCC2)c1,0.0006323064633417213
COc1ccc(C(COC(=O)CCCN2CCN(C)CC2)N(C)C)cc1,0.0005150428711011576
COc1ccc2c(C(=O)NCC(=O)NCCF)cnn2c1,0.09765462021975947
COc1cccc(C(O)CN2CCC(NC(=O)C(F)(F)F)CC2)c1,0.0005572086052464873
COc1ncc(C(=O)OC[C@H]2CC[C@@H](C)O2)c(C)c1Cl,0.0006891959871981562
COc1nccc(C(=O)NCC(C)N(C)C(=O)C(C)C2CCCO2)n1,0.00039266027797722677
CS(=N)(=O)c1cnn2c1CN(c1ccncc1Cl)CC2,0.0005260021185563622
CS(=O)(=O)C1(CNc2cc(F)ncn2)CCOCC1,0.0006142786640222325
CS(=O)CCC(=O)N1C[C@@H]2C[C@H]1CN2C(=O)c1cccc(C#N)c1,0.0008372172177496598
CSc1cc(C(=O)N2C[C@H]3CN(C(=O)C(C)(C)C#N)C[C@H]3C2)co1,0.613378493018506
Cc1c[nH]c(CCC(=O)Nc2ccc(Cl)c(C)c2)n1,0.0005988780238249964
Cc1cc(C(=O)NC2(CNc3nc(C#N)ncc3C)CCC2)cc(C)n1,0.001575856050206638
Cc1cc(C(=O)NS(=O)(=O)N2CCCC(C)(C)C2)nn1CCN,0.00043016042361638645
Cc1cc(C)c(C(=O)N2CCCCCC(NC(=O)C(C)C#N)C2)c(C)n1,0.70844888472763
Cc1cc(CC(=O)N[C@H]2C[C@@H](CNC(=O)c3cccc(=O)[nH]3)C2)n[nH]1,0.09225497663336664
Cc1cc(CNC(=O)c2cc(=O)n(C)c3c2CCCC3)[nH]n1,0.00045627478653430205
Cc1cc(N2C[C@H](C)[C@H](NC(=O)C3CCN(C)C(=O)C3)C2)ncc1C#N,0.0009336500051111504
Cc1cc(NCC(NC(=O)C(C)C(F)(F)F)C2CC2)ncc1C#N,0.0006044571337379676
Cc1ccc(C(=O)N2CCC[C@H]2CNC(=O)[C@H]2CCC(=O)N2)o1,0.00029693608214423334
Cc1ccc(C(=O)NC(CNC(=O)c2c[nH]c(=O)cn2)CC(C)C)[nH]1,0.2061533534576385
Cc1ccc(C2CCN(C[C@@H](O)CF)CC2)cc1F,0.00050438148862147
Cc1ccc(CCc2cn(CC3COCCN3C)nn2)cc1,0.0004499421635160349
Cc1cccc(C2CC2CNC(=O)N(CC(C)O)CC(C)O)c1,0.00044717956664029146
Cc1ccnn1CC(=O)N1CC(NC(=O)c2cc3n(n2)CCO2)CC1C2,0.0
Cc1csc(=O)n1CC(=O)OC(C)C(=O)c1ccc(C#N)cc1,0.19127828092782265
Cc1nc(C(=O)N(C)CCCN(C)C(=O)C2(C#N)CC2(C)C)co1,0.45335933423775765
Cc1nc(C(=O)N2CCN(C(=O)c3nc(O)n(C)n3)CCC2C)c(C)[nH]1,0.00043731733864202946
Cc1nc(C(=O)NC[C@H]2CCCN(C(=O)c3cc[nH]c3)C2)c2n1CCCC2,0.39350189207254477
Cc1nc(CCNC2CCCc3ccc(C(=O)O)cc32)co1,0.0005676255903582846
Cc1nc2c(s1)CCCC2C(=O)N1CCC[C@@H]1c1nnc(C)o1,0.0004378784090819384
Cc1nn(C)cc1C(=O)NC(C)C1CCCN(C(C)c2nnnn2C)C1,0.00028473662905546587
Cc1nn(C)cc1C(NC(=O)[C@H]1[C@@H]2C=CN[C@@H]21)C(F)(F)F,0.0005068835787307446
Cc1nnc(N(C)CCCN(C)C(=O)c2cnc(C)cn2)c(C#N)c1C,0.0014404093393673518
Cc1nnc(N2CCC(NC(=O)c3nocc3C)C(C)(C)C2)nc1C,0.001043969920677656
Cc1nnc(NC(C)(C)CCNC(=O)[C@H](C)NC(N)=O)o1,0.1534129709476824
Cc1noc(C(=O)NCC2(C)CCCN2C(=O)c2ccc(F)o2)n1,0.00046874105681794955
Cn1cc(CNC2C3CCCNCC32)c(=O)n(-c2ccc(F)cc2)c1=O,0.0004789432954484991
Cn1nc(N)cc1C(=O)NC[C@H]1C[C@@H](NC(=O)C(C)(C)O)C1,0.17694542135825939
Cn1nnc(C(=O)NC2CC(Nc3ncc4c(n3)COC4)C2(C)C)n1,0.00045309018768916083
Nc1ccn(CCC(=O)N[C@H]2C[C@H](NC(=O)c3ccc[nH]3)C2)n1,0.0973302020276842
O=C(C1CNCc2ccnn2C1)N1C[C@H]2CC[C@@H](O)C[C@H]2C1,0.0005240582856579965
O=C(N[C@H]1CC[C@H]1C(=O)O)c1cnn(C2CC2(F)F)c1,0.15506378140379995
O=C(NCC(F)(F)C1CC1)NCC(O)c1csc2ccccc12,0.000800858305034662
O=C(NCCc1ccc(O)cc1)C(F)C1CCOCC1,0.00043655556674450195
O=C(NCCc1cnc(O)nc1)C(c1ccc(Cl)cc1)C1CC1,0.000409574778999434
O=C(OCc1ccccc1)C1(NCC2=NCC(F)(CO)CO2)CCCC1,0.42822235325160884
O=C1CN(C(=O)c2cccs2)C2CCCN12CC(F)(F)F,0.0
O=S(=O)(CCSc1nc(=O)cc[nH]1)c1ccc(F)cc1F,0.0004987054515308228
O=S(=O)(c1cncc(Cl)c1)N1CCc2cnccc2C1,0.0004194192827098567
O=S1(=O)C[C@@H]2C[C@H]2[C@H]N1c1nccc2cc(Cl)cc(Cl)c12,0.47124550062245657
C[C@@H](CNC(=O)CCCn1ccnc1)NC(=O)c1cc2n(n1)CCO2,0.0002026824530587843
C[C@@H]1[C@@H](C(=O)N2CCC(c3n[nH]c(=O)n3C3CC3)CC2)C1(F)F,0.0004392148410807262
C[C@@H]1CN(C(=O)c2ccco2)C[C@@H]1NC(=O)c1ccnn1C1CCC1,0.0006315883125626637
C[C@H](CNC(=O)c1cc(O)ccc1F)NC(=O)C1(C)CCC(=O)NC1,0.16632047599242689
C[C@H]1[C@@H]2CN(C(=O)NCCC(=O)N3CCCCCC3)C[C@H]12,0.0005558394264774611
C[C@H]1C[C@@H]1C(=O)NC[C@H]1CCCN1C(=O)CN1CCCC1=O,0.19034694641965658
C[C@H]1CN(C(=O)C(C)(C)c2ncccc2F)CCN1c1ncc(O)cn1,0.0007867124361321124
CC(=O)N1CCC[C@H]1C(=O)N1CC(NC(=O)c2ccc3[nH]ccc3n2)C1,0.15084448133872042
CC(C#N)c1ccc(COC(=O)COC2CCOCC2)cc1,0.0014192736821742298
CC(C(=O)N[C@H](C)CNC(=O)C(O)C(C)(C)C)c1ccccc1O,0.00035596227917261393
CC(C)(C#N)c1ccc(CN2CCC(C(F)(F)F)C(c(O)CO)C2)nn1,0.0
CC(C)(C)OC(=O)[C@@H]1C[C@H]2CC[C@@H]1(NC(=O)c1nccnn1)C2,0.0
CC(C)(C)n1cccc(C(=O)N2CCCC2c2ccccn2)c1=O,0.0003049850896114856
CC(C)(F)C(=O)N1CCCC(CNC(=O)c2ccc(F)c(O)c2)C1,0.3467980743740226
CC(C)C(=O)N(C)CC(=O)N(Cc1ccccc1)C(C)C1CC1,0.0005186608585705751
CC(C)C(=O)N1CCC1CNC(=O)CCC(=O)C(C)(C)C,0.00042165207948910313
CC(C)C(=O)Nc1cccc(C(=O)N2CCN(C(C)C)CC2)c1,0.41511084969592926
CC(C)C(O)CC(=O)N1CCC(NC(=O)c2ncccc2F)C(F)C1,0.18908429051043887
CC(C)c1ccoc1C(=O)NC[C@@H](C)NC(=O)CC(C)(C)CC#N,0.0010086766529949303
CC(CC(C)NC(=O)[C@H](C)n1cnnn1)NC(=O)C(CC#N)CC1CC1,0.00120885295919121
CC(CCC1CCCCN1C)NC(=O)Nc1cn(C)nn2ccnc12,0.0
CC(CCCN)Nc1cc(-c2ncccn2)c(Cl)cn1,0.0016571140596709306
CC(CCNC(=O)[C@H]1CCC(=O)N1)N(C)C(=O)c1ccccc1CO,0.00027193691039824433
CC(CN(C)C(=O)C1(C)CCN(C)CC1)NC(=O)c1ccnc(N)c1N,0.24113287579537426
CC(CN1CCC(NC(=O)c2ccccc2)C1)C1CC1,0.0003957767566746423
CC(CNC(=O)CCc1ccccc1F)N(C)C(=O)C1CC1(F)F,0.2226966433479368
CC(NC(=O)C1CC1(F)F)C1CCCN(C(=O)c2ccsn2)C1,0.0008666101081267499
CC(NC(=O)c1cnn(C(C)(C)C)c1)c1ccc(N(C)C)nc1,0.0005288549693203767
CC(O)(CNC(=O)CCc1ccccn1)C1CCC(F)(F)CC1,0.0003373967041820727
CC(O)CN1CCCC(NC(=O)c2ccnn2C(C)C)C1C,0.0004457902274349362
CC1(C(=O)Nc2ccc3c(c2F)CCNC3)CC(C#N)C1,0.0010543507822297195
CC1(C)CC(C)(NC(=O)Cn2nnn(-c3ccccc3)c2=O)C1,0.0004980702596350451
CC1(CNC(=O)C(F)C2(O)CCCC2)CCCN1C(=O)c1cnco1,0.0003975211057128958
CC1CC1C(=O)NC1CCCCN(Cc2ccc3nonc3c2)C1,0.0005769754603159016
CC1COc2ccccc2CN1CC(O)CN1CCCC1,0.00041363645820771417
CCC(=O)NCC1(O)CCN(C(=O)c2csc(C)c2)C1,0.00032202533979548844
CCC(C(=O)NC1CN(C(=O)C2CC2(C)CC)CC2(CCC2)C1)N(C)C,0.2772669670875327
CCC(C(=O)NCC1CN(C2CCNC2=O)CCC1C)C(C)C,0.00022861113346394317
CCC(C)(CC)CN1CCN(C(=O)c2ccc(F)c(CN(C)C)c2)CC1,0.0006822834642318671
CCC(C)CC(=O)NC1CCN(c2ncc(C#N)cc2C)C1,0.5121571489570049
CCC(C)NC(=O)CN1CC(CNC(=O)c2conc2C(F)(F)F)C1,0.0003515488142811938
CCC(CC)(NC(=O)N1CCc2cc(OC)ncc21)C(N)=O,0.0006175945180547371
CCC(F)C(=O)NCC1(OC)CN(C(=O)c2ncccc2C)C1,0.10235184388269003
CCC1CC1C(=O)N1CCOC2(C1)CN(C(=O)C1CCO1)C2,0.00031870116112281876
CCCC(=O)N1CCCCC1CNC(=O)c1cnn(C)c1C,0.000664565643115016
CCCC(C)CC(=O)N1CCCC[C@H](NC(=O)C(C)CO)C1,0.0006751911441337795
CCCC(C)CS(=O)(=O)NC(=O)C1(c2ccccc2)CCC1,0.000634092864126595
CCCCC(CC)C(=O)N1CCN(C(=O)CC(CC)OC)C[C@H]1C,0.0007124730479299317
CCCCC(CNC(=O)c1cccnc1OC)NC(=O)C1(CC)CC1,0.0005133630448340544
CCCc1ncc(C(=O)N2CCCC[C@H]2CNC(=O)C2CCC2)s1,0.0013997857820743124
CCN(CC)c1ccc(NC(=O)[C@H](NCC(F)(F)F)C(C)C)cn1,0.0012186501138021803
CCN1CCCC1C(=O)N1CCN(c2ccc(F)cn2)[C@H](C)C1,0.0006434289106363693
CCOC(=O)c1cc(C(C)C)nc(NC[C@H]2CCC(=O)N2)n1,0.0004149462436330726
CCOc1ccc(C(CO)NC(=O)CCc2nc(CC)no2)cc1,0.0003079688661934841
CCSc1ccc(CC(=O)N(C)C(C)CCNC(=O)C2CC2)cc1,0.0005162939001989042
CCc1nc(NC[C@@H](C)NC(=O)[C@H]2CCCN2C)c(C#N)cc1C,0.0010314455964751629
CCc1ncncc1C(=O)NC1CCN(C(=O)c2ccc(C#N)s2)C1,0.469419980604225
CCn1cnc(C(=O)N2C[C@@H](F)C[C@H]2CNC(=O)c2cccnc2)n1,0.0003096782260364954
CCn1nc(C(=O)NCCn2cc(CC3(CO)CCC3)nn2)cc1C,0.0003841800575858146
CN(C[C@@H]1CCCN1c1nnco1)C(=O)C(F)(F)c1cscn1,0.0010603787747837702
CN(C[C@H]1CCCN1C(=O)CC1CCC(=O)N1)C(=O)[C@@H]1CCC(=O)N1C,0.10710319959131258
CN(C)C(=O)c1ccc(CNC(=O)N2CCc3ccccc32)cc1,0.532805866163058
CN(C)c1ccc(C(=O)NC2CCN(c3cccnc3)CC2)cc1F,0.4614181754938694
CN(CC1CCCN(C(=O)C(C)(C)CO)C1)C(=O)c1cncnc1,0.0004837121295174171
CN1CC2CCC(NC(=O)C3(Cc4ccccc4)CC3)C2C1,0.0006578007147068721
CNC1CCN(C(=O)c2cnc(CC3CC3)s2)CC1,0.0005977019815352984
CO[C@H](C)[C@@H](CO)NC(=O)c1ncnc2sc(C)cc12,0.0005970663772721253
COC(=O)[C@@H]1C[C@@]1(C(=O)OCCC(F)(F)CS(C)(=O)=O)C(C)C,0.0007867011743087489
COC(=O)C1CC(C)N1C(=O)c1cnn(C2CC2(F)F)c1,0.0003964084158370545
COC(=O)N[C@H](C(=O)N(C)Cc1cc(Cl)cc(Cl)c1)C(C)C,0.00048407856505387596
COC(=O)N1CCN(CC2(c3cccc(OC)c3)CC2)C[C@@H]1C,0.0005183233557368236
COC(C(=O)N[C@H](C)C1CN(C(=O)C2CC2C)C1)C1CCCOC1,0.0001975606332032123
COC1(C(=O)N[C@H]2CCCCN(C(=O)c3ccc(=O)n(C)n3)C2)CC1,0.17537906318245863
COC1CCN(C(=O)C(F)(F)c2cccnc2)CC1C,0.00042402918092799397
COCC(C)(O)C(=O)NC[C@@H]1CCCN1C(=O)c1cc(Cl)ccn1,0.0002515477124243569
COCC(O)C(=O)NC1CCCN(C(=O)Cc2cnnn2C)C1,0.00018067215322103462
COCC1(N(C)C(=O)c2[nH]ncc2C(=O)N2CCCC2)CCC1,0.0005866121745694604
COCCC(C)C(=O)N1CCC(C(C)NC(=O)[C@@H]2CNC(=O)O2)C1,0.11510571179160398
COCCN1CCC(NC(=O)NC2COC2)CC1,0.000248564515212627
COc1cc(C)c(C(=O)N2CCC(NC(=O)c3ccon3)C2)cn1,0.13534031686834602
COc1cc(CN(C)Cc2nnc(C)n2C)ccc1SC,0.0006563369869154725
CS(=O)(=O)CCOC1CCN(c2ccc(Cl)nn2)CC1,0.0005180243957830093
CSC(C)C(=O)NC1CCCN(CC2CC23CCOC3)C1,0.0005133577809493518
Cc1[nH]cnc1CC(=O)N[C@@H]1CCN(c2cc(Cl)ncn2)C1,0.00035814810407732876
Cc1c(NC(=O)[C@H]2CNC(=O)N2)cnn1C1CCCC2CC21,0.00042477717660773423
Cc1cc(-c2cnn(C)c2)ccc1NC(=O)NC12CCC(C1)OC2,0.0016646584847800103
Cc1cc(=O)[nH]c(C)c1C(=O)N1CC(NC(=O)C2(C#N)CCC2)C(C)(C)C1,0.0003529704811296044
Cc1cc(C(=O)Nc2ccc(N3CCOCC3(C)C)cc2F)nn1C,0.001500738228272866
Cc1cc(C)nc(C(=O)N2CCN(C(=O)[C@H]3CCC(=O)O3)C[C@@H]2C)c1,0.00025744752474170213
Cc1cc(C)nc(C(=O)NC(C)CNC(=O)CN2CCCCCC2)c1,0.17763680778406388
Cc1cc(F)cc2c1N(C(=O)C1(CN)CC(O)C1)CCC2,0.0005381471081662895
Cc1cc(Br)c(F)c(OC(C)C(N)=O)c1,0.0004813488795651421
Cc1ccc(NCC2CCCN2C(=O)C(C)OCC(C)C)nn1,0.0009474159307755418
Cc1cccc(C(=O)N(C)CC(O)CN(C)CC(=O)NC(C)C)c1F,0.0004329475281354276
Cc1cccc(C(=O)N(C)CCC(NC(=O)C(C)C(C)C)C(C)C)n1,0.22871592380995215
Cc1cccc2ncc(C(=O)N3CCN(C)C(=O)C3)cc12,0.0003457159460659825
Cc1csc(-c2nnc(N3CCSCC(C)C3)n2CCC#N)c1,0.0019247878081039835
Cc1nc(-c2ccccn2)cc(=O)n1CC1C(C)(C)C1(F)F,0.0013727927842987005
Cc1nc(C(=O)N2CCC[C@H]2CNC(=O)Cc2cncn2C)[nH]c1C,0.000602409541435012
Cc1nc(C(=O)NCCN(C)C(=O)CCSc2ncccn2)c[nH]1,0.0004112605974063834
Cc1nc(CN(C)CC(C)NC(=O)c2cc(C)n(C)c2)oc1C,0.000950747074358344
Cc1ncn(C)c1C(=O)NCCC(C)Nc1cc(=O)n(C)c(=O)[nH]1,0.0004959200261875203
Cc1ncnc(NC(=O)N2Cc3ccncc3C2)c1Cl,0.0005789056344223679
Cc1ncnc2c1CN(C(=O)NC1CC3(CCC(F)(F)CC3)C1)CC2,0.0011356468819185602
Cc1nn(-c2ccccc2)c(=O)c(C#N)c1CCOC1CCCNC1=O,0.0009569677751649925
Cc1nnc(CNC2CCc3ccccc3NC2=O)o1,0.00046144028224028483
Cc1nnc(N[C@H]2CCCN(C(=O)C(F)(F)c3ccnn3C)C2)o1,0.0011484492173845656
Cc1nnc2n1CCC2(C)C(=O)Nc1nc(C2CCNCC2)cs1,0.000701745180723393
Cc1nnn(CC(=O)N[C@@H]2CCCN(C(=O)Cc3cnoc3)C2)n1,0.00013468825204662676
Cn1cc(N)cc1C(=O)N1CCC(=C(F)F)CC1,0.4058301967917736
Cn1cc2cc(C(=O)N3CC(F)(F)CC3(C)CO)ccc2n1,0.36623933896340904
Cn1ccc(C(=O)NCC2CCN2C(=O)C[C@H]2COC(=O)N2)cc1=O,0.00016828321506241016
Cn1ccc(CNC(CO)Cc2cccc(Cl)c2)n1,0.0006208795793799649
Cn1cccc(CNC(=O)CC[C@H]2CCCO2)c1=O,0.0002494658541797249
Cn1nncc1C1(C(=O)Nc2cccc3c2C(=O)NC3)CC1,0.380330200210551
NC(=O)[C@]1(NC(=O)c2ccc(C3(O)COC3)cc2)C[C@@H](O)C1,0.11293931418286815
NC(=O)C1CCCN(C(=O)c2cccc(-n3cc(C4(O)CC4)nn3)c2)C1,0.00029466560685187593
O=C(CCC1CC2CCC1C2)NC1(CO)CC(O)C1,0.00030554173221373457
O=C(CCc1ccon1)N1CCN(C(=O)C23CCCC(C2)OC3)CC1,0.27378152512383525
O=C(CN1CCc2ccccc21)N[C@]12CCC[C@H]1CNC2,0.0009316520922576732
O=C(Cn1cnnc1)NCC1C2CN(C(=O)c3cocn3)CC12,0.00036864716272795193
O=C(NC(C1CCOC1)C(F)(F)F)[C@H]1C[C@H]1C(F)F,0.0005826723484943236
O=C(O)CN(CCN1CCOCC1)C(=O)C1SCCCS1,0.00048449017086686386
O=C(c1cc(=O)[nH]c(C2CC2)n1)N1CC(CNc2ncccn2)C1,0.2672207671370642
O=C(c1cccc2nc[nH]c12)N1C[C@H]2CCC[C@H]2C1,0.0007846074606030315
O=C1CN(C(=O)Nc2ccc(F)cc2C2CC2)Cc2cnccc2N1,0.32583079302259477
O=C1COCc2ccc(C(=O)NCC(O)c3cc(Cl)ccc3F)cc21,0.00041858034001902416
O=C1NC2(CCN(c3ccnc(Cc4ccccc4)n3)CC2)CO1,0.0007694581796167638
C[C@@H](C(=O)NCC(C)(NC(=O)c1nn[nH]c1C1CC1)C1CC1)N(C)C,0.00038777511136546875
C[C@@H]1C[C@]2(C(=O)Nc3cccc(-n4nccn4)c3)C[C@H]1C2(C)C,0.0006093816917677948
C1COc2cc(CCNC3C[C@H]4[C@@H](C3)[C@H]4C3=O)ccc2C1,0.0
CC[C@@H]1OCC[C@H]1NC(=O)NCCc1ccncc1C,0.0002956194849514395
CC(=O)N(C)CC(=O)N[C@H](C)CNC(=O)CCC1CCOCC1,0.0002855873861285753
CC(=O)N1CCOC(C)(C(=O)N2CCC(CC(F)(F)F)CC2)C1,0.00042731228494087927
CC(=O)OCCC(=O)NCC1CN(C(=O)c2cc(C3CCC3)no2)C1,0.00038135231557066135
CC(C)(C)C(=O)COC(=O)CCn1c(=O)[nH]c(=O)c2ccccc21,0.19460521270111794
CC(C)(NCc1ncn(CC(=O)O)n1)C1CCOCC1,0.0004357150919259577
CC(C)(O)C(C)(NC(=O)[C@H]1C[C@H]2[C@@H](C1)C2(F)F)C1CC1,0.0005032066912956408
CC(C)CC(=O)N[C@H](C)C1CN(C(=O)Cc2cc(F)ccc2F)C1,0.0004992971640631001
CC(C)CC(=O)N1CC(O)(CCNC(=O)C2(C)CCCCC2)C1,0.0003782683472752723
CC(C)COCC(O)CNC(=O)c1sccc1CN(C)C,0.0005205333133874202
CC(C)OC(C)(C)C(=O)NC1CCN(C(=O)c2cscn2)C(C)C1,0.3009725704694437
CC(C)n1nccc1CN(C)C(=O)C1(C)CCC(=O)CC1,0.18241729155157008
CC(CN(C)C(=O)COC1CCCOC1)NC(=O)CCCC(C)(C)C,0.0008361542267673552
CC(CNC(=O)c1csc(-c2cccnc2)n1)C(=O)OC(C)(C)C,0.0005257804854581236
CC(OC(=O)C1(C(F)(F)F)CCOCC1)c1cocn1,0.0006128305073415128
CC1(C(=O)N2CC(CO)CC23CCC3)CCC(=O)NC1,0.00033708031830707917
CC1(NC(=O)[C@H]2C[C@@H]2C(F)F)CN(C(=O)Cn2nccn2)C1,0.00022269184073677893
CC1=C(C(=O)N2C3CCC2CN(C(=O)c2cc(N)nn2C)CC3)CCO1,0.5086961388327039
CC1CC(C(=O)NCCC2CCCCN2C(=O)C2CCC2(C)C)CO1,0.00041397133165502664
CC1CC(CO)CN(C(=O)c2cccn(Cc3ccccc3)c2=O)C1,0.20279730104323127
CC1CC1C(=O)N1CCC(Nc2ncc(Cl)cn2)CC(C)(C)C1,0.23792245695360384
CC1CCCCC1C(=O)N1CCN(C(=O)c2ccon2)C(C)C1,0.0005954373971345503
CC1CCN(C(=O)c2ccon2)CC1NC(=O)C1CCOCC1(C)C,0.0003202294665734633
CC1CCN(C(=O)c2nnn(C)n2)C1CNC(=O)CCC1CCOC1,0.0002663797947097742
CC=Cc1cn(C2(C(=O)N(C)CC(C)=O)CCOCC2)nn1,0.12376741061070984
CCC(=O)CCC(=O)N(C)Cc1cn(Cc2ccc(C)o2)nn1,0.00022267706356031563
CCC(=O)OC1CN(C(=O)NC2CS(=O)(=O)c3ccccc32)C1,0.0003612264843358399
CCC(CC)C(=O)N1CCC(CNC(=O)COC2CCOC2)C(C)C1,0.00032627888467972623
CCC(NC(=O)c1cnc(Br)n1C)c1cccnc1,0.0004298539620716457
CCC(SC)C(=O)NC(C)CNC(=O)C1(C)C(C)(C)C1(C)C,0.00061431908068946
CCC1(C(=O)N2C[C@@H](CO)O[C@H](CO)C2)CCOCC1,0.1341192278071574
CCC1(CC)CCCN1C(=O)c1ccc(N2CCOC2=O)nc1,0.39557488284247455
CCC1(N(C)C)CCN(C(=O)C2(F)CCC(F)(F)CC2)CC1,0.0005256934760751054
CCC1=NOC(CC(=O)N2C[C@@H]3C[C@@H](CO)C[C@@H]3C2)C1,0.12095991743834239
CCC1CC1C(=O)NC[C@@H]1C[C@H](F)CN1C(=O)c1ccc2cncn2c1,0.0005176178464643762
CCC1NCCC1C(=O)N1CCSC2COCCC21,0.0003502863899883851
CCCC(C)(O)C(=O)N1CC(Cn2cc(C(C)(C)NC(C)=O)nn2)C1,0.00035526719611904986
CCCC1(C(=O)N(C)C[C@@H]2CCCN2C(=O)C23CCCCC2C3)CC1,0.0016855970852251221
CCCC1(CO)CCCN1C(=O)Cc1c(Cl)ncnc1Cl,0.0008426714445390245
CCCCC(CC)CN1C(=O)CCN(CCOc2ncccn2)C1=O,0.0010057809674910716
CCCCC1(C(=O)N2CC[C@@H](Nc3nnc(C4CC4)s3)C2)CC1,0.0015789913812699504
CCN(C(=O)NC1C[C@@H]2OCCC[C@H]12)C(C)C(=O)NC,0.0003854698017936941
CCOC(=O)C(CCOC)NC(=O)c1cc(CC)ncn1,0.0003222214328632919
CCOC(=O)C1(CC(C)C)CCCN(C(=O)c2ccnc(C3(C)CC3)n2)C1,0.000684557343055777
CCOC(=O)c1cnc(N2CC(C)(NC(=O)C(F)C3CCC3)C2)s1,0.0011588342565001487
CCc1cc(CS(=O)(=O)N2CCC(CC#N)C2)no1,0.00041620229825852076
CCc1occc1C(=O)N(C)CCN(C)Cc1ccnn1C,0.0008237227064894782
CCn1cc(C(=O)N(C)CCN(C)CCC(C)C)c(C(C)C)n1,0.0005473233421581342
CCn1ccc(CC(=O)N2CCC(NC(=O)CCC(C)O)CC2)n1,0.000359448945439929
CCn1cnc(C(=O)NCC2C3CN(C(=O)C(C)CF)CC23)c1,0.0004877767617079012
CN(C)CCN(Cc1ccc(Cl)cc1)C(=O)NCc1cnsn1,0.000511580371025098
CN(C)CCOc1cc(C(=O)NCC2OCCC2(C)C)ccn1,0.0003967438566747319
CN(CC(C)(C)Nc1ncncc1Cl)C(=O)[C@@H]1CCOC1,0.000927802411480777
CN(CC1CCN(C(=O)[C@@H]2C[C@H]2C2CCCCC2)CC1)c1ncns1,0.0006987485577835203
CN(CCN(C)C(=O)C1(C)CC1)C(=O)c1cc2c(o1)CCCNC2=O,0.21911706955866025
CN(CCNC(=O)C12CCC(F)(CC1)C2)C(=O)c1nn[nH]c1C1CC1,0.3343504691820893
CN1C[C@@H]2CCN(C(=O)C(C)(O)C3CCCCC3)[C@@H]2C1,0.00043462720767784555
CN1CC(O)CN=C1N1CCN(c2ncnc3ccccc23)CC1,0.42446626958808403
CN1CC2CCC(NC(=O)c3cc(F)ccc3Cl)C2C1,0.0004099803497971276
CNC(=O)CCOC(=O)c1ccc(Cc2ccccc2)[nH]1,0.0003674114227853538
CNc1nc(NCC2(c3ccc(SC)cc3)CCOCC2)ncc1F,0.0013210212331676862
CO[C@]1(C(F)(F)F)C[C@H](C(=O)NCCc2ccc(CN(C)C)cc2)C1,0.0004961733191974876
CO[C@@H]1C[CC@@H](CO)N(C(=O)c2nc3cc(F)ccc3s2)C1,0.0
COC(=O)[C@@H](CC(=O)O)NS(=O)(=O)c1ccc(C(F)F)c(F)c1,0.0004634511811669848
COC(=O)C(NC(=O)[C@@H]1CCOC1)c1cccc2ccccc12,0.0006268159580880528
COC(=O)C1(C)CN(C(=O)c2csc(N(C)C3CC3)n2)CCO1,0.0005148091567356497
COC(=O)C1CCN(C(=O)c2ccc3cc(C)ncc3c2)C12CC2,0.23647537174795416
COC(=O)CCCN(C)C(=O)c1c[nH]c(C(=O)N2CCCC2)c1,0.0006183888398404181
COC(=O)c1cc(F)cc(C2(NC(=O)C3COCCC3(F)F)CC2)c1,0.0005902429211987051
COC(=O)c1cnc(C)cc1N(C)C(C)CNC(=O)CCC1CCC1,0.0008685166607457508
COC(=O)c1cnc(CCNC(=O)[C@@H]2CC(C)(C)CN2)s1,0.0003722859307936611
COC1(CC(=O)NCC2CCCN2C(=O)c2cn(C)cn2)CCC1,0.0011072516442252127
COC1CCC1N(C)C(=O)c1ccnc(OCC(F)(F)F)c1,0.00039163582534149674
COCC(NC(=O)OC(C)(C)C)C(=O)NC1CCN(C(=O)CO)C1,0.00028758892690898845
COCC1(C)CN=C(NCCc2cn3c(C)ccc3c2)N1,0.0
COc1cc(CC(=O)N2CCCC2CNC(=O)C(C)C(C)C)ccc1C,0.000391337831325513
COc1cc(N2CCc3ccccc3C(NC(=O)[C@@H]3C[C@H]3C)C2)ncn1,0.0005229989547238941
COc1ccc(O)c(C(=O)NC2(c3nnc4n3CCC4)CC2)c1,0.0003475272324544965
COc1ccc(OC)c(C(C)NC(=O)NCC2(n3cncn3)CC2)c1,0.00040409068612484294
COc1ccc(F)c(S(=O)(=O)N2C3CCC2C(C(=O)O)C3)c1,0.0006289871488496457
COc1ccc(F)cc1CNC(=O)c1nccn(C2CC2)c1=O,0.0004940920194800951
COc1cccc(CNC(C)Cc2cc(C)n[nH]2)c1O,0.0006671937340542889
COc1ccccc1-c1cncc(C(=O)N2CCC(NC(N)=O)CC2)c1,0.00047467915937348635
CSCC(=O)NCC1COCCN1C(=O)C1(C(F)(F)F)CCC1,0.00036111927287033215
Cc1c(NC(=O)N2CCC(c3ccon3)C2)cnn1C1CCC1,0.0005638318851839329
Cc1c(Br)c(CNC(=O)[C@@H]2C[C@H]3CC[C@@H]2O3)nn1C,0.00031788008175342525
Cc1cc(C(=O)N(C)CC(C)NC(=O)c2ccc(=O)[nH]n2)c(C)cn1,0.15050771022266643
Cc1cc(C(=O)NCC2(O)CC3CCC2C3)cc2nc[nH]c12,0.0007283339866618363
Cc1cc(C(=O)O)cn2c(=O)cc(N3C4CCCC3CC(O)C4)nc12,0.23754448946413642
Cc1cc(N2CC3(CCN(C(=O)C(F)C(C)C)C3)C2)nc(CO)n1,0.0004427142116814111
Cc1cc(NCc2cccc3c2COC3)nc(N(C)C)n1,0.000541354830672569
Cc1ccc(C(=O)N2CCC[C@H](NC(=O)C(C)C3CCCC3)C2)nn1,0.000603483032700854
Cc1ccc(C(=O)NC[C@@H](C)NC(=O)CSC)cc1OC(F)F,0.0004516031176438341
Cc1ccccc1CC(=O)N(C)CC1CCN(C(=O)C2(C)CC2)CC1,0.0005195375905264488
Cc1csc(=O)[nH]1,0.0003150491275194672
Cc1n[nH]c(CC(=O)N2CCCC(C3CC3NC(=O)[C@H](C)O)C2)n1,0.0001458082374934566
Cc1nc(O(C)C)ccc1NC(=O)COC1(C)CCOCC1,0.0
Cc1nc2c(CNC(CO)(CO)C(F)(F)F)cccc2[nH]1,0.0006125239092415416
Cc1nc2ccc(C(=O)NCC3CCN(C(=O)CO)C3)cc2nc1N,0.0005962064439900541
Cc1ncc(CS(=O)(=O)Cc2cccc(OC(F)F)c2)o1,0.0006945002183927505
Cc1ncc(N)cc1C(=O)N[C@@H]1CCCN(C(=O)CCCN(C)C)C1,0.22012334947611117
Cc1ncc(NC(=O)N2CC(O)(c3cc(F)ccc3F)C2)cc1C#N,0.0013691395270829002
Cc1ncnc(NC(=O)NC2(CO)CCCC2(C)C)c1C#N,0.0014644404857096832
Cc1nn(C2CCCC2)cc1C(=O)N(C)CCCN(C)C(=O)[C@@H]1C[C@H]1C,0.0013673472668745195
Cc1nnnn1CC(=O)NC1CC(NC(=O)c2cc[nH]n2)C12CCC2,0.00017891079275073247
Cc1noc(C(F)F)c1C(=O)NCCn1cc(Cl)cn1,0.2817635023294326
Cn1c(=O)cc(N(CCNC(=O)CCC2(N)CCCC2)C2CC2)[nH]c1=O,0.0007030383317876581
Cn1ccnc1CCN1CCC(C2CCNC(=O)C2)CC1,0.0008365700017399346
Cn1ncc(C(F)F)c1C(=O)N1CCC3(C1)CN(c1nnn(C)n1)C2,0.0
Cn1nccc1C[C@@H]1CCCN1S(=O)(=O)c1cncs1,0.00048427091791294766
N#Cc1ccc(C(=O)NCC(=O)N[C@H]2CCCc3cccnc32)cc1,0.0013774767357182056
N[C@@H]1C[C@H](c2ccccc2)N(C(=O)C2CC3(CCOC3)C2)C1,0.0005296701544391769
O=C(CC1CC1)N[C@H]1CCN(C(=O)C2COC3(CCC3)C2)C1,0.2778181090280485
O=C(CCc1cscn1)NC1(C(=O)O)CC2(CCC2)C1,0.13410993112958308
O=C(CCc1nnc(C2CC2)o1)Nc1cc(Cl)ccc1Cl,0.0007867344527015477
O=C(NC[C@@H]1CCCN1C(=O)c1cnc[nH]1)[C@@H]1CCCO1,0.1404457927390695
O=C(NCC(O)COCC1CC1)C(O)Cc1cccc(Cl)c1,0.0002912892731956862
O=C(NCC(F)(F)c1n[nH]c2c1CCC2)c1ncc2n1CCC2,0.0007425730712027945
O=C(NS(=O)(=O)C1CC2CCC1O2)c1cccc2cnsc12,0.21690029987274959
O=C(c1cc2c(o1)CCCNC2)N1CCc2ccccc2CC1,0.0004645110302233083
O=C(c1cncc(OC(F)F)c1)N1CCn2nccc21,0.0006926992472376698
O=C(c1cnns1)N1CCOCC1CNC(=O)[C@H]1C[C@@H](O)C1,0.0002351740074541134
O=C1NC2(CNC(=O)N3C[C@H]4CC(F)(F)C[C@H]4C3)CCC1C2,0.0005718412863421908
O=C1OC(C(=O)OCC2(C3CCCO3)CC2)CCc2ccccc21,0.0006584355154997425
O=c1cc(C(F)F)cnn1CC1CC2(CCC2)CO1,0.0006978856393926911
C[C@@H](CC1CC1)NC(=O)c1cccn2nnnc12,0.00038016997333428787
C[C@@H](CCNC(=O)Cn1nccn1)NC(=O)CCC(F)(F)F,0.0003617833533538273
C[C@@H](O)C(=O)NCC1(CCNC(=O)c2cnc(C3CC3)nc2)CC1,0.26950941624506675
C[C@H](CNC(=O)CC(C)(F)F)NC(=O)c1cccc2c1ccn2C,0.0008616219363157653
C[C@H](CNC(=O)c1cc(-c2cn[nH]c2)n(C)n1)NC(=O)CC1CC(F)C1,0.0005148103798524067
C[C@H](Cn1cc(C2(CC(=O)O)CC2)nn1)NC(=O)C(O)C(F)(F)F,0.00036775617131688424
C[C@H](N)CNC(=O)C1CCCN(C(=O)C2CCCCC2)C1,0.00033406154579620735
CC[C@@H]1CN(C(=O)c2conc2C(C)C)C[C@@H]1NC(=O)CCC1CC1,0.0005358941126319599
CC(=O)CCCC(=O)NCCC(C)NC(=O)c1ncc(N)cc1C,0.15990847910764208
CC(=O)N(CC(=O)N(C)Cc1cnccn1)Cc1ccc(C#N)cc1,0.0006051666053503903
CC(=O)c1ccc(C(=O)N2CC(O)(C(C)NC(=O)C3(O)CCC3)C2)o1,0.0003045120467286733
CC(=O)c1ccc(NCC(C2CC2)N(C)C(=O)C2CCCS2)nc1,0.3766002383931514
CC(C#N)CN(C)C(=O)c1cc(Cl)c(Br)[nH]1,0.0010008226477925316
CC(C)(C(=O)NCC1(O)CCOC1)c1ccc(C#N)c(Cl)c1,0.00076887158484156
CC(C)(C)C(=O)NCC1CCCC1NC(=O)c1[nH]ncc1Cl,0.0006963168960169882
CC(C)(C)C(=O)NCCC1(CNC(=O)[C@@H]2CNC(=O)C2)CC1,0.1284790445707477
CC(C)(C)c1nocc1C(=O)N[C@H]1C[C@@H](CNC(=O)C2(F)CCC2)C1,0.2667060857310602
CC(C)(CO)C(=O)N1CC(O)(CCNC(=O)c2cc3n(n2)CCC3)C1,0.14031641752953553
CC(C)C(CCN(C)C)NC(=O)C1CC12CCCCC2(F)F,0.0006275319430234819
CC(C)C1CCC(NC(=O)N2CCCCC2CF)(C(=O)O)CC1,0.0007209370142513825
CC(C)S(=O)(=O)CC(=O)N1CCc2c(F)cc(F)cc2C1,0.000379446448598676
CC(C1CCCO1)N(C)CC(Br)=C1CCOCC1,0.0006358730939649711
CC(CN(C)C(=O)c1ccnnc1)NC(=O)c1cc(Cl)sc1C,0.00047588316383349736
CC(CNC(=O)c1ccn(C(C)C)n1)NC(=O)c1coc2c1COC2,0.00036048460582971544
CC(CO)(CCF)NC(=O)Cc1ccc2c(c1)CCO2,0.0002982614908783495
CC(CS(=O)(=O)N1CC2CCC1C2)C(=O)OC(C)(C)C,0.0005676910079826358
CC(Cn1cncn1)NC(C)c1ccc(C2CC2)nc1,0.0007139329254517043
CC(NC(=O)C12CC1C2)C1(O)CCN(C(=O)c2cc(C(F)F)[nH]n2)C1,0.0002868304478498535
CC(NC(=O)C1COCCO1)c1cn(Cc2ncon2)nn1,0.00019182871854684586
CC(NC(=O)CO)c1cn(C(C)CNC(=O)C(C)(C)c2c[nH]cn2)nn1,0.00015464358120560008
CC(NC(=O)Cc1ccccn1)C1CCCCN1C(=O)[C@@H]1CCCO1,0.0005481454474489028
CC(Oc1cccnc1)C(=O)N1CC(C)(NC(=O)CC(C)(C)C2CC2)C1,0.0005792383791113852
CC1(C(=O)N2CCN(C(=O)c3cncnc3)C3(CCC3)C2)CCCC1,0.6337162048786006
CC1(C(=O)O)CCN1S(=O)(=O)c1ccc2ccccc2c1F,0.0006009536617244101
CC1(CNC(=O)CC(F)(F)F)CN(C(=O)c2cnns2)CCO1,0.0003040865377632695
CC12CC(C(=O)N3CCC(NC(=O)c4cccc(=O)[nH]4)CC3)(CO1)C2,0.20044301385545377
CC1CN(C(=O)CC2CCC(=O)N2)CCC1Nc1ncc(O)cn1,0.4054995674371753
CCC(=O)CC(NC(=O)c1cccc(OC)c1O)C(=O)O,0.2854066574438424
CCC(C)(C)CC(=O)NC1CC(C)N(C(=O)c2ccnn2C(C)C)C1,0.0009835628553857573
CCC(C)(C)OCC(=O)N[C@@H](C)CNC(=O)c1cc2n(c1)CCCC2,0.0003354954905912192
CCC(C)C(=O)N[C@H]1CCN(C(=O)c2ccc3ccncc3c2)C1,0.0004887893455704052
CCC(C)N1CCC(NC(=O)[C@@H](NC(=O)OC(C)(C)C)C2CC2)CC1,0.0006168305031528941
CCC(CC)(C(=O)OCc1ccccc1C(N)=O)c1ccccc1,0.0006199647492136552
CCC(CNC(=O)[C@H]1CC1(C)C)NC(=O)c1c[nH]nc1-c1ccccc1,0.0008276826901869479
CCC1(CC)CC(C(=O)N[C@H]2C[C@@H](NC(=O)CCn3ccnc3)C2)C1,0.0008698459804603354
CCC1CCCCN1C(=O)CCn1cc(Cn2cccc2)nn1,0.0005825143501202741
CCCc1nsc(N[C@@H]2CCN(C(=O)c3[nH]ccc3C3CC3)C2)n1,0.00021264017155335724
CCN(CCNC(=O)c1cccc(OC)c1C)c1cc(O)ncn1,0.0008889768907159855
CCN1CCC1C(=O)Nc1cnn(C)c1C(=O)OC(C)(C)C,0.0009596490781175998
CCN1COC(CNC(=O)Nc2cccc(N(C)C(C)=O)c2)C1,0.0005109647503625993
CCOC(=O)CCCC(=O)NC(CC)CNC(=O)C1CC1C(C)O,0.0004460347612007696
CCOC1C(C)C1C(=O)NCCC1(CNC(=O)C2(CC)CC2)CC1,0.14501890549191254
CCSC1(CNC(=O)C2(CCN3CCCCC3)CC2)CCOCC1,0.0016262288630818388
CCc1c[nH]c(C(=O)NCC2CCCCN2C(=O)Cn2ccnn2)c1,0.0006561101861850187
CCc1cc(C(=O)N[C@@H]2C[C@@H]3CC(C(=O)O)C[C@@H]32)ncn1,0.0003278493302027837
CCc1cc(C(=O)N2CCC3(C2)CN(C(=O)C2(C)C(C)C2C)C3)[nH]n1,0.0004329286851783723
CCc1nsc(N2CCN(c3sccc3C#N)CC2)n1,0.7190870252747481
CCn1ccc(C(=O)N2CC([C@H](C)NC(=O)C3COC(C)C3)C2)c1C,0.000355191138845123
CN(C)Cc1ccc(C(=O)N2CC3(CCCC3)CS2(=O)=O)cc1,0.0005618165058444986
CN(C)c1ccc(C(=O)N2CCC(C)(c3ncc[nH]3)CC2)cc1F,0.0009753711512591393
CN(CCNC(=O)c1cnc2n1CCS2)C(=O)c1ccncn1,0.11102975632421584
CN1CC(C)(C)N=C1NCC(O)COc1ccc(Cl)cc1,0.0009329547078151653
CN1CC(CC(=O)NCC2CN(C(=O)c3cncc(F)c3)CCO2)C1,0.12108307215846502
CN1CCC[C@@H]1C(=O)NC1CCCN(c2cc(=O)[nH]c(=O)[nH]2)CC1,0.00040010261804252785
CNC(=O)C[C@@H]1CN(C(=O)c2cnn(C(F)F)c2)C[C@H]1O,0.00036564125863087436
CO[C@H](C)C(=O)N1CCC(C)(NC(=O)c2cccc3c2CCOC3)C1,0.0003092856871135305
CO[C@H](C)C(=O)NC(C)C1CCCN(C(=O)C2(NC(C)=O)CCC2)C1,0.21885450353121166
COC[C@H]1C[C@@H]1C(=O)N(C)CCN1C(=O)C(C)Oc2ccccc21,0.0003263483882621952
COC(=O)[C@@H](F)CNC(=O)c1cn[nH]c1C1CCCCN1,0.0002937630449997491
COC(=O)[C@@H]1C[C@H](NC(=O)C2(OC)CC2)[C@H]2C[C@H]21,0.00032018504016590165
COC(=O)N1CCC2(CC1)CN(C(=O)NC1CCCCC1)C2,0.0006759036939232543
COC(=O)c1coc(CNC(=O)N2CCCC2c2nc(C)cs2)n1,0.0006265382686420915
COC(C)c1nc(CN2CC(=O)NC2(C)C)cs1,0.0004391631823812462
COC(CN(C)C(=O)Nc1ccnc(SC)c1)C1CCOC1,0.0012920576846326686
COC1(C(=O)N[C@H](C)CNC(=O)CNc2ncccn2)CCC1,0.00020664628086975768
COC1CC(C(=O)NCC2(NC(=O)c3ncoc3C(C)C)CC2)C1,0.25998945726742606
COC1CC(OC)C12CCN(C(=O)c1csc(C#N)c1)CC2,0.762581600106101
COC1CC2(C1)CC(C(=O)NCCn1cc3c(n1)CCC3)C2,0.000618978532759616
COCc1cc(NCc2cnc(N(C)C)n2C)cc(C(=O)O)c1,0.0014555666323895176
COCc1cn(C[C@@H]2CCCN2C(=O)CC2(CO)CCOCC2)nn1,0.0004560344508161989
COCc1csc(C(=O)N2CCC2CC2CCC2)c1,0.0006215860404124827
COc1ccc(C)cc1[C@@H](C)NC(=O)c1cnc(N)c(O)c1,0.0013779272884776998
COc1ccc(CNC2CCNC(=O)C2)cc1OCC(N)=O,0.0004228238033958258
COc1ccc2cccnc2c1CNC(=O)NC1CNC(=O)C1,0.0003622672696323005
COc1cccc(C(=O)N[C@H]2CC[C@H](CNC(=O)C3(O)CCC3)CC2)c1,0.2569367495777638
COc1cccc(CC(=O)NC(C)CNC(=O)c2ccn(C)c2C)c1,0.000607071340469359
CSCCC(=O)N1CCCCC1CNC(=O)C1CCN(C)CC1,0.0005228030281130105
CSc1nsc(NCCC2CC(NC(=O)C(C)(F)F)C2)n1,0.0010600655056644558
Cc1c([C@H](C)NCC(C)(C)C2(O)CCCC2)n[nH]c1C(=O)O,0.0005912828195837986
Cc1c(C(=O)N2CCN(C(=O)CC(O)C3CC3)CC2C)cnn1C,0.0004198520656038965
Cc1c(F)cccc1C(=O)NCC(C)N(C)Cc1nnn(C)n1,0.0003685463647102786
Cc1cc(C)c(C(=O)N2CCCC(NC(=O)[C@H]3C[C@@H]3C)C2C)c(=O)[nH]1,0.0004216318742928073
Cc1cc(C)c(C(=O)NC2CC2C(=O)OC(C)(C)C)cn1,0.00039695460877587675
Cc1ccc(C)c(C(=O)CCC(=O)NCC(F)F)c1C,0.2294466302146113
Cc1cccc(C(O)C(=O)NCc2cn(C3CCOC3)nn2)c1,0.00036788478699912984
Cc1cccc(CCNC(=O)Cc2ccc3c(c2)CCCO3)c1,0.0005036444121455381
Cc1ccnc(N2CCN(CC(O)CC3(O)CCOCC3)CC2)c1,0.000587261250102296
Cc1cnc(C(=O)N(C)CC(O)c2ccc(C#N)cc2)c(C)c1,0.0007070200844596658
Cc1n[nH]c(Br)c1C(=O)N1[C@H]2CC[C@@H]1C[C@H](C)C(=O)C2,0.24002379698175239
Cc1nc(=O)[nH]c(C)c1C(=O)NC1(C)CCN(c2ncnc(N)n2)C1,0.13506230207378842
Cc1nc(C(=O)NC2COCCN(C(=O)c3ccc[nH]3)C2)co1,0.12778432893368516
Cc1nc(C)c(C(=O)NCC(C)CNC(=O)Cn2cccc2)nc1C,0.0004190658273319044
Cc1nc(CN(C)CCNC(C)c2cncc(Br)c2)no1,0.0003908310664439675
Cc1nc(Cl)nn1C(C)C(=O)NC[C@@H]1CCCO1,0.000238923634856917
Cc1nc2ccc(C(=O)N3CC([C@@H](C)NC(=O)C4CCC4)C3)cn2n1,0.22054867030351188
Cc1nn(C)c(C)c1C(C)NC(=O)[C@@]12CCCCC[C@H]1OCC2,0.000548023200572098
Cc1nnc2cc(N3CC[C@H](NC(=O)C(C)O)C3)ncn12,0.00040916612958854354
Cc1nocc1C(=O)N1CC2C(CNC(=O)Cc3ccccn3)C2C1,0.00042209073323742116
Cc1nscc1C(=O)N[C@H]1CCCN(Cc2cnon2)C1,0.0004697517248560389
Cn1ccc(=O)c(C(=O)N2CCC3C2CCCN3CCO)c1,0.00028723265238363263
Cn1ncc2ncc(C(=O)N3CCCC4(CCCOC4)C3)cc21,0.0015340141504795693
N#Cc1c[nH]c2ccc(C(=O)N3CC(C4COC4)C3)cc12,0.0014278813618467672
N#Cc1ccnnc1N1CCC(NC(=O)CSC2CC2)C(F)C1,0.0010365488768563792
N=S(=O)(c1ccc(F)cc1)C1CCN(C(=O)[C@H]2CC[C@H](N)CC2)CC1,0.00044756561720730623
NS(=O)(=O)c1ccc(N2CCC(OCc3nccs3)C2)cc1,0.0008385447793609379
Nc1ncnc2c1ncn2CC(=O)NCC1CCCN(C(=O)CO)C1,0.00042331496863166716
O=C(C1CCN(C2CCOCC2)C1)N1CC2(COC2)C1,0.0003579704881109043
O=C(CCc1cn[nH]c1)NCCN1CCN(C(=O)Cc2cnoc2)CC1,0.00031904252064386473
O=C(N[C@@H]1CCN(CCO)C1)c1ccc(Cn2ccnn2)cc1,0.0002338496718314144
O=C(N[C@H]1CCN(Cc2c(Cl)cccc2F)C1)C1(CF)CC1,0.0006420467237652777
O=C(NCC1(F)CC1)c1ccc(OCc2ccc(-c3nn[nH]n3)cc2)cc1,0.0009972651743358084
O=C(O)C1N(C(=O)c2cc(Cl)c(Cl)cc2Cl)CCOC12CC2,0.0006066483070656321
O=C(c1ccc2ccnc(O)c2n1)N1CC(O)(C(F)F)C1,0.2564492243618936
O=C1C[C@H](OC(=O)CCc2nc(-c3ccccc3)no2)CN1,0.0005116793979248035
O=C1OCc2c1cccc2NC(=O)C(F)(F)C1(O)CCOCC1,0.0005084706687766569
O=S(=O)(Cc1cccnc1)N(CCC(F)(F)F)CC1CCCO1,0.00039718444869985074
O=S1(=O)C[C@@H](F)[C@H](NCc2cc(C(F)F)on2)C1,0.0004803623351241154
O=S1(=O)N2CCC1CN(CC(O)CCC1(O)CCC1)CC2,0.00017071330799190343
C[C@]12C[C@H]1CN(C(=O)CNC(=O)c1cc3[nH]ccc3s1)C2,0.0007846096458394711
C[C@@H](CNC(=O)c1ccc(=O)oc1)NC(=O)CCC1CC1,0.00031172903456860656
C[C@@H](O)C(=O)NCC1CN(C(=O)c2cnn(C)c2N)CC2(CCC2)O1,0.0005848463433394511
C[C@H]1C[C@@H]1C(=O)NC1CCN(C(=O)c2ccnc3[nH]ccc23)CC1(C)C,0.0007253939720170359
C[C@H]1CC[C@H](C(=O)N[C@@H]2CO[C@H](c3ccccc3)C2)CC1,0.0003429535840125153
C=Cn1nccc1C(=O)N1CC[C@H](CNC(=O)c2cnc(C)cn2)C1,0.0007203463558632836
CC[C@@H]1CN(C(=O)CC2(CO)CC2)C[C@@H]1NC(=O)C1CC1C(C)O,0.14167848578125705
CC[C@H](C(=O)N1CCC(c2nnc(C)s2)CC1)N(C)C,0.00047731002435198234
CC[C@H](NC(=O)OC(C)(C)C)C(=O)Nc1ccnc(COC)n1,0.0005521894865994621
CC(=O)[C@H]1CC[C@H](NC(=O)CN2CC3CCC2C3)CC1,0.00036635516469468726
CC(=O)N1CCC(C)(C(=O)N2CC(O)(CNc3ncc(C)cn3)C2)C1,0.31188119004635323
CC(=O)NC1CCN(C(=O)Cc2n[nH]c(C3CC3)n2)CC1C,0.14107813186952856
CC(=O)NC1CCN(C(=O)c2cc(C3CC3)on2)CCC1CO,0.0004441824194149085
CC(=O)NCCc1cn(CCC2CN(C(=O)c3cnc(C)s3)C2)nn1,0.0005293466944138717
CC(=O)c1cncc(C(=O)Nc2c(C)ccnc2C)c1,0.24837269103429918
CC(C#N)CN(C(=O)c1cc(OC(F)F)n(C)n1)C1CC1,0.0012719431714135162
CC(C(=O)NC1(C)CN(C(=O)C2(Cc3ccccc3F)CC2)C1)C1CC1,0.00045829220530529545
CC(C)[C@H]1CC(=O)N(CCCn2cccn2)C(=O)N1CC(F)(F)F,0.0006027934186643983
CC(C)(C)OC1CC(CNC(=O)c2ccsn2)C1(C)C,0.0005976578308119722
CC(C)C(CO)C(=O)N1CC(C2(N)CC2)C1,0.15257273687792502
CC(C)CC(=O)NC(C(=O)N1CC2(CCCO2)C1)C(C)C,0.00030533366525901186
CC(C)CCC(=O)N1C2CCC1C(CNC(=O)c1cc(C#N)c[nH]1)C2,0.6237522068148795
CC(CC(=O)Nc1ccc(-n2cc(C3CCN3C)nn2)cc1)C(=O)O,0.0009918328333573566
CC(CNC(=O)OC(C)(C)C)N1CCCC(C(F)(F)CO)C1,0.0006620645986582684
CC(CNC(=O)OC(C)(C)C)NC(=O)NCc1nncs1,0.0004511237675995586
CC(N(C)c1ncnc2c1cnn2C1CC1)C(F)(F)F,0.000823315785199705
CC(F)(F)C(=O)NC1(CNc2ncns2)CCCC1,0.000850161900624286
CC(F)(F)c1noc(CNC(=O)c2cncc(OCC(F)F)c2)n1,0.000593983390871765
CC(c1ccccc1)N(CCCO)C(=O)C[C@H]1C[C@@H](N)C1,0.000617022661161714
CC1(C(=O)N2CCC[C@@H](NC(=O)CCc3ccccc3F)C2)COC1,0.0005475519651593798
CC1(CN2CCc3noc(-c4ccccc4)c3C2)CS(=O)(=O)C1,0.5793063045981085
CC1=C(C(=O)N2CC(C)(NC(=O)CNC(=O)C3CC3)C2)SCCO1,0.13808313780865114
CC1CC(CC(=O)N2CCCC(c3nnc(N)o3)C2)C(C(F)(F)F)O1,0.0006919055461736307
CC1CC(NC(=O)c2ccc(C#N)[nH]2)CN1C(=O)c1cnccn1,0.0009898973282074963
CC1CC1N1CC(NC(=O)c2ccnc(OCCN(C)C)c2)CC1=O,0.00035240623684276294
CC1CC2CCC(C(=O)N3CC(NC(=O)c4cc[nH]c4)C3)CN2C1,0.00030468040238442015
CC1CN(C(=O)C2CCOC2)CC1CNC(=O)[C@H]1C[C@H](N(C)C)C1,0.00020303982435874058
CCC(C)(C)CC(=O)NC1CCCN(C(=O)Cc2nonc2C)C1C,0.0005985659155903794
CCC(O)C(C)C(=O)N1CCC[C@H]1CNC(=O)[C@H]1CCC(=O)N1C,0.12018128236990928
CCC1(CC)CN(S(=O)(=O)CCC2CCOC2)c2cccnc21,0.0008541631252198978
CCC1(NC(=O)OC(C)(C)C)CCN(C(=O)C(O)C(C)(C)C)CC1,0.24310359166211615
CCCC(NC)C(=O)N1C[C@H]2CC[C@H]2C1c1ccccc1,0.0004313207096758354
CCCC(O)(CCC)CC(=O)NC(CC)C1CCNC1,0.0006486649383685917
CCCN(CCNC(=O)C1CCC1)C(=O)c1ccnc2ccsc12,0.25247717678744025
CCN(CC)Cc1cn(CC(=O)N2CCCN(C(=O)[C@@H](C)O)CC2)nn1,0.000225029139325659
CCN(CCNC(=O)C1(C(F)F)CC1)C(=O)c1cccc2cn[nH]c12,0.0005882796056372308
CCN(CCNC(=O)C1(C)COC1)C(=O)CC1CC(F)C1,0.0003395798660650916
CCN(c1ccc(CNC(=O)c2cnn3c2CC(C)CC3)cc1)C(C)=O,0.0014369050058967044
CCN1CCC1C(=O)N(C)CCN(C(=O)c1cc(C)ccn1)C(C)C,0.15303751144725858
CCOC(CC)C(=O)N(C)C(C)CCNC(=O)c1c(C)cccc1C,0.20818954394171024
CCc1nnc(C(=O)NCCN(Cc2cncc(C)c2)C2CC2)[nH]1,0.0002567403600773133
CCc1noc2ncc(C(=O)NC(CO)C3CCC3)cc12,0.4021686544077899
CCn1ccnc1CN(C)C(=O)C1=CN(C(=O)OC(C)(C)C)CC1,0.00039086631188664994
CCn1cnnc1[C@@H]1C[C@@H](NC(=O)c2cnn(CCO)c2N)C1,0.00024204866443746343
CCn1nc(C(=O)NCC(=O)c2cc(C)cc(C)c2)ccc1=O,0.16968418498833795
CN(C(=O)N1CCOC(c2ncon2)C1)c1ccc(C#N)cc1,0.0009661864558896722
CN(C(=O)c1cc(N2CCCC2)ncn1)c1cc(C#N)ccn1,0.553133833054741
CN(C(=O)c1coc(=O)[nH]1)C1CCN(C(=O)C2C(F)(F)C23CC3)C1,0.0003499413509843903
CN(C)[C@H]1CCCCN(C(=O)N2CCOc3ccccc32)C1,0.0011842371628963107
CN(C)C[C@@H]1CN(C(=O)NCC2CCCc3ccccc32)C[C@H]1CN,0.0003522636014227586
CN(C)C[C@H]1C[C@@H](O)CN1C(=O)c1ccc(C2CCC2)nc1,0.0002726972620234917
CN(C)C(=O)CCC(=O)NCC1CCN(C(=O)c2ccc(C#N)o2)C1,0.3189751289495877
CN(C)CC(=O)N1CCCC(C)(CNC(=O)CN2CCCC2=O)C1,0.1421089631739292
CN(Cc1cccc(=O)[nH]1)C(=O)NC1CC)CC(F)(F)C1,0.0
CN1CCCC(C(=O)N2CC(NC(=O)CC(C)(C)C#N)C2)C1,0.2784116619749135
CNC(=O)CC(C)NC(=O)CC1(C(=O)OC)C(C)(C)C1(C)C,0.0003976139567516047
CNC(=O)NCC(=O)N1CC(C)(CO)Cc2cccc(F)c21,0.00047458886288439926
CNC(=O)c1cc(OC)ccc1NCc1cc(F)c(O)nc1C,0.0009332938911037723
COC(=O)C(NC(=O)c1cnn2c1CC(F)(F)C2)c1ccn(C)n1,0.0002956408939278956
COC(=O)C1CCC(NC(=O)CC2CCOC2)(C(=O)OC)CC1,0.0003335132502592172
COC(=O)N1CCC2(CC1)CN(C(=O)Nc1ccc(C)cc1C)C2,0.8375975862852165
COC(=O)c1ccc(C(=O)NCC(O)c2cccc(F)c2)s1,0.0005291765723153125
COC(=O)c1ccc(NCC(NC(=O)C2CCC(C)C2)C2CC2)nc1C,0.0006546526939199295
COC(C(=O)N[C@H]1C[C@H](NC(=O)C(OC)C2CC2)C1)C1CC(F)(F)C1,0.09176327669350143
COC(C)(C)CNC(=O)N[C@H](CC(=O)O)C1CC1,0.00034231892970585927
COC(C)C(=O)N(C)CC(C)CNC(=O)c1cc(-c2ccco2)on1,0.5644504191688399
COC(COC(=O)c1c(Cl)cnn1C)C1CCOC1,0.00034967078556849687
COC1(C(=O)NC(C)CNC(=O)c2cc3ccccc3s2)CC1,0.40259038200903857
COC1CCC(C(=O)NCCN(C)c2ncns2)C1,0.0005690230163463018
COCC(C)(O)CC(=O)N1CCC(NC(=O)CN2CCC2)C1(C)C,0.12114834194643752
COCCC(=O)NCC(C)N(C)c1ncnc2nc[nH]c12,0.0004657922919681831
COCCC1(C(=O)N(C)CCN(C)C(=O)C2(C)CNC(=O)C2)CC1,0.0002036634793300716
COCCN1CC(CNC(=O)c2cccc(-c3ccc(C)cc3)n2)C1,0.3226649749560919
COc1cc(C)ccc1OCC(=O)NC1(CCO)CCSCC1,0.001084694185348448
COc1cc(NC(=O)CCNC(=O)CC(C)C)cc(OC)c1OC,0.0007859303049466334
COc1ccc(C(C)NCC(C)(C)C(N)=O)c(F)c1Cl,0.00048814385786499607
COc1ccc(C)c(NC(C)C(=O)N(C)Cc2ccccc2C#N)n1,0.0008900985503152967
COc1ccc(CNC(=O)NC2C3Cc4ccccc4C32)cc1C#N,0.0005421270251366186
COc1ccc2ncc(C(=O)N(CC(=O)O)CC3CCCO3)n2n1,0.1776952324947417
COc1cccc(C(O)CN2CCC(N(C)c3ccccc3)C2)c1,0.0014028476841816953
COc1csc(C(=O)N2CC3CC2CN(C(=O)C2CCC(C)C2)C3)c1,0.3986247077659901
CS(=O)(=O)Nc1ccc(CN2CCC23CC(C(F)F)C3)cc1Cl,0.0016264408196233447
CSC(C)(C)C(=O)N1CCCC(NC(=O)c2cnn(C)c2N)C1,0.001142299114043225
CSCC(=O)N1CC(CNC(=O)COC2COC2)C1,0.0002215166829138606
Cc1[nH]cnc1S(=O)(=O)N1CCC(C2CCCC2)C1,0.0007712134995026879
Cc1cc(C(=O)N2CCCCNC(=O)C(F)(F)C2)ns1,0.00040881892952445483
Cc1cc(N)cnc1C(=O)N(C)CC(C)NC(=O)CC12CCC(CC1)C2,0.5997470895616349
Cc1ccc(C(=O)N[C@H]2C[C@@H](NC(=O)C[C@@H]3CCCC[C@H]3O)C2)cc1C,0.0004953624851442958
Cc1ccc(C(=O)NC(C)CNC(=O)CCc2ncccc2C)nc1,0.0004384565533157376
Cc1ccc(CCNC(=O)CS(C)(=O)=O)cc1C#N,0.0005191867805940599
Cc1cccc(CC(C)N(C)C(=O)C(N)Cc2cccnn2)c1,0.0005443944916113193
Cc1cnc(C)c(NC(=O)c2cc(C)nc3c2C(=O)CCC3)n1,0.0005776005681568764
Cc1cnoc1C(=O)N1CCC[C@@H](NC(=O)C(C)(F)C(C)(C)F)C1,0.2545908629865693
Cc1ncoc1C(=O)N1CCCCC(NC(=O)CCc2cnco2)C1,0.00045674262620708873
Cc1nnc2n1CC(C(=O)Nc1nc(C3CCC3)nn1C)CC2,0.0003500632955155025
Cc1nocc1C(=O)NC[C@H]1C[C@@H](NC(=O)C(F)C2CCOCC2)C1,0.0003665501086818641
Cc1oc(C#N)cc1C(=O)N1CC2(CCN(C(=O)[C@@H](O)C(C)C)CC2)C1,0.47420898872181005
Cc1sc(C(=O)Nc2c(C3CC3)nc3n2CCCC3)nc1O,0.0008465264431500501
Cn1ncc(NC(=O)NC2CC(C)n3cncc32)c1=O,0.0
N#Cc1ccc(C[C@H](NC(=O)c2ccc(F)s2)C(=O)O)cc1,0.0006806553683858023
NC(=O)NCCC(=O)NC1(CNC(=O)C2(C3CC3)CCC2)CCC1,0.3433994396930707
NC(=O)c1cnc(C(=O)N[C@H]2C[C@@H]3CC(CO)C[C@@H]23)c(Cl)c1,0.0002489934165377546
O=C(CC(F)(F)F)NC12CCCC1N(C(=O)Cc1ccccn1)CC2,0.18747464664391755
O=C(CC1CC1)N1CCC(C2(O)CN(c3ncc(F)cn3)C2)CC1,0.00028956128399992305
O=C(CC1CCN(CC(F)F)CC1)NCC(=O)Nc1cccc(F)c1,0.0010018015049942112
O=C(CC1OCc2ccccc21)OCc1ccn(C2CC2(F)F)n1,0.00044559034120941277
O=C(Cn1cccn1)NC1CC(CNC(=O)C23CCCCC2C3)C1,0.0006980276982185437
O=C(NC1(CNc2cc(O)ncn2)CCOCC1)c1cccnn1,0.000761390910345584
O=C(NC1CCNC12CCC2)c1ccc2c(c1)COCC2,0.00039913232438408504
O=C(NCC1CC(O)C12CCC2)C1CN(C[C@H](F)F)C1,0.0002403288299257718
O=C(NCCc1ccncc1)c1csc(C2CCCNC2)n1,0.00039729270886615305
O=C(NCc1ccc2c(c1)CCOC2)C(F)(F)c1nccs1,0.0004762458116048893
O=C(O)c1cnc(CCNC2COCCC2(F)F)s1,0.0003549309187447844
O=C(c1c(F)cc(Br)cc1Cl)N1CC(O)(C2CC2)C1,0.28225803992264925
O=C(c1ccn(C2CCCC2)n1)N1CCC[C@@H](C(F)(F)F)C1,0.000650601609190913
O=C1CCC(CC(=O)NC2(c3ccccc3)CCCCC2)C1,0.37467442939666806
O=S(=O)(CC1CCC2(CCOCC2)CO1)N1CC(F)(F)C1,0.14605802421253047
OCc1ccc2c(c1)ncn2CC1CC2(CCC(F)(F)C2)C1,0.0015701809249629732
C[C@@H](CNC(=O)c1cnc2n1CCCCC2)n1cc(C(C)(C)O)nn1,0.000558634749409979
C[C@@H]1COC[C@@](CO)(CNCc2ncc(Cl)s2)N1C,0.0003806278116488005
C[C@H](C(=O)N1CCN(C(=O)C2(O)CC2)CC(O)C1)N(C)C,0.00022985002327537295
C[C@H]1CN(C(=O)C2CCCN(C)C2)CCN1C(=O)c1cc(O)cc(O)n1,0.1308906861802616
C[C@H]1CN(C(=O)CN2CCSCC2)CCN1c1nnc(C2CC2)o1,0.0009258151535179787
CC[C@@H](C(=O)NC[C@H]1C[C@H](NC(=O)c2cnc(C)s2)C1)N(C)C,0.00046290927076450284
CC(=O)N[C@H](CC(C)C)C(=O)N(C)C(CNC(=O)C(C)O)C1CC1,0.19690608260775777
CC(=O)NCC(C)CN(C)C(=O)c1ccc(OCC(F)(F)F)nc1,0.00041433347270408314
CC(=O)Nc1cccnc1-c1cncc(Br)c1,0.21946829136247667
CC(C(=O)N1CCCC(NC(=O)c2ccncc2F)C1)c1ccccc1,0.0005300435128755909
CC(C)[C@@H](O)C(=O)NC1CCN(C(=O)c2c[nH]nn2)C1,0.10058914584117191
CC(C)(C)[C@@H]1CCN(c2cncc(Br)n2)[C@H](CO)C1,0.0006391405602305234
CC(C)(C)N1CCCC(NCC23CCC(CO)(CO2)C3)C1,0.0006088570733663844
CC(C)(CCF)OC(=O)C1CC(=O)N(C2CNC(=O)C2)C1,0.0002855711572767608
CC(C)N(CCN(C)c1cc(=O)[nH]c(=O)[nH]1)C(=O)c1cnco1,0.20294612603314688
CC(C)c1ocnc1CN1CCN(C(=O)CCCC(C)(C)C)[C@@H](C)C1,0.0009392362835818516
CC(CC(C)NC(=O)C1(C)CNC(=O)C1)NC(=O)[C@@H]1CC1(F)F,0.14441495910748775
CC(CN(C)C(=O)C1(CO)CC1)NC(=O)c1cccnc1OC(C)C,0.0003301269949706036
CC(CN(C)C(=O)c1cnn2ccn(C)c12)NC(=O)C(O)C1CCC1,0.000438587331177477
CC(CNC(=O)CC1(CO)CC1)CN(C)C(=O)C1(O)CCC(C)CC1,0.000490178879420323
CC(O)C(=O)N(CCNC(=O)c1ccn2nccc2n1)C1CC1,0.00032072066154573446
CC(O)C(C)C(=O)NCCC1CCN(C(=O)c2cc[nH]c(=O)c2)CC1,0.14295133955642297
CC1(C)CC1NC(=O)Nc1ccc(F)c(-c2nc[nH]n2)c1,0.001368619240278596
CC1(CNC(=O)C2CC23CC3)CCN(C(=O)Cc2ccsc2)CC1,0.0005879307466245549
CC1(NC(=O)c2cc3cc(Cl)ccn3n2)CCN(C(=O)C(C)(C)O)C1,0.00033255373724177346
CC12CCC(NCc3ccc4c(c3)CCO4)(CO1)C2,0.0007253451012193957
CC1C(NS(=O)(=O)c2ccc(N3CCCNC3=O)cc2)CC2CCC1N2,0.0006569883729809743
CC1C(OCC1c1ccccc1)CCN1CCN(CCC#N)CC1,0.0010867059859830995
CC1CC(O)CN1C(=O)COc1cc(Cl)ccc1F,0.0005756122143189096
CC1CC2CN(c3ccnc4c(Br)cnn34)CCN2C1=O,0.000973835441295831
CC1CCCCN1OC(=O)CCc1nnc2n1CCOC2,0.0003085261847740849
CCC(=O)N1CCC(O)(CNC(=O)CCc2c(C)noc2C)CC1,0.0002597713828906434
CCC(C(=O)N1CCCC(C)CC1)N1CCCC1=O,0.0005507128494275273
CCC(C)(C#N)C(=O)N1CCN(C(=O)c2cc(=O)n(C)cn2)C[C@@H]1C,0.0009053543609181966
CCC(C)(C)CC(=O)N1CCN(C(=O)[C@@H]2C[C@@H]3C[C@@H]3C2)CCC1C,0.00038654120115889045
CCC(C)(C)c1ccc(C(=O)NC(C)CCNC(=O)C2(C#N)CC2)cc1,0.0009060854168234268
CCC(C)C(=O)N1CC(O)(CNC(=O)c2cccc(Cl)c2F)C1,0.00046767457627008293
CCC(CC)C(=O)NC(C1CCC1)C1CCCO1,0.0009695433048277237
CCC(CN1CCC(NC(=O)[C@@H](C)OCc2ccccc2)C1)OC,0.0007272591798570951
CCC(CNC(=O)C1C(C)C1OC)Nc1ccc2nnnn2n1,0.00023176972855416816
CCC(CO)CNCC(O)C1(O)CCC(C(F)(F)F)C1,0.0004844492027335941
CCC(N)(CC)CNC(=O)c1ccc(-n2cnnc2)cc1,0.0004253920655569614
CCC(F)C(=O)NC1CCN(CC(=O)N(CC)c2ccccc2)CC1,0.0008830117922688684
CCCCC(=O)NC1CC(CNC(=O)c2ccc(OC(C)C)nc2)C1,0.000364034175102117
CCCN(CCNC(=O)c1cc(C)on1)C(=O)[C@@H]1CNC(=O)N1,0.10889643988733261
CCCc1ccc(CNC(=O)NC2CCCN3CCCCC23)cc1,0.0011006195958667832
CCCn1cc(NC(=O)Cc2cccc3c2CCNC3)cn1,0.0006509920209809521
CCN(CC)CCOc1ccccc1CNC1CCn2ccnc2C1,0.0005331175984587017
CCN(CCNC(=O)CNS(=O)(=O)C1CC1)C(=O)c1cnccn1,0.00012029577742858073
CCOC(=O)c1cc(F)ccc1NC(=O)N1CCC[C@@H](C(=O)O)C1,0.0010330306961164994
CCOC1COCCC1NC(=O)NCCCc1ncc(C)cc1C,0.00038114961370880313
CCOCC(=O)NC1CC(C)N(C(=O)c2cnn3c(C)ccnc23)C1,0.0003704619145020772
CCOCC(C(=O)NC1CC1)n1cc(C2CCCN2C)nn1,0.0004127612657051417
CCOc1ccc(NC(=O)NC2(CF)CCC2)cc1S(N)(=O)=O,0.20431014939127712
CCc1[nH]ncc1C(=O)NC1(C)CCCCC1(F)F,0.0005621272298098262
CCc1c(C(=O)N2CCN3CCOCC3C2)csc1C,0.00044856685215369636
CCc1n[nH]c(Cl)c1C(=O)NC(C)CCNc1ccc(C#N)cn1,0.001028578423821445
CCc1nnc(CS(=O)(=O)C(C)(C(=O)OC)C(C)C)s1,0.0003814649251943919
CCn1cc(C(=O)N2CC3(CCC(=O)N3)OC2c2ccccc2)nn1,0.0003911946858149078
CCn1cnc(Cl)c1CN1CCN(C(=O)c2ccc(C)cc2)CC1,0.001068241825721068
CN(CCOc1ccc2ccccc2c1)C1C2CCC1C2(C)CO,0.000638052472010414
CN1C(=O)CCC1CNC(=O)Nc1ccc(OCC2CC2)cc1Cl,0.0010251772454917662
CN1C(CC(=O)NC[C@H]2C[C@H](NC(=O)C3CC34CCCC4)C2)CC1=O,0.15569996138713887
CN1CC(C)(C)N(C(=O)c2sccc2Oc2cccnc2)CC1C,0.0007338355178875169
CN1CCC(C)(C(=O)N[C@@H]2C[C@H]2c2ccc(OC(F)(F)F)cc2)CC1,0.0005417956201292863
CN1CCC(n2nnc(NC(=O)C3(Cc4ccccc4)CC3)c2Cl)C1,0.0012357509536719909
CN1CCc2cc(CNC(=O)NCC(O)C(F)(F)F)ccc21,0.0005529303785994906
CNC(=O)NCCC(=O)N2CC[C@@H](NC(=O)c3cnn(C)c3C#N)C1,0.0
CNS(=O)(=O)c1ccc(NC(=O)NCCC(C)(C)C#N)nc1,0.0010929153165387582
CO[C@H]1C[C@@H](CC(=O)NCC(C)C(=O)OC(C)C)C1,0.00045032425488758266
COC[C@@H]1C[C@H]1NC(=O)C(NC(=O)Cc1ccc(O)cc1)C(C)C,0.00040150024825452154
COC(=O)[C@]12CC[C@H]1CCCN2C(=O)Cn1cnc2sccc2c1=O,0.000674709605275986
COC(=O)C1CCCCC1S(=O)(=O)NC[C@H]1COC(C)(C)O1,0.00036721910149545235
COC(C)(C(=O)N1C[C@@H]2CCC[C@H](C2)C1)C1CC1,0.0006660712312549703
COC(C)C(=O)NC1(CNC(=O)c2cccn3cnnc23)CCCC1,0.0003656525620973225
COC(C)CC(=O)NC1COCCN(C(=O)C(C)CO)C1,0.00027513629487769186
COC1(C(=O)NC2CCCN(c3nc(Cl)ncc3F)C2)CCC1,0.0007421827811120179
COC1CCCC1C(=O)N(C)C[C@H]1CCCN1c1cc(=O)[nH]c(=O)[nH]1,0.0005681550266684416
COCC(C)(C)CCNC(=O)C12CCC(C)(CC1)CO2,0.0006930569597536597
COCC1(CC(=O)NC(C)CNC(=O)c2ccc3c(c2)C(C)CO3)CC1,0.0006564914456754891
COCCN(C)CC(=O)NC12CC(C)(C1)n1cc(Br)cn12,0.0
COCc1cccc(COC(=O)[C@@H]2CSC(c3ccccc3)=N2)c1,0.0007834705226474929
COc1cc(N(C)CCC2CCN(C(=O)C(C)(C)C)CC2)ncn1,0.0007600682254462578
COc1ccc(CC(C)N(C)C(=O)[C@@H]2SCCC(=O)N2C2CC2)cc1,0.0004506749665878773
COc1ccc(CC2CCN(C(=O)C[C@H](C)F)C2)cc1,0.000504096260600105
COc1ccc(CC2CCN2c2ccc(C(C)=O)c(C#N)n2)cc1,0.5450481637704098
COc1ccc(NC(=O)C2(C)CC(OC)CN2C)c(OC2CC2)c1,0.0015887672416655164
COc1cccc(F)c1CN(C)CCN1CCCCC1,0.0010861982860861054
CSc1nccc(NC[C@H](C)NC(=O)c2nc2C)n1,0.0
Cc1cc(C(=O)N2CCC(C)(CS(C)(=O)=O)CC2)c(Cl)s1,0.3004485258315567
Cc1cc(CN2CCC(O)(C(C)NC(=O)c3cccnn3)C2)sn1,0.0003844215790784675
Cc1ccc(CNC(=O)C(F)C2CC(N)C2)c2ccccc12,0.27426434755170276
Cc1ccc(N[C@@H]2CCN(C(=O)C3(C)CCCCC3)C2)nn1,0.0012813546207017146
Cc1ccccc1C(=O)NCC1CCN1CC1CCC(F)(F)F,0.0
Cc1ccncc1C(=O)N1CC(NC(=O)c2ncc(F)cn2)CCC1C,0.000416428621278005
Cc1ccncc1C1CCN(C(=O)C2CNCC23CCN(C)C3)CC1,0.0005557015583994638
Cc1ccoc1C(=O)NCc1ccc(C(C)NC(=O)C2(O)CC2)cc1,0.0006465001597614094
Cc1cn(C)nc1C(=O)N1CCC2CCC(C1)N2CCF,0.0004389625250211587
Cc1cnsc1C(=O)NCC1CCN1C(=O)C1(C)CC(C)(C)C1,0.20112847620232233
Cc1nc(N[C@H]2C[C@@H](NC(=O)CC3(C)CC3)C2)cc(-c2ccco2)n1,0.8810146169356332
Cc1nc(Cl)c(C)c(N[C@H]2CCN(C(=O)CN(C)C(N)=O)C2)n1,0.0005643931971437102
Cc1ncc(C(=O)N2Cc3ccnn3CC2C)c(N)n1,0.0003628987869584364
Cc1ncc(COC(=O)CSc2ccccn2)n1C,0.0004228812036026424
Cc1nccnc1CN1CCN(C(=O)C(C)c2ccccn2)[C@@H](C)C1,0.00044215941142344394
Cc1ncnc(N2CCN(Cc3coc(C4CC4)n3)CC2)c1F,0.0002721564922579494
Cc1nn(C)c(F)c1C(=O)N1CCOc2cccc(F)c21,0.0008240504045250466
Cc1nnc(NC2CCCN(C(=O)c3ocnc3C3CC3)CC2)o1,0.15466446160488115
Cc1oc(C2CC2)nc1C(=O)Nc1ccc(OCCF)cc1,0.5598368551747818
Cc1sc(NC(=O)NC2CCOCC2O)c(C)c1C(N)=O,0.0005364912733865638
Cc1snc(-c2ccccc2)c1C(=O)N1CC(C)OC2(CCC2)C1,0.6588313940501159
Cn1c(CC(F)F)nnc1N1CCC(C)(N2CCOCC2)C1,0.000554137584860961
Cn1cc(CC(=O)Nc2ccc(C3CCC(=O)N3)cc2)nn1,0.0008764668981086028
Cn1cc(Br)nc1CN1CCCN(C)c2cccnc21,0.0015908289800506195
Cn1ccc(CN2CC3(CCN(C(=O)c4ccncc4)CC3)C2)n1,0.0005867981714470833
Cn1nc(C(=O)N2CC(NC(=O)c3[nH]nc(C1(C)C)CCC3)nc1O,0.0
N#CC1(F)CCN(C(=O)c2ccnc(-n3ccnc3)c2)CC1,0.6482764399817911
O=C(C1CCC(c2ccccc2)N1)N1CCc2c(cccc2CO)C1,0.0006072215871727166
O=C(CC1CCCO1)N[C@H]1C[C@H](NC(=O)c2cc3ncccn3n2)C1,0.0008565271384287934
O=C(Cc1cnsc1)N[C@H]1C[C@H](NC(=O)C2CCCCC2O)C1,0.0003325768327290416
O=C(Cn1cn[nH]c1=O)N[C@H]1C[C@H](NC(=O)c2ccc(F)s2)C1,0.0001979416030683301
O=C(Nc1cnc(-c2cccnc2)nc1)N1CC2(CCOCCO2)C1,0.617163724474443
O=C(c1cnc(-c2ccccc2)o1)N1CCCC1C(F)(F)F,0.0018845623247678842
O=C1CC(CCNC(=O)c2ccc(-c3ncn[nH]3)cc2)CCN1,0.5106740620790785
O=C1CC(NCc2cnn(CC3CCC3)c2)CCN1C1CCCCC1,0.0011490611353416628
OCC1CC12CCN(c1ccc(N3CCCC3)cn1)CC2,0.3021600443399388
OCCC1(NCCN2CCC2)CCN(Cc2ccccc2)CC1,0.0005131105197983154
OCc1nccc(N2CCCCC2c2cccc(O)c2)n1,0.0008162733358546125
c1ccc2c(c1)CC2CNC1CCC2(CCCNC2)C1,0.0009258544806584262
C[C@@H](CNC(=O)CCS(N)(=O)=O)NC(=O)Cc1cncnc1,0.00012085782343071655
C[C@@H](NC(=O)CN1CCN(c2ccc(F)cn2)CC1)C(=O)N(C)C,0.16246434007187824
C[C@H](CNC(=O)CCc1ncccn1)NC(=O)C1(C#N)CCSCC1,0.0007014561858434297
C[C@H]1C[C@@H]1C(=O)N1CCOC(CN(C)C(=O)c2c[nH]c(C(N)=O)c2)C1,0.14232332139138099
C[C@H]1C[C@@H]1C(=O)NC[C@H]1CCCCN1C(=O)CC1CCNC1=O,0.17530926387877974
CC(=O)[C@@H]1CCCCN1C(=O)CCn1cc([C@H](O)c2cccnc2)nn1,0.00013645544407047392
CC(C)CC(C)CS(=O)(=O)N1CC2C3CCC(F)(C3)C2C1,0.1533093982840652
CC(C)CCc1cc(NC(=O)Cc2ccoc2)[nH]n1,0.0009629664759014535
CC(C)CN(C)C[C@@H]1CCCCN1C(=O)CC1CCOCC1,0.0005403923703197725
CC(C)Cn1cc(NC(=O)[C@@H]2C[C@@H]2c2nc(C3CC3)nn2C)cn1,0.0003630102997378721
CC(C)N(CCNC(=O)c1cn2cc(Cl)cnc2n1)C(C)C,0.00041857823512358387
CC(C)c1cc(C(=O)N2CC(=O)N(C3CC3)C2)ccc1Br,0.000386353781196909
CC(C)c1nc2c(s1)CN(C(=O)Cc1ccccc1CC#N)CC2,0.0009747975357333455
CC(C@H]1CC[C@@H](C(C)C)CC1)NC1(C(=O)O)CCCOC1,0.0
CC(CCO)C(=O)NCC1(F)CCN(C(=O)CCC(C)(C)C)CC1,0.0005307279414163725
CC(CNC(=O)CCc1ccncn1)CN(C)C(=O)c1ncccc1N,0.0006613844125526689
CC(CO)C(=O)N1CCC(C)(NC(=O)[C@H](C)n2cnnn2)CC1,0.08452725659127748
CC(N)C(=O)NC1CCCc2c(C(=O)OC(C)c3cccnc3)cccc21,0.00037580115572301954
CC(F)(F)C1(COC(=O)C2CC3(CC(C(=O)OC(C)(C)C)C3)C2)CC1,0.001998212180993517
CC(c1ccccn1)N(C)CC1CCCN1C(=O)C(C)(C)F,0.0005866648718613954
CC1(C)CC1CC(=O)N(CCNC(=O)CCc1cccs1)C1CC1,0.0005954751496184606
CC1(C)CCN(C(=O)CN2CCC2)CC1NC(=O)c1cccc(F)c1,0.3344835433548474
CC1(c2cc(C(=O)Nc3nocc3C(C)(C)C)[nH]n2)CC1,0.0007181365730598666
CC1CC(#N)(C(=O)N2CCN(C(=O)Cn3ccnn3)C[C@@H]2C)C1,0.0
CC1CC(=O)CC(C2CN(C(=O)c3nnc4n3CC(C(=O)O)CC4)C2)C1,0.16909520617060994
CC1CC(C(=O)N[C@H]2CCCN(C(=O)c3cccc(N(C)C)c3)C2)CO1,0.0012529913331296083
CC1CCC(C(NC(=O)OC(C)(C)C)C(=O)N2CCC(O)C2)CC1,0.0006169895060290948
CC1CN(c2cc(-n3cccn3)ncn2)CC1N1CCOCC1,0.44015941093542255
CC1CN(c2ncc3cc[nH]c3n2)C[C@H]2CC[C@@H](C1)N2,0.0014794375851159606
CC1OCCC1C(=O)NCCS(=O)c1ccccc1F,0.0003037788221297619
CC=Cc1ccc(NC(=O)CCn2cc(C3(CCO)CC3)nn2)cc1,0.8217786002644533
CCC(=O)N1CCCC(CN(C)C(=O)[C@H]2CNC(=O)N2)C1,0.00026830024771283675
CCC(C)OCC(=O)N1CC(O)(C(C)NC(=O)C2CC2(C)(C)CC)C1,0.0
CCC(CNC(=O)C(C)C1CC1)NC(=O)c1cc(O)n(C)n1,0.0004039431483020383
CCC1(C(=O)NCC2(C)CCN(C(=O)[C@H](C)O)CC2)COC1,0.0002485068924728892
CCC1CC(CC(=O)N[C@H](C)CNC(=O)CCc2ccn[nH]2)CCO1,0.0003504296328012926
CCCC(C)(C)C(=O)N[C@@H]1CCN(C(=O)C2CS(=O)(=O)C2)C1,0.11740133909471288
CCCCC(NC(N)=O)C(=O)N[C@H]1c2ccccc2C[C@@H]1C(C)C,0.0006422513043368778
CCCCN(C(=O)CC1CCC(C)(O)CC1)C1CCOC1,0.35077952722271916
CCCCS(=O)(=O)NCC(NC(=O)OC(C)(C)C)C(=O)OC,0.00030332425810612973
CCN(C(=O)[C@@H]1C[C@H]1C)C1CCN(C(=O)c2cccn3nncc23)C1,0.14928547555806806
CCN(CCNC(=O)c1csc(C)c1)C(=O)C1=CNc2ncncc2C1,0.2964846379152537
CCN1CC(C(=O)NC[C@H](C)NC(=O)c2nc(C)ccc2C)CC1=O,0.09440519583141617
CCNc1ccc(C(=O)N2CCc3c(cnn3CCO)C2)cc1,0.0006539328764536217
CCO[C@@H]1CN(C(=O)c2ccc(-c3cncs3)nc2)C[C@H]1CN,0.27337868929429193
CCOC(=O)c1cc(N2CCC(OC)(C(F)(F)F)CC2)nc(C)n1,0.36032563561168607
CCOC(=O)c1nccc(N2Cc3ncncc3C2C(F)F)n1,0.0008916152158653851
CCOc1ccccc1-c1cncc(CN2C(=O)CCNC2=O)c1,0.0010434327525990657
CCc1cc(C(=O)NCCC2CCN(C(=O)[C@H]3C[C@@H](O)C3)CC2)no1,0.00043571467790388794
CCc1cc(N[C@H](C)CNC(=O)c2ccc(Cl)cc2F)ncn1,0.0008687456193144326
CCc1ccc(NC(=O)c2sccc2F)cc1S(N)(=O)=O,0.0005006617089068388
CCc1nc(C#N)cc(NC2CCN(C(=O)C3CCC3)C23CCC3)n1,0.0017397104537373509
CCc1ncc(C(=O)NC2CNc3ccccc3C2=O)c(C)n1,0.22322087274889443
CCc1nn(C)c(CC)c1CNS(=O)(=O)[C@@H]1CC[C@H](C(=O)O)C1,0.00047548242829141427
CCc1nnc(C(=O)N2CCC(C(C)NC(=O)CNC(C)=O)CC2)[nH]1,0.00024040724353351534
CCc1nocc1C(=O)N1CCC(CN(CC)c2nnc(C)o2)CC1,0.0012564600054469424
CCc1occc1C(=O)NCC(CC)NC(=O)c1cn(C)cn1,0.0004193535294790781
CCn1c(CNCC2(OCC(=O)O)CCC2)nc2ccccc21,0.4663057713102897
CN(C(=O)c1csnc1Cl)C(CNc1nnco1)C1CC1,0.0009188872550321356
CN(C)C1CCCN(C(=O)c2cnn(-c3ccccc3)n2)C1,0.0005116799380992607
CN(C)c1ccc(C(=O)Nc2ncc(CC3CCCO3)s2)cc1F,0.0016981406710576586
CN(C)c1ccc(NC(=O)C23CCCN(CC()(C)C)C2C3)cn1,0.0
CN1CC(NC(=O)C2c3c[nH]nc3CCC2=O)[C@@H](c2ccccc2)C1,0.00032334941810868565
CN1CCC(CN(C)Cc2ccnn2C2(C(=O)O)CC2)CC1,0.0004483835203663872
CN1CCCC(O)(CC(=O)Nc2cc(-n3cccc3)ccn2)C1,0.0005780778381661133
CNC(=O)C1(C)CCN(C(=O)Nc2ccc(-c3ccc(C)nn3)cc2)C1,0.4709866342086702
CO[C@H]1C[C@@H](NC(=O)Nc2cnn(-c3ccc(C)cc3F)c2)C1,0.0007707783378827727
COC[C@@H]1CN(C(=O)c2cccnc2Oc2ccccc2)CC(C)(C)O1,0.0010169430264079145
COC(=O)C1(NC(=O)c2cn(C)cn2)CC2(CCC2)C1,0.0005291321103589814
COC(=O)Cn1ccc2cc(NC(=O)C3CCc4cn[nH]c43)ccc21,0.000812046124944365
COC(=O)c1cc(C(=O)N2CC3(CC3)C[C@H]2CO)c(F)cn1,0.19575541564240542
COC(=O)c1ccc2c(n1)CN(c1nnnn1CCC1(C)OCCO1)C2,0.18854391840328386
COC(C)(C)Cn1nnnc1N1C[C@@H]2CS(=O)(=O)C[C@]2(C)C1,0.0004725163983015233
COC1(C(=O)NCC2CCCCN(C(=O)c3ccccc3C)C2)CC1,0.30090601533075306
COCC(C)(O)C(=O)N1CCC(NC(=O)c2cc(C)ccc2O)C1,0.136099512407569
COCC1(C(=O)N[C@H]2CCCCN(C(=O)C3CC(OC)C3)C2)CC1,0.00035295004323775944
COCC1(C(=O)O)CCCN(C(=O)CC(C)C2CCCCC2)C1,0.6504247178130109
COCC1(NC(=O)c2occ3c2CCOC3)CCOC1,0.00028609865769066293
COc1c(NC(=O)c2cc3n(n2)CCCC3=O)c(C)nn1C,0.0009307023719451513
COc1cc(N2CCN(CCCC(C)(C)C)C(=O)C2)ncn1,0.0008677265186255894
COc1cc(NC(=O)N2CCN(C(C)(C)C)CC2)ccc1OC(C)C,0.0010948255626605722
COc1ccc(C(=O)NCC(O)CNC(=O)C2(O)CC2)cc1OC,0.1400278734835003
COc1ccc(N2CCC(NC(CCO)CSC)CC2)cc1OC,0.0016502480199878011
COc1cccc(-c2noc(C(C)NC3(C4CCCO4)CCC3)n2)n1,0.0017474811028680417
COc1ccnc(N2CCC3(CC(NC(=O)CCC4CC4)C3)C2)n1,0.0009348132197844943
CSc1ccsc1C(=O)N1CCC2(CC(NC(=O)C(C)C)C2)C1,0.0005381332071362345
Cc1c(C(N)=O)cccc1C(=O)OCc1ccc(C2CC2)cn1,0.0004668812904327874
Cc1cc(C(=O)N2CCCn3nc(C)cc3C2)c(C)n1C1CC1,0.0007041379319912479
Cc1cc(CNC(=O)C(CC(C)C)n2ccnc2)cc(C)n1,0.00041494543119538203
Cc1cc(N[C@H](C)CNC(=O)C(C)(C)O)nc(Cl)n1,0.00039699324146179224
Cc1ccc(C(=O)NC(C)CCNC(=O)C(C)C2CCOC2)c(O)c1,0.00044050627968535356
Cc1cnc(S(=O)(=O)Nc2cnnn2C2CC2)c(C)c1,0.0002589294183497106
Cc1cnn(C)c1C(=O)N1CC(C2(Nc3nnc(C(C)(C)C)o3)CC2)C1,0.0005373500377721819
Cc1nc(C(=O)NCCN(C)C(=O)c2ccc(C(C)(C)C)nc2)c[nH]1,0.00045352128560991937
Cc1nc(C)c(C)c(N[C@H](C)CNC(=O)c2nsnc2O)n1,0.0006549809205263098
Cc1ncc(C(=O)NC(C)CN(C)C(=O)C2(C#N)CC2(C)C)c(N)n1,0.49251275550446905
Cc1nccc(N2CCC[C@@H]2CNC(=O)c2c(C3CC3)cnn2C)n1,0.001334836879032614
Cc1nn(-c2ccccc2)cc1C(=O)OCC(O)CC1CCC1,0.26044424267219213
Cc1nn(C)c(C)c1CC(C)NC(=O)C(C)(C)c1ccc(C#N)cc1,0.0010017351083709408
Cc1nn(C)c(C)c1S(=O)(=O)C1CCC(C(C)(C)C)C1,0.0005715718598303546
Cc1nnc(N[C@H]2[C@@H]3CN(C(=O)CCc4ccccc4)C[C@@H]32)o1,0.0005380362422283298
Cc1nnnn1CC(=O)N1CCCC1CNc1ccnc(Cl)n1,0.00038111163003535755
Cc1noc(C)c1C(C)C(=O)N[C@H]1CCCCN(C(=O)C(C)C(C)C)C1,0.0005509244693563078
Cc1noc(C)c1N(C)C(=O)NCCC1CCCCO1,0.0008563785135825677
Cc1ocnc1C(=O)N[C@H]1C[C@H](NC(=O)c2cnoc2C)C1,0.09067616541105883
Cc1scc(CNC(=O)NC2CCN(C)C23CC3)c1C,0.0007313490126900551
Cn1cncc1C(=O)NCC1(NC(=O)c2sccc2Cl)CC1,0.0006145360953666271
Cn1cnnc1CC(=O)N[C@H]1C[C@@H](NC(=O)c2ccc(F)c(F)c2)C1,0.0004239721117707076
Cn1nnc2ccc(C(=O)NCC3CCC4(CCOCC4)O3)cc21,0.46546430802807365
Cn1nncc1C(=O)N1CC(C)(NC(=O)CC(C)(C)C2CC2)C1,0.0003248685681255895
N#Cc1cncnc1NC1CCCN(C(=O)C2C3CCC(C3)C2CC2)C1,0.0
N[C@H](CNC(=O)c1cc2c(F)cccc2[nH]1)CC(C)(F)F,0.4073374968846586
O=C([C@H]1C[C@H]1COc1ccccc1)N1CCC12CCS(=O)(=O)CC2,0.0003869892793518066
O=C(NC(CNC(=O)[C@@H]1CC1(F)F)c1ccccc1)C1CC12CC2,0.0004397776714530017
O=C(NC1CC1)C1(NCCC(F)(F)C(=O)O)CCCC1,0.0004162688641737218
O=C(NC1CCCC1C1CC1)c1cc2ncccc2[nH]1,0.0018064979580400097
O=C(NCCC1CC2CCC1O2)N1CC2(CCC2)CCC1C(=O)O,0.492214406372462
O=C(NCc1ccnn1C1CCC1)C1CCn2ccnc2C1,0.0013070905444947647
O=C(Nc1ccc(Br)cc1)C(O)C(O)c1ccccc1,0.0007104947457014561
O=C(O)C[C@H]1CCCN1C(=O)c1cc2ncccc2s1,0.3236348677245013
O=C1CC(C(=O)N[C@H]2C[C@@H](NC(=O)CC3CCCO3)C2)CCN1,0.10780745352839344
O=C1CC(C(=O)N2CCC(n3ccnc3C(=O)O)CC2)CCN1,0.16772087238044217
O=C1CCC2CN(C(=O)c3ccccc3OC(F)(F)F)CC2N1,0.0004610269247828259
O=C1CCCCC2(C(=O)N3CCOC4(CCCCC4)C3)CCCN12,0.0010586503303192342
O=C1N[C@H](C(=O)N2CCC[C@@H]2CCNC(=O)C23CCCC2CCC3)CO1,0.4674189103170788
O=C1NC[C@H](C(=O)N2CCCC(n3cc(C4CCNC4)nn3)C2)O1,0.10198812645966049
O=S1(=O)CC(NCC(CO)Cc2cccnc2)C12CCC2,0.00029143617068011447
O=S1(=O)CCC(n2c(C3CCCO3)nnc2N2CCOCC2)CN1,0.00020306937539531664
C[C@@H](CNC(=O)c1cc2c([nH]1)CCCC2)NC(=O)c1cnns1,0.0004299298438183368
C[C@@H]1C[C@H]1C(=O)NCCN(C)C(=O)c1cc(-c2c(F)cccc2F)on1,0.0008160022740693892
C[C@H](CNC(=O)C1(C)COC1)NC(=O)c1ccc(C(N)=O)cn1,0.00018281169486041832
C[C@H](CNC(=O)c1cccc(-c2ccncc2)n1)N)NC(=O)COC1CC1,0.0
C[C@H]1CN(C(=O)c2cncn2C)C[C@H]1NC(=O)CC(C)(C)C(F)(F)F,0.00041618710994534064
C=C(F)C1(CC(=O)N2CCC[C@H]3CN(C(=O)C(C)C)C[C@H]32)CCC1,0.0004277833036616074
CC[C@@H]1CN(Cc2cn(C)nn2)CCN1C(=O)c1ccoc1C,0.000593848059818067
CC(=O)N[C@H]1C[C@H](CNC(=O)[C@@H]2CC(=O)Nc3ccccc32)C1,0.0009619441278417645
CC(=O)N(C)CCNC(=O)N1CCN(C(=O)C(F)(F)CO)CC1,0.00025773091850450077
CC(=O)N1[C@@H](C)CN(C(=O)Nc2csc(Cl)c2)C[C@H]1C,0.0007544529042864729
CC(=O)N1CCC(NC(=O)N(C)CCOc2ccc(Cl)cc2)C1,0.0003648264584759669
CC(=O)NC1CCC(C(=O)N(C)CCCN(C)C(=O)C23CC2C3)CC1,0.0005006566487453462
CC(=O)NCCC(=O)N[C@@H](C)CNC(=O)c1ccccc1SC(C)C,0.0004381105607074609
CC(C(=O)N1CCC[C@H](c2n[nH]c(CNC(=O)C3CC3)n2)C1)N1CCC1,0.13999906398344691
CC(C)(C(=O)NCC1COCCN1CCCO)C1CCCCO1,0.0004974591856289152
CC(C)(C)CCC(NC(=O)c1cnn(CCN2CCCCC2)c1)C(N)=O,0.0010292785459929672
CC(C)(NC(=O)c1ccsn1)C1CCCN1C(=O)c1cn[nH]c1,0.0003945706297015474
CC(C)(F)CC(=O)N1CC(O)(CCNC(=O)c2cc[nH]n2)C1,0.1162301900902735
CC(C)CC1(C(=O)N(C)CC2CN(C(=O)c3cncnc3)C2)CCCC1,0.5336549772009096
CC(C)CN1CC(C(=O)NC(Cc2nn[nH]n2)C(F)(F)F)CC1=O,0.00039702971871484385
CC(CCN)NS(=O)(=O)c1cccc(Oc2ccc(F)cc2)c1,0.0006064503280159461
CC(CCNC(=O)C1CCCOC1)NC(=O)c1cccc2ncoc12,0.0006444930002111747
CC(CNc1nc2cccnc2s1)N(C)C(=O)COC(F)F,0.0010329984390293652
CC(NC(=O)NC1(CCF)CC1)c1ccnc(O)c1,0.0004061202538822746
CC(NC(=O)NCc1ccco1)c1nnc2n1CCC2,0.0002685524340963749
CC(O)C(=O)NC1CC2CN(C(=O)CCc3ccco3)CC2C1,0.00035715206961162306
CC(O)C(=O)NC1CCCN(C(=O)C2Cc3ccccc3O2)C1,0.0003004935725027458
CC1(C(=O)N[C@H]2CCN(C(=O)C(O)Cc3ccccc3)C2)CC1(F)F,0.0005292110869041434
CC1(C)CC(CNC(=O)c2sc(-c3ccoc3)nc2Cl)=NO1,0.6082513115227124
CC1(C)CNC[C@@H](CNC(=O)Cc2cccc(F)c2O)O1,0.0003825532392512065
CC1(CF)CN(S(=O)(=O)c2cnc3sccc3c2)C1,0.0006615705066158148
CC=Cc1cn(-c2ccc(C(=O)N3CCC(=O)N(C)CC3)nc2)nn1,0.0012151564845483689
CCC(C)(C)C1CCN(C(=O)[C@H]2C[C@@H](C(=O)O)C2)CC1,0.21019741275236947
CCC(F)C(=O)N1CC2CC(C1)N(C(=O)c1cnccc1C#N)C2,0.31053592113098805
CCC1(NC(=O)C(C)(C#N)CC)CCN(C(=O)c2ocnc2C)CC1,0.4219346659256314
CCC1CN(C)CCC1N(CC)Cc1ncccc1Cl,0.0008248600419359655
CCCCc1cn([C@H]2CON(C(=O)C(C)(CC)OCCC)C2)nn1,0.00031739769619031294
CCCN(CC(=O)N(C)C)C(=O)NCc1nc(C)c(C(=O)OC)o1,0.0003620751062421123
CCCc1[nH]ncc1C(=O)N[C@H](C)C1CN(C(=O)c2ccc(=O)[nH]c2)C1,0.0003082990416509033
CCN(CC(C)(C)CN)C(=O)c1cnn(-c2nccs2)c1,0.0004252105507837771
CCN(CC)C(=O)CCNC(=O)c1ccc(-n2ncn(C)c2=O)cc1,0.00046795334962811775
CCN(CCNC(=O)c1ccc(F)c(O)c1)C(=O)c1ccc(F)cn1,0.0003498191676176915
CCN1CCCCC1C(=O)Nc1ccc(C(=O)O)cc1C(C)N,0.0010225350463379111
CCN1CCN(C(=O)NC2CCOC3(CCS(=O)(=O)C3)C2)C(C)C1,0.15983316960006105
CCOC(=O)NCC(=O)NCC(NC(=O)C1CC1C(C)O)C1CC1,0.11345191681676067
CCOC(=O)c1ncc(C(=O)NCCc2c(C)cc(C)cc2C)s1,0.0005237935085971869
CCOC(C)C(=O)NC1COCCN(C(=O)c2cnn(CC)c2)C1,0.0002606030630993594
CCOc1ccc(NC(=O)CNC(=O)C2(COC)CCCC2)cc1,0.0006232882369556248
CCOc1nc(C(=O)N2CC[C@@H](NC(=O)c3ncc[nH]3)C2)co1,0.00027697102587709836
CCS(=O)(=O)CC1CCN(c2nc(C(F)(F)F)co2)CC1,0.000711589184919599
CCSCC(=O)NC(C)CCNC(=O)C12CCC(CC1)CC2,0.0006764053530359744
CCc1ccc(C(=O)N(CCNC(=O)C2CC(C)C2)C2CC2)c(O)c1,0.0005552697666994864
CCc1ccc(C(=O)NCCN(C)C(=O)C2(C#N)CC3CCC2C3)[nH]1,0.001302507439950271
CCc1ccccc1OCC(=O)N[C@H](C)c1nccc([C@H](C)O)n1,0.0007082099902675671
CCc1nn(C)cc1C(=O)N1CCCN(C(=O)CC2CSC2)CC1,0.0003460266398602429
CCn1c(C(=O)NC(CNC(=O)C2CCCC2)CC(C)C)cnc1O,0.000465502830783778
CCn1cc(C(=O)N2CCCC(CN(C)C(=O)[C@H]3CC3(C)C)C2)c(C)n1,0.0006829278484151423
CN(C(=O)c1ccn2cncc2c1)[C@H]1CC[C@@H](O)CC1,0.000834205780886869
CN(C)c1cnc(C(=O)N2Cc3ccccc3OC(C)(C(=O)O)C2)cn1,0.4343973253970277
CN(CC=CCl)CC1CCN(C(=O)C2C3Cc4ccccc4C32)C1,0.0007810036693479327
CN(CCC1CCCO1)C(=O)NCC12CCCCC1C2(F)F,0.0017025870386399376
CN1CC[C@H](C(=O)N[C@H]2C[C@H](CNC(=O)C(F)(F)C(C)(C)O)C2)C1,0.16828584534008623
CN1CC(C(=O)NC(=O)NC2(C)CN(C(=O)OC(C)(C)C)C2)CCC1=O,0.1125263085506964
CN1CCC[C@H]1CNC(=O)Nc1ccc2ncc(Cl)cc2c1,0.0009126207725230948
CN1CCC(C(=O)N[C@@H]2C[C@]23CCCc2ccccc23)CC1=O,0.0006492334536119398
CN1CCN(c2cc(F)ccc2CN2CCC(C)(C#N)CC2)CC1,0.0017646894623756736
CNC(=O)CN(C(=O)N(Cc1cncn1C)C1CC1)C1CC1,0.0007940164677190355
CNc1ncc(CN[C@H]2c3cc(F)ccc3F)cn1,0.0
CO[C@H](C)C(=O)N1CC(NC(=O)c2ccccc2OCC2CC2)CC1C,0.2784217250895387
COC(=O)C(Cc1ccc(OC)cc1)NCc1ncnn1CC(C)C,0.00047708222529232064
COC(=O)C12COC(C(=O)NC3COC(C)C3C)(C1)C2,0.0001807704334847888
COC(=O)c1cn([C@H]2C[C@H](C(=O)NCc3nc(C)c(C)[nH]3)C2)nn1,0.0003652917795403598
COC(C)(C)C(=O)NCCC(C)NC(=O)CC1CC2(CC2)C1,0.00048403923748035896
COC1CC(CNC(=O)NC2CCCC2C2CCC2)C1,0.0006508303970905695
COCCS(C)(=O)=NC(=O)c1ccnc(C(C)(C)C)c1,0.0004961320485652773
COCc1nc(C(=O)N2CCN(c3ncccc3C(N)=O)CC2C)n[nH]1,0.22620654780749003
COc1cc(C(=O)N2C3CCCC2CN(C(=O)C2(O)CCC2)C3)ccn1,0.15153328434494526
COc1cc(C(=O)N2CC(CNC(C)=O)(OC)C2)ccc1C#N,0.0006840742975480185
COc1ccc(C(OC)C(C)NCc2cc(Cl)c[nH]c2=O)cc1,0.0006042243420885939
COc1ccnc(NCC2CN(C(=O)Cc3ccn[nH]3)CCC23COC3)n1,0.0008145215712215189
COc1nsc(OC)c1C1CCN(C(=O)c2cccc(N)n2)CC1,0.4115221218110615
CS(=O)(=O)c1ccc(C(=O)OCC2CCOC3(CCCCC3)C2)[nH]1,0.0007221906378839923
Cc1c[nH]cc1C(=O)N1CC([C@@H](C)NC(=O)CCC(C)(C)F)C1,0.0007058807575743984
Cc1cc(C(=O)NCC(C)(C)c2cnccn2)c(F)cc1F,0.0008541885763740524
Cc1cc(C(=O)NCC2CNCCC23CCOCC3)ncn1,0.1450034909892488
Cc1cc(C(=O)NCCN2CCC(C)(C)C2)ncc1C(F)F,0.00038903405087443267
Cc1cc(F)sc1C(=O)N1CC([C@@H](C)NC(=O)CC(C)(C)O)C1,0.00044559114912247637
Cc1cc(Cl)cc(C)c1CNCC(C)(C)C(=O)OCC(C)(C)O,0.00051561151586077
Cc1ccc2c(c1)nc(CNC(=O)[C@@H]1C[C@H]3CC[C@@H]1O3)n2C,0.0004181743398787993
Cc1ccoc1C(=O)NC[C@H]1C[C@@H](NC(=O)c2sccc2F)C1,0.0005853651596118564
Cc1cnc2c(c1)N(C(=O)N1CCOc3c(F)cccc31)CC2,0.6762193256902642
Cc1cncc(C(=O)N2CC(NC(=O)C3CCCC34CC4)C2)c1O,0.5678289914351402
Cc1cnn(C(C)C(=O)N(CCNC(=O)[C@@H]2CCOC2)C2CC2)c1,0.21586729992713843
Cc1nc(C(=O)N2C[C@H]3[C@H](NC(=O)Cn4nnc(N)n4)[C@H]3C2)co1,0.09981459632038363
Cc1nc(N(C)C2CC2)sc1CC(=O)N(C)Cc1cc(C#N)cs1,0.0011092593478716896
Cc1nc(Cl)c(C)c(NC2CCN(C(=O)C3CC(C)(C)C3)C2)n1,0.2308031568377077
Cc1nccc(CNC(=O)c2ccc3c(c2)N(C)CCO3)n1,0.0007757561764403301
Cc1nn(C)cc1CCC(=O)N1CC(Nc2nnco2)CCC1C,0.0011118346407967554
Cc1nnc2[nH]nc(NC(=O)[C@@H]3OCC[C@@H]3C)c2c1C,0.0006083005438655353
Cc1nocc1C(=O)NC(C)CC1CN(C(=O)CC2CN(C)C2)C1,0.000327401955506134
Cc1occc1C(=O)N1CC2CC1CCC2NC(=O)c1cnn(C)n1,0.0004221910291080427
Cc1sc(NC[C@@H]2COC[C@@H]2O)c(C#N)c1Br,0.6566923162840925
Cn1cc(C2(c3nc(NC(=O)C(C)(C)C)no3)CCCN2)cn1,0.0009070805469199104
Cn1cccc1CC(=O)N1CCOC(F)(F)C1,0.0004043757636220281
Cn1cncc1S(=O)(=O)N1CC(C2CCC2)C1C(=O)O,0.0002655347730101901
Cn1nc(C(C)(C)C)cc1NC(=O)c1cn(C(C)(C)C)nn1,0.0012239129987838759
Cn1nc2c(c1CNC1(CC3CC3)CC1)CCCC2,0.0014268138074762379
Cn1ncc(C(=O)OC(CC(=O)C(C)(C)C)C(=O)OC(C)(C)C)n1,0.0004574102707622638
Cn1ncc2c(=O)[nH]c(CCC(=O)O)nc21CC1NCCC1F,0.0
N#CCC(=O)N1CC[C@@H](NC(=O)c2ccc3[nH]c(=O)[nH]c3c2)C1,0.0009099291413158596
N#CCOc1ccccc1C(=O)N1CCCC2(CC2)C1CO,0.682318244800442
N#Cc1ccc(C(=O)Nc2nc3c([nH]2)CCOC3)c(=O)[nH]1,0.0007343757952274907
N#Cc1cccc(C(=O)N2CCS(=O)(=O)C3CCCCC32)c1,0.0011083808971150285
Nc1ncc(CCNC(=O)N2CCCC(Cn3ccnn3)C2)s1,0.0006222137950831927
Nc1ncnc(N[C@H]2C[C@H](CNC(=O)C3(O)CC4CCC3C4)C2)n1,0.00023310691199254739
O=C(C[C@@H]1CCCNC1)N[C@@H]1CCN2CCC[C@@H]1C2,0.00031700962241997503
O=C(Cn1ccnn1)N[C@H]1CCN(c2nnc(C(F)F)o2)C1,0.0004684067749303985
O=C(N[C@]12CC[C@H]1CN(C(=O)COc1ccsn1)C2)c1cc[nH]n1,0.25101197195565944
O=C(N[C@@H]1CCN(C(=O)C23CCCN(CCC2)C3)C1)[C@@H]1CCCO1,0.19156722677805196
O=C(N[C@@H]1CNC[C@H]1O)C1CN(C(=O)OCc2ccccc2)C1,0.0002692526466382109
O=C(NC1(CO)CN(C(=O)[C@@H]2CCc3ccccc32)C1)c1ncc(F)cn1,0.00040757151917671
O=C(NC12CCCNC1C2)c1ccnc(CNC(=O)OC(C)(C)C)c1,0.00046670681732874424
O=C(O)C1CCC2CCN(Cc3cncc(-c4nn[nH]n4)c3)C2C1,0.0013095670638157398
O=C(OCc1ccc(F)cc1F)c1ccc(OCC(F)(F)F)nn1,0.0006194305438478355
O=C(c1ccnc(N2CCCCC2)n1)N1C[C@@H]2CC[C@H](C1)N2,0.0004605674708352947
O=C1CC(CNC(=O)N2CC(SC(F)F)C2)c2ccccc2N1,0.0010055950345082788
O=S1(=O)CCCN(Cc2ccc(-n3ccnc3)nn2)CC1,0.0002849204054389099
O=c1c2c(ncn1CCc1ccccc1Br)CCC2,0.0004299539844635693
C[C@@H](CNC(=O)c1conc1C(F)(F)F)NC(=O)C1CC12CCC2,0.0003425501025540219
C[C@@H]1CNCCN1C(=O)C(F)(F)Oc1ccc(F)cc1,0.0004786990601003727
C[C@H](C(=O)N1CC2CC(C1)C2Nc1ccc2nnnn2n1)N(C)C,0.00041285274817996016
C[C@H](CC(F)(F)F)C(=O)NC1CCCN(CC=CCl)CC1,0.0004074746986785081
C[C@H](NC(=O)COc1ccsc1Br)c1nc[nH]n1,0.0006651555183038448
C[C@H](O)C(=O)N1C[C@@H]2C[C@H]1CN2C(=O)c1cccc2c(C#N)c[nH]c12,0.0009787655204810187
C=C(Cl)C(C)(C)C(=O)N[C@@H]1C[C@H](O)[C@H](OC)C12CCCC2,0.0005437601073051039
CC(=O)NCC(=O)N1CC(C2CN(C(=O)c3cc(C#N)cs3)C2)C1,0.2762882117894961
CC(C)(C)c1cnc(N[C@H]2CCN(C(=O)[C@H]3C[C@](F)(CO)C3)C2)cn1,0.0008632865995732579
CC(C)(CNC(=O)C1Cc2cccnc2C1)C1COCC12OCCO2,0.0005059224011482137
CC(C)C(CNC(=O)c1cc[nH]n1)NC(=O)c1csc(Cl)c1,0.0007049875899424408
CC(C)CN1CCN(C(=O)CC2CCC(=O)C2)CC1=O,0.0002756545649741777
CC(C)N(C)CC(=O)N1CCCC(CCOc2ccccc2)C1,0.0004993739783088961
CC(C)O[C@H]1C[C@@H](NC(=O)NCc2cccc(CS(C)=O)c2)C1,0.0002974509821894388
CC(CC(C)(C)C)C(=O)NC1CN(C(=O)c2cccc3c2OCC3)C1,0.0006041648345033038
CC(CCNC(=O)c1ccc2[nH]c(N)nc2c1)NC(=O)C1CCCC1,0.0008927507554242961
CC(CN(C)CC(=O)Nc1ccc2c(c1)CCC2)NC(=O)[C@@H]1CCCO1,0.4902673822348834
CC(CO)C(=O)N1CCCC(Nc2nccc(OC(C)C)n2)C1C,0.0009552330344475521
CC(O)(CCNC(=O)NC1COCC1(F)F)c1ccccc1,0.0003235319762222742
CC(O)C(=O)N1C[C@H](CO)[C@@H](NC(=O)C(F)(F)c2nccn2C)C1,0.0004408727557047222
CC1(CNC(=O)c2ccnn2C2CCOCC2)CCOC1C1CC1,0.000415151965538636
CC1(NC(=O)[C@@H]2CCC[C@H]2C(F)(F)F)CCCNC1,0.0007045072387217746
CC1(F)CCN(C(=O)c2ccc3cn[nH]c3c2)CC1,0.44632352704375483
CC1CC(C(=O)N[C@H](C)CNC(=O)CC2CC(O)C2(C)C)CCS1,0.17489356199349781
CC1CC(NC(=O)COCC2CCCO2)CCN1C(=O)c1ccccn1,0.0004421840765928051
CC1CCCC1C(=O)NC[C@H](C)NC(=O)c1cnn(C)c1C(C)C,0.00042552610274877663
CC1CCN(c2ncns2)C1CNC(=O)c1cc(C2CC2)[nH]n1,0.0009372536491795285
CC1CNc2c(C(=O)NCC3CCCC4(CCOC4)O3)cnn2C1,0.0008696183054780054
CC1OCCC1C(=O)NCC1(C)CCCN1C(=O)c1cn[nH]c1,0.3316385443118538
CCC(C#N)C(=O)NCC(C)N(C)C(=O)C1(OC)CCC1,0.0011512089600003157
CCC(C)(C)C(=O)N1CCC(C)C(CNC(=O)c2conc2C2CC2)C1,0.2785998427590288
CCC(C)(C)C(=O)N1CCC(N(CC2CC2)C(=O)c2ccncn2)CC1,0.0012008769202191052
CCC(CC)C(=O)NC1CCN(Cc2cscn2)CC1,0.0005192154807006029
CCC(CNC(=O)C(C)c1c(C)n[nH]c1C)NC(=O)c1cccc(C)n1,0.00047410250843816045
CCC(CO)C(=O)N1CC2(CCCC2NC(=O)c2cc(C)no2)C1,0.00027683624120419716
CCC(CO)NC(=O)CSc1nc2cc(F)ccc2[nH]1,0.000912269377084973
CCC(NC(=O)c1ccnc2ccccc12)C(=O)N1CCCCC1,0.0005898768780531591
CCC(F)C(=O)N(C)CCN(C)Cc1ncnn1-c1ccccc1,0.0003992444020079192
CCC1(C(=O)N[C@@H]2CCC[C@H]2OCC(=O)OC(C)(C)C)CC1,0.0003857509522335503
CCC1(C)CC(C(=O)N(C)CCN(C)C(=O)C(C)N2CCC2)C1,0.00043383442090543363
CCCC(OC)C(=O)N1CC(CN(C)C(=O)c2cc(C)c(C)[nH]2)C1,0.19818429351223743
CCCS(=O)(=O)CC(=O)N1CCC(NC(=O)c2csnn2)C1,0.0002281264865091313
CCN(C(=O)c1nc(C)cc(C(F)(F)F)n1)[C@@H]1CCC[C@H]1O,0.00046823847128632534
CCN1CCN(CC(=O)NC(=O)N=S(C)(C)=O)[C@H](C)C1,0.16075369906221823
CCOC1CCCN(C(=O)c2cc(Cl)c3c(c2)OCCCO3)C1,0.0009484445795148531
CCSc1cc(C(=O)N[C@H]2CNC[C@@H]2OC)ccc1F,0.00042490957273657974
CCc1cc(CNC(=O)c2ncccc2OCC(F)F)[nH]n1,0.0005185359374786383
CCc1nc(OC)ccc1NC(=O)N[C@]12CCC[C@H]1C[C@H](CO)C2,0.0007569439803981787
CCc1nnc(C(=O)N2CC3(CCCN(C(=O)c4ccc[nH]4)C3)C2)c[nH]1,0.0
CCc1noc(C(C)N2CCCCC(NC(=O)[C@@H]3C[C@H]3C)C2)n1,0.0003106514165070272
CCc1nocc1C(=O)N1CC[C@@H](NC(=O)c2cc[nH]c2)C1,0.16862609718278185
CCn1ccc(C(=O)NC[C@]23OCCC[C@H]2C3(F)F)cc1=O,0.0003081964459026613
CCn1ccc(CC(=O)NCC(NC(=O)C(COC)OC)C(C)C)n1,0.0003853052403826166
CCn1ncc2c1CCC(NC(=O)NCCC(O)c1cccs1)C2,0.00042539789447521465
CN[C@H](C)C(=O)N1CCCC1c1cc(F)c(F)c(OC)c1,0.0005351029159394038
CN(C(=O)C1CCc2nccn21)C1CCN(c2ccccc2F)C1=O,0.21155459542099192
CN(C(=O)c1ccsc1Cl)C1CS(=O)(=O)c2ccccc21,0.0006452658933645711
CN(C)Cc1cn([C@@H]2CON(C(=O)c3ccnn3CCF)C2)nn1,0.0003180259060525343
CN(C)c1ccc(CN2CC(O)(CC(F)F)C2)c(Cl)c1Cl,0.3958701278830215
CN(CCNC(=O)C1CCOC1)C(=O)c1ccc2n[nH]c(=O)n2c1,0.09485458780066952
CN(CCO)CCNC(=O)Nc1ccc(Oc2ccccn2)cc1,0.0013159265523436288
CN1CC(CC(=O)NCC2(O)CN(C(=O)CS(N)(=O)=O)C2)C1,7.39681260344309e-05
CN1CCC(CNC(=O)NC2C(F)CC3CC32)C1c1cccs1,0.0009406087488470391
CN1CCC(N(C)C(=O)c2cccc(NC(=O)CC3OCCCO3)c2)CC1,0.0010451279622433474
CNC(=O)NC(C)C(=O)NCC1CN(C(=O)c2cnsc2C)C1,0.16418606581233824
CNS(=O)(=O)CC(=O)NC1CN(C(=O)c2ccc(N)cn2)CC1C,0.0002744625083111022
COC(=O)C(OC(=O)[C@H]1C[C@H]2[C@@H](C1)C2(C)C)C1CCC1,0.1720130418748247
COC(=O)N(C(C)C)S(=O)(=O)[C@@H]1CC[C@H]2COC[C@@H]12,0.00035821792009604994
COC(=O)c1cc(CNC(=O)c2cnn(C3CC3)c2)n2c1CCCC2,0.46300226654784304
COC(=O)c1ccc(C2=CCN(C[C@](C)(O)C(F)(F)F)CC2)cc1,0.0006053299143418474
COC1CCN(C(=O)C2CC3(CCC3)CO2)CC1(C)C,0.00045612345161465427
COCCC(=O)NCC1C2CN(C(=O)c3cccc(O)c3F)CC12,0.0002854533970571386
COCCN(Cc1cnsc1)Cc1ccc(C)c(OC)c1,0.0005234256133988867
COc1cc(N(C)C)ccc1C(=O)NC1COCc2cccc(OC)c21,0.0017711447120775676
COc1ccc([C@@H](O)CNC(=O)C(C)c2ccc(F)cc2)cc1,0.0005794518304396719
COc1ccc(C(=O)Nc2ccc3c(c2)CNC3)cc1OCCN,0.0013199488598928633
COc1ccc(C)cc1C(=O)N[C@H]1CCCN(c2nnc(C)c(C)n2)C1,0.0009423975665333076
COc1ccc(CN2CCC(=O)N(Cc3ncco3)C2=O)c(C)c1,0.0005466661728016711
COc1cccc(-n2cc(C(=O)N3CCNC(=O)C3C)nn2)c1,0.20287659412169434
COc1ccnc(C(=O)NCC2CCN(c3ncccn3)C2(C)C)c1O,0.42420583342530327
COc1cncc(-c2noc(C34CCCNCC3C4)n2)c1,0.0013247858759515764
COc1nn(C)cc1C(=O)N[C@H]1CCN(C(=O)C(OC)C2CC2)C1,0.0004260238651346474
CS(=O)(=O)Cc1cccc(NC(=O)NC2CN(C3COC3)C2)c1,0.0006723251404254084
Cc1[nH]nc(C(F)(F)F)c1C(=O)NCC(C)NC(=O)CN(C)C,0.0003786144986105263
Cc1c(NC(=O)N2CCCCC2CNC(=O)C(C)(C)N)cnn1C,0.0007748883412759345
Cc1cc(C(=O)N[C@@H](C)C2CN(C(=O)CC3CCCCN3C)C2)[nH]n1,0.23065518549526945
Cc1cc(C(=O)N[C@H]2CCN(C(=O)c3cnsc3)C2)c(C)n1C(C)C,0.00046112597441285325
Cc1cc(C(=O)N2CCCC(C(C)NC(=O)Cc3cnco3)C2)n(C)n1,0.0005844077445224893
Cc1cc(C)nc(N)c1CNC1CCN(C(=O)C2CCCCC2)CC1,0.001632976865478094
Cc1cc(CNC(=O)[C@@H]2C[C@@H]2c2nn(C)c(=O)n2C)cc(C)c1F,0.00037942127557699884
Cc1cc(Cl)c(CNC(=O)c2nonc2C)cc1Cl,0.0005485089787172278
Cc1ccc(-n2ccc(CCC(=O)NC=CN3CCC(N)CC3)n2)cc1,0.001531989315843967
Cc1ccc(-n2cncc2C(=O)N2CC[C@@H](C)C[C@@H](C)C2)cc1,0.00045742753909530875
Cc1ccc(C)c2c1CCCN2C(=O)c1cnn(CC(F)F)c1,0.47320199767378623
Cc1ccc(CN(CC(=O)O)C(=O)c2c(C)nn(CCO)c2C)s1,0.0004640887218364679
Cc1ccncc1CN1CCN(Cc2ncoc2C2CCC2)CC1,0.00045787355701130196
Cc1cn3c(n1)CC(C(=O)NCc1ncc(N(C)C)cn1)CC2,0.0
Cc1nc(C(=O)NCC2(C)CCCN2C(=O)Cc2ncnn2C)n(C)n1,0.0002033670716177411
Cc1nc2ncccc2cc1C(=O)N1CC(CC(F)F)C1,0.0007927195188260343
Cc1ncsc1CCSc1nnc(C(C)(C)C)n1CCC#N,0.0017429016537499917
Cc1noc(C(=O)N2CCC2CNC(=O)CCC(=O)N(C)C(C)C)n1,0.11216253962556855
Cn1c(C(=O)NC2(C(N)=O)CCC2)cc(Cl)c1Cl,0.0005269371925398713
Cn1ncc2cc(C#N)c(N3CCC(F)(CO)C3)nc21,0.49053917568149796
Cn1ncc2cc(F)c(C(=O)NC3(C(=O)O)CCSCC3)cc21,0.0009048981334932514
Cn1nncc1NC(=O)NC(C)(C)c1noc(C(C)(C)C)n1,0.0008895050095226218
N#CC1(C(=O)N[C@@H]2CCN(C(=O)[C@@H](O)C3CCCC3)C2)CC(=O)C1,0.272595416785429
N#CC1(CC(=O)NC(CNC(=O)C2(O)CC2)C2CCC2)CC1,0.160003050105849
N#Cc1cccc(CS(=O)(=O)N2CCOC3(CCCC3)C2)c1,0.000670493442190523
N#Cc1cncnc1N1CC(CO)(NC(=O)C2Cc3ccncc3C2)C1,0.0007852273440462215
Nc1ccc(C(=O)N2CC[C@@H](NC(=O)[C@H]3C[C@H](n4ccnn4)C3)C2)cn1,0.23536281217262306
O=C(CC1(O)CC1)Nc1cc(-c2ccccc2F)sn1,0.5066516760018396
O=C(CCc1ncc(Cl)s1)Nc1nc2c(s1)CCCC2,0.0015659961659322565
O=C(Cc1ccc(=O)[nH]c1)NC1CC(NC(=O)c2cnoc2)C12CCC2,0.0005475696742403619
O=C(Cc1cn2ccsc2n1)OCC1C2CCCC21,0.0011827454759704918
O=C(N[C@@H]1C[C@H]2CC[C@@H]1O2)c1cncc(-n2ccnn2)c1,0.00103489185795033
O=C(N(CCO)Cc1cccc(Cl)c1)C1(O)CCSCC1,0.00034069635750643096
O=C(N1CC(O)(c2ccccc2)C1)C12CCC(C(F)F)(CC1)C2,0.0004237728240698635
O=C(NC[C@H]1CCN(C(=O)C2(c3ccncc3)CC2)C1)c1cc[nH]c1,0.0008403076159716434
O=C(NC1NCC2(CC2)C1n1cccn1)[C@@H]1COc2ccccc2O1,0.0005318553849979384
O=C(NCCc1ccc2c(c1)CCOC2)c1cc(C(F)(F)F)ns1,0.00045872180931604684
O=C(NCc1cncc(-c2ccccc2)c1)NC1CC(CO)C1,0.0004491123378215554
O=C(Nc1c(Cl)ccc2c1OCC(=O)N2)C1CCC2CC2CN1,0.241895891257801
O=C(Nc1cc(Cl)c2c(c1)OCO2)N1CC(O)(C(F)F)C1,0.0008047513729659446
O=C(c1cc2c([nH]1)CCOC2)N1CCc2c(cccc2C(F)(F)F)C1,0.0006650586942307358
O=C(c1ccnc(OC(F)(F)F)c1)N1CCC2(CCOC2)C1,0.0003585941669765
O=C1C[C@@H](CC(=O)NC2CCCCC2CNC(=O)COC2CC2)CN1,0.12318017294109805
O=S(=O)(NCC1(CO)CCc2ccccc21)c1cc(F)cc(F)c1,0.0005398044639302572
O=S1(=O)CC2CCN(c3ccncc3C(F)(F)F)CC2C1,0.000529343273471332
C[C@H]1C[C@@H]1C(=O)NCc1cn(C2CN(C(=O)Cc3ccccc3)C2)nn1,0.0003609432529904208
CC[C@@H](CO)NC(Cc1ccc2cn[nH]c2c1)CC(=O)OC,0.0006925408695582069
CC[C@@H](N)Cc1nc(-c2ccc(N3CCCC3)cc2)no1,0.0017335058314259166
CC[C@@H]1CN(C(=O)C2CCC(C)(C)CC2)C[C@@H]1NC(=O)CN1CCC1,0.18967336216441302
CC[C@H](CC(=O)N(C)C[C@H]1CCCN1C(=O)c1cn[nH]c1C)C(C)C,0.0006497306240535028
CC(=O)CCC(=O)NC1(CNC(=O)[C@H]2C[C@@H](O)C2)CCOCC1,0.09752836515343954
CC(=O)CCCC(=O)N1CC2CC(C1)N(C(=O)Cn1cc(C)cn1)C2,0.13585886200282485
CC(=O)N(C)CC(=O)N1C[C@@H](F)C[C@H]1CNC(=O)c1cn(C)nn1,0.00020780185914839077
CC(=O)OCCC(=O)N1CC[C@@H](NC(=O)c2cncnc2C(C)C)C1,0.0003369135039498357
CC(C(=O)N1CC(Cn2cc(C3CCC3)nn2)C1)c1cnn(C)c1,0.0009379811812917356
CC(C)(C)OC(=O)N[C@@H]1c2ccccc2OC[C@H]1NC(=O)OC(C)(C)C,0.00047907658327859767
CC(C)OC(=O)C(C)CNC(=O)c1ccc(-c2cc[nH]n2)s1,0.001199107513924594
CC(C)S(=O)(=O)C1CCN(C(=O)[C@@H]2CC[C@H](c3ncn[nH]3)O2)C1,0.0003146469871404731
CC(C)SCC(=O)NCC1CCCN(C(=O)C23CCCC2CCC3)C1,0.5992139120602425
CC(C)c1nccc(NC(=O)c2c(Br)nnn2C)n1,0.0010502282079589997
CC(CC(N)=O)C(=O)NC[C@H]1CCCN(C(=O)C2CCO2)C1,0.00015402216259048618
CC(CCc1cccnc1)NCCN1CC(C)(C)OC(C)(C)C1,0.00030882641050497675
CC(CO)N(CC1CCC1)S(=O)(=O)CCc1cnnn1C,0.00034187305647154594
CC(NC(=O)C1(C)CS(=O)(=O)C1)c1coc2ccccc12,0.0010057893215257498
CC(NC(=O)CN(C)C(=O)CN)c1cn(C)nc1-c1ccc(F)cc1,0.0008948695021795789
CC(NCC12CCC(C1)C(=O)N2)c1ncc(Br)cc1Cl,0.0005075946053349109
CC(O)CC1CCN(Cc2csc3cnccc23)CC1,0.3169322313266277
CC1(C#N)CCN(C(=O)NCC2CN(S(C)(=O)=O)C2)C[C@@H]1CO,0.2774090184836238
CC1(C)C(NC(=O)c2c[nH]nn2)C2CCCN(c3cc(O)ncn3)C21,0.0004921439071431242
CC1(CNC(=O)Nc2cc(OC(F)F)ccc2F)CCOCC1,0.001881782781150013
CC1(NC(=O)N[C@@]23CCC[C@@H]2C3)CCOC12CC2(F)F,0.27840897508023554
CC1(OCC(=O)N2CCN3CCCCC3C2)CCOCC1,0.00032210249344786785
CC1=NOC2(C1)CC(C(=O)N(C)C(C)c1ccncc1)C2,0.0004983100467786938
CC1CC(C(=O)N[C@@H]2CCN(C(=O)C3(C#N)CCC3)C2)CCO1,0.5993106526285243
CC1CC(CNC(=O)C2(N)COc3ccccc3C2)CCO1,0.0003254748593504678
CC1CC1CS(=O)(=O)N1CCS(=O)(=O)Cc2ccccc21,0.20655908421229843
CC1CCC(NC(=O)CCC(F)(F)F)CN1c1nnc(C2CC2)o1,0.0005079205630287751
CC1CCn2nc(C(=O)N3CCN(c4cccc(C#N)n4)CC3)nc2N1,0.2063187916201224
CCC(C)(C#N)C(=O)NCC1(O)CCN(C(=O)CS(C)(=O)=O)CC1,0.3151735584747206
CCC(C)(C)CC(=O)N1CC(NC(=O)CC(C(F)F)C(C)C)C1,0.0005237038358785328
CCC(C)c1ccc(CNC(=O)N2C3CCC2COC3)cc1,0.0006148300700375194
CCC(CC)(CNC(=O)C1CCc2[nH]ncc2C1)SC,0.0010373406454576202
CCCC(C(=O)OCC)n1ccc(NC(=O)N2CCCC23CCC3)n1,0.0008478858045449956
CCCC(OC)C(=O)NCC(C)(NC(=O)c1ccns1)C1CC1,0.00069913408844892
CCCC1(CNC(=O)NCC(O)CCC(=O)OCC)CC1,0.0004599658502671666
CCCN(C(=O)NC(c1nccn1CC)C(C)(C)C)C1CCN(C)C1,0.0008177077165660566
CCCN(CC1CC1)CC1CC2(CCNCC2)CO1,0.0007261456081238724
CCCN(CCc1cccc(F)c1)C(=O)[C@H]1CNC(=O)N1,0.0003148679849924776
CCCN1CCCC(C(=O)NCC2C3CN(C(=O)C4(C)CCC4)CC23)C1,0.1243559503462195
CCN(CC)c1ccc(NC(=O)c2cnn(CC(F)F)c2C)cn1,0.0004472958322329483
CCN(CCNC(=O)CCCc1c[nH]nn1)C(=O)[C@H]1CCC(=O)C1,0.00016723103586260686
CCN(CCNC(=O)c1c[nH]c(C2CC2)n1)C(=O)C1CCC1F,0.0004710721122445308
CCN1CCC1C(=O)N[C@@H]1CCN(c2ccnc(Cc3ccccc3)n2)C1,0.0005495518341965017
CCN1CCCCC1C(=O)N(C)C(C)CNC(=O)c1cnc(N)o1,0.19395663601299185
CCOC(=O)N1CCC(NC(=O)NCC(OC)C2CCCCC2)C1,0.0005300311152119493
CCOC1(C(=O)N[C@@H](C2CC2)C(C)(C)C(=O)O)CCC(=O)NC1,0.00031561128251283104
CCOC1CC(C(=O)N2CCC(Cn3cc(CC(C)(C)C)nn3)C2)C1,0.0005800157157629626
CCSC1(C(=O)N2C[C@@H](N)[C@H](c3ccc(F)cc3)C2)CC1,0.000596671435142656
CCc1cc(C(=O)NC2CCN(C(=O)c3cc(O)n(C)n3)C2)nn1C,0.0004085126374267805
CCc1cc(C)nc(N[C@@H]2CCCN(C(=O)Cc3cnoc3)C2)n1,0.0007188470492648284
CCc1cc(N2CCC[C@@H]2CN(C)C(=O)[C@H](O)C(C)C)nc(Cl)n1,0.0012484005681143043
CCc1ccc(CSCc2c(Br)ncnc2C)c(C)n1,0.0004905638419146516
CCc1nc(Cl)c(C(=O)NC[C@@H](C)NC(=O)C(C)(C)O)s1,0.0005270621233785684
CCn1cc(S(=O)(=O)Nc2ccc(F)c(C(=O)OC)c2C)cn1,0.0006407308413867003
CN(C)C(=O)OC1CCN(C(=O)NCCN2CC3(COC3)C2)C1,0.11419000898713691
CN(C)C1CCC(NC(=O)Cn2cc(C3CC3)cn2)CC1,0.0010627661739717892
CN(C)Cc1ccc(CN(C)C(CCF)CF)s1,0.00076041495828529
CN(C)Cc1cccc(C(=O)N(C)CC2CCN(C(=O)CC#N)C2)c1,0.0010846443575925268
CN(C)c1nc2c(s1)CCCC2CNc1cc(Cl)n[nH]c1=O,0.0006020509798594821
CN(CCNC(=O)C1CC2(C1)CC1(CCC1)C2)c1ccc(C#N)cn1,0.001483318043387551
CN1C2CCC1CC(NC(=O)NC(C)(C)c1nnc[nH]1)C2,0.0003043568918781218
CN1CCC[C@H]1CN1CCC(=O)N[C@H](c2cn[nH]c2)C1=O,0.00017964125725367412
CN1CCCC(O)(CC(=O)N[C@H]2C[C@@H]3OC(C)(C)O[C@@H]3C2)C1,0.0002812767113110215
CN1CCCCC1C(=O)N1CC(CN(C)C(=O)c2cnnn2C2CC2)C1,0.28781077981590353
CNC(=O)C(C)N1C[C@H]2[C@H](NC(=O)c3cnc4[nH]cnc4c3)[C@H]2C1,0.0005959810591413588
CNC(=O)c1ccc(C)c(NCc2cnc(C3CC3)s2)c1,0.0010099528546332263
CO[C@]1(C(F)(F)F)C[C@H](CNC(=O)c2ccnc3c2CC(=O)N3)C1,0.0005201226626498787
CO[C@H](C)C(=O)N1C[C@@H]2CN(C(=O)CCn3cccn3)C[C@@H]2C1,0.0003256837393668796
COC(=O)C[C@@H](C)OC(=O)CC1CS(=O)(=O)c2ccccc21,0.00043512746993696054
COC(=O)C(NC(=O)C1(Cc2ccccc2F)CC1)C1COC1,0.0005279808062787087
COC(=O)NCC(=O)NCC1(NC(=O)C(O)C2CC2)CCCCC1,0.08590849329522221
COC(=O)c1cncc2c(N3CCCC3(CO)CC(C)C)nccc12,0.7695169895271251
COC1(C(=O)N2CC3(CCCC3Nc3nc(C)nc(C)c3C)C2)CCC1,0.0010796627974247975
COC1(C(=O)NCC(=O)c2cccs2)CCCCC1,0.12446379295138105
COC1(CNC(=O)C2(C3CC3)CC2)CN(C(=O)Cn2cc(C)cn2)C1,0.2694851731748768
COC1CC2(CC(NC(=O)NC3(C)CCOC34CC4(F)F)C2)C1,0.290972926529783
COCC(C)(O)C(=O)NCC(C)NC(=O)C[C@H]1CCCC[C@@H]1O,0.00015350830945979718
COCC(O)C(=O)N1CCC(C(C)NC(=O)c2cnccn2)C1,0.13392151200498442
COCC1(C(=O)N(C)CCC(NC(=O)[C@H]2C[C@@H]2C)C(C)C)CCCC1,0.00033722250323585347
COCCC(=O)N1C[C@@H]2C[C@H]1CN2C(=O)CCc1c[nH]cn1,0.09120988236536516
COc1cc(C(=O)N[C@H]2C[C@@H](Nc3nnco3)C2)ccc1F,0.38835441269047805
COc1cc2ncnc(N[C@H]3C[C@H]4[C@@H](C3)[C@@H]4C(F)(F)F)c2cn1,0.0006691245524016776
COc1ccc(C)nc1C(=O)NCC1(Cc2ccccc2)CC1,0.0006753829529285082
COc1ccc(OC)c(-c2nc(CN3CCNCC(C)(F)C3)no2)c1,0.001515553373224745
COc1cccc(F)c1COC(=O)C1CCC(=O)CC1C,0.24588666394220796
COc1ccccc1C(=O)N1CC([C@@H](C)NC(=O)c2ccccn2)C1,0.15004403346852502
COc1cncc(CCC(=O)N(C)C(C)(C)c2cccc(OC)c2)c1,0.0006649542505446184
CS(=O)(=O)Nc1ccc(-c2cncc(Br)c2)cc1,0.5520654335446017
Cc1cc(C(=O)NC2CCC2(C)C)cc(S(N)(=O)=O)c1C,0.0005988646433879547
Cc1cc(SC2CCCSC2)c2ncn(C)c2n1,0.5281626512782519
Cc1ccc(C(=O)NC2CN(C(=O)c3ccnn3C3CCCC3)C2)[nH]1,0.19834034994729927
Cc1ccc(C(F)(F)F)c(CN[C@@H]2CCC[C@@H](N)C2)c1,0.0005718210225275042
Cc1ccc(C)c(CCCC(=O)N[C@@H](CC(C)C)C(N)=O)c1,0.0007191450261391594
Cc1ccc(CNC(=O)c2ccc(C3OCCO3)cc2)cc1O,0.0006759168591231122
Cc1cccc(C(=O)N(C)CCNC(=O)c2ccccc2C2(C)CC2)n1,0.2098190184307068
Cc1cccc(C(C)c2noc(CN(C)CC3COCCOC3)n2)c1,0.0011774330610680513
Cc1cccc(C)c1N(CC(O)CNCC(C)n1cccn1)C1CC1,0.0004802452916103211
Cc1ccccc1C(CC(=O)N1CC(O)(C2CC2)C1)NC(N)=O,0.0002789797505328515
Cc1ccn(CC(C)C(=O)NC(C(=O)O)c2ccc(Cl)cc2)n1,0.000604860945109149
Cc1ccnc(C(=O)NC2CC(C)N(C(=O)c3cc(C#N)on3)C2)n1,0.10698791546247581
Cc1nc(N2CC(C(=O)O)CC2(C)C)c(C)n1-c1ccccc1,0.6019213843876349
Cc1nc(NC2CC(CNC(=O)C3(O)CCC3)C2)cc(C(F)(F)F)n1,0.0007923944156854053
Cc1nc(O)cc(N2CC(NC(=O)Cc3ncnn3C)CC3(CC3)C2)n1,0.0003035456630820649
Cc1ncc(C(=O)NCc2csc(Cl)c2)c(N)n1,0.0007293087747511462
Cc1ncc(CN(C)C(=O)c2cn3c(n2)SCC3)s1,0.0004878527663832961
Cc1nnsc1C(C)NC(=O)N1C[C@H](O)C[C@@H]1CN(C)C,0.0002594115657301277
Cc1nscc1C(=O)N1CCCC1CNC(=O)CC1CN(C)C1,0.0004082756396774259
NC(=O)CS1(=O)CCCN(c2cncc(Cc3ccccc3)n2)CC1,0.0009886235340010982
NCC1(C(=O)Nc2ccc(Oc3cccnc3)c(F)c2)CCC1,0.5216293845275994
O=C(C(O)c1cc(F)cc(F)c1)N1CCC[C@@H](C(F)(F)F)C1,0.0006901616157198787
O=C(CCN1CCOC1=O)NC1COc2c(F)cccc2C1,0.0003043650660011918
O=C(N[C@]12CCC[C@@]1(F)CNCC2)c1cccc(OC(F)F)n1,0.00044520063586310607
O=C(N[C@@H]1CCCc2ccc(OC(F)F)cc21)N(C1CC1)[C@@H]1COC[C@@H]1[C)O,0.0
O=C(N[C@H]1C[C@@H](n2ccnn2)C1)c1ccc2c(n1)CCCN2,0.5058362551110791
O=C(NC(C1CCC1)C1CCCO1)c1ccc(=O)[nH]c1,0.00032008773944925003
O=C(NC1(CNc2ccnc3nc(CCC4CC4)cn23)CCC1)C1CC1,0.8150281272214392
O=C(NCC1CCC12CCOCC2)C1CC(OC(F)(F)F)C1,0.00036414242715702766
O=C(NCC1CNCCC1(F)F)[C@@H]1[C@H]2CCC(F)(F)[C@H]21,0.00043505145628675696
O=C(NCC1COCO1)C(F)c1cccc(Br)c1,0.00039733183604618655
O=C(Nc1ccncc1Br)N1CCCCC1CF,0.0006283849290543658
O=C(Nc1cnn2ccccc12)N1CCN(C2(C(=O)O)CCCC2)CC1,0.368397549375095
O=C(Nc1nc(-c2ccccc2)no1)NC1(C2CCCN2)CC1,0.0015043469707714285
Fc1ccc(Br)c(N2CCCC23CCCOC3)n1,0.0007118043890749538
C[C@@H]1CN(C(=O)C23CC(CO2)C3)CCN1C(=O)CCC(=O)N(C)C,0.12321686217471872
C[C@H](NC(=O)CCNC(=O)C(F)(F)F)c1cccnc1,0.00035612788610473714
C[C@H]1C[C@@H]1C(=O)N1CC2(CCC(CNC(=O)Cc3nncn3C)O2)C1,0.0001917217442497473
C[C@H]1C[C@@H]1C(=O)NCC1(O)CN(C(=O)Cn2ncnn2)C1,0.00010662265889727617
CC[C@H](CC(=O)N1CCC([C@H](C)NC(=O)[C@@H](C)OC)CC1)C(C)C,0.00045868628921240774
CC[C@H](O)CN(CC)c1ncnn1-c1ccccc1C(C)(C)C,0.0010596694297502068
CC(=O)N1CC2CCC1CN2C(=O)Cc1cccc(C(F)(F)F)c1,0.00046988952165482695
CC(=O)N1CCC[C@@H]1C(=O)N(C)C1CCN(Cc2ccccc2)CC1,0.0006197711909344549
CC(=O)N1CCC(Nc2ccnc(Cc3ccccc3)n2)CC1,0.0007141703239642255
CC(=O)NC1C2CCCCN(C(=O)c3c(C)nn4ccccc4c3=O)C21,0.0
CC(=O)NCCc1ccc(C(=O)N2C[C@H]3CC4CCCN4[C@H]3C2)s1,0.0004017249817974811
CC(=O)Nc1ccccc1NC(=O)N1CC2CCCCC2(CN)C1,0.29342610335901453
CC(C(=O)N1CC(C(=O)O)OC(C(=O)OC(C)(C)C)C1)c1cnccn1,0.00041674014870941666
CC(C)[C@H]1CC(=O)N(CC(F)COC(C)(C)C)C(=O)N1,0.0004929712544103327
CC(C)[C@H]1CN(C(=O)c2cc(-c3ccccc3)no2)CCN1C,0.3284526635696359
CC(C)(C)CC(=O)NCC1CCC(NC(=O)Cc2nnco2)C1,0.00036247895764398544
CC(C)(C)OC(=O)Nc1ccc(NC(=O)CS(=O)(=O)C2CC2)cn1,0.00048168793843225526
CC(C)(C)OCC1CCCN(C(=O)c2cc(C3CCOCC3)n[nH]2)C1,0.0008045452826305521
CC(C)(C)c1nc(CNC(=O)N2CCOC3(CCOC3)C2)cs1,0.0005024998120181091
CC(C)C(CNC(=O)C12CCC(CC1)C2)NC(=O)CSC1CC1,0.0009647183028705818
CC(C)N1CCC(C(=O)NC2(CNC(=O)C3(C#N)CCC3)CCC2)CC1,0.0015411952565091698
CC(C)OC(=O)CNC(c1ccc(F)cc1)c1ncc[nH]1,0.00062721033639113
CC(C)SCC(=O)N1CCCC(C)(NC(=O)C2CCCCS2)C1,0.0006207194651394125
CC(C)c1cccc(-n2cc(C3(CN)CCC3)nn2)c1,0.0006549802708323445
CC(C)n1cccc1C(=O)NC1CC(C)N(C(=O)c2cccnc2)C1,0.0003971764563926351
CC(CC(=O)N1CCCC[C@H]1CNC(=O)C1(O)COC1)c1ccccc1,0.00039294913425503945
CC(CCNC(=O)c1cnc2ncccc2c1)NC(=O)CC1(O)CC1,0.00041176341959747883
CC(CN1CCNC1=O)OC(=O)Cc1csc(C(F)F)n1,0.00041143894859249055
CC(CNC(=O)C1CC2CCCC(C1)C2=O)N(C)C(=O)CN1CCC1,0.00033555702472513963
CC(CS(=O)(=O)N1CCN((C)C)C(C)C1(C)C)c1ccccc1,0.0
CC(N)(CNC(=O)COCc1nc2ccccc2s1)C1CCC1,0.0008864586382364397
CC(O)C(=O)N1CCN(C(C)c2ccc(-n3ccnc3)cc2)CC1,0.0004046373510218465
CC(OCC1CCCO1)C(=O)NCc1nc(C(C)C)cn1C,0.00042912974895696653
CC(F)(F)CS(=O)(=O)N1CCN(CC(=O)c2ccc(F)cc2)CC1,0.2584468026158822
CC(F)CCN1CC(NC(=O)C23CCCCCC2OCC3)CCC1C,0.0011671772061823595
CC1(NC(=O)c2ccnc(C(=O)O)c2)CCOC12CC2(F)F,0.18269023535854417
CC1(c2cc(NC(=O)C(N)C3CC4(CCC4)C3)no2)CC1,0.0010158311220580174
CC1CC(=O)NCC1C(=O)NC[C@H](C)NC(=O)c1nnc2ccccn12,0.00019727142539066126
CC1CC1C(=O)N1CC(N2CCN(C(=O)C3(C)CC(F)C3)CC2)C1,0.09196406203583551
CC1CC1C(=O)N1CCC2(CC(NC(=O)CC3CSC3)C2)C1,0.2576539613880727
CC1CC1C1CC1C(=O)N[C@H](C)C1CN(C(=O)[C@H](C)N(C)C)C1,0.07270571020453691
CC1CC1CC(=O)N1CC(C(=O)OC(C)(C)C)c2ccccc21,0.0009082397699887595
CC1CCCc2cc(C(=O)N3CC(O)C(N4CCOCC4)C3)nn21,0.00025675239479328065
CC1CCN(C(=O)CCn2ccnc2)CC1NC(=O)CC1OCCC1C,0.0007166259728403899
CC1Cc2ccccc2C1Nc1nccnc1C(C)(C)C#N,0.001959328986348191
CC1OC(=O)NC1C(=O)N1CC[C@H](CNC(=O)c2ccc(=O)oc2)C1,0.0002557570442112977
CCC[C@H](NS(=O)(=O)C1CN(C(=O)OC(C)(C)C)C1)C(=O)O,0.0003272783099888995
CCC(C)CC(=O)N1CCC(CCNC(=O)c2ccc(OC)c(O)c2)C1,0.0004944755979676751
CCC(CC(C)C)C(=O)NCC(O)CNC(=O)C1(C(C)C)CC1,0.0004928074131586121
CCC1CCC(C(=O)N2CCCN(C(=O)c3ccco3)CC2)C1,0.0005333809999290245
CCC1CCC(NC(=O)c2cc(-c3ccccn3)no2)CC1,0.0018871348852655607
CCCC1(C(=O)N2CCOC3(CCN(Cc4ncnn4C)CC3)C2)CC1,0.000850186706208172
CCOC(=O)CCC(=O)NC[C@H]1CCCN1C(=O)[C@@H]1[C@H]2COC[C@H]21,0.00030843116533745083
CCOC(=O)c1ccc(OCC(O)CN2C3C=CCC2CN(C)C3)cc1,0.0004322927314101115
CCOC1(CN(C)C[C@@H]2CCN(C(=O)OC(C)(C)C)C2)CCOC1,0.0009323231084615291
CCOc1ccc(C(=O)N2CC[C@@H]3C(=O)OC[C@@]32CO)cc1OCC,0.28916032295742156
CCc1ccsc1C(=O)N(CCOC)C1CCCNC1,0.0007413915046275228
CCn1cnnc1C(=O)NCC(NC(=O)C(C)CC(C)C)C(C)C,0.00036935443001390525
CCn1nc(C)c(CN2CCC(=O)N(Cc3cnsc3)C2=O)n1,0.00038606021496922143
CN(C(=O)NCC(CCl)c1ccccc1)C1(C)CCOC1,0.00053428984827414
CN(C)C(C)(CC(=O)N1CCC[C@@H]1c1nc[nH]n1)c1cccc(C#N)c1,0.0014793326627867008
CN(C)CC(=O)N1C2CCC1CC(n1cc(CCCO)nn1)C2,0.0002634610996848591
CN(CC1CN(C(=O)c2cccc(Cl)c2F)C1)C(=O)c1ncc[nH]1,0.3114871113060743
CN(CCNC(=O)CC1CC(C(F)F)C1)C(=O)C1(C)CCC(F)C1,0.1278992571469951
CN1CC[C@@H](NC(=O)c2cnc3sccn23)[C@@H]1C(=O)O,0.0003273169225718249
CN1CCN(CC(=O)NC2CCc3cncn3C2)CC12CCOC2,0.0002846919432421743
CNC(=O)NC(=O)CN1C2C=C(c3ccccc3)CC1C2,0.0004354626823082345
CO[C@H]1C[C@H](C(=O)O)N(CC(=O)NCc2nnc3n2CCCCC3)C1,0.0001514861693963339
COC(=O)[C@@H]1C[C@H](CC(=O)N[C@@H]2CCN(C(=O)c3ncc[nH]3)C2)CN1,0.00039513338166109643
COC(=O)C1(CNC(=O)NC2CN(c3ccc(F)cn3)C2)COC1,0.0006615116171261436
COC(=O)C1(F)CCN(c2nccc3c2CNCC3)C1,0.00033027448768837116
COC(=O)CN1CCN(C(=O)c2cnn(C(C)(C)C)c2)CC1,0.14819270568276174
COC(C(=O)NC(C)C(O)c1ccc(F)c(C)c1)C1CCCO1,0.0004682641424715681
COC(C)(C)c1nsc(NCC2CCC23CCOCC3)n1,0.00052188282987114
COC(CN(C)C[C@H]1CCCCN1C(=O)c1ccon1)C1CCC1,0.0006354554386542297
COC1CC(NS(=O)(=O)c2ccccc2C(F)(F)F)C12CCC2,0.000564035113883096
COCC(C)(C)C(=O)N1CCN(c2ccccc2F)C(=O)C1,0.0004660426143790609
COCc1cc(C(=O)NCC(C)N(C)CCN2CCCC2=O)no1,0.000315913691984857
COc1cc2c(cc1F)CCC2NC1CCN(c2ccc(F)cc2)CC1,0.0014643326215115565
COc1ccc(CN(C)C(=O)Cn2cc(C3CCC3)nn2)cc1O,0.0006580526186907413
COc1ccc(OC)c(CN2CC3CN(C)CC2C3)c1,0.0007545850551816344
COc1ccc(S(C)(=O)=NC(=O)C23CC(CCO2)C3)cc1,0.0005405896097196007
COc1nc(OC)c2cc(CN(C)CC3CCCOC3)oc2c1,0.0009596211179511086
COc1nccc2cnc(NC(=O)N3C[C@H]4CCC[C@H]4C3)cc12,0.0004638418831421914
CSC1CCCC(NC(=O)N2CC[C@@H]3CC[C@@]32c2nnc(C)o2)C1,0.0013612041479022796
Cc1c(F)cccc1NCC(O)(C(=O)O)c1ccccc1,0.0009160311539177403
Cc1cc(C(=O)N2C[C@H](C)[C@H](NC(=O)C(C)(O)C3CC3)C2)cn1C,0.0005164552750204811
Cc1cc(C(=O)NC(C)CNC(=O)C2(C)CCCO2)ncc1C(N)=O,0.12050708270862026
Cc1cc(C(=O)Nc2cccc(C#N)c2F)c(C)n1C1CC1,0.7237247959498283
Cc1cc(C(=O)Nc2cccc(N3CCC(F)(F)C3=O)c2)no1,0.3704401525142358
Cc1cc(C(=O)OCC(=O)CCc2ccccc2)c(C)n1C,0.0005354481806937087
Cc1cc(CC(=O)N(C)C(C)CNC(=O)CC2CN(C)C2)on1,0.00020569306530412608
Cc1cc(CCNC(=O)NCc2nnc3n2CCNC3=O)cc(C)c1O,0.00035960643076324875
Cc1ccc(N2C[C@@H]3C[C@H]2CN3C(=O)[C@H](O)C(C)C)nn1,0.0005793283617018432
Cc1ccc2c(c1)CCN2C(=O)N1CCC(C(=O)O)C(O)C1,0.0007313950477695568
Cc1ccc2cccnc2c1CN1C[C@@H]2C[C@H]1CS2(=O)=O,0.000706120826715211
Cc1ccsc1CCNC(=O)NC1CCOC(C)C1,0.0005370588048813211
Cc1cocc1C(=O)NC1CCN(C(=O)C2CCCO2)CC1(C)C,0.28026629122020646
Cc1n[nH]c(CC(=O)N2CC(NC(=O)c3cncc(Cl)c3O)C2)n1,0.00021244115298665935
Cc1n[nH]c(Cl)c1C(=O)NC[C@H]1CCCN1C(=O)c1ncccc1C,0.2550478995428967
Cc1ncc(Cl)c(C(=O)NC2(CNC(=O)[C@H](C)N(C)C)CC2)n1,0.00022621548758763237
Cc1nccc(N(C)C(C)CCNC(=O)C2CCC23CCOCC3)n1,0.00046921895733190264
Cc1nccn1CCCC(=O)NC[C@@H]1C[C@@H](O)CN1Cc1ccccc1,0.000587203911259691
Cc1nccnc1C(=O)N[C@H]1C[C@@H](NC(=O)CC(C)CC(C)C)C1,0.16537117140209023
Cc1nnc(N2C3CCC2(CNC(=O)c2[nH]nc(C)c2Cl)CC3)o1,0.34224225612465986
Cc1nnc(NC(=O)C(NC(=O)C(C)C)c2ccccc2)n1C1CC1,0.28327856401268076
Cc1nnc2n1CC(CNCc1cccc(F)c1C)CC2,0.0004229476685219026
Cn1cc(C(=O)N2CC[C@H](NC(=O)CCsc3ccccn3)C2)nn1,0.0
Cn1nc(NC(=O)CCn2cccc2)cc1OC(F)F,0.0010654009168083733
Cn1nc(NC(=O)N2CCC3(CC2)C(=O)NCN3C)cc1C(F)(F)F,0.38055073847614573
N#Cc1cccnc1N1CCN(C(=O)C23CCC(CNC2)C3)CC(O)C1,0.0009131431879054589
N[C@@H]1CCOC[C@@H]1C(=O)NC(Cc1cccc(F)c1)c1cccnc1,0.00034313818547701097
NC(=O)c1ncn2ccc(NC(=O)N3CC4CCCCC4(CN)C3)cc12,0.5590152134084294
O[C@@H](CCNc1nncc2cc(Br)ccc12)C(F)F,0.0005851513425113225
O=C(CCn1cc(Cn2cncn2)nn1)NC1CC12CC(CC(=O)C2,0.0
O=C(CCn1cccn1)NC[C@@H]1CCCN1C(=O)c1ccccc1F,0.0005085366273880571
O=C(CN1CC2CC2C1)NC[C@H]1C[C@@H](NC(=O)C2(F)CC2)C1,0.08443605347110023
O=C(CO)NCC1CCC(NC(=O)c2cn3ccccc3n2)C1,0.0002946661089876353
O=C(Cc1c[nH][nH]c1=O)N1C[C@H](c2ccccc2)[C@@H](C(F)(F)F)C1,0.00047502966096834947
O=C(NC1(C(F)F)COC1)c1ccc(C(F)(F)F)c(Cl)c1,0.0005855438221656564
O=C(NC1(Cc2ccc(F)cc2)CCOCC1)C1C2CCN1CC2,0.0005918418753684518
O=C(NC1(c2ccccn2)CC1)N1CCc2[nH]ncc2C1,0.0003608404232203037
O=C(NC1=Nc2cncnc2SC1)c1cc2c(s1)CCS(=O)(=O)C2,0.0006855857041977378
O=C(c1ccsc1)N1C[C@@H]2C[C@H]1CN2C(=O)C1(C(F)(F)F)CC1,0.0007309533398294602
O=C1CN(CC2CSC2)CCN1c1c(F)cccc1F,0.0008202835913921312
O=C1CSC[C@@H](C(=O)OCCc2ccc(C(F)(F)F)cc2)N1,0.0004971580823906429
FC(F)(F)c1csc(CN2CCOCC23CCOCC3)n1,0.0005997690402537118
c1ccc(CN2CCc3nc[nH]c3C23CCOCC3)c(C2(NC3)CC2)c1,0.0
C[C@]12CNC[C@H]1CN(C(=O)c1ccc3cncn3c1)C2,0.18731412995273508
C[C@@H](C(=O)N[C@H]1[C@@H]2CN(c3ncc4c(ncn4C)n3)C[C@@H]21)N(C)C,0.24855515509562753
C[C@@H](CNC(=O)c1cc2c(=O)[nH]ccc2s1)CC(F)(F)F,0.000628627425443094
CC[C@@H](C(=O)N1C[C@@H](CC)[C@@H](NC(=O)CC=CCl)C1)N(C)C,0.0005034108276909685
CC(=O)N(C)C(=O)N1CCn2nc(-c3ccco3)cc2C1,0.0012324827842377841
CC(=O)N(C)CC(=O)N1CCN(C(=O)c2ccn(CCF)n2)C[C@@H]1C,0.00023131381413295848
CC(=O)N1C[C@H]2CCN(C(=O)NC3(C)CCCC3O)CC[C@H]2C1,0.16994954888148434
CC(=O)N1CCC(C)(C)C(CNC(=O)C(c2ccccc2)N(C)C)C1,0.00034356515515950536
CC(=O)Nc1cccc(COC(=O)C(C)(OC(C)C)c2ccccc2)c1,0.0007694132196933616
CC(C(=O)N1CCN([C@@H]2CCCCC[C@H]2O)CC1)n1cncn1,0.0007618563697412508
CC(C)[C@H]1CN(C(=O)c2c[nH]nn2)CCN1C(=O)c1cn(C)cn1,0.16914810785308548
CC(C)(C)n1nnc(C(=O)N2CC3C(CNC(=O)C4(O)CCC4)C3C2)n1,0.16803669154021703
CC(C)CC(=O)NC[C@H](CO)Nc1cccc2ncc(C#N)cc12,0.6228327049543719
CC(C)NC(=O)[C@@H]1CCCO[C@H]1c1cccc(C(C)=O)c1,0.0005813477849414467
CC(C)n1cnc(CNC(=O)NCC(F)(F)c2ccccc2)c1,0.0004163293364405256
CC(CC(=O)N(C)CCN(C)C(=O)C1(C#N)CC1)n1cccn1,0.0004247416804017205
CC(CNC(=O)C(C)(C)C)CN(C)C(=O)c1cc[nH]c1,0.0005611745433036545
CC(Cc1ccnn1C)C(=O)OCc1cccc(OC2CC2)c1F,0.0005908413444034972
CC(NC(=O)[C@H]1C[C@@H](O)C1)C1CCN(C(=O)[C@H]2C[C@@H]2C)CC1,0.00017984722124439695
CC(NCCN1CCOc2c(Br)ccccc21)C1CC1,0.0
CC1(C(=O)N2C[C@@H](N)[C@H](c3ccc(F)c(F)c3)C2)CCCS1(=O)=O,0.000430664096065244
CC1(C)CC1(C)NC(=O)NCC12CC(CO)(CCO1)C2,0.00031281030046579857
CC1(C)CCC(CNC(=O)CSc2cccc(F)c2)NC1,0.0007248754385185619
CC1(CNC(=O)C2(C3CCCCC3)CC2)CCCN1c1cc(O)ncn1,0.0006141665962184922
CC1CC(C)(C(=O)N2CCN(C(=O)c3cncc(C(C)(C)C)c3)CC2)C1,0.2712193116160377
CC1CC1(C#N)C(=O)N1CCC(CNC(=O)C(O)C2CCCC2)C1,0.5666181248774932
CC1CCN(CCC(F)(F)F)CC1NC(=O)c1cccc(=O)[nH]1,0.0002906959442726088
CC1CN(C(=O)C2CC(CF)C2)CC1CNC(=O)c1cn[nH]c1,0.00035353426764644826
CC1COCCN1CCNC1CCC1CNC(=O)OC(C)(C)C,0.0005008929482727187
CCC(=O)c1ccc(F)c(NC(=O)CC[C@H]2CCCCN2)c1,0.0011813815804462065
CCC(C#N)C(=O)N1C[C@H](C)[C@H](NC(=O)C2(F)C(C)(C)C2(C)C)C1,0.43777214572826145
CCC(C(=O)NC(C)C1CN(C(=O)c2coc(=O)[nH]2)C1)n1ccnc1,0.0004300210593123412
CCC(C)(O)C(=O)N1CC[C@@H](NC(=O)c2nncn2C2CC2)C1,0.00020521479070579113
CCC(C)(O)C(=O)N1CC(C)(C)CC1CNC(=O)c1cn[nH]c1,0.18051025576565993
CCC(C)(O)CCOC(=O)c1cn2cc(C(C)=O)cnc2n1,0.1530261400285401
CCC(C)C(=O)NS(=O)(=O)Cc1cFcc(Cl)c1,0.0
CCC(C)CCNC(=O)C(F)(F)c1cccc(-c2nn[nH]n2)c1,0.001607416251248834
CCC1(C(=O)N(C)CCN2CCN(C(=O)C(C)(C)CF)CC2)CC1,0.14468226560096847
CCC1(C(=O)N2C3CCC2CN(C(=O)C(C)CCN(C)C)CC3)CCC1,0.5561804721104584
CCC1CCCC(C(=O)N2C(C(=O)O)CCC2(C)C)N1,0.00043874962362551917
CCCCC(C)C(=O)N[C@@H]1CCN(C(=O)c2ccc(C)c(O)c2)C1,0.0008209897445485276
CCCN1CCC(NC(=O)c2cncc(F)c2)C1,0.0003521757784670793
CCCOC1CCCN(c2nnc(C(=O)OC(CC)CC)n2CC)CC1,0.0005759892783472915
CCCc1noc(CN2CC3(CCC(CNC(=O)c4conn4)O3)C2)n1,0.0004340633165648704
CCN(CC(=O)N(C)C1CCN(c2cc(C)ncn2)C1)C1CC1,0.0005007993138088296
CCN(CC)Cc1c(C)ncnc1N1CCC(C)(C)C(CO)C1,0.000981150110596043
CCN(CCNC(=O)CCc1ccccc1OC(F)F)C(=O)C1CC1,0.2654803738002202
CCN(CCNC(=O)c1c(C)coc1C)C(=O)COc1ccon1,0.00037264869861929447
CCN(CCOC)C(=O)C(OC(C)c1ccccc1)c1ccccc1,0.0005720999120755476
CCN(Cc1ccc2c(c1)OCO2)c1cc(=O)[nH]nc1C,0.000561174479371437
CCN1CCN(C(=O)c2cc(OC)ncc2Cl)C(C)C1=O,0.0003945501373302947
CCOC(=O)C(F)C1CN(S(=O)(=O)c2coc(C(=O)OC)c2)C1,0.0003198708890617206
CCOc1ccc(C(=O)NC(C)C2CN(CC(N)=O)C2)cc1OC,0.0004287716820731169
CCOc1ccc(C(F)(F)F)cc1C(=O)N1CCCC2(CC(=O)C2)C1,0.0007042276306220871
CCn1cc(C(=O)Nc2nnc(C(F)F)s2)c(C2CC2)n1,0.0005723654341035632
CN(C[C@H]1C[C@@H](O)C1)C(=O)NCc1cn(-c2ccccc2)nn1,0.0006581433110245384
CN(C(=O)c1cn(C2CCC2)nn1)C1CCN(c2nnco2)C1,0.26149854055756183
CN(C)C(=O)CC1CCN(C(=O)[C@@]23CCCN[C@@H]2CCC3)CC1,0.3622885966664976
CN(C1CC2(CC2)Oc2ccccc21)S(=O)(=O)c1cccs1,0.0007671904508857579
CN(CCc1ccccc1)C(=O)NC1CC(=O)N(C2CC2)C1,0.0002971816526628466
CN(c1ccncn1)C1CCC2CN(C(=O)C[C@H]3CCOC3)CC21,0.0006815103792231403
CN1C[C@@H](NC(=O)C(C)(C)n2cc(C(C)(C)C)nn2)[C@H](C2CC2)C1,0.0004798148590561225
CN1CCCC[C@H]1C(=O)Nc1cccc([C@H]2C[C@H](N)C2)c1,0.0011665127168275842
CNC(=O)N1CCN(C(=O)CN(C)c2ccncc2)CC1,0.00030506223479254813
CNC(C(=O)N1CCC2(CC1)OCc1ccccc12)c1cnn(C)c1,0.0005522080909136006
COC(=O)C1(c2ccc(NC(=O)c3cccc(OC)n3)cc2)CCC1,0.376339400579305
COC(=O)CC1(CC(=O)Nc2ccc(OC)cc2Cl)CC1,0.0010477179447474778
COC(=O)c1cc(N2C[C@@H]3C[C@H]2CN3C(=O)CC2CCCOC2)ncn1,0.0008667761885669619
COC(C(=O)Nc1cnc(N(C)C)nc1)c1cc(F)cc(F)c1,0.0009208875096832883
COC1(C(=O)NCC2(O)CCN(c3ccncn3)C2)CCCC1,0.00021228679208538188
COC1(C(=O)NCCC2CCN(C(=O)c3ocnc3C3CC3)C2)CC1,0.17774591530375847
COC1CCC(CC(=O)NC2CN(C(=O)c3coc(C)n3)CC2C)CC1,0.0005358367835944312
COCC(C)(O)C(=O)NC1CCCCN(C(=O)C2(C#N)CC2)C1,0.32257249360725193
COCC(C)CC(=O)OCc1cc(C(=O)OC(C)(C)C)[nH]n1,0.0004965638724942487
COCC(O)C(=O)NCc1cc(O)nc(-c2ccccc2)n1,0.0009250607014605296
COc1c(Br)cccc1-c1nc(CC(C)CN)no1,0.0013276833258202567
COc1ccc(CNC(-c2ccccc2)C2CCCO2)nc1OC,0.00046303864534531303
COc1ccc(CNC(=O)CCc2ccc(=O)[nH]c2)c(OC(C)C)n1,0.0007762313947298887
COc1ccc2c(C(=O)N(C)CCN(C)C(=O)[C@@H]3C[C@H]3C)ccnc2c1,0.0005716148467771819
COc1ccc2c(c1)CCC2(O)CNC(=O)c1c[nH]nc1C1CCNCC1,0.00044365237637383325
COc1ccc2ncnc(N3C[C@]4(C(=O)O)CCC[C@]4(F)C3)c2c1,0.6760241262500004
COc1cccc(-n2ccc(C(=O)OC(CN)CC(C)C)n2)c1,0.44420858926430573
COc1cccc(C(=O)N(C)CCN(C)CCC2CCOCC2)c1OC,0.0009116771602867056
COc1cccc(F)c1N(C)S(=O)(=O)c1cc(F)cc(C#N)c1,0.0014184343283473741
COc1ccccc1C)CC(=O)N(C)[C@H]1C[C@@H](C(=O)O)C1,0.0
COc1cncc(C(=O)NCCN(C)C(=O)c2nc(C)[nH]c2C)c1C,0.00044887586138095626
CS(=O)(=O)c1ccc(N2CC(C(F)F)CC2c2ccccc2)nc1,0.0010941192314603923
CSc1ccc(C(=O)NCc2ccc(C(=O)N(C)C)cc2)cn1,0.00044331225491876715
Cc1[nH]ccc1C(=O)N1CC2(CC2)CC1CNC(=O)CC1CCCC1,0.0014658068115343792
Cc1cc(C(=O)N(C)C(C)CCNC(=O)C2CC3CCC2C3)c[nH]1,0.0005017638596273028
Cc1cc(C(=O)NCC(C2CC2)N(C)C(=O)c2nn(C)cc2C)co1,0.25345886288165637
Cc1ccc(C(C)C(=O)NC[C@@H]2C[C@@H](C)O[C@@H]2C)s1,0.000852147622938434
Cc1ccc(N2CCC(NC(=O)C3CCCC4CC43)C(F)C2)nn1,0.0006031045879009871
Cc1cccc(S(=O)(=O)N2CC3CCOCC3C2)c1C#N,0.0008494110693586683
Cc1ccccc1C[C@H]1CCCN1C(Cc1ncn(C)n1)C(=O)O,0.000436555532455966
Cc1ccnc(C(=O)N2CC(O)(CNC(=O)c3cn(C)cn3)C2)n1,0.09592846939551386
Cc1cnsc1C(=O)N1CCN(C(=O)C2C(C)(C)C2(C)C)[C@@H](C)C1,0.31222590811515505
Cc1coc(C(=O)NCC2(F)CCN(C(=O)c3ccn(C)c3)CC2)c1,0.28608366320097073
Cc1csc(S(=O)(=O)NCC(=O)Nc2cnn(C)c2C)c1,0.0008509018088839557
Cc1cscc1C(=O)N1CCC(CNC(=O)C2=C(Cl)CC2)CC1,0.0005709744683013848
Cc1nc(-c2cc(C(=O)N(C)C[C@H]3CCCO3)co2)[nH]c1C,0.0016750234400492439
Cc1nc(C(=O)N2CCN(C(=O)Cc3nccn3C)[C@H](C)C2)c(C)o1,0.00037049345815981597
Cc1nc(N)nc(NC2CCCN(C(=O)c3conc3CC(C)C)C2)n1,0.0010377837601845486
Cc1noc(C)c1CN1CCC(NC(=O)c2cn(C)nc2Cl)C1,0.0006451197490301587
Cc1ocnc1-c1cn([C@H]2CON(C(=O)C(CO)C(C)C)C2)nn1,0.0005907405319793578
Cn1ccc(C(=O)NCC2(F)CC(Nc3nnc(CO)s3)C2)n1,0.4241427030035188
Cn1cccc1C(=O)CN1CCC(C(F)(F)F)C1(C)C,0.0004927527246690232
Cn1cnc2[nH]nc(C(=O)NC[C@H]3CCCCN3C(=O)C3CC3)c21,0.0008052479511660912
NC[C@@H]1C[C@H]2CC[C@@H]1N2C(=O)c1cnc2c(c1)CCS(=O)(=O)C2,0.00021605142511508054
NC1(CCNC(=O)NC2CCN(c3ccccc3C(F)F)C2)CC1,0.0010919016974846657
Nc1ccc(-c2cn(CC(=O)NC3CCC(C4CCC4)C3)nn2)nc1,0.0015135715285590375
O=C([C@@H]1[C@H]2CN(C(=O)Cc3cc[nH]c3)[C@H]21)N1CCC(F)C1,0.0004429944575474194
O=C([C@H]1C[C@H]2C[C@@H](O)C[C@H](C2)C1)N1CC[C@@H]2CCC[C@@H]2C1,0.5362411238399944
O=C(CCC1(F)CCC1)NCC1(NC(=O)[C@@H]2CNC(=O)O2)CC1,0.12849024594915665
O=C(CSc1ccncc1)NC1CC(CNC(=O)C2(CF)CC2)C1,0.0005214120962634213
O=C(NC(CO)CCCO)c1cnn(CCC(F)(F)F)c1,0.0003630715395692697
O=C(NC1(CO)CN(C(=O)c2cnc3c(c2)CCCC3)C1)c1ccoc1,0.28325559019392443
O=C(NN1CC2CCC1C2)c1ccnc(S(NC(F)F)C2CC2)c1,0.0004585619440358968
O=C(O)CCC1(NCc2cc(C3CC3)on2)CCOC1,0.000407927480453559
O=C(O)c1cccnc1NCC1(n2cc(Br)cn2)CC1,0.0006362021597292921
O=C(c1ccsc1Cl)N1CCCC(NC(=O)C2(O)COC2)C1,0.15541863751286067
O=C(c1nnc2c(n1)CCCC2)N1CC(Oc2ccc(F)cc2)C1,0.00046587303747438113
O=C1CCC(NC(=O)Nc2ccc(-c3cnco3)cc2)CN1C1CC1,0.0015508962750733154
O=C1CCCN1CC1CCN(S(=O)(=O)c2cncc(Cl)c2)C1,0.00037032637461979035
O=C1CN(C(=O)[C@@H]2CCO[C@H]2c2ccccc2)CCCN1CC1CC1,0.0004411688642271634
O=C1CN(S(=O)(=O)CC2CC3(CC3)C(=O)O2)C2CCCCC2N1,0.00020941692403978992
O=S(=O)(NC1CC(O)c2ccccc21)c1ccc(F)c(Cl)c1,0.0005714559436920814
OCC(CNC1=NCC2C[C@@H]2N1CC(F)F)C1CCCCC1,0.0003727374724293476
C[C@@H](CNC(=O)Cn1ccc(=O)[nH]c1=O)NC(=O)C[C@H]1CCOC1,0.00016757318764804775
C[C@H](NS(=O)(=O)[C@@H]1C[C@H]1c1cccnc1)C1CCC1,0.0005775764495863029
C[C@H](O)C(=O)N1CC[C@H](CNC(=O)c2cnnc(C(C)(C)C)c2)C1,0.0003500230742087183
C[C@H](O)C(=O)NCc1ccc2c(c1)OCCC2=O,0.0002433523630592656
CC[C@@H]1C[C@H]1C(=O)NCC1CCN1C(=O)c1cn2cccnc2n1,0.001168958850467883
CC[C@@H]1CCO[C@@H]1C(=O)Nc1cccc2cnncc12,0.47918430076046764
CC(=O)N1C[C@H]2[C@H](NC(=O)c3cccn4ncnc34)[C@H]2C1,0.0003122426747850546
CC(=O)NC(C(=O)NCC1CCN1C(=O)CCC(=O)N(C)C)C(C)C,0.15134832805227344
CC(=O)NCC(=O)N1CC([C@H](C)NC(=O)[C@H]2C[C@@H]2c2ccccc2)C1,0.00024067738833328863
CC(=O)NCC(=O)NCC1(NC(=O)c2nc(C)ccc2C)CCCC1,0.0004293603390564602
CC(C(=O)OCc1ccccc1Cl)N1CCN2CC(F)(F)C[C@H]2C1,0.0004967327067312952
CC(C)(C)C(=O)N1CCC2(NC(=O)c3cnn(CC4CC4)c3)CCCC12,0.0012182531427190838
CC(C)(C)OC(=O)NC[C@]12C[C@H]1C[C@H]1C[C@@H]2N1C(=O)[C@H]1CNC(=O)C1,0.18311775879149722
CC(C)C(=O)N(C)C(C)CNC(=O)c1ccc(C2CCC2)nc1,0.2627456857054759
CC(C)CC(=O)N1CC2CCC(NC(=O)Cc3ccn[nH]c3=O)C2C1,0.00034750285326966296
CC(C)CC1COCCN1C(=O)c1ccc2[nH]nnc2n1,0.1741721607105288
CC(C)OCCN(C)C1CCCN(C(=O)C2CCCC2C(C)O)C1,0.0007544718658194273
CC(C)c1ccnc(NC(=O)[C@@]23CCN(C(=O)OC(C)(C)C)[C@@H]2C3)n1,0.6830425535967508
CC(CNC(=O)Cc1ccn[nH]1)CNC(=O)COCC1CCCO1,0.00035736720077471785
CC(CNC(=O)c1nccc2ccccc12)CNC(=O)C1CC1F,0.0004948703383522083
CC(CO)C(=O)NC1(C)CN(C(=O)c2cc[nH]n2)C1,0.00025211784062865056
CC(O)CCCc1cn(CC2(O)CN(C(=O)c3ccsn3)C2)nn1,0.000250642362598826
CC(O)CN1CCCN(C(=O)c2cncn2C(F)(F)F)CC1,0.0003974058586579266
CC(Oc1ccccc1F)C(=O)N1C[C@@H]2CO[C@H](C1)[C@@H]2O,0.00032140579096624403
CC1(C)CNCC(NCc2cc(=O)n3c(C)cccc3n2)C1,0.0004795212709778385
CC1(C)COC1CNC(=O)NCc1cccc(C(C)(F)F)c1,0.00044982864123465293
CC1=NOC(C(=O)NC2Cc3ccccc3N(C(=O)CN(C)C)C2)C1,0.0005755085270013439
CC1CC(C(=O)N2CC[C@H](CNC(=O)[C@@H]3CCCO3)C2)CO1,0.0003858644335729057
CC1CCN(C(=O)c2cocn2)C(C)C1NC(=O)C[C@H]1CCOC1,0.0005409271950876107
CC1CSCC1N[C@@H]1C[C@H](OC(=O)OC(C)(C)C)C1(C)C,0.00043566978148107876
CCC(C(=O)N1C[C@@H]2CN(C(C)C)C[C@@H]2C1)c1ccc(OC)cc1,0.00031776680841374565
CCC(CNC(=O)c1cc(C)on1)Nc1ncnc(C)c1C#N,0.0007789883418977746
CCC(CNC(=O)c1cnn(CC)n1)NC(=O)C(C)OCC1CC1,0.00043769017423841544
CCC1(NC(=O)c2ccc(F)c3occc23)CCN(C(C)=O)CC1,0.4457552014871361
CCCCC(=O)N[C@H]1CN(C(=O)C2(SC)CC2)C[C@H]1C,0.000523136285798866
CCCCc1n[nH]c(NC(=O)c2ccc3c(c2)SCC(=O)N3)c1C,0.0011133371712062834
CCCN1CCN(C(=O)NC(C)c2ccc3c(c2)CCC(=O)N3)CC1,0.0009410224575559032
CCN(CC1CCN(C(=O)C(F)C2CCC2)CC1)C1CCC(C)C1,0.0006895127321293027
CCNc1nc(C(=O)NCC2CN(C(=O)C3CCCCC3)C2)cs1,0.0007773746356861443
CCO[C@@H]1CCN(C(=O)c2cc(NC3CC3)ccn2)C1,0.00036403620360615064
CCOC(=O)CCC(=O)NCC1Cc2ccccc2CN1C(=O)CO,0.0002750856680333199
CCOC(=O)c1cnc(N(C)C(=O)c2ccc3c(c2)COC(=O)N3)o1,0.38941759040201024
CCOC(=O)c1n[nH]c(CNC(=O)c2ccc(CC[C@H](C)N)cc2)n1,0.0004818370201785739
CCOC(C)C(=O)N1CCC[C@@H](NC(=O)c2ccc(F)cc2O)C1,0.19376484558455714
CCOC1C(C)C1C(=O)N1C[C@@H]2C[C@H]1CN2C(=O)CNC(=O)C1CC1,0.2116430091866861
CCOc1cc(NC[C@H]2C[C@H](NC(=O)c3ncc[nH]3)C2)nc(C)n1,0.0008231560681389102
CCSC1(C(=O)OCC(CC)(COC)COC)CC1,0.0006142435863339925
CCc1cc(N(C)CC(C)NC(=O)c2cccc(COC)c2)ncn1,0.0005993954712752289
CCc1ccc(CC(=O)NC[C@@H](C)NC(=O)CC2(CC#N)CC2)cc1,0.5755320723882975
CCc1nc(CN(C)CC(=O)N2CCN(C3CC3)CC2)cs1,0.0002681068922015738
CCc1nc(NC(=O)NC2CC(COC(C)C)C2)sc1C(=O)OC,0.0010107150496751643
CCc1nnc(C(=O)N[C@H](C)C2CN(C(=O)CCc3ccn[nH]3)C2)[nH]1,0.00030521318993838515
CCc1nnc(CN(C)CCNC(=O)c2cnn3c2CCCC3)n1C,0.00031168390907227676
CCc1ocnc1C(=O)NC1CC(NCC(C)C)C12CCC2,0.0003033381634776896
CN(C)C(=O)CN(CCNC(=O)c1ccc(C2CC2)nc1O)C1CC1,0.0003437663148578223
CN(C)C1CC(NC(=O)CCc2cc3ccccc3[nH]2)C12CCC2,0.0007744680729564719
CN(CCCN(C)C(=O)C1(CO)CCC1)C(=O)C1CC(=O)NC1(C)C,0.10008006157194763
CN(CCN(C)c1nnc(C2CC2)o1)C(=O)c1cnsc1,0.0004834731631617754
CN(CCNC(=O)c1cncc(Cl)n1)c1nc(Cl)c(C#N)s1,0.001490486567193337
CNC(=O)NCCC(=O)N(C)C1CCCN(C(=O)C2(CO)CC2)C1,0.13652873996687592
COC[C@@H](O)CN1CCC(CNC(=O)c2c(Cl)cnn2C)C1,0.000374702323786564
COC(=O)CC(NC(=O)c1cc(OC)ns1)c1cccc(Cl)c1,0.000626406915418763
COC(=O)COc1cccc(OCc2nnc3n2CCC3)c1,0.0005582496100102325
COC(=O)c1nccnc1N1CCC[C@@H](NC(=O)c2cc(O)ccn2)C1,0.300947237794438
COC(C)CC(=O)N1CCCC(C)C1CNC(=O)C(C)c1ccccc1,0.00048028141252853915
COC1(C)CCN(C(C)C(=O)Nc2ccc(SC)cc2)C1,0.0008628779176889302
COCC(C)(C)C(=O)N1CCN(C(=O)c2cnnn2C)C[C@@H]1C,0.00030699111246328494
COCC1(C(=O)N[C@@H]2C[C@@H]3CC[C@H](C2)N3C(=O)C(C)CC(N)=O)CC1,0.000296374113628337
COCC1(COC)CC(O)C(N2CC3(CCC(OC)CC3)C2)C1,0.0003303597695459038
COCCC1(C(=O)N(C)CC(O)CN(C)C(=O)C2CC2)CC1,0.0002464021737411013
COCc1noc(C(C)NC(=O)N2CCC(C)CC(C(N)=O)C2)n1,0.0003257365760621167
COc1c(Cl)cccc1C(=O)OC(C)C(=O)Nc1ccc(C#N)cc1,0.5061289834023434
COc1cc(C#N)ccc1CN1C[C@H]2CCC[C@H]2[C@H]1C(=O)O,0.001504997947818174
COc1cc(CCC(NC(=O)C2(C)CCOCC2)C(=O)O)ccc1F,0.000723957314081417
COc1cc2c(cc1NC(=O)N1CCN(CC(C)(C)O)CC1)NCC2,0.25632891060747215
COc1ccc(C(=O)NCC(C2CC2)N(C)C)cc1OC(C)C,0.0007276581705261626
COc1ccc(Br)cc1CN[C@@H]1COC(=O)C1,0.0004826564560066684
COc1cccc2c(C(=O)NC3CCOC(C)C3)csc12,0.5173002660327185
COc1ccccc1-c1cc(C(=O)N2CC(CO)C2)n[nH]1,0.0006083006722410771
COc1ccccc1-c1ncc(CN2CCN3C(=O)NCC3C2)cn1,0.5465157464976182
COc1ncc(C(=O)NC2COC(c3nccn3C)C2)cn1,0.0004612027553292341
CS(=O)(=O)N1CCCC(C(=O)O[C@H]2C[C@@H](OC(C)(C)C)C2)C1,0.00030223946712021755
CSC(C)C(=O)N1CC(CNC(=O)[C@@H](C)c2ccccc2)C1,0.0004396684506602606
CSc1cc(C(=O)NCC(=O)c2cn(C)nn2)ccn1,0.07279351513660214
Cc1c[nH]cc1C(=O)N(C)C1CCN(C(=O)[C@@H]2CNC(=O)N2)CC1,0.13171943909271094
Cc1c(Cl)ncnc1NC1CN(C(=O)C2(F)CC2)CC1C,0.0009486891238432388
Cc1cc(C#N)cnc1N(C)C(C)CNC(=O)c1cnns1,0.0011969140004419497
Cc1cc(C(=O)NC2CN(C(=O)c3occc3C(C)C)C2)cc(O)n1,0.2914266840094854
Cc1cc(N2CC[C@@H](NC(=O)C34CCCCC3OCC4)C2)ncc1C#N,0.001584419182571707
Cc1cc(N2CC(NC(=O)c3cnoc3C(C)C)CC2C)ncn1,0.0007466097137925993
Cc1cc(NC(=O)NC(c2ccccc2)C2(CO)CCCC2)nn1C,0.0008862627647057938
Cc1cc(F)c(C(=O)N(C)CC(O)CN(C)C(=O)C(C)O)c(F)c1,0.0004976593912523949
Cc1cc(F)c(NC(=O)CCn2cc(Cl)cn2)cc1C,0.0010468372308316072
Cc1ccc(C(C)NC(=O)CSC(C)(C)C)nc1,0.0006251364389047742
Cc1ccc(CC(=O)NC2(CNC(=O)c3cccc(=O)[nH]3)CCCC2)o1,0.12605653176088444
Cc1ccc(NCC23CCCC2N(C(=O)CC(C)(C)O)CC3)nn1,0.0010578396195568397
Cc1ccnc(C(=O)N2CC(NC(=O)[C@@H]3CC3(F)F)C2)c1,0.1686633168704517
Cc1ccnn1CC(=O)NCC[C@H]1CCCN1Cc1nnn(C)n1,0.00040783950240391844
Cc1cnc(CN2CC[C@@H](NC(=O)c3cc(C4CCCC4)n[nH]3)C2)o1,0.0008247571021790632
Cc1nc(C(=O)N(C)CCCN(C)c2cc(C#N)nc(C)n2)cc(=O)[nH]1,0.0010937033310863674
Cc1nc(CNC(=O)NCc2ccn(CC(F)(F)F)n2)co1,0.0004218768015696851
Cc1nc(N)nc(N2CCCC(NC(=O)C3(N(C)C)CCCC3)C2)n1,0.12932694823463192
Cc1ncc(CN2CCCC(NC(=O)c3ccc(N(C)C)cc3)C2C)o1,0.0008081886250840691
Cc1ncnc(N2CC(CC(C)NC(=O)C(C)n3cccn3)C2)c1C,0.0010776295417656225
Cc1nn(-c2ccccc2)c(C)c1CN1CC2CN(C(C)=O)CC2C1,0.0004912662940073382
Cc1nn(C)c(C)c1CC(=O)N1C2CCC1(C(N)=O)CC2,0.0003329064694140223
Cc1ocnc1C(=O)N1CCC(CNC(=O)CC(C)c2ccco2)C1,0.0005263578891089032
Cn1cc(C(=O)N[C@H]2CCCN(C(=O)c3cn(CCO)nn3)C2)nn1,0.0001632904077872884
Cn1ccc(C(=O)NCC2(C)CCCN2C(=O)Cc2ccn[nH]2)c1,0.0005900006903963289
Cn1ccc(CC(=O)N2CCC(c3ncc(C(=O)O)cn3)CC2)n1,0.000592632499184907
Cn1ncc(C(F)F)c1C(=O)NCc1ccc(CN2CCOC2=O)cc1,0.0006540382555870625
Cn1ncc(N2CCN(C(=O)OC(C)(C)C)C3CC32)n1,0.001030755978473843
N#CC1CCCN(CC(=O)N2CCN(c3cccc(F)c3)CC2)C1,0.636253913949201
NCC1(O)CCN(C(=O)c2ccc(C(=O)c3ccccc3)cc2)CC1,0.21473517649053286
NS(=O)(=O)NC1CCN(C(=O)C2C3Cc4ccc(Cl)cc4C32)C1,0.0007597279935005655
O=C(C1CCCCS1)N1CCNC(c2cccc(F)c2F)C1,0.0005887497164681545
O=C(CCC(F)F)N1CC2(CCCC2NC(=O)C23CCC(C2)OC3)C1,0.16611851624292348
O=C(NC1CCN(Cc2cscn2)C1)c1ccccn1,0.0004284635933074052
O=C(NC1COCCN(c2nnc[nH]2)C1)c1sccc1C1CC1,0.00018206931011572898
O=C(NCC(NC(=O)[C@@H]1CCCO1)C1CC1)c1ccc2ocnc2c1,0.0005976104923057652
O=C(NCC1COCCN1(Cc1ccccc1)c1cccnc1)C1CC1,0.0
O=C(NCc1cc(=O)[nH]c2c1CCCC2)N(CC1CC1)c1cccnc1,0.0013879978918692204
O=C(NCc1ccccn1)N1CCC(CO)(Cc2ccccc2F)C1,0.0004760575780887965
O=C(Nc1cccc(-c2ccno2)c1)N1CCc2c(nc[nH]c2=O)C1,0.001423477667527773
O=C(O)C12CCC(C(=O)NCc3ccc(Cn4cccn4)c(F)c3)(C1)C2,0.6428104377440557
O=C(OC1CCC1)N1Cc2cccc3c2CCC(C3)C1,0.0007189793457643034
O=C1CCC(C(=O)N2CCCC(c3cn(CCCO)nn3)C2)C1,0.0003776204914673023
OC1(C(F)F)CC[C@H]2CN(CC3CC4(CCNCC4)CO3)[C@H][C@H]2C1,0.0005705640194674846
C[C@@H]1CN(C(=O)C2CC3CC3C2)CCN1C(=O)Cc1cncs1,0.0008018770843583509
C[C@H](NC(=O)[C@]1(c2ccccc2)C[C@@H](F)C1)c1ccn(C)n1,0.0008668704628443418
C[C@H]1CN(C(=O)[C@@H]2C[C@H]2C)C[C@H]1NC(=O)CC1(O)COC(C)(C)C1,0.0004381198645008845
CC[C@@H]1CN(C(=O)C(C)(O)C2CC2)C[C@@H]1NC(=O)C1CCCN(C)C1,0.2003098333682857
CC[C@H](CC(=O)Nc1ccc(F)c(-c2ncc(C(N)=O)[nH]2)c1)C(C)C,0.8409361662732487
CC(=O)N(C)CC(C)CNC(=O)c1cnoc1C1CCC1,0.0006245069193843361
CC(=O)N1CC(C(=O)NCCN(C)C(=O)CC2(C#N)CC2)C1,0.21055320929962773
CC(=O)N1CCC([C@H](C)NC(=O)C2(C(F)F)CCCC2)CC1,0.00057915910211557
CC(C#N)C(=O)N1C[C@@H]2CCCN(C(=O)c3ccc4ncnn4c3)[C@@H]2C1,0.31158127329796076
CC(C#N)C(=O)N1CCC2(CCC2)C(CNC(=O)Cc2ccoc2)C1,0.0009848801775863738
CC(C#N)CNC(=O)NC(Cc1ccc2c(c1)CCO2)C(=O)O,0.0005710248517422688
CC(C)[C@H](NC(=O)C1=CN(C(=O)OC(C)(C)C)CC1)C(C)(C)O,0.26010148959045454
CC(C)(C)OC(=O)NCc1cccc(CN2CCC3(CC2)COC3)c1,0.000798258835711783
CC(C)(Cc1ccc(O)cc1)C(=O)NC[C@@H]1CCCC[C@@H]1C(=O)O,0.0005656240025684236
CC(C)(O)CCC(=O)N1CCN(C(=O)c2ccc3nncn3c2)CC1,0.11595037313571875
CC(C)CC(=O)N1CCCC[C@@H]1CNC(=O)COCc1ccccn1,0.0003089068507401053
CC(CCNC(=O)C12CCC(CC1)C2)Nc1ncnc(C)c1C#N,0.0016251299238528047
CC(CO)C(=O)N1CCCC1(C)CNC(=O)c1cc2c(ccn2C)[nH]1,0.0004941349338688808
CC(NC(=O)Nc1ccsc1)C1CCCN(C(=O)OC(C)(C)C)C1,0.0017245526647064763
CC(Nc1nc2c(cc1C#N)CCOC2)C1CCN(C(=O)C2(F)CC2)C1,0.0014924664728978448
CC(OC(=O)C1(c2ccc(O)cc2)CCC1)c1nc2c([nH]1)CCCC2,0.0008678222474957128
CC(F)(F)CC(=O)N1CC2C(CNC(=O)C3CCC(F)CC3)C2C1,0.23412176956346414
CC1(C)C(O)CC1CNC(=O)[C@@H]1[C@@H](c2ccccc2)C1(F)F,0.00046519424980699463
CC1=NOC2(C1)CC(C(=O)N1CC[C@@H](NC(=O)C3CC(C)(C)C3)C1)C2,0.1401515811550343
CC1CC(NC(=O)C2CCC2)CN1C(=O)c1ccc2scnc2c1,0.0004625901963618608
CC1CC(NC(=O)CC2CSCCS2)CS1,0.0010994289117838374
CC1CN(C(=O)CCNC(=O)c2ccc(C(C)(C)C)cc2)CC1O,0.0004341078086573296
CCC[C@H](O)C(=O)NCc1ccccc1-c1ccncc1,0.0010962787183144884
CCC(C)(=O)c1cn(C(C)C(=O)NC[C@H]2C[C@@H](O)C2)nn1,0.0
CCC(C)N1CCC(NC(=O)c2c3c(nn2CC)CCCC3)C(C)C1,0.0006826766154416665
CCC(O)c1cn(CCC(=O)N2CCOC(CO)C2)nn1,0.0002549034612111547
CCC1(CC)CN(C(=O)c2cc(S(=O)(=O)C3CCCC3)cnn2)C1,0.00044694876850297774
CCC1(c2cn(CC(=O)NC(C)(C(N)=O)C(C)C)nn2)COC1,0.00019653988401856999
CCCC(OC)C(=O)N[C@@H]1C[C@@H]2CC[C@H](C1)N2C(=O)c1nn(C)cc1C,0.00047479721772534703
CCCC1(c2ccccc2)CN(C(=O)CCN(C)S(C)(=O)=O)C1,0.0004977891819514579
CCCCC1(C(=O)NC2CCC3CN(C(=O)[C@@H](C)O)CC32)CC1,0.00037627779049875294
CCCc1c(C(=O)N2CC(O)(C(C)NC(=O)CC3CCC3)C2)cnn1C,0.0005240717066138761
CCCc1nsc(N2CC(CNC(=O)CC3CC(F)C3)CC2C)n1,0.000518600258579087
CCN1CC(C(=O)N[C@@H](C)c2ccco2)c2ccccc21,0.0008779291471871643
CCSC1(CNC2CN(C(CC)C)C(C)(C(=O)OC)C2)CC1,0.0007103557763425203
CCSCC(=O)N1CC(C)(NC(=O)Cn2cnnc2)C1,0.00015488290025422808
CCc1cc(NCC2(C)CCN(C(=O)c3cc(C)on3)C2)ncn1,0.0012461143573126708
CCc1cccc(C(=O)N2CCC2CNC(=O)c2ccc(O)cc2)n1,0.2794460820430985
CCn1c(=O)oc2cc(NC(=O)CC3COCCN3)ccc21,0.0005150198394305214
CCn1cc(C(=O)N2CC(C)(NC(=O)CCC(=O)NC)C2)nn1,0.0001532502404675466
CCn1cccc1C(=O)N(C)CC1CN(C(=O)c2c[nH]c(=O)cn2)C1,0.1779894748842262
CCn1ncc(C(=O)N2CCC3CC3C2)c1-c1ccc(Cl)cc1,0.4017977540573898
CCn1nccc1C(=O)NC1CCN(C(=O)c2cnns2)C1(C)C,0.0004956754295335478
CN(C)C1(C(=O)N[C@H]2[C@@H]3CN(C(=O)CCC(C)(C)C)C[C@@H]32)CCC1,0.2243156328943775
CN(CC(C)(C)CCO)C(=O)c1cnc2scnc2c1,0.0006329781449575977
CN(CCCN(C)C(=O)C1CC1)C(=O)c1csc(CO)n1,0.0003741375104126095
CN(CCO)C(=O)c1csc2c(Cl)ccc(Cl)c12,0.4041802797519419
CN(Cc1ccc(Cl)cc1F)c1nnc(C(C)(C)NC(N)=O)n1C,0.0005510757249439863
CN1C(=O)CC[C@H]1C(=O)N1CCC(C(C)(C)NC(=O)C(C)(C)F)CC1,0.1885687089789863
CN1CCN[C@@H](CNC(=O)OCc2ccc(Cl)cc2)C1,0.00037130169611880343
CNC(=O)c1ccc(CC(=O)NC23CC(C(=O)OC)(C2)C3)cc1,0.0002953246147237268
CNC1CC(OC(=O)CCc2cc(OC)no2)C1,0.0003606598190788041
COC(=O)CCC1CC(NC(Cc2csc(N)n2)C(=O)O)C1,0.0005877174127997965
COC(=O)c1cc(NC(=O)c2cnccc2C)cnc1C,0.2724244758239876
COC(=O)c1ccc(C(=O)N(C)[C@@H](C)c2ccccn2)c(Cl)c1,0.0006405300698687741
COC(=O)c1cccc(C(=O)NCc2cccn2C(C)(C)C)c1C,0.0005879320540004522
COC(=O)c1nc(C)c2n1N(C(=O)CC1COCCN1)CCC2,0.0004208712826520605
COC(=O)c1nn(C)cc1S(=O)(=O)NCC12CCCC1CC(F)(F)C2,0.21237926304053267
COC1(C(=O)N[C@@H](C)C2CN(c3ccncn3)C2)CCOCC1,0.0007974254930003962
COC1(C(=O)NC2CCC(C)N(C(=O)c3ccc(=O)oc3)C2)CC1,0.0004577040210316074
COC1(C(=O)NCC(C)CN(C)C(=O)Cc2cnsc2)CCC1,0.0005880961794258466
COC1CC(N)(C(=O)NC[C@@H]2CCCC[C@@H]2C(F)(F)F)C1,0.0003495769114299352
COCC(NC(=O)Nc1ncc(C(F)(F)F)s1)c1cnn(C)c1,0.0010814157849908127
COCC(O)C(=O)NC1(CNC(=O)c2cnc3c(c2)c(C)nn3C)CC1,0.00043096012825694346
COCC1(C(=O)N2CCN(C(=O)C3CCC3F)[C@H](C)C2)CCC1,0.00026745883530425365
COCC1CCN(S(=O)(=O)[C@H]2CCOC2)CC1,0.00024477989567820737
COCc1cc(C(=O)N2CC3(C)CC2(C(=O)OC)C3)[nH]n1,0.000428446379710093
COc1cc(OC)c(OC)cc1CN1CCC(CO)C(O)C1,0.00037954579374994805
COc1ccc([C@@H]2C[C@H]2NC(=O)c2noc3c2CNCC3)cc1,0.00042812367440762906
COc1ccc(OC)c2c1CN(C(=O)N(CC(C)OC)C(C)C)CC2,0.0008141308462393757
COc1ccccc1NC(=O)CN(C)C(=O)CC1(C(N)=O)CC1,0.22729833188945125
COc1ccccc1S(=O)(=O)NCCC(=O)N1CCC[C@H]1C,0.0002763039788157307
CS(=O)(=O)c1csc(COc2ccc(OC3CC3)cc2)c1,0.0007890859978622441
CSC(C)C(=O)N(C)CC1CCN(C(=O)CC(C)C2CC2)CC1,0.0003321446917350716
CSC1CN(C(=O)NCCN2CCc3sccc3C2)C1,0.0003098745933171413
CSCC(C)C(=O)NCCC(C)NC(=O)CC1(O)CCOCC1,0.00047435640559915625
CSCc1ccc(C(=O)N(C)CCN2CCOC2=O)cc1,0.0006677011781755208
Cc1c[nH]nc1C(=O)N[C@H]1C[C@@H](NC(=O)C23CCCC(C2)OC3)C1,0.0005000129495021843
Cc1cc(=O)[nH]c(C)c1C(=O)N[C@@H](C)C1CN(C(=O)C(C)(C)C)C1,0.19895175767143358
Cc1cc(=O)[nH]cc1C(=O)N[C@@H]1CCCN(Cc2cn(C)nn2)C1,0.00018351367616958967
Cc1cc(C(=O)O)ncc1NC(=O)c1cnn(CC(C)C)c1C,0.0009516996073430599
Cc1cc(N)ncc1C(=O)NCC(F)(F)c1cccc(F)c1,0.0008913290265074701
Cc1cc(F)c2c(c1)NC(C(=O)N1CC3(C1)CS(=O)C3)C2,0.000748783427314842
Cc1cc2nc(N3CCN(C(=O)C(O)C(C)(C)C)C[C@H]3C)cc(=O)n2o1,0.0005207272988042854
Cc1ccc(C#N)cc1C(=O)NCCC1CN(C(=O)OC(C)(C)C)C1,0.001236432113578731
Cc1ccc(C(=O)N2CC(NC(=O)CC(C)C)CC23CCOCC3)nn1,0.24538184023025789
Cc1ccc(C(=O)N2CC3(CCCC3NC(=O)C3CCC3)C2)cn1,0.0014713155497680065
Cc1ccc(C2(CNC(=O)c3cnn(C)c3O)CCOCC2)cc1C,0.0008620509433244977
Cc1ccc(N(C)CCNC(=O)CCn2cc(C)cn2)nc1C#N,0.0011711041514714574
Cc1ccc(F)c(CNC(=O)c2cnn(C)c2N)c1Br,0.0011967906508000695
Cc1ccc(F)cc1C(=O)NC(C)CNC(=O)CN1CCCC1=O,0.00028961573168387057
Cc1cnc(CN2CCC(CNC(=O)c3cc(C(N)=O)ccn3)C2)o1,0.11634690307017942
Cc1cnn(C(C)C(=O)NC2CCC3(CC2)CC(O)C3)c1,0.0008823879242760255
Cc1n[nH]c(C(=O)NCC[C@H]2CCCN2Cc2nnc(C)o2)c1O,0.00028665780469126935
Cc1ncc(-c2cn(CC(=O)NCCC3CC(F)(F)C3)nn2)n1C,0.6444693057643852
Cc1nn(C(C)C)c(C)c1CC(=O)N[C@@H]1C[C@@H]2CC[C@H](C1)N2,0.00038221432141313994
Cc1nnc(NCC2CN(C(=O)C(C)n3ccnc3)CCCO2)s1,0.00041889245853953645
Cc1noc(C)c1C(C)C(=O)N(C)CC(N)c1cccc(F)c1,0.0005284038009511644
Cc1nocc1CC(=O)N1CCCN(c2nncs2)CC1,0.00042820044578337923
Cc1oc(-c2ccccc2)nc1C(=O)N[C@@H]1CC[C@H]1CN,0.0014467549146001376
Cc1occc1C(=O)NCCN(C(=O)C(C)O)C1CC1,0.0002784808568727472
Cc1sc(=O)n(CC(=O)NC[C@H]2C[C@@H]2c2ccccc2)c1C,0.0005392581202713074
Cn1nc(C(=O)N2CC[C@H](NC(=O)c3ccncc3N)C2)ccc1=O,0.2453021022253852
Cn1nc(NC(=O)N2CCC3(CC(F)C3)C2)cc1S(C)(=O)=O,0.000429092997176259
Cn1nnc(N2CCC[C@H]2CNC(=O)C2(Oc3ccccc3)CC2)n1,0.0011324527963952919
N#CCC1CCOCC1S(=O)(=O)N1CCc2ccccc21,0.0012830648621317512
N#Cc1ccc([C@@H]2C[C@H]2C(=O)N[C@H]2c3ccccc3CC[C@H]2O)cc1,0.0009121262219621034
NC(Cc1ccc(O)cc1)C(=O)Nc1c(F)ccc2c1OCCO2,0.0009348255753606916
O=C(CN1CCOc2ccccc21)NCc1ccncn1,0.0005620428392368637
O=C(COC1CCCCC1)N1C[C@@H]2CN(C(=O)[C@@H]3CCCO3)C[C@@H]2C1,0.0005066511720196907
O=C(Cc1ccc2c(c1)COC2)NC(C(=O)O)c1cccnc1,0.00035826743907314243
O=C(N[C@H](CO)CC1CCCCC1)c1cnnn1C(C1CC1)C1CC1,0.40010960653468164
O=C(NC1(C2CCC2)CC1)N(Cc1ccccc1F)C1CCOC1,0.0006610355974023596
O=C(NC1(C2CCCN2C(=O)c2csc(=O)[nH]2)CC1)c1ccno1,0.16292154890984117
O=C(NC1(CO)CCOCC1)C1Cc2nncn2C1c1ccccc1,0.000408073507178015
O=C(NC1CC2CN(C(=O)Cn3nccc3C2)C1)c1ccc(CO)cc1,0.15920293177367215
O=C(NC1CN(C(=O)Cc2cccc(C(F)(F)F)n2)C1)c1cc[nH]c1,0.000428497716250979
O=C(O)C(Cc1ccccc1Cl)NC(=O)[C@H]1[C@@H]2C=CN[C@@H]21,0.00036967701786413807
O=C(O)C(c1ccccc1)N1CCN(C(=O)c2ccc(Cl)cn2)CC1,0.2443397516208847
O=C(c1coc(N2CCNCC2)n1)N1CCNCC1c1ccccc1F,0.47111684754668015
O=S(=O)(c1cnc2n1CCC2)N1CCOC(COCC2CC2)C1,0.0005361457067379081
FC(F)(F)C1(CNCc2cc(C3CC3)n[nH]2)CCOC1,0.0004190840203007688
FC1(F)CC2(CCN(c3nnnn3C3CC(F)(F)C3)C2)C1,0.0009258390392632721
C[C@@H]1CN(C(=O)C(F)CC2CC2)C[C@@H]1NC(=O)[C@H]1C[C@H]2[C@@H](C1)C2(C)C,0.00045543696733790784
C[C@H](CNC(=O)C(C)(C)C(F)F)NC(=O)[C@H]1C[C@H]2[C@@H](C1)C2(C)C,0.1264794923543945
C[C@H]1C[C@@H]1C(=O)N(C)CCC1CCN(C(=O)C2(C3CC3)CC2)CC1,0.0007446073020868585
C[C@H]1C[C@@H]1C(=O)N1CCCC1(C)CNC(=O)CC1CSCCS1,0.0004157137528444178
CC(=O)CCCC(=O)NC(C)CCNC(=O)c1ccc2c(c1O)CCC2,0.00027564308955164095
CC(=O)N(CC(=O)N[C@H]1C[C@H](CO)C1)C1CCCc2ccccc21,0.0004259487221214445
CC(=O)N1CCC(C(C)(C)CNC(=O)[C@@H]2C[C@@H]3C[C@@H]3C2)CC1,0.0004967360715161114
CC(=O)N1CCN(CC2CCN(C(=O)CCn3cnnn3)CC2)CC1,0.00020160036694590999
CC(=O)c1c(C)[nH]c(C(=O)N2CCN(C3CC3)CC2C)c1C,0.1749600398299338
CC(C(=O)N1C[C@@H]2CN(C(=O)C3CCC(=O)C3)C[C@@H]2C1)C1CCC1,0.00042769956087069155
CC(C(=O)N1CCC1CNC(=O)CCCc1cccnc1)C1CCOC1,0.0003799730592385388
CC(C(=O)N1CCCC2(CNC(=O)c3cc[nH]n3)CCCC12)N1CCC1,0.000947646379281387
CC(C(=O)NCC1(C)CN(c2nncs2)CCO1)c1cnn(C)c1,0.0007873678224984154
CC(C)(CCN)C(=O)N1CC2CCC1(CCNC(=O)OC(C)(C)C)CC2,0.0006333866273369815
CC(C)(CN[C@H](C1CCOCC1)C(F)(F)F)C1(O)CCC1,0.0003872018210334839
CC(C)C(C)C(=O)N1CCC(C2CCCN2C(=O)Cn2ccnn2)CC1,0.0003149280420485829
CC(C)C(CNC(=O)Cn1ccc(=O)c(O)c1Cl)c1ccccc1,0.0006041902601788641
CC(C)N1CC(CNC(=O)c2ccnn2C2CC2(F)F)CC1=O,0.0007728739462017022
CC(C)OCCC(=O)N1CCN(C(=O)CC2CC2)C[C@@H]1C,0.0004432472780496029
CC(CC(N)=O)C(=O)N1C[C@@H]2C[C@H]1CN2C(=O)c1c(C2CC2)cnn1C,0.00028115222133100193
CC(CCc1cccc(F)c1)NC(=O)c1cccn(C2CC2)c1=O,0.0003519643333121373
CC(CN1CCCC1C(=O)N(C)C)c1ccc(S(C)(=O)=O)cc1,0.0004176012327939027
CC(CNC(=O)Cc1ccccc1-c1cnn(C)c1)N(C)CC(N)=O,0.0005501142987454245
CC(O)C1CC1C(=O)N[C@H]1C[C@@H](CNC(=O)[C@H](C)c2ccccc2)C1,0.000288469398962247
CC(O)CCN(C)C(=O)Nc1ccc(N(C(C)C)c2cnn(C)c2)cc1,0.0018606911471040284
CC(O)CN1CCN(Cc2nnn(-c3ccc(Cl)cc3)n2)C(C)C1,0.0005638740737994405
CC(F)(F)c1ccc(S(=O)(=O)N2CC(CC#N)C2)nc1,0.0009870175691694572
CC1(C(=O)NCCC2CCN(C(=O)CSC(C)(C)C)C2)CC(=O)C1,0.11446679205562653
CC1(C)CC(OC(=O)c2cccc(CS(N)(=O)=O)c2)CO1,0.00033048332508929095
CC1=C(C(=O)NC(C(=O)O)c2cnn(C)c2)Cn2ncnc2N1C,0.24001298963436765
CC1C(NC(=O)C2CC23CC3)CC2CCC1N2C(=O)c1cnccn1,0.6293018447239341
CC1CN(C(=O)C2(CF)CCC2)CC1CNc1cncc(Cl)n1,0.3209534456273367
CC1CN(C(=O)CCCc2cnccn2)C(C)CC1C(=O)O,0.0006212389811085729
CCC(C)(C)CC(=O)N1CCC(CCNC(=O)C(C)O)CC1,0.0005837779854593088
CCCC(=O)N1CCCC(C2CC2NC(=O)OC(C)(C)C)C1,0.0004270382964776866
CCCC(CCC)C(=O)NC[C@@H]1CCCN1C(=O)c1c[nH]cc1C,0.0013532816970529195
CCCC(O)CC(=O)N1CCCCC12CCOCC2,0.3741767878571362
CCCN(C(=O)C1CCC(C)C1)C1CCN(C(=O)Cc2cnnn2C)C1,0.0003099306821837475
CCCN(CC)C(=O)Nc1nc(-c2ccccc2)nn1C,0.0013975830938358852
CCCS(=O)(=O)NC(=O)c1ccc2c(cnn2CCC)c1,0.000809727726634792
CCN(CC)CCNC(=O)NC1CN(C(=O)OC(C)(C)C)CCC1C,0.0005415365579029769
CCNS(=O)(=O)c1ccc(Cl)c(C(=O)NCC(=O)C(C)C)c1,0.156082530174352
CCOC(=O)[C@H]1CCC[C@@H](S(=O)(=O)NCc2ccns2)C1,0.0004207153792439563
CCOC(=O)C1CCC(C(=O)N(C)CC2CCC(=O)N2)CC1,0.0004009595751667839
CCOC(=O)C1CN(CCCN2CCCCC2=O)CC(C)O1,0.00032605008974827076
CCOc1cc(-c2nnc(N(CC)C(C)CC(=O)OC)n2CC)n[nH]1,0.0007222982625941857
CCOc1nc(C(=O)NC2CN(CC=Cc3ccccc3)CC2(C)C)co1,0.0010660593247968475
CCS(=O)(=O)CC(C)N(C)C(=O)N1CCc2ncc(C)cc21,0.00041638490553455094
CCSC(C)C(=O)N1CCCN(C(=O)C2(C#N)CC2C)CC1,0.0009256815843484506
CCc1c(C(=O)N(C)CCNC(=O)c2cncc(NC)c2)cnn1C,0.41816895036003693
CCc1ccc(F)c(C(=O)NC(CC)CC(F)(F)F)c1F,0.0007822308324814983
CCn1ncc(Br)c1C(=O)NC12CCCNC1C2,0.0003840863821825557
CN(C(=O)C(F)F)C1CCCN(C(=O)c2cn[nH]c2C2CCCO2)C1,0.0004395118688393001
CN(CC1CN(C(=O)c2n[nH]c3c2CCC3)C1)C(=O)C(C)(O)C1CCC1,0.24633053069058422
CN1CC[C@@H](NC(=O)Cc2c[nH]c3cnccc23)[C@@H]1c1ccccc1,0.0005443872081666222
CN1CCN(Cc2ccc(Cl)cc2C#N)CC1(C)C,0.0011817027355073698
CNc1ccc(C(=O)Nc2cc(C(=O)OC)ccn2)cc1F,0.37436187435679824
CO[C@H]1C[C@@H](CNC(=O)Cc2ccc(F)cc2Cl)C1,0.0005469523540834498
COC(=O)C([C@@H](C)OC)N1C[C@@H]2C[C@H]1CN2Cc1ccccc1,0.00030111533910329755
COC(=O)N(C)CC(=O)N1CC(CNC(=O)c2cc(C(C)C)[nH]n2)C1,0.00028025087606932175
COC(C(=O)N[C@@H]1CCN(C)[C@H]1c1ccccc1)c1cccnc1,0.0005856656210586958
COC(C(=O)N1CC[C@H](OCCF)CC1)C1CCOC1,0.18253407989382653
COC1(CC(=O)N2CCN(C(=O)c3cccc(C)c3)[C@H](C)C2)CC1,0.0003946987080303966
COC1(CC(=O)NC2CCC(CNC(=O)Cc3ccoc3)C2)CCC1,0.0009634434099468827
COC1(CN(C)S(=O)(=O)c2ccc(Cl)cc2C#N)CCOC1,0.0007429235268713361
COC1(CNC(=O)C23CC2C3)CN(C(=O)c2sccc2C#N)C1,0.43372536803487655
COCC(C)C(C)C(=O)NC1(Cc2ccc(C#N)cc2)CC1,0.0007444895393114728
COCCN(C(=O)[C@@H]1C[C@H]1C1CCNCC1)C1CC2CC2C1,0.0007943005132452029
COCc1cc(CC(=O)N2CCN(CC(C)(C)F)C[C@H]2C)no1,0.00033166619554829223
COCc1cc(Cn2nnnc2N(C)C2CCNC2=O)no1,0.00027972611199539115
COc1cc(=O)n(C)cc1C(=O)Nc1c(F)ccc(F)c1F,0.4851624435557536
COc1cc(N2CCCN(C(=O)c3ncc(F)cc3F)CC2)ncn1,0.0008860553657833932
COc1cc(OC)nc(NCCN(C)C(=O)C2(C)CC(C)C2)n1,0.0014307601943157444
COc1ccc2c(c1)CCCN2C(=O)CC(C)CN(C)C,0.0012554422167339505
COc1cccc(C2(C)CCN(C(=O)c3cc(C(C)=O)on3)C2)c1,0.23326460192092308
COc1cccc(CN(C)C(=O)[C@H]2C[C@H](NC(=O)OC(C)(C)C)C2)c1,0.0006681517298549535
COc1ccnc(NC(=O)N2CCCC(c3nc(C(C)C)n[nH]3)C2)c1,0.0017034674468515924
COc1nc(C)cc(C)c1CN(C)c1cccc(C(N)=O)c1,0.0005176246820134825
COc1sc(Cl)c(C(=O)NC[C@@H](C)NC(=O)CSC)c1Cl,0.0008214812065679299
CS(=O)(=O)C1CCN(C(=O)[C@]2(c3ccccc3)C[C@H](O)C2)C1,0.0002705965947757266
Cc1c[nH](C)c2ncnc(NCC(C)N(C)C(=O)C3(N(C)C)CC3)c12,0.0
Cc1c(C(=O)N[C@@H]2CCN[C@@H]2C)sc2ncc(Br)cc12,0.3304847859238553
Cc1cc(C#N)nc(NC2(CNC(=O)c3cc(C(C)C)[nH]n3)CC2)n1,0.4099560027941922
Cc1cc(C(=O)N2CCC(C)N(C(=O)c3coc(=O)[nH]3)CC2)oc1C,0.0006596860448151148
Cc1cc(C(=O)N2CCC(Nc3ncnc(C)c3F)CC2C)c(C)cn1,0.0008608618726895825
Cc1cc(N2C[C@H]3[C@H](CNC(=O)OC(C)(C)C)C[C@H]3C2)[nH]c(=O)c1,0.17056296916404912
Cc1cc(N2CCC(Cn3cc(CNS(N)(=O)=O)nn3)C2)ncn1,0.0002089186278601951
Cc1cc(OCC(=O)N2CCn3nc(N)cc3C2)cc(C)c1Cl,0.0009580113108718159
Cc1cc(S(=O)(=O)N2CCC(CS(C)(=O)=O)C2)c2ccccc2c1,0.001206105870985697
Cc1ccc(O)cc1CNC(=O)c1nnn(C(C)(C)C)n1,0.00041675422356954024
Cc1ccc(F)c(C(=O)OCCS(=O)(=O)C2CC2)c1,0.0005241158042386785
Cc1cccn2c(=O)c(C(=O)NC(C)CCN3CCCC3=O)cnc12,0.16872867308715303
Cc1ccnc(N2CC(NC(=O)c3ncc(F)cc3F)CC2C)c1C#N,0.001631133033743767
Cc1cnc(C#N)nc1NC[C@@H]1CC(C)(C)CN1C(=O)c1cccn1C,0.7455527130802658
Cc1cncc(CCNC(=O)N(C)Cc2coc(C)n2)n1,0.0003616612616848252
Cc1cnccc1CCC(=O)NC1(C2CCCC2)CC1,0.001111048430568613
Cc1coc(C(=O)NCC2(NC(=O)Cc3ccccc3)CCCCC2)c1,0.0004359084803042713
Cc1coc(C)c1C(=O)N(C)C(C)CNC(=O)c1cc(O)no1,0.0004877905080070722
Cc1nc[nH]c1CC(O)C(=O)NC1CCCc2cc(OC(C)C)ccc21,0.0005036399825221084
Cc1nc(C(=O)NCCC2(CNC(=O)C(C)N3CCC3)CC2)[nH]c1C,0.22986716677593866
Cc1nc(CCN)sc1C(=O)NC1CCC2(CCC2)C1,0.0005516779012336525
Cc1nc(N[C@H]2[C@@H]3CN(C(=O)C4(C)CCC4)C[C@@H]32)cc(C(F)(F)F)n1,0.0006422514682128178
Cc1nn(C)c(Cl)c1CN1CCN(C(=O)C2CCCC3CC32)CC1,0.0007222231609482971
Cc1nnc(N2CCN(CC3COC(C)C3)C[C@H]2C)c(C#N)c1C,0.0015155435887931278
Cc1nocc1C(=O)N[C@H]1CCN(C(=O)c2cc(C(C)C)no2)C1,0.23714587040649232
Cc1oc(C(=O)N2CCC(CNC(=O)C(C)(F)F)CC2)nc1C1CC1,0.0007543379447625883
Cn1c(Cc2c[nH]nn2)nnc1N1CCN(C(=O)OC(C)(C)C)CC1,0.0007875754123648246
Cn1cc(Oc2ccc(C(=O)NC3(CO)CC(O)C3)cc2)cn1,0.0009024523900418472
Cn1cccc1C(=O)NC1CCCN(CC2CCc3ncnn32)C1,0.0005408602878091432
Cn1ccnc1CNCc1cc2c([nH]c1=O)CCCC2,0.0008172678929274449
N#CC1(CC(=O)Nc2nc(CC3CCOC3)cs2)CCC1,0.001605720926206454
N#Cc1cc(COC(=O)CNC(=O)c2cccc(Cl)c2)cs1,0.0006947913855653519
N#Cc1ccc(NC(=O)C23CC2COC3)c(C2CCOC2)c1,0.001365197810113659
N#Cc1ccc(F)c(CN2CCCC(c3cncn3)C2)c1,0.0
O=C(CC1CCC(=O)C1)NC1CN(C(=O)CC2CCOC2)C1,0.0002240866562368965
O=C(CN1C(=O)CCOc2ccccc21)Nc1cccc(F)c1,0.41384329478767695
O=C(Cn1cc(C(=O)OCC2CC3(CCC3)C(=O)O2)cn1)NC1CC1,0.00043391663660332687
O=C(N[C@H]1CCN(C(=O)C2(O)CC2)C1)C(F)(F)c1ccccn1,0.00024473193776829356
O=C(N1CCC(C2CCC2)C1)C(F)(F)C1(O)CCCC1,0.0006425147455474977
O=C(NC[C@H]1C[C@H](NC(=O)C2(F)CCC2)C1)c1cc2n(n1)CCCC2,0.27492133543950753
O=C(NC1CC(NCc2ccsc2)C12CCC2)c1ccccc1,0.0007867619356958388
O=C(Nc1cnc2ccccc2c1O)C12CCCN(C1)S(=O)(=O)C2,0.000663862091634944
O=C(c1cc(F)cnc1O)N1C[C@@H]2C[C@H]1CN2c1nccnc1F,0.0005193795326541316
O=C1CC(C(=O)NC2(c3cccc4ccccc34)CC2)CN1,0.3655578763738241
O=C1CC(C(=O)NC2CCN(Cc3ccncc3Cl)C2)CN1,0.00022403384008398924
O=C1CCC(C(=O)Nc2cc(C(=O)N3CCCCC3)ccc2Cl)C1,0.615029141328612
O=S(=O)(NC1CCNc2ccccc21)c1ccc2c(c1)CCC2,0.0007072932970532017
OC(Cn1cc(CN2CC(F)CCC2CNC(=O)C2CC2)nn1)C1CC1,0.0005189516745227826
C[C@@H](CNC(=O)c1cc(=O)c2ccccc2o1)NC(=O)C1(C)CCC1,0.46114019354577634
C[C@@H](CNC(=O)c1ccc2nc[nH]c2n1)NC(=O)CCC1(C)CC1,0.281433882390495
C[C@@H](NC(=O)[C@H]1C[C@H](N(C)C)C1)C1CCN(c2cc(=O)n(C)cn2)CC1,0.0005164540789157634
C[C@H](NC(=O)c1cccc(OC(C)(C)C)n1)c1ncon1,0.0003890368207470933
C[C@H]1CN(C(=O)CC#N)C[C@H]1NC(=O)COc1ccccn1,0.17547314260949326
CC[C@H](C)[C@H](O)C(=O)NC1CC(CNC(=O)Cn2cccn2)C1,0.0002432978658416315
CC(=O)N(CCNC(=O)c1cn(C2CCC2)nn1)Cc1ccccc1,0.0005619199807428251
CC(=O)N1CCC(CCNC(=O)c2ncoc2-c2ccco2)C1,0.7053272870680596
CC(=O)NC(CC(C)C)C(=O)N1CC(NC(=O)C2CC(C)C2)CC1C,0.17858706842612704
CC(C(=O)NCc1cccs1)N1CCC2(CC1)OCC(=O)N2C,0.00048454796337139237
CC(C)(CC(=O)NC1CCC(CS(C)(=O)=O)CC1)c1nn[nH]n1,0.0005127537662446807
CC(C)(CC(=O)O)C(F)(F)F)C(=O)N[C@H]1CCCC(F)(F)[C@@H]1O,0.0
CC(C)(CCS(C)(=O)=O)NC(=O)c1ccnn1-c1ccccc1,0.0009338925543973833
CC(C)(NC(=O)c1ccc(O)nc1)c1cn(CC2Cc3ccccc3C2)nn1,0.0007349278925489955
CC(C)(F)CCC(=O)N1CC(CO)(NC(=O)C[C@H]2CCOC2)C1,0.000383008599291884
CC(C)C(C)(C)C(=O)N(C)C1CCN(C(=O)c2c(O)cccc2F)C1,0.0005553186698786178
CC(C)C(C)CC(=O)N1CC(C)(C)C[C@H]1CNC(=O)c1cncc(F)c1,0.3260200295603647
CC(C)NC(=O)c1ccc(N2C[C@H]3CC(F)(F)C[C@H]3C2)nn1,0.00039273850944814524
CC(C)c1cc(C(=O)NC2(CF)CCN(C(=O)c3ccccn3)C2)no1,0.26150354782729224
CC(C)c1nc(-c2ccc(C(C)NCC3(O)CC3)cc2)n[nH]1,0.0009586722605842284
CC(NC1CC2(CCC(C(N)=O)CC2)C1)c1ccc(CC(N)=O)cc1,0.00026720724748169697
CC(NCc1cn(-c2ccccc2)nn1)C(=O)N(C)C1CC1,0.000382973411065539
CC(O)CCCC(=O)N1CCC(C2CCN(C(=O)C(C)C#N)CC2)CC1,0.001064082535593182
CC(O)CN1C[C@@H]2C[C@H]1CN2C(=O)Cn1ccc2ccc(F)cc21,0.0005246575773149813
CC(F)(F)C1(CNC(=O)Nc2ccc3[nH]c(=O)oc3c2)CCOCC1,0.5049958060990407
CC1(C(=O)N2C3CCC2c2cnc(C3)[nH]2)CCOCC1,0.00041621133511807033
CC1(C)CC1CC(=O)N1C2CCC1CN(C(=O)CC1CC(F)(F)C1)C2,0.0007305465429849673
CC1(C)OCC(NC(=O)Nc2ccnn2Cc2cccc(F)c2)CO1,0.0012682644544039536
CC1(C)OCCOC1CNC(=O)NCC1CCc2ccccc2C1,0.000731834043538877
CC1(CO)COCCN(C(=O)c2cc3nc(C(F)(F)F)cn3cn2)C1,0.0005720263628561056
CC1(NC(=O)CC(C)(C)C(F)F)CCN(C(=O)c2ccc[nH]2)C1,0.29433866046069657
CC1(NC(=O)CSC2CC2)CCN(C(=O)Cc2cccnc2)C1,0.00039213482554417445
CC1CC(C(=O)N[C@H]2C[C@@H](CNC(=O)C(C)(F)F)C2)CCO1,0.00039578854891630564
CC1CC1C(=O)N1CC(C)(NC(=O)c2n[nH]c3c2C[C@H](C)O[C@@H]3C)C1,0.0002907879424025311
CC1CCCCC1CNC(=O)c1nnc(-c2ccccc2)n1C,0.0014238841640203032
CC1CN(C(=O)C(F)(F)C2(O)CCCC2)CCN1C(=O)c1cn[nH]c1,0.00045851785807702906
CC1CN(C(=O)CC(C)(C)O)CC1CNC(=O)c1cc(C2CC2)no1,0.000288681975269585
CCC(=O)Nc1cccc(C(=O)OC2CC23CCOCC3)c1,0.0013369589898424312
CCC(C(=O)N[C@@H](C)CNC(=O)C(C)CC(N)=O)C1(O)CCC1,0.0003621673140353737
CCC(C(=O)N1CCN(C(=O)CC(C)C)[C@@H](C)C1)N(CC)CC,0.0005369813550078674
CCC(C)(O)C(=O)N1CC2CCC(Nc3nnco3)CC2C1,0.0005383677421734175
CCC(CNC(C)=O)NC(=O)c1cccc2ccnn12,0.0003482632731948007
CCC1(C(=O)NCCC(C)NC(=O)c2ccc(O)cc2F)CC1(F)F,0.0007637124884344323
CCC1C(=O)NCCN1C(=O)c1ccc(Oc2cccnc2)cc1,0.0008293578781411518
CCC1CN(C(=O)CC#N)CCC1NC(=O)c1ccn(CC(F)F)n1,0.0005214086881473655
CCCC(NC(=O)c1ccn(CCOC)c(=O)c1)C1CCC1,0.0005237876468198625
CCCCC(C(=O)NCC12CC(CO1)N(C(=O)[C@@H](C)O)C2)C(C)C,0.00029892716207608936
CCCCC1(C(=O)N2CCCC(O)(CC)C2)CCCC1,0.7878278937806653
CCCN(CC(=O)NC)c1nc(-c2ccc(Cl)cc2C)n[nH]1,0.4651269258538269
CCCn1ccc(C(=O)N2CC(n3cc(CN(CCC)CC)nn3)C2)n1,0.00041139025817504745
CCN(CCNC(=O)C1(CO)CC1)C(=O)c1c(F)ccc2occc12,0.3866461418338755
CCN(Cc1ccc(C(=O)N2CCC3(NC)CCC2CC3)cc1)C(C)C,0.0007311612687692094
CCN1C2CCC1CN(C(=O)c1cncc(N(C)C)c1)C2,0.0005138693473578994
CCN1CCCC(NC(=O)Nc2cnn(-c3cnn(C)c3)n2)C1,0.0007715877102992273
CCN1CCOC(C(=O)NC2CCC(C(=O)N(C)C)CC2)C1,0.00034292625580231023
CCOc1ccc(C2(CNCc3nnn(C)c3C(=O)O)CC2)cc1,0.0007213696233810011
CCOc1ccc(N2CCN(CC(=O)NCC3CCCCC3)CC2)nc1,0.0008343222562129424
CCOc1ccccc1C(=O)N1CC2C(CCCN2C(=O)C(C)C)C1,0.00042817109390805275
CCc1cc(C(=O)N2C[C@@H]3C[C@H]2CN3C(=O)Cn2ccnc2C)on1,0.00033518798228966
CCc1cccc(O)c1NC(=O)NC1CCN(C(C)=O)C(C)C1,0.0008428372504393954
CCc1ncc(Br)cc1C(=O)OCC1(CC)COC1,0.0005838804759127629
CCc1occc1C(=O)N[C@@H](C)C1CN(C(=O)c2cc(C)ccn2)C1,0.22375689896170153
CCn1cnc(C(=O)NC[C@H]2CCCN2C(=O)c2cc(C#N)c[nH]2)n1,0.30648327090940763
CN(C(=O)NC1(CO)CCOCC1)C1CCC(N)CC1,0.00044971498057924273
CN(C(=O)c1ccon1)C1CCN(C(=O)c2cocn2)CC1,0.14174385153250593
CN(C)C(=O)OC)C(=O)Nc1ccccc1OC(F)(F)F,0.0
CN(C)c1cccc([C@H](CO)NC(=O)NC2(C(=O)O)CCCC3CC32)c1,0.0006375644518709876
CN(C1CC2(CCOCC2)C1)S(=O)(=O)c1cc(C2CC2)no1,0.0005504427731003996
CN1CCC(CN(C)C(=O)NC2CCOCC23CCCC3)C1,0.000407920658114666
CNC(=O)NC1CCCN(CC2(c3cccc(F)c3C)CC2)C1,0.0005267133540093796
CNC(=O)c1cccc(NC(=O)N(C)CC(=O)N(C)C)c1,0.000591937225684384
CNc1ccc(C#N)cc1NC(=O)N1CCN(CC(N)=O)CC1,0.0008865776535492149
CO[C@@H](C)C(=O)NCC1CCN(C(=O)OC(C)(C)C)CC1,0.00036140847669394275
CO[C@@H]1CC[C@@H]2CN(C(=O)c3cn[nH]c3C3CCNCC3)C[C@@H]21,0.00035228208047173885
CO[C@H](C)C(=O)N(C)C1CCCN(C(=O)CC2(C)CCCO2)CC1,0.0004097328131201422
COC(=O)C(C)(O)CNCc1ccc2c(c1)NC(=O)C2(C)C,0.0005514729449169392
COC(C(=O)N1CC(OC2CN(C(=O)CN(C)C)C2)C1)C1CC1,0.000281901768398369
COC1(C)CCCN(CC2COc3ccc(C(=O)O)cc32)CC1,0.0006287054209970806
COCC1(C(=O)NCC2CN(C(=O)CCn3ncnn3)C2)CCC1,0.00020723685896773428
CON1CCN=C1N1CCC2(CCc3cc(O)ccc3C2)C1,0.0004738772237302234
COc1ccc([C@H](C)N)cc1C(=O)N(CCc1ccccn1)C(C)C,0.0008285940163653536
COc1ccc(C(=O)NC(C)c2ncn(C)n2)cc1OC1CCCC1,0.0005484145426674264
COc1ccc(F)cc1NC(=O)N1CC2(CCOCC2)C1,0.0016354566599336628
COc1cccc(C)c1C(=O)N1CCCN(C2CC2)CC1,0.26507651309174635
COc1cncc(N(C)C(=O)NC2(C(C)(F)F)CC2)c1,0.0009462577136109927
COc1ncc(Cl)c(C(=O)N2CCCC2CC2CC2)c1C,0.0010283343193983776
CSC1CC(NC(=O)c2nnn(-c3ccc(C)c(Cl)c3)c2C)C1,0.0006178998469234234
CSCC1CCN(C(=O)C2CN(C(=O)CC(C)(C)C)C2)CC1,0.0002809093846090313
CSc1ccc(F)cc1CNC(=O)Cn1cc(CN(C)C)nn1,0.0005188360974782556
CSc1nsc(N2CCCC3(NC(=O)CC4CCC4)CCCC23)n1,0.0019120943594931063
Cc1[nH]ccc1C(=O)N1CC(C)(NC(=O)c2ccc[nH]2)C1,0.19183618528933177
Cc1cc(C#N)cc(N2CCN(c3nccnc3C)CC2)n1,0.0013899507231091447
Cc1cc(C)cc(NC(=O)C(C)N(C)CCNC(C)=O)c1,0.0005140368818099529
Cc1cc(OCC(=O)N[C@H]2C[C@H](NC(=O)CC3COC(=O)C3)C2)no1,0.00032862386856813983
Cc1cc(F)ccc1CC(=O)N(C)Cc1cccc(N(C)C)n1,0.0004057775503996086
Cc1ccc(N(C)Cc2cc(C(=O)O)[nH]n2)cc1OC(F)F,0.0012116449394608223
Cc1cccc(C(=O)Nc2cccc(CC(=O)NC3=NOCC3)c2)n1,0.42150082829162794
Cc1cccc2c1OCCC2NCCN1CC(C(=O)O)CC1=O,0.0004072853854949193
Cc1ccccc1CN1CCN(C(=O)C(C)(C)C#N)CC1,0.0009931088490253259
Cc1ccoc1C(=O)NC1CN(CCC2CCOC2)CCC1C,0.0004055572614028491
Cc1ccoc1C(=O)NCC1CCN(C(=O)c2ccnc(C#N)c2)C1,0.6829290014094874
Cc1cnc(CN2CCCN(C(=O)Cc3cc(C)[nH]n3)CC2)s1,0.0004374667950363348
Cc1coc(-c2ccccc2Cl)c1C(=O)N[C@@H]1C[C@H]1NC(=O)[C@@H](C)O,0.0013618178421182924
Cc1n[nH]c(Cl)c1C(=O)NC1CCCN(C(=O)c2ccc[nH]2)CC1,0.24658667372703386
Cc1nc(CN2CCN(CC(C)(C)CN(C)C)CC2)cs1,0.0005404884396621264
Cc1nc(N2CCC[C@@H]2CN2CCN(C)CC2)c2ccsc2n1,0.0010987850768888916
Cc1onc2cc(C(=O)NCC(C)NC(=O)C3(C)CCCC3)ccc12,0.0004847379824970386
Cn1cc(C(=O)N2C[C@@H](CNC(=O)c3cc(C4CC4)[nH]n3)CC2C)cn1,0.18203268271431966
Cn1nc(CN2CCC(NC(=O)C3CCC3)C2)[nH]c1=O,0.00020011415710870185
Nc1ncc(C(=O)NCC2(O)CN(C(=O)c3csc(=O)[nH]3)C2)cn1,0.1527810911634915
O=C(C1Cc2nccnc2C1)N1CCCC(n2cc(CCCO)nn2)C1,0.0007577761859315514
O=C(COc1ccc(CO)cc1)N[C@@H]1C[C@@H]2CC[C@H]1C2,0.0003511019511710436
O=C(N[C@H]1CCCCN(C(=O)[C@H]2C[C@@H]2C(F)F)C1)c1cnns1,0.000572495809712989
O=C(N1CCC2(CCS(=O)(=O)C2)C1)N1CCC(F)(C2CC2)CC1,0.00044405699928796246
O=C(NC[C@H]1CCCN1C(=O)CO)c1ccc(-c2cc[nH]n2)s1,0.0006103934130822469
O=C(NC1CCCN(C(=O)C2CCC2F)CC1)c1nsnc1O,0.0004590812762887505
O=C(NCC1(c2ccc(F)cc2)CC1)C(O)Cc1ccccc1Cl,0.0005293718683794864
O=C(Nc1cnn(-c2ccccc2)n1)N1CCC2C1CCCN2CCO,0.0006731366370242132
O=C(c1cc(CO)cc(CO)c1)N1[C@H]2CC[C@@H]1C[C@@H](F)C2,0.0004880865206288641
O=C(c1cc2c(nn1)CCCC2)N1CCC(Cc2nccs2)CC1,0.0010316955118389053
O=C(c1ccc(-n2ccnc2)nc1)N1CCOCCN1,0.00043248860050429773
O=C(c1ccnnc1OC(F)C(F)(F)F)N1CC(CCO)C1,0.00037985449150174864
O=C(c1coc(=O)[nH]1)N1CC2(CC2)CC1CNC(=O)C1(O)CCCC1,0.1643295274838145
O=C1C2c3ccccc3OCC12CC(=O)N1CCOCC1(C1CC1)C1CC1,0.24891850059351764
O=C1CC2(CCC2)C(C(=O)N2CCNC(=O)C(F)(F)C2)CN1,0.13695249932936282
O=C1NC2COCC1CN(C(=O)Nc1cccc(-c3ccoc3)c1)C2,0.0012832588249214172
OC(CN1CCC(F)(CC(F)(F)F)C1)C1CCOCC1,0.0005085514597492051
c1ccc(Nc2nnc3c(n2)CCC3)c(CCCN2CCOCC2)c1,0.0008350490338694288
C[C@]1(C(=O)N2CC(C3CCSCC3)C2)C[C@H]2CC[C@@H]1O2,0.3576566672629267
C[C@@H]1CN(C(=O)C2(CO)CCC2)CCN1C(=O)C1CC(=O)C1(C)C,0.00026895444640498103
C[C@@H]1CN(C(=O)C23COC(CF)(C2)C3)CCN1c1nnc(C(N)=O)o1,0.0005179140965242094
C[C@@H]1CN(C(=O)OC(C)(C)C)CCN1C(=O)Cc1c(Cl)cnn1C,0.0006234287331067472
C[C@@H]1CN(C(=O)c2occc2C2CC2)C[C@@H]1NC(=O)Cc1ccn[nH]1,0.0008029158665380708
C[C@H](CNC(=O)OC(C)(C)C)C(=O)OCc1nncn1C1CC1,0.0004982048390135222
C[C@H](O)C(=O)NCC1CCCC2(CN(C(=O)c3cnc[nH]3)C2)O1,0.09783181600234997
C[C@H]1CN(c2ccnc(C3CCC3)n2)C[C@H]1NC(=O)C1(F)CCC1,0.001405127643355886
CC[C@@H]1CN(C(=O)CCC2CC2(C)C)C[C@@H]1NC(=O)C(F)(F)C(C)O,0.0007045310598002531
CC[C@@H]1CN(C(=O)c2cccc(NC(C)=O)c2)C[C@@H]1NC(=O)[C@H](C)O,0.0005023995976682523
CC(=O)N1CCC(C(=O)N2CCn3c(nc4c3CCCC4)C2)CC1,0.0005741485782831682
CC(C)(C)OC1CN(S(=O)(=O)c2cccc(Cl)c2)C1,0.0005199001914141665
CC(C)(CO)CNC1Cc2ccccc2N2C1=O,0.0
CC(C)Cc1nccc(C(=O)N2CCCN(C(=O)C3CC3)CC2)n1,0.0004892473036283746
CC(CNC(=O)CCCC(F)F)CN(C)C(=O)c1ccccc1F,0.0005099879520085855
CC(CNC(=O)c1cccc(F)c1)NC(=O)CCS(C)(=O)=O,0.00024165933628382216
CC(CNC(=O)c1cncc2nc[nH]c12)NC(=O)C(C)(C)C(C)(F)F,0.0009253985357291006
CC(COCC(=O)N1CC(OCC(F)F)C1)c1ccccc1,0.0004486926615606504
CC(CF)C(=O)NC1CC2(C1)CN(C(=O)C1(O)Cc3ccccc3C1)C2,0.00048604988339127214
CC(NC(=O)N1CC2CC(O)CC2C1)c1cncn1C,0.00038989820165711176
CC(NC(N)=O)C(=O)N1C[C@@H](C)[C@@H](NC(=O)c2ccncc2)C1,0.00026037911877521073
CC(O)[C@@H]1CCCN1C(=O)c1ccn2cc(Br)ccc12,0.0005169329454841032
CC(OCCN(C)C)C(=O)NC1(C)CCN(Cc2cscn2)CC1,0.0004758761855826598
CC1(C)CC(CO)(NC(=O)c2c[nH]nc2N)CCO1,0.0005174506847202444
CC1(C)CC1CCC(=O)NCC=Cc1ccc2c(c1)OCO2,0.3283467356064335
CC1=NOC(C(=O)N(C)C2CCN(C(=O)c3cc(N)nn3C)CC2)C1,0.0006523582983393345
CC1CCC(C(=O)NC(CO)c2nc(Cc3ccccc3)no2)C1,0.0004878820404572696
CC1Oc2ccc(CNC(=O)N(C)CC(C)(C)O)cc2C1C,0.0005105887664772767
CCC(C)CC(=O)N1CCC1CNC(=O)c1cnc(C(F)F)c(C)c1,0.21486198378919458
CCC(NC(=O)NCC(C)CC(C)O)c1cc(C)cc(OC)c1,0.00047788402960573787
CCC(NC(=O)c1ccc(OC2CCOC2)cc1)C(O)C(F)(F)F,0.0006136793672743852
CCC1(C)CC(NS(=O)(=O)c2cn(C)c(Cl)n2)C1,0.0006842429040358145
CCC1(C)CC1C(=O)N1CCOCC1CN(C)C(=O)[C@@H](C)OC,0.00035732204171786026
CCCCC(C)C(=O)N(C)CCNC(=O)Cn1ccccc1=O,0.00026167420114498775
CCCN(CCNC(=O)Cc1ccc2cccnc2c1)CC(C)O,0.0004660756978074432
CCCOc1ccc(C(=O)N(C)Cc2cn[nH]c2)c(OCCC)c1,0.0009165280159851987
CCN(C)CC(=O)N1CCC[C@@H]1CCNC(=O)CC(O)CN(C)C,0.0003070779546602765
CCN1CCC2(CCCN2C(=O)c2cc3sccc3n2C)C1,0.5491015019609569
CCOC(=O)N1CSCC1C(=O)Nc1ccc2[nH]cc(C(C)=O)c2c1,0.0010157889014745223
CCOC1CC(NC(=O)CCC2(C)CC2)C12CCCC2,0.0010881106549447297
CCOC1CC1C(=O)NCC1CC(F)(F)CN1C(=O)c1cnco1,0.00040942042350725934
CCOc1ccccc1C(=O)N[C@@H](C)CCNC(=O)c1ccoc1C,0.0006075350469130894
CCS(=O)c1ccc(C(=O)N2CC3(CCCC3)OC2C)cc1,0.0004422006638007468
CCc1[nH]c(C)nc1C(=O)N(CCNC(=O)CC(C)(C)CC)C1CC1,0.000574772836006769
CCc1[nH]c(C)nc1C(=O)NC(C)CNC(=O)CCCC1CCCC1,0.0007308420212045439
CCc1cc(C(=O)NC(CC)CCNc2cc(=O)n(CC)o2)no1,0.0004985677206963776
CCc1cc(NCc2nc(C(F)F)no2)nc(Br)n1,0.0007697033431539693
CCc1ccccc1[C@@H]1CC(C)(C(=O)Nc2cnn(CCO)c2C)CC1,0.0017960641690375225
CCc1ncn(C)c1NC(=O)COc1ccc(C(=O)OC)cc1,0.0013658365972539534
CCc1nnc(NC[C@@H]2C[C@H](F)CN2C(=O)Cc2nncn2C)o1,0.0007369578749526708
CCn1c(CN2CCC(=O)NCCCC2=O)nnc1C1CC1,0.00019619847232997122
CN(C)CC(C)(C)C(=O)N1CCOc2c(F)cccc2C1,0.00039089311388459377
CN(C)CCOc1ccc(N(C)C(=O)c2scnc2C2CC2)cc1,0.6084214346428709
CN(CCN(C)C(=O)C1CCOC1)Cc1nc2ccccc2n1C,0.0005383839017560726
CN(CCNc1cc(=O)[nH]c(=O)n1C)C(=O)c1cccc(C2CC2)c1,0.0010406959966018344
CN1C(=O)NCC1c1nc(-c2cnnn2CCO)no1,0.0005202657718184802
CN1CCC(C(=O)N[C@H]2CC[C@@H](N(C)C(=O)c3ccn(C)c3)CC2)CC1,0.0010258536976838683
CNC(Cc1ccccc1)C(=O)N1CC2(CCOCC2)CC1CO,0.00044433361788687214
COC(=O)[C@@H]1CCCN1C(=O)N1CCCC1c1ncon1,0.0004803174946203321
COC(=O)N(C)CC(=O)N1CCC[C@H]1CC(=O)OC(C)(C)C,0.0004610755212748359
COC(=O)c1cc(F)c(CN2CCN(Cc3ncc[nH]3)CC23CC3)cn1,0.00044893025206257524
COC(=O)c1cccc(N2CCN(C(=O)[C@@H]3NCCC[C@@H]3C)CC2)c1,0.000865970252532576
COC(C)(C)C(=O)N1CCC(C)N(C(=O)c2ccn3ccnc3c2)CC1,0.3102100887857499
COC(C)(C)C(=O)NCC1CCCCN(C(=O)c2nc(C)oc2C)C1,0.18788154047592545
COC1(C(=O)NC2CCCN(c3ncc(Cl)cn3)CC2)CC1,0.0005848529951032477
COC1(COC(=O)C2Cc3ccccc3CO2)CCCC1,0.0005850362796980456
COC1(CS(=O)(=O)NC(=O)C2SCCc3ccccc32)CC1,0.0003784141472102711
COCC(=O)N(C)CCNC(=O)c1cccc(Cc2ccccc2)c1,0.000327778942519636
COCC(=O)NC1(C2CCCN(C(=O)c3cc4ccccc4[nH]3)C2)CC1,0.0006844419142442965
COCC(C)C(=O)N[C@H]1C[C@H](CNC(=O)c2ccc(N(C)C)nc2)C1,0.00046243188675467356
COCC1(C(=O)N2CC3(CCN(CC(=O)N4CCCC4)C3)C2)CC1,0.1311113351713247
COCCn1ccc(NC(=O)Nc2ccc(OC(F)F)cc2F)n1,0.0013797638203706204
COCc1nn(C)cc1NC(=O)N1CCc2c(C#N)cccc21,0.7265501923419495
COCc1noc(C(=O)N(C)CC(C)CNC(=O)c2cnccn2)n1,0.00036817309259038513
COCc1noc(C(C)NC(C)c2cccc(N(C)C)c2)n1,0.0006421763169073827
CON1CCC(N(C)C(=O)CCc2ccc(C#N)cc2F)CC1,0.0009155994829004733
COc1c(Cl)ncnc1NCC1CCN(C(=O)C2CC2F)CC1,0.20593931781859517
COc1cc(CC(=O)NC2(c3ccccn3)CCC2)ccn1,0.0003538511102385437
COc1ccc([C@H](C)NC(=O)c2cc(C)c(F)cc2F)cc1C(=O)O,0.0006884405200851427
COc1ccccc1C(CNc1nc(C#N)ncc1C)N1CCCC1,0.0018185382986187684
CS(=O)(=O)CC1(CC(=O)NC(CO)CCc2cnccn2)CC1,0.0006472277999877307
CS(C)(=O)=N[C@H]1C[C@H](C(=O)Nc2cccc(S(C)(=O)=N)c2)C1,0.4030977292246452
Cc1[nH]nc(C(=O)NCC2(C)CCC3(CC2)OCCO3)c1C(F)(F)F,0.0006190108588124034
Cc1[nH]ncc1C(=O)N1CC(CN(C)C(=O)CC2CC3CCC2C3)C1,0.0007160712764317735
Cc1c(O)ccc(C(=O)NCC2(CO)CCNCC2)c1C,0.0003915071194505611
Cc1cc(C#N)cnc1C(=O)N1CCN(C(=O)c2cc(O)ccn2)CC1,0.35950742039682326
Cc1cc(C#N)cnc1NC1CCCC(NC(=O)COC(F)F)C1,0.0016612526805518234
Cc1cc(C(=O)OC2CCS(=O)CC2)nc2nc(O)ccc12,0.3561864796124109
Cc1cc(N)c(C)nc1C(=O)N1C[C@@H](C)[C@@H](NC(=O)C2CC2(F)F)C1,0.15434433340885886
Cc1cc(NC(=O)NC(C2CC2)C2COCCO2)cn2ccnc12,0.0015258653040257219
Cc1cc(Cl)cc(C)c1C(=O)N[C@@H](C)C(=O)NCCO,0.0002942675806559676
Cc1ccc(C(=O)NCC2(O)CN(C(=O)[C@H](C)N(C)C)C2)c(O)c1C,0.0002451793409770282
Cc1ccc(CNS(=O)(=O)NCCC2CCCCN2C)c(=O)[nH]1,0.00020071973438275578
Cc1ccc(O)c(CNS(=O)(=O)C2(C(=O)O)CC2)n1,0.000326714157850287
Cc1cccc(NC(=O)NC(CCc2ccncc2)C(=O)O)c1,0.000580858220422337
Cc1cccc(F)c1NC(=O)CSc1cc(C)ncn1,0.0009590479725180567
Cc1cnc(C(=O)NC2CC3(C2)CN(c2ncc(O)cn2)C3)c(C)c1,0.37648819748223744
Cc1cnc(Cl)nc1NCC(C)(NC(=O)c1ccoc1)C(C)C,0.7194577565469084
Cc1nc(O)ccc1C(=O)N1CCC(N(C)C(=O)[C@H](C)O)CC1,0.10689948078057464
Cc1nc(O)ccc1C(=O)NC(C)CC(C)Nc1cccc(F)c1C#N,0.0015824621043956796
Cc1ncc(C(=O)NC2(C)CCN(Cc3cccc(Cl)c3)CC2)o1,0.0007245315024138686
Cc1ncc(N)cc1C(=O)N1CC2(CC(NC(=O)c3cnsc3)C2)C1,0.0007736116965334893
Cc1nccnc1COC(=O)Cc1ccc(Cl)c(F)c1,0.000459169599440534
Cc1nn(C)c(C)c1C(=O)N1CC2CC(C1)N(c1nccc(C#N)n1)C2,0.5506681091519069
Cc1nnc2n1CC(CNC(=O)NCC(=O)N1CCc3ccccc31)C2,0.313745614777717
Cc1nnnn1CC(=O)NC1(C)CN(C(=O)c2ccco2)C1,0.00028948586379742673
Cn1cc(S(=O)(=O)CCNC(=O)c2n[nH]c3c2CCCCC3)cn1,0.0006608763140171032
Cn1nnc(NC(=O)COc2ccccc2C(C)(C)C)n1,0.001024808680020311
N#CC1CC2(C1)CC2OC(=O)CCc1ccc2[nH]ccc2c1,0.001910696781038171
N#CCc1ccc(CC(=O)NC23CC(NC(=O)OC(C)(C)C)(C2)C3)cn1,0.000657745767014845
NC[C@]1(F)C[C@H](COC(=O)c2ncc(OCC3CC3)cc2F)C1,0.22819822310440863
NC1CC(CCNc2nc(-c3ccccc3)cs2)C1,0.5716068589043676
O=C(CCC1CCCOC1)NC1CCN(c2ccc(F)c(F)c2)C1,0.0016385673398314564
O=C(CN1CCCN(C(=O)CCC2CCC2)CC1)c1ccco1,0.26190101273745314
O=C(Cc1cnsc1)N1CC(O)(CNC(=O)C2(O)CCCC2)C1,0.0002121280607853444
O=C(N[C@H]1CCCCN(C(=O)C2CCCC2O)C1)c1csc(=O)[nH]1,0.00042372013576388596
O=C(NC[C@H]1CC[C@@H](CO)O1)Nc1cc(-c2ccccc2)nn1C1CC1,0.0010811803647347987
O=C(NC(CO)c1cscn1)c1ncsc1C1CC1,0.0005458927421589778
O=C(NC1(CO)COC1)c1cccc(OCC(=O)C2CC2)c1,0.0003502079456274445
O=C(NCC12CC(C1)C2)c1cnn(-c2cccc(Cl)c2)n1,0.2541805980341679
O=C(NCC1CCC2(CCCCC2)O1)c1nnc2n1CC(C(=O)O)CC2,0.0008626593465581744
O=C(NCC1CN(Cc2nnc3n2CCCCC3)C1)c1cccnc1,0.00033127165203457196
O=C(Nc1cn(Cc2ccccc2)nn1)C1OCCCO1,0.0008183894486381451
O=C(c1cccc2c1OCCO2)N1CCC(=C(F)F)CC1,0.2645712636303241
O=C(c1cnc(Cl)[nH]1)N1CC2(CC(NC(=O)C3(O)CCC3)C2)C1,0.00030027956780591305
O=C(c1cncc2c1CCC2)N1CCCN(C2CC2)CC1,0.0006826075298934208
O=C1CCC(Cc2nccn2C(=O)NC2CCCC23CCCC3)N1,0.0010752929118185727
O=C1NCC2(CCC(F)(F)CC2)C1NC(=O)C1CC2(C1)CC2(F)F,0.13913949801751424
C[C@@H](CC1CC1)NC(=O)[C@@H]1CCCC[C@H]1OC(F)(F)F,0.00042696627192933455
C[C@H](CNC(=O)C1(O)CC(c2ccccc2)C1)NC(=O)CN(C)C,0.00023641936260510385
C[C@H](NC(=O)Cc1ccccc1)C1CN(C(=O)CN2CCCCCC2)C1,0.0006382335471770837
C[C@H]1CN(C(=O)C2CCc3cn[nH]c32)CC[C@@H](C)N1CCC(F)(F)F,0.0005714570739680194
C[C@H]1CN(C(=O)c2cccnn2)C[C@H]1NC(=O)c1cnccc1C#N,0.3803854810272949
CC[C@@H](C(=O)N1CC(C)C(NC(=O)c2cc(C)no2)C1)N(C)C,0.1364041050524635
CC[C@@H](CC(=O)N1C[C@@H](O)[C@H](CC(N)=O)C1)NC(=O)OC(C)(C)C,0.00040753092448889236
CC[C@H](C)[C@H](O)C(=O)N1CCN(C(=O)c2cc(C)ncn2)[C@@H](C)C1,0.18446542147252315
CC(=O)CCC(=O)NC1CCN(C(=O)C(C)C(C)C)CCC1CO,0.0005856321889678446
CC(=O)N[C@@H](C)C(=O)NCc1oc(-c2ccc(Cl)cc2)nc1C,0.0013692111270747736
CC(=O)N(CCC(=O)N1CCCN(C)C(=O)C1)Cc1ccccc1,0.0002731436345448972
CC(=O)N1CCC(NC(=O)c2sc(-c3ccco3)nc2C)CC1,0.2970445223829788
CC(=O)NCCC(=O)NCC1CCN(C(=O)CC2CC2)CC(C)(C)O1,0.2035907135756966
CC(=O)Nc1ccc(C(=O)Nc2ncc(CC3CC3)s2)c(F)c1,0.0018134949329920986
CC(C(=O)N1CC2(CCCC2C(F)(F)F)C1)S(N)(=O)=O,0.00047359587881949775
CC(C)[C@H](O)C(=O)N1CCC[C@@H](NC(=O)c2cccc3[nH]ccc23)C1,0.0006830263989356273
CC(C)(C)OC(=O)N1CC[C@@H](CCO)C[C@@H]1c1cccnc1O,0.0008364796700210778
CC(C)(C)OC(=O)N1CCOCC1CCNC(=O)C1CC[C@@H]2CC[C@H]12,0.00047289756686225826
CC(C)(C)c1cc(CNC(=O)C2CC23CS(=O)(=O)C3)on1,0.00035360662866633054
CC(C)(O)CC(=O)N1CCOCC(NC(=O)C(F)(F)C(O)C2CC2)C1,0.00025683024067271824
CC(C)(F)C1CN(C(=O)Nc2ccc3c(c2)OCC3)C1,0.0017500340847944602
CC(C)(F)CCC(=O)NCC1CCCN1C(=O)C(F)(F)C1(O)CCC1,0.0005812319160008497
CC(C)CC(N)C(=O)Nc1ccc(N(C)C(=O)OC(C)(C)C)cc1,0.0007532190625456867
CC(C)OCc1nnc(C(C)NC(=O)N2C[C@@H]3C[C@H]2CS3)s1,0.0004729970598160254
CC(C)c1cc(N2CCN(C(=O)OC(C)(C)C)C[C@@H]2C(C)C)ncn1,0.0013454825421361349
CC(C)c1nc2n(n1)CC(NC(=O)C(C)(C)c1ccc(O)cc1)CC2,0.0004318399848064581
CC(C)n1ncc(C(=O)NCC2(NC(=O)C3(F)CC3)CCCC2)c1N,0.4131193343806398
CC(CNC(=O)C1CCCC(=O)N1C)N(C)c1cc2ccccc2cn1,0.0005932602830628601
CC(COc1ccc(Cl)cc1F)NC(=O)[C@@H]1C[C@H]1CN,0.00043393907575681553
CC(CF)C(=O)NC1(C)CCN(C(=O)C2CCCN(C(C)C)C2)C1,0.17216615553818626
CC(Cn1ccnc1)C(=O)N1C[C@@H](C)[C@@H](NC(=O)c2cnnn2C)C1,0.00040820859378930616
CC(NC(=O)c1ccc(O)cc1)C1CCN(C(=O)c2cc(O)ccn2)C1,0.0008550457966070206
CC1(C)C(C)(C)C1(C)C(=O)N[C@H]1C[C@H](NC(=O)C2CCC2)C1,0.146518519959689
CC1(C)C(CC(=O)N[C@@H]2C[C@H]3CC[C@@H]2C3)C1C(F)F,0.0005586532131547015
CC12CC1(CNC(=O)c1ccc3[nH]nc(C4CC4)c3c1)C2,0.3101953177949015
CC1CCC(N2CCC(NC(=O)c3cc4n(n3)CCOC4)CC2)CC1,0.0008277092125291485
CC1CCN(C(=O)c2ccncc2)CC1CNc1ncc(Cl)cn1,0.2949208537376356
CC1NC(=O)OC12CCN(c1cc3cccc(F)c3cn1)C2,0.0011284020573414427
CCC(C)(C)C(=O)N1CC2CCCC(C1)N2C(=O)C(C)(C)CO,0.0004404134101314129
CCC(CC)C(=O)NC1CCN(C(=O)c2ccccc2CO)CC1O,0.0005041810757881944
CCC(NC(=O)c1nn(C)c(C)c1Br)c1nnc[nH]1,0.00043162946646793963
CCC(NC(C)C1CCS(=O)(=O)C1)C1CCCO1,0.00047096715588339834
CCC(NC1CCOC(C(=O)OC)C1)c1cccc(C)c1,0.0005192365883813577
CCC(O)CC(=O)N1CCC(N(C)c2ccnc3nc(C)nn23)CC1,0.00036890671153866215
CCC1(C)CCC(C(=O)NC[C@@H]2CCCN2C(=O)CCC(C)C)O1,0.00046826195418476536
CCN(C(=O)OC(C)(C)C)C(C)C(=O)N1CCC=C(F)C1,0.0004962234283383747
CCN(CC)C(=O)c1ccc(CNC(=O)NCc2cc(C)no2)cc1,0.0005891596518584782
CCN(CC)CC(=O)N(C)CCNC(=O)c1cn(C)c(=O)cn1,0.0003561499610767083
CCN(CC1CCCO1)c1nnnn1[C@@H]1CC[C@H](C)c2ccccc21,0.0005080743469550155
CCN(CC=CCl)CCNC(=O)c1ccc2c(c1)C(=O)NCC2,0.0004424240178953926
CCNc1cccnc1C(=O)N(C)CCNC(=O)[C@]1(C)CCC(=O)N1,0.11785508583226251
CCOC(=O)[C@H]1C[C@](F)(C(=O)NCC(O)c2ccccc2)C1,0.00040924715267602976
CCOC(=O)C12CC(CN1C(=O)CCc1ccc3c(c1)CCO3)C2,0.33517077010198515
CCOC1CN(C(=O)c2nnn(C3CCNCC3)c2CC)C1,0.0002919733587326654
CCSC1CCCC1Nc1ccc(S(N)(=O)=O)c(C#N)c1,0.001578306848427437
CCc1ccc(C(CC)NC(=O)[C@@H]2CC[C@H]2C(=O)O)o1,0.0009039175353885787
CCc1ccc(F)cc1C(=O)N(C)CC1CN(C(=O)C23CC2C3)CCO1,0.0005941869103270173
CCc1cnc(Cl)nc1N1CC2CCC(C1)N2C(=O)C1(O)CC1,0.00042811009862378047
CCc1nc[nH]c1C(=O)NC1CC(C)N(C(=O)C(C)CCOC)C1,0.0004673531434709615
CCc1ocnc1C(=O)N1CCC2(C1)CN(C(=O)[C@@H](C)O)CCO2,0.00025574539919237847
CCn1cc(CC(=O)NCC(O)c2cccc(OC(C)C)c2)nn1,0.0003328678484580949
CCn1ccc(C(=O)N2C[C@@H]3C[C@H]2CN3C(=O)C2(C)CCC2)n1,0.0006196812446258522
CCn1nnc2cc(COC(=O)[C@@H]3C[C@]34CCOCC4)ccc21,0.000999548252389246
CN(C)C(C(=O)N1C[C@@H](CO)[C@H](CC(C)(C)C)C1)c1ccccc1,0.1563652027549057
CN(C)CC(=O)N[C@H]1[C@@H]2CN(C(=O)C(C)(C)c3c[nH]cn3)C[C@@H]21,0.0002849903441622579
CN(CCNC(=O)c1cccc(Cn2cncn2)c1)C(=O)CC#N,0.0005713816464259036
CN(CCO)C1(CNC(=O)CCn2ccc3cccnc32)CCCCC1,0.0015599815994765734
CN(CCO)CCN(C)C(=O)c1cccnc1C(F)F,0.00048471127855933806
CN1C(=O)CCC1C(=O)N1CC[C@@H](Nc2ncnc3ccsc23)C1,0.0005017508532088444
CN1CCC[C@@H](N(C)Cc2cc(C(F)(F)F)n(C)n2)C1,0.0004505858661604791
CNC(=O)C(C)c1cccc(NCc2cn(C(C)C)cn2)c1,0.0007140684965806833
CNCc1cn(C2CC(NC(=O)C(C)OCc3ccc(F)cc3)C2)nn1,0.00041565746012307603
CNc1cccc(C(=O)NC2CCN(C(=O)C(C)n3ccnc3)C2)c1,0.0008331859545560312
CO[C@@H]1COC[C@@H]1NC(=O)Nc1ccnn1-c1ccc(C#N)cc1,0.001247437403581418
CO[C@H](C)C(=O)NC[C@H]1C[C@@H]2CC[C@H](C1)N2C(=O)C1COCCO1,0.00033208464471685934
COC(=O)[C@H]1CC[C@@H](NC(=O)Cc2ccc(Cl)c(Cl)c2)CC1,0.0007625948093665669
COC(=O)C(CO)NC(=O)Cc1ccc(CC(C)C)cc1,0.00029683736558397335
COC(=O)CN(Cc1ccccn1)Cc1cc(Cl)cc(C#N)c1,0.0009580961828062888
COC(=O)c1ccc(CNC(=O)CN2CCCNC(C)(C)C2)cc1C,0.0002933419296635112
COC(C)(C)C(=O)N1CCC1CNC(=O)c1cnn(C)c1C)C(C)C,0.0
COC(C)C(=O)N1CCCC1C1(NC(=O)C2CC3CC2C2CC32)CC1,0.0006638460610550804
COC(CO)CNC(=O)c1cc(C)cc(Br)c1F,0.00041762406109658776
COC1(CC(=O)NCc2ccnc(-c3cccs3)n2)CCCC1,0.0009518593660427429
COC1(CNC(=O)c2n[nH]c3c2CCCC3)CCCSC1,0.00035139465667103264
COC1(CS(=O)(=O)NCC(O)C2(C)CC2)CCOC1,0.18849642129235672
COC1CCC1CC(=O)OCc1ncc(Br)cc1C,0.0006464285393476723
COCCC(=O)NC1CCCCC1CNc1nc(Cl)ncc1F,0.0006789220525174354
COCc1cc(CNC(=O)c2ccc(NCC(N)=O)cc2)ccc1F,0.0007415708038707396
COCc1nc(NC(=O)N(C)[C@H](CC(C)C)C(N)=O)sc1C,0.0005586291051905156
COCc1nc(Cl)cc(N2CCC(C)(NC(=O)CC3CC3)C2)n1,0.0006928621906287179
COc1cc(=O)n(C2CCCN(C(=O)NC3CC(F)C3)C2)[nH]1,0.0003129713653211972
COc1cc(COCC(O)c2ccc(F)cc2)ncc1C,0.0005037327524984779
COc1ccc(C(=O)NC(C)CC2CN(C(=O)c3ccnn3C)C2)cn1,0.1478700910963039
COc1ccccc1C(=O)NCCC1CCN(C(=O)[C@@H]2CNC(=O)N2)C1,0.00048433743992338374
Cc1c[nH]cc1C(=O)N1CCC(C(C)NC(=O)C(C)C2CC2)C1,0.0006010162125477163
Cc1c[nH]nc1C(=O)NCCN(C)C(=O)C1CCn2nccc2C1,0.00023577842027998846
Cc1c(NC(=O)NCC23CCCCC2C3)cnn1C1CCC1,0.0011066166634256594
Cc1cc(C(=O)N2CCC(Nc3nc(C)ncc3C)(C(N)=O)CC2)[nH]n1,0.3921585735841664
Cc1cc(C)c(CNc2cc(C(C)(C)C)nc(N(C)C)n2)cn1,0.000509015446325073
Cc1cc(C)n(-c2cc(C(=O)NCC(N)C(C)C)c(C)o2)n1,0.000522374022588587
Cc1cc(C)nc(N2CC3(CC3)CC2CNC(=O)C2CCCS2)n1,0.0006692374173945986
Cc1cc(N)cnc1C(=O)NC1CN(C(=O)C2(C)CC2)C1,0.20614625660827146
Cc1cc(F)cc(C)c1C(=O)N1CC2CC1CN(C(=O)C1CCCO1)C2,0.2855961412773462
Cc1ccc(CN(C(=O)NCc2cnc(C)cn2)C2CC2)cc1,0.0002753238205782989
Cc1ccc(F)c(CC(=O)NC2CN(C(=O)c3ncsc3C)C2)c1,0.0006136218338912146
Cc1cccnc1C(=O)N1CC2(CC2)CC1CNC(=O)c1cnc[nH]1,0.38086870530027533
Cc1cncnc1N1CCOC2(CCCN(C(=O)c3ccncc3)C2)C1,0.33240932218308517
Cc1nc(=O)c2cnc(NCC3=NO[C@@H]4CCC[C@H]34)o2[nH]1,0.0
Cc1nc(CS(=O)(=O)NC(=O)C2Cc3ccc(F)cc3O2)cs1,0.00037176085719232987
Cc1nc2cc(C(=O)N3CCC4(CCOCC4)C(=O)N3)c(F)cc2n1,0.0
Cc1nn(-c2ccccc2)c(N)c1C(=O)NCC(C)CC(F)(F)F,0.0013179055900446055
Cc1noc(C)c1CN(C)C(=O)NCCC(=O)Nc1ccccc1,0.0007243188470281763
Cc1nsc(C(=O)NCC2CCN(C(=O)C(C)CO)C(C)C2)c1N,0.3835185577546637
Cn1cnc(CC(O)C(=O)N[C@H]2CC[C@H](OC(C)(C)C)CC2)c1,0.00038956225525964294
Cn1nc(NC(=O)c2cc3n(n2)CCNC3=O)c2c1CCOC2,0.0007451269270536283
N#CCCC(NC(=O)c1cc(Br)ccn1)c1ccccc1,0.0009687205237692855
NC1CCCN(c2ncnc(NCC3CC4(CC(O)C4)C3)n2)C1,0.19381667622010812
O=C(CCF)N1CCOC2(CCN(C(=O)c3ccc(Cl)o3)C2)C1,0.00048351411327858247
O=C(Cn1cc(C2CCCC2)nn1)N1CCc2ccc(F)c(F)c2C1,0.0006516892104734906
O=C(N[C@H]1C[C@@H](CNc2ncncc2Br)C1)C1CCC1,0.0012584447585221098
O=C(NC1CC2(C1)CN(c1ncns1)C2)c1cncc(F)n1,0.0008116615633088879
O=C(NC1CC2(CC(O)C2)C1)c1cncc2[nH]ccc12,0.6394085583392528
O=C(NCCC1CCN(C(=O)c2cccc(O)c2)CC1)c1csnn1,0.289415991491679
O=C(NCCN(CCF)C1CC1)c1ncc(Cl)cc1Cl,0.0004082368471554227
O=C(O)[C@@H]1CC[C@@H](NC2CCN(c3cnccn3)CC2)C1,0.0009637542882592002
O=C(c1ccn(-c2ccncc2)n1)N1CCC2(CCOC2=O)CC1,0.0003525847586819959
O=S1CC2(CN(Cc3ccnn3C3CCCC3)CCO2)C1,0.00026809475520524624
OC1C2CCC[C@H](CC1NCC1(OCc3ccccc3)CC1)C2,0.0010484973342231635
C[C@@H](CNC(=O)[C@@H](N)c1ccccc1)NC(=O)OC(C)(C)C,0.00039737700696597676
C[C@@H](NS(=O)(=O)c1ccoc1C1OCCO1)c1ccccn1,0.0003581318499116768
C[C@@H]1CN(C(=O)COC2COC2)CCN1C(=O)c1cc2n(c1)CCOC2,0.00032715216154491594
C[C@@H]1CN(C(=O)c2cnccc2N)C[C@@H]1NC(=O)c1[nH]cc2c1CCCCC2,0.0012290635836370823
C[C@H](CNC(=O)c1c[nH]nn1)NC(=O)C1(F)CCOCC1,0.10134451239439485
C[C@H](CNC(=O)c1cc(N)c(F)cn1)NC(=O)C1CCC1,0.0003206946833514239
C[C@H](NC(=O)CC[C@@H]1CCCN1)c1cccc2cnccc12,0.0015086975899781688
C[C@H](O)c1ccccc1NC(=O)CN1CCN(c2cccnn2)CC1,0.0005370573590690566
C[C@H]1C[C@@H]1C(=O)N1CCN(c2cc(C3CCCCC3)ncn2)CC1,0.0014541718011868918
CC[C@H]1CN(C(=O)C2(C)CCN2C(=O)OC(C)(C)C)CCO1,0.0003192399553992689
CC(=O)N(C)CC(=O)N1CC[C@H](NC(=O)c2c[nH]nn2)C1,0.06976229888428877
CC(=O)N(CCC(=O)N(C)Cc1nc(C)no1)Cc1ccncc1,0.00035033463750251686
CC(=O)N1CC[C@@H]2[C@@H](CCN2C(=O)c2cnccc2C(F)(F)F)C1,0.0003877511451040082
CC(=O)N1Cc2ccc(NC(=O)c3ccc(N(C)C)cn3)cc2C1,0.3724142927438239
CC(=O)NC1(C(=O)N2CCC[C@@H]3CN(C(=O)CC#N)C[C@@H]32)CCCCC1,0.0008905254937959825
CC(=O)OC1(C(=O)N(C)C[C@H]2CCCN2C(=O)CC2(O)CC2)CC1,0.0003253937629341433
CC(=O)OCCC(=O)N1CC2CC(NC(=O)c3ccncc3F)CC2C1,0.0002558659847888379
CC(=O)c1cnc(N(C)C[C@@H]2CCCN2C(=O)CC2(C)CC2)c(C)c1,0.001119341465787733
CC(C)(C)C(NCc1cnn(CC(F)F)c1)C1CCCO1,0.0007270542694776288
CC(C)(C)C1(N)CCN(C(=O)Cc2ccc(-n3cnnc3)cc2)CC1,0.000690884440129382
CC(C)(C)N1CC(CNCc2ccn(-c3ccc(Cl)cc3)n2)CC1=O,0.0007270308483146592
CC(C)(C)NC(=O)C1CCCN(c2cc(N)n3ncnc3n2)C1,0.0007814883796345758
CC(C)CCOC(C)C(=O)N1CC(CNC(=O)Cn2nccn2)C1,0.0003282511781419378
CC(C)Oc1c(-c2ccc(OC(F)(F)F)nc2)ccnc1N,0.0010090964878316149
CC(C)c1ccccc1C(=O)NC1CC2(C1)CN(C(=O)CC#N)C2,0.6066623211956529
CC(C)n1cncc1C(=O)N1CCN(C(=O)C(O)C2CC2)CC1,0.1881366498680955
CC(CC(=O)N1CCC(CNC(=O)C2(C3CCC3)CC2)C1)C1CCCO1,0.31033435032129425
CC(CC(F)(F)F)C(=O)N1C[C@@H]2C[C@H]1CN2C(=O)c1csnn1,0.00033151944899217
CC(CN(C)C(=O)C1CCCC1O)NC(=O)C1=C(Cl)CCOC1,0.00035864090944508556
CC(CNC(=O)C1(n2cncn2)CC1)CNc1ncc2c(n1)COC2,0.0008400244106375693
CC(CO)C(=O)NC1CCN(C(=O)C2(CF)CC2)CC12CCC2,0.09666814997961334
CC(N)CN(C,0.0
CC(NC[C@@H](O)C(F)(F)F)c1c(Cl)nc2ccccn12,0.0006387137749184143
CC(O)Cc1cn(CC2CCN(C(=O)c3ccn(C)c(=O)c3)CC2)nn1,0.00030272709792738455
CC1(C(=O)N2CC[C@H](NC(=O)c3ccccc3C3(C#N)CC3)C2)CCC1,0.001781102349645224
CC1(C)CN(C(=O)C2CC(=O)C23CCC3)C1[C@@H]1CCCN1,0.1673877388060022
CC1(CNC(=O)Cc2n[nH]c(C3CC3)n2)CCCN1c1nccc(F)n1,0.000311376273976289
CC1(NC(=O)c2ccncc2)CN(C(=O)c2cc(C(F)F)no2)C1,0.25115931560722377
CC1CC1C(=O)NCC(C)N1CCc2ccc(Br)cc2C1,0.0005113192663378666
CCC(=O)NC1CCN(c2nnc(-c3[nH]nnc3C)n2C)C1,0.0009041982438933703
CCC(C)(C#N)C(=O)N1CCC(NC(=O)c2cccc(OC)n2)C1,0.24752150406404172
CCC(C)(O)c1cn(C(CCC(N)=O)C(=O)C(C)(C)CC#N)nn1,0.0008318886342343626
CCC(C)CCS(=O)(=O)NC1CC(=O)N2CCCCC12,0.000458552327603924
CCC(CO)C(=O)NCCN1CCN(C(=O)c2nncs2)CC1,0.08191700466728132
CCC(O)C(C)C(=O)N1CCCC1Cc1cn(C)nn1,0.0004919063236009073
CCC1(C(=O)NCC23CC(CO2)N(C(=O)c2ccsc2C)C3)CC1,0.0005987786749488124
CCCC(C(=O)NC[C@H](C)NC(=O)c1cc2cccc(C)c2[nH]1)N(C)C,0.0009381651050712699
CCCN(CC)C[C@H](C)NC(=O)c1cc(S(=O)(=O)NC)cnc1C,0.0003006427794343246
CCCN(CCNC(=O)C12COC(C1)C2)C(=O)c1cc(F)cc(F)c1,0.3068516721182441
CCCNC(=O)CCNC(=O)CNc1ccc(-c2nn[nH]n2)cn1,0.0005283781822978902
CCN(C)CCC1CCN(C(=O)C(F)(F)CCC(=O)OC)CC1,0.0005413841816560299
CCN(CC1CC1)C(=O)NCCc1cn(C)c2c(C)c(C)cc2n1,0.0015444046603063355
CCN(CCNC(=O)C1CC(=O)N(CC)C1)C(=O)Cc1conc1C,0.0003651201393796435
CCOC(C(=O)N[C@@H](C)C1CN(c2cc(OC)ncn2)C1)C(C)C,0.00043903953889662617
CCOC(C)(C)C(=O)NCC(C)(NC(=O)c1csnn1)C1CC1,0.0004840884844956345
CCS(=O)(=O)NC1(CCOC)CC(=O)N(CC2CCOC2)CC1,0.000267148674215326
CCc1cc(N2CC(C)(NC(=O)c3ccc4c(c3)NC(=O)C4)C2)ncn1,0.2854944344633365
CCc1ccc(C(=O)NCC(C)NC(=O)c2cc(C(N)=O)no2)[nH]1,0.17707346485218106
CCc1ccc(CNC(=O)NC2CCCC(F)(F)CC2)nc1,0.0005542680092261591
CCc1cccc(CN2CCOCC2(CO)c2cccc(F)c2)c1,0.0005226797419477237
CCc1ncccc1NC(=O)[C@@H]1[C@@H]2COC[C@@H]2CN1C(=O)OC(C)(C)C,0.0008795937075623125
CCc1nsc(NC2CCN(C(=O)Cc3cnns3)C2)n1,0.0004987910994405002
CN(CC=CCl)CC1CCCN1C(=O)c1ccc2nncn2c1,0.0006960687510458218
CN(Cc1cn(C)cn1)C(=O)c1c(F)c(F)ccc1C(F)(F)F,0.00040533741656827415
CN(Cc1nnc[nH]1)C(=O)c1ccc(C(=O)OC(C)(C)C)s1,0.0006393285313700212
COC(=O)C[C@H]1C[C@@H](NC(=O)c2cnc(-c3ccccc3C)nc2)C1,0.6887958266503331
COC(=O)C1(CNC(=O)NC(CN)C2CCCCC2)COC1,0.0005671120738812164
COC(=O)C1(F)CCN(C(=O)c2c[nH]nc2OCC(F)(F)F)C1,0.0003500061616940623
COC(=O)CC(C)c1ccc(NC(=O)c2cccc(C3=CCCC3)c2)cc1,0.7456933968766603
COC(=O)c1ccccc1C1CCCN(C(=O)[C@@H](N)[C@@H](C)O)C1,0.00029715004885522335
COC(=O)c1ccnc(N(Cc2ccc(Cl)cc2)C(C)CO)c1,0.0006692215643961065
COC(=O)c1coc(CNc2ccc(OCC3CC3)nc2)c1,0.0012081489853814087
COC(CNC(=O)c1ccnc(-c2nccs2)c1)C1CCCO1,0.0005537803114860711
COC1(C)CN(C(=O)N(C)c2ccc(OCC(=O)N(C)C)cc2)C1,0.2827833670157512
COC1CCC(C(=O)NCCC2CCCN(C(C)=O)CC2)C1,0.0003911783016466599
COc1ccc(C(=O)NC[C@@H](C)NC(=O)C2CCNC(=O)C2)cn1,0.07992464810516312
COc1ccc2c(c1)N(C(=O)C(F)(F)C1CCNCC1)CCC2,0.0016587866160724459
COc1ncc(CNC(=O)C2CC(F)(c3cccc(F)c3)C2)cc1C,0.3514948796804099
CS(=O)(=O)Cc1ccc(C(=O)NCC(c2ccccc2)C2CC2)cc1,0.0006515869709036223
CSC(C)C1CCN(C(=O)N2CCc3c(F)ccc(F)c32)CC1,0.0019015458366631243
Cc1c[nH]c(=O)c(CNc2ncn(CC(=O)OC(C)(C)C)n2)c1,0.0003101609136902707
Cc1c(N)c(C(=O)N2CC[C@@H](NC(=O)c3ccccc3F)C2)nn1C,0.46322863237990863
Cc1cc[nH]c1C(=O)N1CC(NC(=O)c2cnc[nH]2)CC12CCOCC2,0.14396606294978634
Cc1cc(C#N)cc(C(=O)N(CCN)Cc2cccc(Cl)c2)c1,0.0009924502996820244
Cc1cc(C(=O)N[C@@H](COC(C)C)C(=O)O)nc(-c2ccccc2)n1,0.0013745462171272482
Cc1cc(C(=O)N2CC(CO)(NC(=O)C3COCCO3)C2)nn1C,0.09011817434423378
Cc1cc(C(=O)N2CCC2CNC(=O)CC2COCC(C)(C)O2)cs1,0.00028543621646693565
Cc1cc(C(=O)NC2CN(C(=O)C3(C(F)F)CC3)CC2C)ccc1F,0.0004301613271219014
Cc1cc(C)c(C(=O)N2CCN(C(=O)C3(CF)CCC3)C[C@@H]2C)[nH]1,0.0006061439069898429
Cc1cc(C)c(O)c(C(=O)Nc2cnc(OC3CC3(F)F)cn2)c1,0.6678328521049595
Cc1cc(N[C@@H]2CCN(C(=O)C3(S(C)(=O)=O)CC3)C2)ncc1C#N,0.0008778830323732994
Cc1cc(N2CCN(C)C(CNC(=O)C3(O)CC3)C2)cc(C)c1F,0.0006434244653054907
Cc1cc(N2CCN(CCOC3(C#N)CCCC3)CC2)cc(C)n1,0.441189267891476
Cc1cc(NC[C@@H](C)NC(=O)Cn2ccc(=O)n(C)c2=O)c(C#N)cn1,0.0005985078809951886
Cc1cc(NC(=O)[C@@H]2CCCC[C@H]2O)cc(CC(=O)O)c1,0.0008098191261677227
Cc1cc(NC(=O)CN(C)C)cnc1S(=O)(=O)C(F)F,0.000424492615360142
Cc1ccc(C(=O)N2CCCCC3C(NC(=O)C4CC4)C32)c(F)c1,0.0004299484944493212
Cc1ccc(NC(=O)C(C)OC(=O)c2cc(=O)n(C)cn2)c(C)n1,0.0006342615698102073
Cc1ccc(NC2CN(C(=O)CC3CCCCC3C)CC2C)nn1,0.3340402042454392
Cc1cccc2c(C(=O)N3CCNCC3C(C)C)csc12,0.3999128921411032
Cc1nc(-c2cn([C@@H](C)CNC(=O)C3COCCC3(F)F)nn2)nn1C,0.0011239173131114778
Cc1nc(C(=O)NC[C@H](C)NC(=O)C[C@@H](O)c2ccccc2)c(C)o1,0.00040257057085700494
Cc1ncc(C)c(NCC2(O)CCN(C(=O)c3ccccc3)CC2)n1,0.00084722866178812
Cc1ncc(Br)cc1C(=O)OCC[C@H](C)F,0.0005462925840075173
Cc1ncncc1C(C)NC[C@]1(c2ccccc2)C[C@H](O)C1,0.0003327282890296413
Cc1nnc2n1CC(CNC(=O)C1(C)CCC(F)(F)CC1)CC2,0.00043411513572669285
Cc1oncc1C(=O)N1CCC(N(C)C(=O)C(C)(C)NC(=O)C2CC2)CC1,0.0004577281280927547
Cc1sncc1C(=O)N(C)CCN(C)C(=O)c1cnoc1,0.0006141076581578674
Cn1c(C(=O)NC2CC(C#N)(c3ccccn3)C2)c2n(c1=O)CCCC2,0.0008363456236286601
Cn1cc(C(NC(=O)N2CCC[C@H](N)C2)c2cc(Cl)ccc2F)cn1,0.183014873406002
Cn1ccnc1CC(NC(Cc1ccccc1)C(F)F)C(F)F,0.0006310071543263891
Cn1cnc(CC(=O)N[C@@H]2CN(c3ncc(C#N)cc3F)C[C@@H]2F)n1,0.0007523698317419133
Cn1ncc(C(=O)NC2CN(C(=O)CC3CCC(F)(F)C3)C2)c1N,0.0007869555133862609
Cn1nncc1C(F)(F)C(=O)NCc1cccc(Cl)c1,0.0004165460992145
N#CCCn1c(-c2nccs2)nnc1N1C[C@H]2CCC[C@H]2C1,0.0014526360423700042
N#Cc1ccc(C(=O)N2CCC[C@H](NC(=O)CC3CCC(=O)N3)C2)cc1,0.0005955447168507887
N#Cc1ccc(NC(=O)NCC2(C3CCC3)CC2)cc1,0.001882612741743958
N#Cc1ccc(F)c(C(=O)NC2(Cc3cccc(F)c3)CC2)c1,0.0008817189174906385
O=C(C1CCCN(C(=O)C2CC23CCCC3)C1)N1CCCC1,0.000864400583985883
O=C(C1CCCOCC1)N1CC(CNc2ccnc(Cl)n2)C1,0.2537408096051297
O=C(Nc1cccc(N2CC(CO)C2)c1)C1CCC2(CCC2)OC1,0.00089671973389504
O=C(Nc1cccnc1N1CCS(=O)(=O)CC1)c1nccs1,0.264492559090413
O=C(Nc1n[nH]cc1C1CC1)N1CC[C@@H](C(F)(F)F)C1,0.001108498377495698
O=C1CC[C@H](C(=O)N2CC3CC2CN(C(=O)COc2ccon2)C3)O1,0.0003246974107025218
O=C1CC[C@H](C(=O)NC2CCC3CN(C(=O)c4ccncc4F)CC32)N1,0.00036670893184563634
O=C1CC(C(F)(F)F)C(C(=O)N2CC3CCC2C(O)C3)N1,0.0004589795264852064
O=C1CCCc2cc(CNc3cc(OC(F)F)[nH]n3)ccc21,0.000980045200279095
O=C1NCC2(CCN(C(=O)C3CCCOC3)CC2)c2ccccc21,0.000529403599215989
C[C@@H](CNC(=O)CC1CCOC1)NC(=O)C(c1ccccc1)N(C)C,0.0003667908560721142
C[C@@H](CNC(=O)c1ccnn1C1CC1(F)F)n1cc(C2(O)CC2)nn1,0.0003288839532846274
C[C@@H]1C[C@@H](NC(=O)c2csc(-c3ccc(F)cc3F)n2)CCO1,0.0013762132593185762
C[C@@H]1C[C@H]1C(=O)N1CC2CC(C1)N(C(=O)C1CCCOC1)C2,0.0004407891826820594
C[C@H](CO)CNS(=O)(=O)c1cc(C#N)c(Cl)s1,0.2820472043521393
C[C@H]1C[C@@H]1C(=O)N[C@H]1CC[C@H](CNC(=O)C23CCC(CC2)O3)CC1,0.001114009800336982
C[C@H]1CN(C(=O)OC(C)(C)C)C[C@@H](C)N1C(=O)N1CCC(CCO)C1,0.22437972339759868
CC[C@@H]1OCC[C@H]1C(=O)N1CC(O)(CNC(=O)Cc2cn[nH]c2)C1,0.00022920083734036072
CC[C@H]1CN(S(=O)(=O)c2cc(C(F)F)ccc2OC)CCO1,0.0005857940400880997
CC(=O)OCC1CCN(C(=O)COc2ccccc2F)CC1,0.0005224807162450688
CC(C(=O)N[C@H]1[C@@H]2CN(C(=O)[C@H](C)N(C)C)C[C@@H]21)c1cccc(F)c1,0.00034216919405424806
CC(C(=O)N1CC(C2CN(C(=O)C3CC4(CCCO4)C3)C2)C1)C(F)(F)F,0.00023541283196721284
CC(C(=O)O)C1(NCc2cccc(C(F)F)c2)CCOCC1,0.0005186153735354231
CC(C)[C@H]1CN(C(=O)CC2CCC3CC23)CCN1C(=O)Cc1ccco1,0.0009768761024013246
CC(C)(C)OC(=O)Cc1cccc(C(=O)NCCN2CCCOCC2)n1,0.000361202417595912
CC(C)CC(C)C(=O)NCCN(C(=O)C(C)CC(N)=O)C1CC1,0.0004124456119105239
CC(C)N(CCc1ccccc1)Cc1ccn(C)c(=O)c1,0.0006151665078452256
CC(C)c1cc(C(=O)NCC(O)Cn2cccn2)n(C)n1,0.00041997700497987186
CC(CC(=O)NC1Cc2cncn2C1)c1ccccc1,0.00037402002333198936
CC(CC(=O)Nc1ncc(C2CCOC2)s1)N1CCCCC1=O,0.00058177277881294
CC(N[C@H](CO)[C@@H](C)O)c1ccc(-c2ccccc2Cl)cc1,0.0012389328323614726
CC(O)C(=O)N1CC(CCC(N)=O)(c2ccccc2)C1,0.00030960807486945244
CC(O)C(=O)N1CCCC1CNC(=O)c1cc(Br)c[nH]1,0.0003082466191509765
CC(O)C(O)CNc1cccc(OC2(c3ncccn3)CC2)c1,0.0007400239495310766
CC(O)CCC(=O)N[C@@H](C)C1CCN(C(=O)c2ccnc(N)c2)CC1,0.0006204807269557583
CC(OC1COC1)C(=O)N1CC(NC(=O)C(O)C(C)(C)C)C(C)(C)C1,0.0004319978665557774
CC(Oc1ccccc1F)C(=O)NC[C@H]1CC[C@H]1NC(=O)CC#N,0.0006210207629971992
CC(F)(F)C(=O)N1CCC(O)(CNC(=O)c2ccn(CCF)n2)C1,0.0002244160633923186
CC(F)(F)CCN1CCN(C(=O)OC(C)(C)C)C[C@H]1C(F)(F)F,0.0008965093029665531
CC1(C)CC(C(=O)N2CC[C@H](NC(=O)CC3(CO)CCCCC3)C2)C1,0.32719669903334964
CC1(C)CC(CC(=O)NCC(O)CNC(=O)CS(N)(=O)=O)CO1,0.06543664497117915
CC1(C)CN(Cc2ccc3[nH]ccc3n2)CC1CNC(=O)OC(C)(C)C,0.0005289416143429064
CC1(NC(=O)COC2CCCOC2)CN(C(=O)c2ccco2)C1,0.0003308921897180816
CC1(NCc2ccccc2CN2CCOCC2)CCC(O)CC1,0.0005879016054113063
CC1C(NC(=O)C2C[C@@H]3CC[C@H]23)CC2CCC1N2C(=O)OC(C)(C)C,0.0005682885273696631
CC1CC(C)(O)CCN1C(=O)NCC(=O)NCc1ccccc1,0.0003027553496034494
CC1CC(F)(F)CCN1CC(O)c1ccc(F)c(Br)c1,0.0006240363378369559
CC1CCC(CCNc2cnc(-c3ncccn3)nc2)O1,0.001647091789025193
CC1Cc2ccccc2C1NCc1cccn2ccnc2c1,0.0
CC1OC(C)C(C(=O)N[C@@H](C)C2CN(C(=O)CCC(F)F)C2)C1C,0.0003668371259581777
CCC(C(=O)NC1(CCO)CCSCC1)N(CC)CC,0.00040078910680568824
CCC(C)(CNC(=O)c1cncc2nc(O)[nH]c12)OC,0.0009647450552490164
CCC(C)(OC)C(=O)N1CC[C@@H](C)C[C@]1CNC(=O)OC(C)(C)C,0.0008088666706207042
CCC(CNC(=O)C1(OC)CC1)NC(=O)c1ccc(C#N)c(C)n1,0.22655240197215
CCC(NC(=O)c1ccc(F)c(NC(C)C)c1)c1nccn1C,0.0016686858649790453
CCC1(CNC(=O)C(C(C)C)n2cnnc2)COc2ccccc2C1,0.0004076086935957991
CCC1CC(C(=O)NCCC2CCc3ccccc3N2)CCO1,0.0015947768054160388
CCN(CC1CCOC1)C(=O)C1(O)CCN(C(=O)OC(C)(C)C)CC1,0.0004426706655845873
CCN1CC(CNC(=O)[C@@H]2OCCO[C@@H]2C(F)(F)F)C1,0.00030532445723184027
CCN1CC(NC(=O)c2cc3c(ncn3C)s2)C(C)(C)C1,0.0012645414868560668
CCN1CC2c3ccccc3C[C@H]2C1CNC(=O)NC1(C(=O)O)CCC1,0.0006521500252758361
CCOC(=O)[C@@H]1C[C@H]1Cn1nc(C(=O)O)c2ccccc2c1=O,0.0005353842719642416
CCOc1cc(F)cc(CN2CCNCC2(C)CO)c1,0.00040422981114895853
CCc1c(CNC[C@@H]2CCCC[C@H]2O)cnn1CC(C)C,0.0007337242393894937
CCc1cc(C(=O)NCC(C)CN(C)c2cc(C#N)nc(CC)n2)on1,0.0013969032876580709
CCc1cnc(CN2CC[C@@H](NC(=O)c3ccn(C)c(=O)c3)C2)o1,0.0005357280077303001
CCc1csc(CC(=O)NC2(C(=O)O)CCc3ccccc32)n1,0.0005153145509896342
CCn1cc(C(=O)N[C@@H](C)CNC(=O)C2CCC(OC)C2)nn1,0.0002482899403480132
CCn1nncc1COC(=O)CCNC(=O)c1ccc2c(c1)CCC2,0.0004135187016381722
CN(C(=O)CC1(F)CCC1)C1CCN(C(=O)c2coc(C#N)c2)CC1,0.000681437872279392
CN(CCN(C)C(=O)C[C@H]1CCOC1)Cc1cc2n(n1)CCC2,0.0004287904438268416
CN1C(=O)c2ccccc2C1CNS(=O)(=O)c1sccc1F,0.0005201690256317935
CN1CCC[C@H]1C(=O)N1C[C@@H]2C[C@H]1CN2C(=O)COC(C)(C)C,0.09709360610251754
CN1CCCN(C(=O)C(C)(C)n2ccc(Br)n2)CC1,0.0003822434866806028
CN1CCN(C(=O)Cn2cc(CC3CCCNC3)nn2)CC1=O,0.00018177118155708087
CNC1(C(=O)Nc2ccc(-n3ccnc3)cc2F)CC(OC)C1,0.0008513521782433256
CNc1cccc(-c2cn(CCNC(=O)C3(F)CCCC3)nn2)c1,0.0012780269104394127
CNc1cccc(C(=O)NC(C)CNC(=O)[C@H](O)C(C)C)n1,0.0004666852004319729
CO[C@H]1C[C@H](NC(=O)Nc2ccc3c(=O)n(C(C)C)c(=O)[nH]c3c2)C1,0.000776382006258151
COC[C@H](F)CNC(=O)c1ncoc1-c1cccc(OC)c1,0.0008564899216363769
COC(=O)N1CC(NC(=O)c2cnc(Cn3cccn3)s2)C1,0.0003675817181470592
COC(C)c1nc(C(=O)NCC(OC)C2CC(F)(F)C2)cs1,0.0005939133544251189
COC1CC(C(=O)NCCC2CCCN(c3nnc(C)s3)C2)C1,0.0003842465895366233
COC1CC2(C1)CC(C(=O)NC(CNC(=O)C(C)(C)O)C1CC1)C2,0.0005085440549517998
COCC(=O)N(C)C1CCN(C(=O)C23CCC(N(C)C)(CC2)CC3)CC1,0.0009175547307850282
COCC(C)(O)CC(=O)NC(C)CC(C)Nc1n[nH]c(=O)s1,0.0002790241813248406
COCC1(c2noc(CCC3=NCC4(CCC(C)C4)N3)n2)CC1,0.0009680396002235156
COCCN1CCOC(CNC(=O)c2cncc(OC)c2)C1,0.0003735883968376483
COCc1ccc(-c2noc(C(CC3COCCO3)C(=O)CC2C)nc1,0.0
COCc1ccoc1C(=O)N(C)CC(C)NC(=O)c1cnsc1,0.00035684388495148934
COCc1nc(CNC(=O)c2ncnc3c2CCC3)cs1,0.0004036822232772633
COc1c[nH]c(C(=O)N2CC(COc3ccccc3F)C2)cc1=O,0.20668151405588875
COc1ccc(C2CCN(C(=O)NC3CCCC4CCC3N4)C2)cc1F,0.0005881175768438133
COc1ccc(O)c(CC2CCN(C(=O)[C@H]3C[C@@](C)(O)C3)CC2)c1,0.0004840592504655032
COc1ccc(OCCC(=O)N2CCCC(C)c3ccncc32)cc1,0.0007038836128370271
COc1ccccc1OCC(=O)N[C@H]1C[C@@H](NC(=O)C(C)C2CC2)C1,0.00032091730087298727
COc1csc(C(=O)N[C@H]2C[C@H](NC(=O)c3cc(C)ccn3)C2)c1,0.267482709530483
CSCCC(=O)N1CCN(C(=O)c2ccon2)[C@@H](C)C1,0.00039028022649273587
Cc1[nH]nc(C(=O)N(C)C2CCN(Cc3ncccn3)C2)c1C(F)(F)F,0.00042941868544789434
Cc1c(CCNC(=O)N2CCC(O)C23CCCCC3)cnn1C,0.0008328170290624186
Cc1c(N[C@H]2C[C@H]3[C@@H](C2)C2(CO)C3(C)C)cnn1-c1ccccc1,0.0
Cc1ccc(C(=O)N[C@H]2C[C@@H](CNC(=O)c3ncccn3)C2)cn1,0.1554395526458285
Cc1ccc(C)c(C(=O)N[C@H]2C[C@@H](CNC(=O)c3cccnc3N)C2)n1,0.3812471919157884
Cc1ccc(NC(C(NC(=O)[C@H]2C[C@H]2F)c2ccccc2)cc1,0.0
Cc1ccc2c(=O)c(C#N)n(CC(=O)N3CCC(F)(F)C3(C)C)cc2c1,0.0
Cc1cccc(C(CC(C)C(=O)Nc2ccn(CC(F)F)n2)N(C)n1,0.0
Cc1ccncc1-c1cn(C(C)C(C)NC(=O)C2OCC2(C)C)nn1,0.0007592726007702876
Cc1cn2cc(C(=O)N[C@H](C)[C@H](N)C)c(C)nc2n1,0.0002903751314009584
Cc1conc1C(=O)N1CCOC(CNC(=O)C2CC3CC3C2)C1,0.0006492020346165162
Cc1csc(N2CCC(NC(=O)Cc3c[nH]nc3Br)C2)n1,0.0006933699099558463
Cc1n[nH]c(C(C)N2CCC([C@H](C)NC(=O)c3cnns3)CC2)n1,0.0004308426534184973
Cc1nc([C@H]2CCCN2CC(=O)Nc2cc(C)ccc2C)cs1,0.001418169846038773
Cc1nc(-c2ccc(C)o2)cc(N2CCCC(NC(=O)C(C)O)C2)n1,0.0014690593921896267
Cc1nc(C#N)cc(N[C@H]2CCN(C(=O)C3CN(C)CCO3)C2)n1,0.3662774789064018
Cc1ncc(C(=O)N2CCOC3(C2)CN(C(=O)[C@H](O)C(C)C)C3)o1,0.11455189882954732
Cc1ncccc1NCC1CN(c2ccccc2)CCO1,0.0011017104750251107
Cc1nccnc1CN1CCCC1C1(NC(=O)c2cccc(F)c2)CC1,0.0005495627785971776
Cc1nn(-c2ccc(F)cc2)c(N)c1C(=O)N1CCCC(F)(F)C1,0.4778576641135138
Cc1nnc(C(=O)NC2(C)CCN(C(=O)c3ccc(Cl)[nH]3)C2)s1,0.20956742982458343
Cc1nnc(N2CCN(C(=O)C3(CN)CCCCC3)CC2)s1,0.00036404567102786914
Cc1nocc1CN1CCCCC(NC(=O)Cc2ccn[nH]2)C1,0.0004736486693323978
Cn1nccc1C(O)C(=O)NC[C@H]1C[C@H](NC(=O)C2(C)CC(F)C2)C1,0.0002328074999519866
N#Cc1ccc(Cl)c(C(=O)N2CCN(C(=O)CO)C3(CCC3)C2)c1,0.41448184102595165
N#Cc1cncc(NCC2CCN(C(=O)c3coc(=O)[nH]3)C2)n1,0.0009348022998231271
NC(=O)N1CCCC(CN2C(=O)CC(c3ccsc3)NC2=O)C1,0.0003945857816247762
O=C(CC1CCCCO1)N1CC2CCC(C1)N2c1ccncn1,0.001036482693460962
O=C(CCC1CCCCO1)NC12CCCC1N(C(=O)C1CCO1)CC2,0.5439294342349764
O=C(N[C@H]1CCN(C(=O)c2cnsn2)C1)c1csc(C2CC2)n1,0.00041850827050270845
O=C(N1CCCC(c2nn[nH]n2)C1)[C@@]12C[C@H](O)[C@@H]1C2,0.00016731019310923845
O=C(NCC(=O)N1C[C@@H]2CCNC[C@@H]2C1)c1ccc(Br)o1,0.00028984441936329104
O=C(NCC(F)(F)c1ccccc1)c1cnc2c(c1)C(=O)CCC2,0.00046582261154726217
O=C(NCC1C2CN(c3nccc(CO)n3)CC12)[C@@H]1CCCO1,0.00041751574174620155
O=C(NCc1cc(O)nc(CNC(=O)C(O)C2CC2)n1)c1ccsc1,0.15359356601013094
O=C(NCc1ccnc(C2CC2)c1)C(O)c1ccc(C2CC2)cc1,0.00035089898434369796
O=C(NS(=O)(=O)c1cnn(-c2ccccc2)c1Cl)C1COCCO1,0.2011067411222651
O=C(O)c1ccc2c(c1)N(C(=O)NC[C@H]1C[C@@H](n3ccnc3)C1)CCO2,0.7067061182969597
O=C(c1cc2c([nH]c1=O)CCOC2)N1CC(c2ccccc2)C1,0.00027244459520149215
O=S(=O)(NCC1(O)CCCC1)c1cc(F)ccc1Cl,0.0005635453978900083
C[C@@H](NC(=O)C1(C)CNC(C)(C)C1)c1ccc(F)cc1,0.0007098418839283601
C[C@@H](NC(=O)c1ccnccn1)C1CN(C(=O)C2CCC(F)C2)C1,0.0
C[C@@H](O)C(=O)N1CC2(CNC(=O)COC3CCCCC3)CC1CO2,0.0002958652471160091
C[C@@H](OCc1ccccc1)[C@@H]1CN(C(=O)N2CCC(N)C(F)(F)C2)C1,0.000573261497674923
CC[C@@H]1[C@@H](C(=O)N2CCCN(CC(C)(C)O)CC2)CCN1C,0.00030837065808265464
CC(=O)OCCC(=O)N[C@H](C)CNC(=O)C(C)c1ccccc1C,0.0003742936621493629
CC(C(=O)NC1CC2CS(=O)(=O)CC2C1)N1CCCCC1=O,0.15238662554314986
CC(C)(C(=O)NC1CCC2CCC1C2)c1ccc(O)cc1,0.0005945175092596988
CC(C)(CC(=O)NCC(=O)N1CCc2cccc(F)c21)C1CC1,0.0007442041873882183
CC(C)(F)C(=O)N1CC2(NC(=O)C3CCCO3)CCC1CC2,0.00044529879003800356
CC(C)C=Cc1cn(CC(=O)NCC2C(F)(F)C23CCCC3)nn1,0.001812442989452165
CC(C)NC(=O)CNC1CCCN(C(=O)CCc2cncnc2)C1,0.0003166411450780352
CC(C)n1nccc1S(=O)(=O)N1CC2(CCSCC2)C1,0.0007106526027486008
CC(CC(C)NC(=O)C1CC12CC2)NC(=O)c1cn(C)cn1,0.0003100383891085576
CC(CF)C(=O)N1CCC(NC(=O)c2cnc3c(c2)nnn3C)CC1,0.00038421728303726437
CC(Cc1ccnn1C)C(=O)Nc1cnn(C2CCNC2=O)c1,0.0005834756476708311
CC(N)c1cn(CC(C)(O)COc2ccc(Br)cc2)nn1,0.0006283735458972169
CC(NC(=O)[C@@H](O)C1CCCC1)C1CN(C(=O)[C@H]2CC2(C)C)CCO1,0.18123235908121904
CC(NC(=O)N1CCC2COCC2C1)c1cccc(OCC#N)c1,0.001270666459875758
CC(NC(=O)NCc1cccnn1)c1ccc2c(c1)CCCO2,0.0004974062538042954
CC(F)(CN1CC[C@H](NC(=O)C2CC3CCC2CC3)C1)C(F)(F)F,0.18395855798161384
CC1(C)OC(=O)[C@H](COC(=O)c2[nH]nc3c2CCCC3)O1,0.0003305973668535696
CC1(NC(=O)c2cc3cc(F)ccc3[nH]2)CN(C(=O)C(C)(C)C#N)C1,0.5679804296137161
CC1(Nc2cnc(F)cn2)CCC(NC(=O)c2cnco2)CC1,0.4680463916207938
CC1(c2ccccc2F)CC1NC(=O)c1ccc2c(c1)CCN2,0.0016813223349064963
CC12CCC(C(=O)N[C@H]3CCCN(C(=O)c4cncnc4)C3)(C1)OC2,0.4841688077149262
CC1=NOC2(CCN(C(=O)c3cc(C)cc4cccnc34)CC2)C1,0.0006769836914669211
CC1CC(CN2CC(n3cc(CNC(=O)c4ccncc4)nn3)C2)C1,0.18195973753196412
CC1CCC(N2CCC(NC(=O)C(N)C(C)(C)C(F)(F)F)CC2)CC1,0.0005484625049846421
CC1CN(C(=O)CCOc2ccccc2F)CCN1C(C)C,0.00046226485112160044
CC1c2cc(Cl)ccc2CCN1C(=O)NC1CCCN(C)C1,0.0005377693283938432
CCC(C)C(=O)N1C2CCC1C(CNC(=O)c1cc3n(n1)CCCO3)C2,0.0003879211136340854
CCC(C)CC(=O)N(CC(=O)NC1CCS(=O)(=O)C(C)C1)C1CC1,0.18908846765110654
CCC(C)c1ccc(C#N)c(N2C[C@@H]3C[C@H]2CN3C(=O)c2cnc[nH]2)n1,0.5248831533133325
CCC(CC)C(C)C(=O)N[C@@H]1CCN(C(=O)Cc2cncc(C)c2)C1,0.00043576949030231624
CCC(NC(C)=O)C(=O)N[C@H](C)CNc1ncc(C)cn1,0.2317754826360328
CCC(O)C(C)C(=O)N1CCC[C@H]2CN(C(=O)C3(O)CC3)C[C@H]21,0.000265922630065289
CCCC(C(=O)NCc1nnc2n1CC(C)CC2)S(N)(=O)=O,0.0002476457343072543
CCN1CCC(NC(=O)[C@@H](N)COCc2ccccc2)CC1,0.0004472437841288296
CCO[C@H]1C[C@@H](NC(=O)[C@@H]2[C@H](C(=O)NCCOC)C2(C)C)C1,0.00026426243112436394
CCOC[C@H](C)NC(=O)NC[C@@H]1[C@@H]2CN(C(=O)OC(C)(C)C)C[C@H]12,0.0003338140747043403
CCOC(=O)CCC(F)(F)C(=O)OCC(=O)NCc1ccc(C)cc1,0.00045702649341644895
CCOC(=O)c1noc(COC(=O)COc2ccc(C#N)c(F)c2)n1,0.0005020317307755514
CCc1c(C(=O)NC(C)CN(C)C(=O)C(O)C2CCCC2)ccn1C,0.0004346461606087768
CCc1cc(C(=O)NC(CNc2ncnc3c2COC3)C2CC2)on1,0.0011210445084843296
CCc1cccc(C(=O)N[C@@H](CC(N)=O)c2ccc(Cl)cc2)n1,0.0005183118346348652
CCc1nc(C)c(CNC(=O)c2cccc(C#N)n2)o1,0.0006491627119764818
CCc1ncoc1C(=O)N[C@H](C)CNC(=O)CCc1c(C)n[nH]c1C,0.00031765266392409753
CN(C(=O)C1(C#N)CCSCC1)c1ccc(-n2cnnn2)cc1,0.0012661159397526632
CN(C)CCCC(=O)N1CCCCC12CCN(C(=O)C1(C)CC1)C2,0.35568495498868163
CN(C)c1ncc(CN2CCNC(c3cnn(C)c3)C2)c2c1CCCC2,0.0012555220060884193
CN(CCn1nnc(-c2ccc(Cl)cc2)n1)CC1CN(C)CCO1,0.0008987837739364613
CN(Cc1cn([C@H]2CON(C(=O)[C@H]3CC3(C)C)C2)nn1)C(C)(C)C,0.0004278086326976656
CN1CCC2(CC1)CC(O)CN21CCCc2cccnc21,0.0
CN1CSCC1CCC(=O)N1CC2CCC(C1)N2C(=O)c1cnco1,0.00036558475818230027
CNCC1CCCN1C(=O)c1ccc(C)cc1C(F)(F)F,0.0005046477712899275
CO[C@H](C)C(=O)N1CCC1CNC(=O)c1ccnn1c1ccccc1F,0.0007432864716312423
COC(=O)CCN(C(=O)Nc1ccc(F)c(F)c1)c1ccccn1,0.0009044123877918519
COC(=O)N(C)CC(=O)Nc1csc(Cl)c1Cl,0.0012180812058023003
COC(=O)c1ccc(C(=O)N(C)C2C3CCCC3C2(C)C)c(C)n1,0.24417021385071588
COC1(CC(=O)N(CC(N)=O)Cc2ccccc2)CNC1,0.00019488938582750578
COC1(CC(=O)N2CCN(C(=O)c3cnccn3)CC2)CC1,0.1361120058141334
COC1(CNC(=O)N2CCC(O)(C(N)=O)CC2)CCCSC1,0.00022876804609530405
COCC(=O)N1[C@H]2CC[C@@H]1C[C@H](CNC(=O)C1CC3(CC(OC)C3)C1)C2,0.2893919368803896
COCC(O)C(=O)N(C)CCN(C(=O)c1ccc2[nH]nnc2c1)C(C)C,0.00042149958975150765
COCCC(C)C(=O)OCc1csc(-c2cccc(Cl)c2)n1,0.0010352409329208742
COCCc1nnc(N2CCC(C(F)(F)F)C2)n1CC1CC1,0.0005212003249615791
COCCn1c([C@@H]2CNC(=O)N2)nnc1N1CCCC1,0.0002139940495450079
COCc1cc(CN(CCN2CCN(C)CC2)CC2CC2)on1,0.00033168739153803225
COc1cccc(OC(F)(F)F)c1C(=O)N[C@@H]1[C@@H](C(=O)O)[C@H]2CCC[C@H]21,0.17361340234332007
COc1cncnc1N1C[C@H](C)[C@H](NC(=O)c2ccc(C)[nH]c2=O)C1,0.0007972173148836691
CSCCC(=O)N1C[C@H]2[C@H](NC(=O)C3(c4ccc(C)cc4)CC3)[C@H]2C1,0.00063399895370227
Cc1[nH]cnc1C(=O)NC(CNC(=O)C[C@H](O)c1ccccc1)C(C)C,0.0005279179040471713
Cc1c([C@@H]2[C@@H](C)CCCN2CC2(O)CCNC2=O)oc2ccccc12,0.44121334100989
Cc1c([C@@H]2CN(S(=O)(=O)c3cccc(F)c3C#N)C[C@H]2C2CC2)cnn1C,0.0005395985602326909
Cc1c(C(=O)N2CCN(C(=O)c3ccc(O)cc3)CC2)ccn1C,0.23665485622431084
Cc1c(CN2CC(c3ccon3)C2)cnn1C1CCOCC1,0.0004739431108830987
Cc1c(F)ccc(Cl)c1N1CCC1CNC(=O)c1cnn(C)n1,0.001322774073673298
Cc1cc[nH]c1C(=O)N1CCCC1(C)CNC(=O)c1cncc(F)n1,0.0007182022467171337
Cc1cc(C(=O)N(C)CC(=O)NC(C)C)c2c(F)cccc2n1,0.0005258698220878264
Cc1cc(C(=O)N2CCC2CNC(=O)c2cc3n(c2)CCCC3)no1,0.237652143252781
Cc1cc(C(=O)N2CCN(Cc3c(F)cccc3F)C[C@H]2C)ns1,0.0005892255199677803
Cc1cc(C(=O)NC(C)C2(O)CN(C(=O)[C@H]3CCCO3)C2)nn1C,0.13118796025365353
Cc1cc(C(=O)NCC(C)(C)Nc2ncnc(C)c2F)cnn1,0.0006875538687655819
Cc1cc(CN2CCN(C(=O)Cc3ccc(C)o3)CC2)ncn1,0.00029467017888804177
Cc1cc(CNC(=O)NC(C)(CC(=O)O)c2cccs2)ccn1,0.000623439742415606
Cc1cc(CNc2ccccc2CN2CCOCC2)[nH]n1,0.000929439557041882
Cc1ccc(C(C)C(=O)NCCN(C)C(=O)c2cncs2)s1,0.0005862468461101353
Cc1ccc(CO)nc1NCc1ccccc1CN1CCC(O)C1(C)C,0.0009064521248457094
Cc1ccc(N2CC(C(=O)N3CCC4(CC3)CC4CO)CC2=O)cc1,0.0008596886220876792
Cc1ccc(S(=O)(=O)N2CCO[C@H]3[C@@H]2[C@@H]3C(F)(F)F)c(C)c1F,0.000599175808472105
Cc1cccc(N(C)C(=O)c2ncnc(C)c2C)c1Cl,0.0009557303581582939
Cc1cn(C)cc1C(=O)N[C@@H]1CN(c2cncc(Cl)n2)C[C@@H]1C,0.23998356466616705
Cc1cnc2c(C(=O)N3CCSC4(CCOCC4)C3)cccc2n1,0.32661774339950983
Cc1cncc(CCC(=O)OCc2c(Cl)c(C)nn2C)c1,0.0005422772321537929
Cc1cnn(Cc2ccc(C(=O)N3CCNC(CC(F)(F)F)C3)cc2)c1,0.0004294492057797831
Cc1nc(C(=O)N2CC[C@@H](NC(=O)c3sccc3C)C2)c(=O)[nH]c1C,0.24019658022120471
Cc1nc(C(=O)N2CC(C3(Nc4ncc(O)cn4)CC3)C2)c(C)o1,0.26760138123439053
Cc1nc(C)c(CCNC(=O)C2(c3cnn(C)c3)CCCO2)s1,0.0005408988459920367
Cc1nc2ncnc(NC(=O)C3(C(C)(F)F)CC3)c2s1,0.0013035702754484015
Cc1ncc(N)cc1C(=O)N1CC(C2CN(C(=O)CN(C)C)C2)C1,0.3003047695387102
Cc1ncc(NC(=O)C2(c3cnn(C)c3)CCCO2)cc1C(F)(F)F,0.0013181142285088512
Cc1nccc(N2CC(C3CN(C(=O)c4cnsn4)C3)C2)n1,0.3215370287840124
Cc1nn(C)c(Cl)c1C(=O)N[C@@H](C)CNC(=O)c1ccc(F)s1,0.000613949873578519
Cc1nnc(N[C@@H]2CCCN(C(=O)c3cc(C(F)F)ccc3C)C2)o1,0.0008250819168526438
Cc1nocc1C(=O)NCC(C)CN(C)C(=O)CC12CC(C1)C2,0.20646007882190398
Cc1nocc1NC(=O)N(C)Cc1cc(Br)cn1C,0.0014905175197248394
Cn1cc(C(=O)NCC2(OCCO)CCC(F)(F)CC2)c(N)n1,0.0007070621062314871
Cn1ccc(C(C)(C)C(=O)N2C[C@H]3[C@H](NC(=O)c4ccno4)[C@H]3C2)n1,0.00038660707028071096
Cn1ccc2c(C(=O)N3CC(O)(CNC(=O)C4(O)CC4)C3)cccc21,0.0006068794022746173
Cn1nc(O)cc1C(=O)Nc1cccn(CC(F)(F)F)c1=O,0.0006294060304687523
Cn1ncc(COC(=O)CCc2ccncc2C(F)(F)F)n1,0.0004769850400223561
NCCCN1C2CCC1CN(C(=O)Cc1ccc3c(c1)CCCC3)C2,0.0011916818223031596
O=C([C@@H]1CC1(F)F)N1CCC2(C1)OCCN2C(=O)C1(CO)CC1,0.00039749007906971417
O=C(CCC1CCC(=O)N1)Nc1cccc(OC2CCC2)c1,0.0003789184019079013
O=C(CCn1cnccc1=O)NCC1(CO)CCNCC1,0.0001755303784777098
O=C(Cc1ccc2nsnc2c1)N1CC2(CCC2)C[C@@H]1CO,0.0007286344334060937
O=C(NC1(CO)CN(c2ncncc2Cl)C1)c1cccnc1,0.0003924610857611563
O=C(NC1CCN(C(=O)c2ccc(CO)o2)CC1F)c1nc(=O)[nH][nH]1,0.00026215071913769677
O=C(Nc1cnc2ccccc2c1)N1C2CCC(C2)C1CO,0.0009785506242093215
O=C(O)[C@@H]1CCCN1C(=O)CC(C1CC1)C1CC1,0.1215773068554275
O=C(c1cccn1C1CC1)N1CCOC(c2ccc(F)c(F)c2)C1,0.0012514913508690118
O=C1CC[C@@H](CCNC(=O)C23CCCC(=O)N2CCC3)N1,0.0002339714014144736
O=C1CCC(C(=O)N[C@H]2CCN(C(=O)C(F)c3ccc(F)cc3)C2)N1,0.0003064324721495814
O=C1Nc2ccccc2CC12CCN(C[C@@H]1C[C@H](F)CN1)CC2,0.0013395161272850475
O=C1OCC[C@H]2CN(C(=O)c3cccc(-c4ncn[nH]4)c3)C[C@@H]12,0.3451446350895572
O=S(=O)(N[C@H]1CCNC1)c1cc(-c2ccccc2)ccc1F,0.0008841936254243404
FC(F)Oc1ccccc1CN1CC2(C1)CS(=O)C2,0.000445404150105137
C[C@@H](NC(=O)C1(C)CC1F)C1CN(C(=O)C2CC23CC(O)C3)C1,0.10933287379254787
C[C@@H]1CN(C(=O)[C@@H]2CCCC[C@@H]2N2CCCC2=O)[C@H](c2ccccc2)CO1,0.23430587900135044
C[C@H](CNC(=O)c1cc2ncccc2s1)NC(=O)C1(CF)CC1,0.0006969282602716922
C=C(F)C1(CC(=O)N2CC(c3nc4c([nH]3)COCC4)C2)CCC1,0.0008267447467165655
CC[C@H](CC(=O)N1CC(C)(NC(=O)c2cnc(C(C)C)s2)C1)C(C)C,0.1981576609957518
CC(=O)N(C)Cc1cn(C[C@@H](C)NC(=O)C2(CO)CCC2)nn1,0.11721428402917639
CC(=O)N1CCC(NC(=O)c2nn(C)c3c2CCCC3)C12CCC2,0.001012868794953617
CC(=O)OC1(C(=O)NC(C)CCNC(=O)CC(C)C2CC2)CC1,0.00024224160849050397
CC(C(=O)N1CCN(Cc2ccc(F)cn2)CC1)n1cccn1,0.0002902369687264096
CC(C)[C@H](O)C(=O)N1C[C@H]2[C@H](NC(=O)c3cc(N)c(F)cn3)[C@H]2C1,0.18513588400288336
CC(C)(C)CC(=O)N1CCCCCC(NC(=O)[C@@H](O)C2CCCC2)C1,0.0008252279900179165
CC(C)(C)OC(=O)NC1CC2(CCN(C(=O)COC(F)F)C2)C1,0.2590063925709685
CC(C)(C)n1cc(C2COCCN2C(=O)C2C(F)(F)C23CCC3)nn1,0.0013526913318348422
CC(C)(N)C1CCC(NC(=O)C23CCC(C)(C2)OC3)CC1,0.0004900179140399304
CC(C)C(=O)N1CCC(C)(NC(=O)c2cc(Br)no2)C1,0.0005355639919088337
CC(C)CC(C)(C)C(=O)N(C)[C@H]1CC[C@@H](NC(=O)CC2(O)CC2)CC1,0.21884290070390114
CC(C)Cn1c(-c2ccncc2)nnc1N1CC[C@H](OC(C)(C)C)C1,0.0018648642446335729
CC(C)N(CCN(C)C(=O)c1cn(C2CCC2)nn1)C(=O)CC1CC1,0.5696813251426551
CC(CN(C)C(=O)c1cc(O)cc(Cl)c1)Nc1ccncn1,0.0008677744791431438
CC(CN1CCCC1=O)NC(=O)C1(C)CCN(C)CC1,0.00033632806148928013
CC(CN1CCOCC1)N(C)C(=O)NC[C@@H]1C[C@H](c2ccccc2)CO1,0.0003962841604008266
CC(CNC(=O)C1(C)CCCC1)N(C)C(=O)C1CCC2(CC1)CC2,0.44696201021353404
CC(CNC(=O)Cc1cccc(F)c1)NC(=O)CC1CS(=O)(=O)C1,0.00022352243933958991
CC(CO)C(=O)N1CC2CCC(NC(=O)COC3(C)CCC3)C2C1,0.00033322375153254735
CC(NC(=O)[C@@H]1CC[C@H]1C(=O)O)c1ccc2c(c1)cnn2C,0.0006581378469457927
CC(NC(=O)CN(C)C)C1(O)CN(C(=O)c2ccn3cncc3c2)C1,0.09513153304696938
CC(O)C(C)C(=O)N1CC(NC(=O)c2ccc3c(=O)[nH]cnc3c2)C1,0.00026435414586215873
CC1(C)C(=O)NC(=O)CC1C(=O)N1CCC12CCC(CO)CC2,0.10861956484257727
CC1(C)NC(=O)OC12CCN(S(=O)(=O)c1cc3ccccc3o1)C2,0.0007386064186906611
CC1(CNC(=O)[C@@H]2CCOC2)CCCN(c2ccnc3ncnn23)C1,0.0005855990104457199
CC1C(=O)NCCN1c1ncncc1Br,0.0003062399195101183
CC1OCCC1C(=O)N[C@H]1CN(C(=O)CSc2ccccc2)C[C@H]1C,0.00030777905584943754
CCC(C)OCC(=O)NCC1CC(=O)N(c2ccccc2)C1,0.0011602144040436342
CCC(C)n1nc(C)c(CC(=O)N2CCCN3C(=O)CCC32C)c1C,0.00046290303850979835
CCC(CC)(CNC(=O)C1(F)C(C)(C)C1(C)C)C(=O)O,0.0005544086755490674
CCC(COC(F)(F)F)NC(=O)NC1CCCN(c2ccccc2)C1,0.0010812525882997858
CCC(Cc1ccc(SC)cc1)NC(=O)N1CCN(C)CC1,0.0011581277514278769
CCC(F)C(=O)N1CC(CN(C)C(=O)C(C)C(F)(F)F)C1,0.0007845636774541974
CCCC(C)C(CO)NC(=O)Nc1ccccc1OC1COC1,0.0014549122778275126
CCCCC(C)(F)C(=O)NC[C@@H](C)NC(=O)c1cnc2[nH]ncc2c1,0.0009107375774874431
CCCCc1cnc(N2CCN(CCCC(C)O)CC2)nc1,0.0011869666587033007
CCCS(=O)(=O)NC(C)C(=O)NCc1cccc(OC)n1,0.00026431843533873645
CCN(C1C=Cc2ccccc21)S(=O)(=O)C[C@@H]1C[C@H]1C,0.3082917881015824
CCN(CC#N)C(=O)CN1CCOc2cc(OC)ccc2C1,0.0007710150765725014
CCN(Cc1cccc(C(N)=O)c1)C(=O)C(C)(C)c1ccc[nH]1,0.0005664573606051642
CCN1CCC1C(=O)Nc1cn(C)nc1-c1ccc2c(c1)OCO2,0.6705603625291547
CCN1CCC2CCC(C1)N2C(=O)C(OC)c1ccc(F)c(F)c1,0.0005171644178474121
CCOC1(CNC(=O)N(CCC(F)(F)F)CC2CC2)CCOCC1,0.0006734824400490789
CCOC1CC1C(=O)N[C@@H]1CN(C(=O)c2cncc(OC)c2)C[C@@H]1C,0.0003485437379224759
CCS(=O)(=O)N1CCC(NCc2cnn3ccccc23)CC1,0.00030784154654522915
CCc1nc(C(=O)NC(C)CN(C)C(=O)c2coc(C#N)c2)c[nH]1,0.0010256276787110675
CCc1nncnc1CNC(=O)Nc1cc(CN(CC)C(C)=O)ccn1,0.0003862714890495913
CCc1occ(C)c1C(=O)N1CCC(n2cc(C3(O)CCCC3)nn2)C1,0.0006469107619376506
CCn1cc(C(C)NC(=O)c2sc(C)cc2C(C)=O)cn1,0.0006208721821135466
CCn1ccc(C(=O)N(C)CCNc2nc(CC3CC3)ns2)n1,0.2899647543849047
CN(C[C@H]1C[C@@H](O)C1)C(=O)c1n[nH]c2c1CSCC2,0.0004071504515476519
CN(C(=O)c1ncccc1-n1cc(C2(C)COC2)nn1)C1CCOC1,0.0003634154434123581
CN(C)C1CCN(C2CCN(C(C)(C)c3cnn(C)c3)CC2)CC1,0.0007990471878638763
CN(Cc1cnccn1)S(=O)(=O)c1ccc(C(F)F)cc1,0.0005948522109855343
CN1C(=O)c2ccccc2C1CN1C[C@@H]2C[C@H]1CN2C(=O)C(C)(F)F,0.0004404947026952614
CN1CCC[C@H]1C(=O)N1CC2(CC(Nc3cnc(F)cn3)C2)C1,0.00047929455571851744
CN1CCC12CC(CN1C(=O)Cc3ccccc31)C2,0.0009522577848290482
CN1CCN(Cc2ccsc2Br)CC1C(=O)O,0.0004131579209970067
CNC(=O)c1ccc(OC)cc1NC(=O)NCC1=NOC2CCCC12,0.3731400080719688
CO[C@@H]1CNC[C@H]1Nc1ccc(C(=O)N2CCN(C)CC2)nn1,0.00038785270906660095
COC(=O)[C@H]1[C@H]2CCC[C@H]2[C@@H]1NC(=O)c1nccc2cccnc12,0.00083649994708478
COC(=O)C(C)(C)[C@H](C)NC(=O)CC1CN(Cc2ccccc2)C1,0.00039167618013576355
COC(=O)C(C)CC(=O)NC[C@H]1C[C@H](NC(=O)C2CCCC3CC32)C1,0.0003231072502453908
COC(=O)C1(CO)CCN(C(=O)c2ccc(OC(F)(F)F)nc2)C1,0.00032439471435233443
COC(=O)C1CCCN(S(=O)(=O)NCCc2ccncc2)CC1,0.0002479001042737087
COC(=O)Cc1ccc(S(=O)(=O)N(C)C2(C)CCCCC2)c(OC)c1,0.0004093506591607649
COC(=O)c1cn([C@H]2C[C@H](C(=O)NC3CCCCC3(C)C)C2)nn1,0.0010958883560833492
COC(=O)c1cn(C2CCN(Cc3ccc(C#N)cc3F)CC2)nn1,0.0014740153609167756
COC(C)C(=O)N1CCC[C@@H]1CN(C)C(=O)c1ccc(C(F)F)nc1,0.17326084835215924
COC(C)C(=O)NC1CCCC(NC(=O)c2cnn3c2CCCN3)C1,0.0002904493630244954
COCC(C)(C)CC(=O)NC(C)C1CCN(CCC2CC2)C1,0.0005078887411019553
COCC(C)C(=O)N(C)CC1CCN(C(=O)Cc2cn(C)nn2)C1,0.00022404557613974903
COCCn1c(CN2CCCCC2)nnc1N1CC2(CC2)CO1,0.0004508244004638719
CON1CCC(C(=O)Nc2cnn(-c3ccc(C)cc3)c2)CC1,0.0014241719915791217
COc1c(F)cccc1S(=O)(=O)N1CC(O)C2(CC2)C1,0.00044154046680278884
COc1cc(C(=O)N[C@@H]2CCOc3ccc(OC)cc32)cnc1OC,0.19495194312398054
COc1cc2ccccc2c(CN(C)C2CC(N)C2)c1,0.47649935456143144
COc1ccc(C)cc1CN1CCN(c2nc(C)ccc2C)CC1,0.001338935901841775
COc1cccc2c(CC(=O)N3CCC(CC(F)F)C3)coc12,0.0007413718728084785
COc1ccccc1NC(=O)CN1CCC(O)C(F)C1,0.0004269874805241245
COc1ncc(C(=O)N(C)CCNC(=O)C(C)(C)F)cn1,0.000394541909767895
CSC(C)C(=O)N1CCN(Cc2ccn(C)n2)[C@@H](C)C1,0.0004968988878953328
CSC1CCC(N(C)c2cc(Br)nc(C)n2)C1,0.0003388387393454446
CSCCC(=O)N1CCC(CO)(Cc2ccc(F)cc2)CC1,0.0008711319502293846
Cc1c(C(=O)NC(C)CC(C)NC(=O)c2cnc(N)c(N)c2)cnn1C,0.0008559119126297013
Cc1cc(=O)[nH]c(Cl)c1C(=O)N1C[C@@H]2C[C@H]1[C@H]1OC(C)(C)O[C@@H]21,0.0003697502263931482
Cc1cc(C(=O)N[C@H]2CCCN(C(=O)C3CCS(=O)(=O)C3)C2)co1,0.00042875728568050593
Cc1cc(C(=O)N(C)CC(C)Nc2cc(Cl)nc(C)n2)c[nH]1,0.0010527179767446779
Cc1cc(C(=O)NC2(CF)CCN(c3nnnn3C)C2)on1,0.0005671011633268512
Cc1cc(C)c(C(=O)N(C)CC(C)NC(=O)C2CC2(F)F)cc1C,0.0005284370766464729
Cc1cc(CC(=O)N2CCN(C(=O)C3CCC(=O)N3C)CCC2C)n[nH]1,0.11800968818119577
Cc1cc(COC(=O)C2COc3ccc(F)cc3C2)n[nH]1,0.00042311213710463365
Cc1ccc(C(C)NC(=O)c2nnn(C3CCOC3)c2C)cc1F,0.0004074928887218645
Cc1ccc(CNC(=O)COC(=O)[C@@H]2C[C@@H]3CC[C@H]2C3)cc1,0.0004603435780145188
Cc1ccc(O)c(CNC[C@H](C)NC(=O)OC(C)(C)C)n1,0.0005045418641289259
Cc1cccc(OC2CCCN(C(=O)NC3COC3)C2)n1,0.00030123470516481933
Cc1ccnn1CC(=O)N(C)CC1CN(C(=O)C2CN(C)C(=O)N2)C1,0.22695512627280887
Cc1cnc(C(=O)NCC(C)N(C)CC2CCc3ncnn32)c(C)c1,0.000259700897940773
Cc1cncc(CCNC(=O)C2(c3ccc(F)cc3F)CCC2)n1,0.00041473377751651485
Cc1ncc(C)c(NCCN(C)C(=O)CCc2ccoc2)n1,0.0008066358946062913
Cc1ncc2c(n1)C(CC(=O)N1CCC(F)(Cc3nn[nH]n3)CC1)C2,0.00027882039209777096
Cc1nccc(C(=O)NCc2ccc(Cl)c(F)c2)n1,0.0005317287898128849
Cc1nccn1CCCC(=O)N1Cc2ccccc2C(=O)N1C(C)C,0.0003852673397010921
Cc1nnc2n1CC(C(=O)N(C)C(C)CCNC(=O)c1cc[nH]n1)C2,0.00020713317652315354
Cc1nnn(CC(=O)NC2CCN(C(=O)[C@@H]3CCCO3)C(C)C2)n1,0.08465204616038484
Cc1noc2ncc(C(=O)N[C@H]3[C@@H]4CN(C(=O)[C@@H](C)N(C)C)C[C@@H]43)cc12,0.00040199967245040265
Cn1nnc2cc(C(=O)NC3(CC(=O)O)CCC(F)(F)CC3)cnc21,0.0006161872853388448
N#CC1(C(=O)N[C@@H]2CCN(C(=O)c3cncc(Cl)c3)C2)CCOC1,0.00094234842107965
N#CC1(C(=O)c2nc(C3CC(=O)C3)[nH]c2C(=O)OC2CCCC2)CCC1,0.0012499537601054767
N#CCc1cccc(NC(=O)[C@@]2(c3ccccc3)C[C@H](O)C23CCC3)c1,0.0018813622066594312
N#Cc1ccccc1-n1ccc(NC(=O)CN2CCNC(=O)C2)n1,0.37798176192687605
O=C(CN1CCC2CCC(C1)[C@H]2O)Nc1c(Cl)cccc1Cl,0.31502836703946346
O=C(CNC(=O)c1ccco1)N[C@H]1CCCN(C(=O)C2(CF)CC2)C1,0.00032920498220486013
O=C(NC1(C(=O)O)CC2(CC(C(=O)O)C2)C1)C1CCCOCC1,0.0006590766304804623
O=C(NCC1(C2CCC2)CCC1)c1cn(C2CCNCC2)nn1,0.21546450751286525
O=C(NCC1CN(CC(F)F)C1)[C@H]1C[C@H](OC(F)(F)F)CN1,0.00033062732067873054
O=C(NCCn1cc(CO)nn1)c1ccc(Cl)s1,0.0005202743126581891
O=C(NCc1c[nH]nn1)c1n[nH]c2c1COCC21CCCC1,0.00036430107897104317
O=C(O)C12CC1CN(S(=O)(=O)c1ncc(Cl)cc1Cl)C2,0.00043326181251600874
O=C(c1cc(N2CCOCC2)ncn1)N1C[C@@H](CO)[C@H](C2CCOC2)C1,0.0005304970368188764
O=S(=O)(NC1(c2ccccc2)CC1)c1cnn2c1CNCC2,0.000277562552257068
O=S(=O)(NC1CC2CCCCN2C1)c1cnc2ccccn12,0.0012405120404604861
OC(CNc1ccc2c(n1)CCCC2)CN1CCOCC1,0.0004827467778461089
C[C@@H](CNC(=O)CC1(C)CC1)NC(=O)c1cc2n(c1)CCCC2,0.0009943982895883213
C[C@@H]1CN(C(=O)C2CCCC2)CCN1C(=O)c1cc(C(C)(C)C)ccn1,0.31527859188292856
C[C@H](CNC(=O)c1cncc(F)n1)NC(=O)C1CCCc2ccnn21,0.0002667733019654126
C[C@H](O)C(=O)N[C@H](C)C1CN(C(=O)C23CCOC2CCOC3)C1,0.00015476789372955403
C[C@H]1CN(C(=O)CCF)C[C@H]1NC(=O)C(F)C1CCOCC1,0.00031851938317686666
C=C(Cl)CCC(=O)NCC1(C)CC(F)(F)CN1C(=O)CC#N,0.1914756921824177
CC[C@@H]1C[C@H]1C(=O)N1CC([C@@H](C)NC(=O)c2c(F)cc(F)cc2F)C1,0.0008142307849802209
CC[C@@H]1CN(C(=O)c2ccc3c(c2)CCOC3)C[C@@H]1NC(=O)CCOC,0.00040114496255867744
CC(=O)CCCC(C)C(=O)N1CCOC(c2cc[nH]n2)C1,0.0003660800848017759
CC(=O)NC(C)C(=O)NCC1CC2(CCN(Cc3cnoc3C)C2)CO1,0.0004446953304495465
CC(=O)NCC1CC(C)N(C(=O)c2cccc(-c3ncn[nH]3)c2)C1,0.0007093726609490653
CC(=O)Nc1ccc(-c2noc(CC3CCCO3)n2)c(F)c1,0.0015300959465446053
CC(C)C(CNC(=O)CC(O)C1CC1)Nc1nc(Cl)c(C#N)s1,0.0010406220607062171
CC(C)Cc1ccc(C(C)NC(=O)NCC2(C)CCC(=O)N2)cc1,0.0007046704206578887
CC(C)n1cc(C2CCN2C(=O)Cc2ccc3c(c2)CCC3)nn1,0.000675924022342428
CC(CC(=O)N1CCC(c2cn(Cc3ccn[nH]3)n2)CC1C)C1CC1,0.0
CC(CC(C)NC(=O)c1cncn1C)NC(=O)c1cncn1C(C)C,0.00034318689383060804
CC(CC(F)F)C(=O)N1CC(OC(=O)N(C)C)(c2ccccc2)C1,0.0005061677259418497
CC(CNC(=O)C(C)C)N(C)c1cc2nnc(C(C)(C)C)n2cn1,0.0007648174327389154
CC(CNC(=O)CC1(CO)CC1)NC(=O)C(C(C)C)n1cccc1,0.0003760054556950935
CC(CNCC1Cc2ccccc2S1)CN1CCN(C)CC1,0.00042944434578574896
CC(NC(=O)COC1CCOC1)c1cc(-c2ccc(Cl)cc2)on1,0.0009413110970547899
CC(NC(=O)Cc1csc(Cl)c1)C(N)C(C)C,0.000536393799058066
CC(O)(C(=O)NCc1ccc(CNC(=O)c2cc[nH]c2)cc1)C1CCC1,0.0003857799523352351
CC1(C)C(CNC(=O)c2nncs2)CCS1(=O)=O,0.14295418582474612
CC1(CNC(=O)c2ccns2)CN(C(=O)C(C)(C)C#N)CCO1,0.0009301440230084605
CC1(NC(=O)C(F)(F)F)CCN(C(=O)c2cncc(C(F)F)c2)CC1,0.0005666196625156806
CC1(NC(=O)c2ccoc2)CCN(C(=O)C2CC(C(C)(C)C)=NO2)C1,0.21757821062786004
CC1(c2ccc(NC(=O)N3CCN4C(CNS4(=O)=O)C3)cc2)CC1,0.0005627188923602557
CC1=C(C(=O)NCC2CCN2C(=O)Cn2cc(Cl)cn2)CCO1,0.0003145205739837147
CC1=NOC(C)(C(=O)NC[C@H](C)NC(=O)c2cccc3c2OCC3)C1,0.0007128217560369615
CC1C(N(C)C)CCN1C(=O)C1Cc2ccccc21C#N,0.0
CC1CC(NC(=O)C2CCC(=O)N2C)CCN1c1nccc(C#N)n1,0.0007938680340635136
CC1CC(NC(=O)c2cnc3n2CCCC32)=NN1Cc1ccccc1,0.0
CC1CNCCC1NCc1ccc2c(c1)CC(C)(C)CO2,0.00036355942723107805
CCC(=O)N(C)C[C@H]1CCCN1C(=O)CCc1ccc2c(c1)NCC2,0.0004917489865995293
CCC(C)(C)NC(C)C(=O)N1CC(NC(=O)Cn2cccn2)CC1C,0.0002610088641330759
CCC(C)C(=O)NCC1(Nc2nc3cc(Cl)c(F)cc3s2)COC1,0.0016299874411733841
CCC(CC)(NC(=O)c1cc2cnc(O)cc2[nH]1)C(=O)OC,0.00043771464310448423
CCC(NC(=O)C1CC(=O)Nc2ccccc21)C(O)c1ccccc1F,0.0008205048492475023
CCC(NC(N)=O)C(=O)N1CC([C@@H](C)NC(=O)CN2CCC2)C1,0.07695162130895175
CCC(O)C(C)C(=O)N1CCC[C@H]1CNC(=O)c1ccc(CO)o1,0.00042284412277703167
CCC(O)C(C)C(=O)NC1CCCN(C(=O)c2ccc(Cl)o2)CC1,0.0005781198426671691
CCC(O)c1cn(C2CC(NC(=O)c3cccc(CC#N)c3)C2)nn1,0.0011651010696516484
CCCC(=O)N1CCN(S(=O)(=O)c2cc(F)ccc2OCC)CC1,0.0004905071416978322
CCCN(CCNC(=O)c1sccc1Cl)C(=O)C1COC(C)C1,0.0010066948831431591
CCCN1CCC(C)(NC(=O)c2ccc(-n3cccn3)cc2F)C1,0.0007254283987592401
CCN(CC)CC(=O)NCC1COCCN1C(=O)Cn1ccnn1,0.0002090233508217616
CCN(CCN)C(=O)c1noc(-c2cccc(C#N)c2)c1C,0.6375471943661216
CCN1CCC(N2CCN(C(=O)c3cc(F)ccc3OC)CC2)CC1,0.000633379471040407
CCNC(=O)NC(=O)CNC(c1ccccc1)c1ccc(CC)s1,0.0005304422516358629
CCOc1ccc(CNC(=O)COc2ccccc2OC)cc1F,0.0007195702789088361
CCc1cc(F)ccc1C(=O)NC1CC2(COC(C)C2)C1,0.000631131464569737
CCn1c(C(=O)N2CC(C)C(NC(=O)C3(O)CCC3)C2)cnc1O,0.0004851742207390269
CCn1cnc(C(=O)N2CCC(c3cc(OC)no3)CC2)n1,0.16628672588539054
CCn1ncc2c(NC(C)CCNC(=O)C(C)(F)F)ncnc21,0.0012464095115155335
CN(C[C@@H]1CCCN1C(=O)c1ccnn1C)C(=O)c1coc(CO)c1,0.0005351922528880496
CN(C(=O)NCC1(C)OCCO1)c1cccc(Br)c1F,0.0008839550786969373
CN(CC(F)(F)CO)C(=O)Cc1cccc(C(F)F)c1,0.0006988980780391728
CN(CC1CCOC1)C(=O)c1ccc2c(c1)CCN2c1ccccc1,0.001819131163802351
CN(CCN(C)C(=O)C1CNc2ccccc21)C(=O)Cc1ccn[nH]1,0.0006287157205043649
CN(CCN1CCCC1)C(=O)C1CC(c2ccccc2)O1,0.0005340292874308527
CN(CCNC(=O)[C@@H](O)C1CCCC1)c1cc2nncn2cn1,0.0004294992328581059
CN(CCO)CCc1ccc2c(c1)CC(C)(C)O2,0.00034636926858751395
CN1CC[C@]2(C[C@H]2C(=O)NCC(C(=O)O)c2ccccc2F)C1,0.0006485329414323493
CN1CC(C(=O)NCCC2CCN(Cc3cscn3)C2)c2ccccc21,0.0014124373730414308
CN1CCC(NC2(c3cccc(F)c3)CC(F)(F)C2)=N1,0.0013264517531891885
CN1CCCCC1CN1CC(C(=O)OC(C)(C)C)C2(CCC2)C1,0.0008334465890785218
CNC(=O)[C@H]1CCCN1C(=O)c1cnc2[nH]ccc2c1,0.0003173918289536955
CNC(C)CCNC(=O)CN(C)Cc1cccc(C)c1Cl,0.0004569098875737853
CO[C@H](C)[C@@H](CO)NC(=O)CCc1cccnc1C(=O)OC(C)(C)C,0.0005211836746223295
CO[C@H]1C[C@@H](CN(C)C(=O)Cn2c(=O)n(C)c(=O)c3ccccc32)N(C)C1,0.0003979891621994885
COC(=O)[C@@H](CCc1cnccn1)NS(=O)(=O)c1cccnc1C#N,0.0005394174322493262
COC(=O)CCC1CCN(C(=O)c2ccc(SC)nc2)C1(C)C,0.2820001731787161
COC(=O)c1cc(NC(=O)c2cccc(C(=O)C3CC3)c2)n(C)c1C,0.5541328860672832
COC(=O)c1cc2c(N3CCC[C@H]3C(=O)N3CCNCC3)ncnc2[nH]1,0.0005306464979041453
COC(=O)c1ccc(N(C)C(=O)N2CCC[C@H](C(N)=O)C2)cc1,0.0008015399083034136
COC(=O)c1cncc(CNC2CN(C)Cc3ccc(F)cc32)c1,0.0004398486114549915
COC1(C(=O)N2CC(NC(=O)COC3(C)CCC3)CC(C)(C)C2)CC1,0.0007245209799721619
COC1(C(F)(F)F)CCN(C(=O)C2(OC(C)C)CCC2)C1,0.2389133354310155
COCC1(C)CCN(C(=O)CN2CCN(c3nccs3)CC2)C1,0.0008704720054615956
COCc1cc(N2CCC(c3cc(OC)n(C)n3)CC2)ncn1,0.0011419927809358647
COc1cc(COCC(=O)N2C[C@@H]3C[C@H]2CO3)ccc1O,0.00032075000437470515
COc1ccc(C(C)=O)cc1CN1CCOCC(CO)C1,0.0003926938291713408
COc1ccc(CNC(=O)Nc2ccc3c(c2)CCO3)cc1C#N,0.0016503062509776155
CS(=O)(=O)NCc1cn(C2CCN(C(=O)c3c[nH]nn3)C2)nn1,8.101730448131622e-05
CSc1ccc(C(=O)N2CCCn3cc(C(F)(F)F)nc32)o1,0.0010800036528818822
Cc1[nH]ncc1C(=O)NC1C(C)CCN(C(=O)CC2CCOC2)C1C,0.0003812396114529209
Cc1c(NC(=O)CCN2Cc3ccccc3C2=O)cnn1CC(C)C,0.001459778864334602
Cc1cc[nH]c1C(=O)NCC(C)N(C)C(=O)c1cn(C)nc1C1CC1,0.2878485998317721
Cc1cc(C(=O)NC(C)CN(C)C(=O)c2ccc(N(C)C)c(F)c2)co1,0.5133022179237892
Cc1cc(N2C[C@H]3CN(C(=O)c4cnns4)C[C@H]3C2)nc(Cl)n1,0.2621381587968926
Cc1cc(N2CCN(C(=O)c3ccc(CCF)cc3)C[C@H]2C)ncn1,0.0008042712206008246
Cc1cc(Br)c(=O)n(Cc2ccc(C#N)cc2)n1,0.0006427321164845589
Cc1ccc(C(=O)NC(C)C2CCN(c3ncnc(C)c3C#N)C2)cn1,0.0015372117788776088
Cc1ccc(C(=O)NCC2(O)CN(C(=O)C3CC(C)OC3C)C2)nc1,0.1044640621521903
Cc1ccc(Cl)c(C(=O)N2C[C@H]3[C@H](NC(=O)[C@@H](O)C(C)C)[C@H]3C2)c1,0.0003967964045341751
Cc1ccc2c(c1)[C@@H](CCC(=O)N1CCc3[nH]c(=O)[nH]c3C1)CCC2,0.0005744544062703218
Cc1ccc2c(c1)C(NC(=O)CCCc1nnc(N)s1)CO2,0.0004863312302501586
Cc1cccc(-n2cc(C(=O)NC3CCCN(CC(=O)NC#N)C3)cn2)c1,0.5572278042461811
Cc1cccc(C(=O)N2CCN(C(=O)CCNC(N)=O)CC2)c1,0.00024113143287549574
Cc1cccc2cc(C(=O)N3CCCCCO3)nn12,0.24901044159366797
Cc1cnc(C(=O)N2CCN(C(=O)CCn3ccc(N)n3)[C@@H](C)C2)cn1,0.23985516744107688
Cc1cnc(CNC(=O)N2CC[C@@H]3CC[C@H](O)[C@@H]32)nc1,0.00047367786201936646
Cc1cncnc1NC(C)CN(C)C(=O)CCCN1CCCCC1,0.001449044949055287
Cc1nc(C(=O)N2CC(CNC(=O)c3ccc(C)c(C)c3)(C(N)=O)C2)co1,0.0002781933910655496
Cc1nc(C(=O)NC2(CF)CCN(C(=O)C3(C4CC4)CC3)C2)[nH]c1C,0.19954330928388023
Cc1nc2c(s1)C(NC1CN(C)C3(CCCCC3)C1)CC2,0.0010788857491877016
Cc1nc2c(s1)CCCC2C(=O)N1CCO[C@@H]2CNC[C@@H]21,0.0004980307339972621
Cc1ncnc(N[C@@H]2CCN(C(=O)c3cncn3C(C)C)C2)c1F,0.0009578309306561138
Cc1nnc(CN2CCC(CCNC(=O)C3CCOC3)CC2)o1,0.00027930735796289816
Cc1nnc(N2CCOC(C(C)NC(=O)[C@@H]3CCCN3C)C2)c(C#N)c1C,0.0010689556839686978
Cc1oc(C)c(C(=O)NC(C)CN(C)c2nnc(C3CC3)o2)c1C,0.0004902765372738083
Cc1ocnc1-c1cn(CC(=O)NC(C2CCCO2)C(F)(F)F)nn1,0.0011982747879486983
Cc1onc(-c2ccncc2)c1C(=O)N(C)CC(=O)N[C@H](C)C(=O)O,0.2480022498237649
Cn1nccc1CCC(=O)O[C@@H]1CCCC[C@H]1OC(C)(C)C,0.0005983917292087349
N#CCCc1cn(CC2CCN(C(=O)c3ccc(CO)cc3)CC2)nn1,0.001429536925685362
N[C@@H]1CCCN(C(=O)c2ccc(Br)c3[nH]ccc23)C1,0.36676169866522895
NC(=O)CC1(NS(=O)(=O)Cc2cccc(Cl)c2)CCCCC1,0.0005319307859017923
NC12CCC(CN(C(=O)C(N)Cc3ccsc3)C1)C2,0.00032467643091287
O=C(CCc1cn[nH]c1)NC12CCCC1N(C(=O)c1ccno1)CC2,0.0008955673210632516
O=C(COc1ccc(F)cc1)N[C@H]1CCN(C(=O)C2(O)CCC2)C1,0.15613291669045876
O=C(Cc1coc2c(F)c(Cl)ccc12)NC[C@@H]1C[C@H]1C(F)(F)F,0.00080664232006899
O=C(NC1(c2ccccc2)COC1)C1CCc2cccc(O)c21,0.0007056708625079294
O=C(Nc1ccc2c(c1)NCC2)C(F)(F)C1(O)CCOCC1,0.0007478899012537135
O=C(Nc1cccc(-c2ncco2)c1)C1CC2CC2C1,0.8349183230175942
O=C(Nc1nccc2ccccc12)N1CCC2(CCSC2)C1,0.001540137279862086
O=C1N[C@H]2CCN(C(=O)c3cc4ccc(C(F)(F)F)cc4s3)C[C@H]2O1,0.0010637925222063576
C[C@@H](CNC(=O)Cc1ccon1)n1cc(C2(CCO)CC2)nn1,0.00043277856842109213
C[C@@H](NC(=O)Cc1ccco1)C1CN(C(=O)c2c[nH]c(C(N)=O)c2)C1,0.14067611399133723
CC(=O)CCC(=O)N1CCCC2(C1)CN(C(=O)C1CC(C)(C)C1)C2,0.00028430878168597885
CC(=O)N1[C@@H](COC(=O)[C@@H]2C[C@@H]3CC[C@H]2C3)C[C@H]2COC[C@H]21,0.22249619524331204
CC(=O)NC1(C(=O)NCC2CN(C(=O)c3ccno3)C2)CCCC1,0.0003872535399261606
CC(C(=O)N[C@@H]1CCN(C(=O)C2(CC(F)F)CC2)C1)c1cccc(F)c1,0.2259120374373923
CC(C(=O)N1CCC(C(F)(F)F)C(F)(F)C1)n1cc([C@@H](C)O)nn1,0.0007282670095115727
CC(C(=O)N1CCN(C)CC1(C)C)N1CCN(C(=O)OC(C)(C)C)CC1,0.19355584209153714
CC(C)(C(=O)NCC(C1CC1)N(C)C(=O)[C@H]1CCC(=O)N1)C(F)(F)F,0.1695500269005811
CC(C)(C)c1ccc(NC(=O)NC[C@]2(O)C[C@@H]3CC[C@H]2C3)cc1,0.0009230518702805231
CC(C)(O)CCn1cc(-c2ccc(OCCO)nc2)nn1,0.0007920725020286347
CC(C)CC(O)c1cn(CCCN2CCSCC2)nn1,0.0004558042847634556
CC(C)NC1(CO)CCN(C(=O)C(F)c2ccc(Cl)cc2)CC1,0.0005215861123948891
CC(C)c1ocnc1C(=O)NCC1CCCC1NC(=O)c1ccon1,0.00042969140329641303
CC(C1CC1)N(C(=O)c1cn(C)c2ccc(F)cc12)C1CC1,0.0007607781186619965
CC(CO)C(=O)NCC1CN(C(=O)c2csc(C#N)c2)CCN1C,0.0007150021984277198
CC(CO)C(=O)NCc1cn(C2CN(C(=O)C3CCOCC3)C2)nn1,0.0002094914409581651
CC(COC(F)F)NC(=O)N1CCC(c2cccc(F)c2)C1,0.00048571957718549836
CC(O)[C@]1(C)CCCN1CC(=O)Nc1ccc2c(c1)NC(=O)[C@@H](C)O2,0.0007565041628008816
CC(Oc1ccccc1-c1nn[nH]n1)C(=O)N(C)C1(C)CCC1,0.0008098113833287254
CC(c1ccccc1)S(=O)(=O)Cc1ncnn1C(C)C,0.0006288211415795019
CC1(CNC(=O)c2noc3ccc(Cl)cc23)CSC1,0.6281545374498391
CC1(CO)CC(F)(F)CN1C(=O)CCn1ccc2cccnc21,0.0005311170864888318
CC1(NC(=O)c2cc(F)cc(F)c2)CCN(CCCO)CC1,0.00041645063122786784
CC1CC(C(=O)N(C)CCNC(=O)c2cc(Cl)c(Cl)s2)C1,0.25710880021343735
CC1CC1C(=O)Nc1cc(-c2ccc(F)cc2)n[nH]1,0.0008242533856539794
CC1OCCC1CN(C)C(CO)c1ccc(Cl)cc1C(=O)O,0.000498192930549176
CCC(C(=O)N1CC(C)(NC(=O)c2cc(C)oc2C)C1)N1CCCC1=O,0.000351748794450291
CCC(CC(C)C)C(=O)NCc1cn2c(n1)SCC2,0.0003713478861690434
CCC(CCOC)c1nc(-c2c(NC(C)=O)n(C)c(=O)n3CCCC23)no1,0.00041896686171001904
CCC1(O)CCN(C(=O)c2nn(-c3ccc(F)cc3)ccc2=O)C1,0.2391842327296773
CCC1=NOC(C(=O)N(C)CCN(C)C(=O)Cn2ccsc2=N)C1,0.0003483513454374862
CCC1CCN(S(=O)(=O)N2CCCC2C(O)CO)CC1,0.00031872107148404313
CCCC(C)(O)CC(=O)NC[C@H](CO)Nc1nc(C(C)(C)C)ns1,0.0004148133555595348
CCCC(CC)CC(=O)NC(CCC)CNC(=O)c1ccc(F)o1,0.0004699746142800567
CCCN1CCCC(NC(=O)c2cc(C(=O)C3CCCC3)c[nH]2)C1,0.22120198682113212
CCN(C1CC1)S(=O)(=O)NCC1CN2CCCN1CC2,0.0003011604363198623
CCN(CC)C(=O)CN1CCN(C(=O)c2cc3cc[nH]c3cn2)CC1,0.17284262393573172
CCN1CCC(CNC(=O)c2c(C(F)F)n[nH]c2C)C1,0.18005571477586826
CCN1CCC1C(=O)N1CCN(C(=O)CC2CN(C)C2)[C@H](C)C1,0.1585745046083756
CCOC(=O)C1(N)CCN(C2CN(CCc3ccc(F)cn3)C2)CC1,0.0003765450922514045
CCOc1cc(C)ccc1CNC(=O)NC(C)(CC)C(=O)O,0.0005172906336803864
CCOc1ccc(CC(=O)N2CC3CC2CC3(F)F)nn1,0.00043816313815695694
CCc1occ(C)c1C(=O)N(CC)CCNc1ccc(C)nn1,0.0005511755407119254
CN(C(=O)CN1Cc2ccccc2C1)[C@@H]1CCC[C@@H]1c1nn[nH]n1,0.0003721379441337812
CN(C)C[C@@H]1CN(C(=O)C2N(C(=O)OC(C)(C)C)CCC23CC3)C[C@H]1C,0.16171749522353226
CN(C)C1(C(=O)NCC(C)(NC(=O)c2cn[nH]c(=O)c2)C2CC2)CC1,0.17308764623501802
CN(C)C1(CNC(=O)NC(C)(C)c2cccc(C#N)c2)CCOCC1,0.0013235676177221485
CN(C)CC(O)CC(=O)NCC1(NC(=O)CN2CCC2)CCC1,0.0001615941185956798
CN(CC(O)C1CC1)C1CN(C(=O)OC(C)(C)C)C2CCCCC21,0.0005126773705809298
CN(Cc1nccs1)c1nnc(CC2CC2)n1CC1(C)CC1,0.0010551202127554286
CN1C[C@@H]2CN(C(=O)CCCc3ccc(C(F)(F)F)cc3)C[C@]2(C)C1,0.0003988097955156962
CN1CCC[C@@H]1C(=O)N1C[C@@H]2C[C@H]1CN2C(=O)c1ccccc1CO,0.0002709693765751875
CNS(=O)(=O)c1cc(C(=O)NC2CN(C3CCCN(C)C3)C2)n(C)c1,0.00019230531447578895
CO[C@H](C)C(=O)N1CC(CC(C)NC(=O)c2cccc(C(N)=O)n2)C1,0.08507426023459164
COC(=O)[C@@H]1CC[C@@H]1NCC(=O)Nc1cc(OC)ccc1C,0.00047579072880721973
COC(=O)C1(C2CCC2)CCN(C(=O)C2(CF)CCC2)CC1,0.0007129930801162052
COC(=O)CCNC(=O)COc1ccc(Oc2nnc(C)n2C)cc1,0.0003761732643896417
COC(=O)NC(CNC(=O)N1CCC(N2CCC2)C1)C1CC1,0.0003954897642212413
COC(=O)c1cc(C(=O)NCC(OC)c2ccc(Cl)cc2)c(C)[nH]1,0.0005061604102251177
COC(=O)c1cc(C)cnc1N1CCC(NC(=O)c2ccnnc2)CC1,0.21965008756862395
COC(=O)c1ccc2c(c1O)CN(C(=O)C(C)NC(C)=O)CC2,0.0003472987874671779
COCC(=O)N1CC(CNc2cnc3ccccc3n2)C1,0.0011944054389320929
COCCC(=O)N[C@H]1CCN(c2nnc(-c3nccn3C)s2)C1,0.0008661733668068716
COCc1nccc(OC[C@@H]2C[C@H]3CN(C(=O)OC(C)(C)C)C[C@H]23)n1,0.0003514893913290481
COc1ccc(CNCc2cc(N3CCCC3)ccn2)c(F)c1OC,0.0015968086367647812
COc1cccc(N2CC(C(=O)N3CC4(CC(O)C4)C3)CC2=O)c1,0.0003364580957121824
COc1csc(C(=O)Nc2cnn3c2CCCC3)c1OC,0.0010845354036003322
COc1nc(C(F)(F)F)ccc1NC(=O)N[C@H]1C[C@H](CC(C)(C)C)C1,0.0006078189026698099
COc1nc(Cl)c(C(C)NCc2nc(C(F)F)no2)s1,0.0006326730446495966
COc1sccc1C(=O)N(C)CCN(C)C(=O)c1cc(C#N)cn1C,0.6141391334683479
CS(=N)(=O)C1(C(=O)N2CCCC(CCO)CC2)CCC1,0.3494113883452345
CS(=O)(=O)NC1(CNC(=O)c2noc(C3CCCCC3)n2)CC1,0.20093590823206095
CS(=O)(=O)c1ccccc1CCNC(=O)c1cc2n(c1)CCCC2,0.0005519393412156003
CS(=O)Cc1ccc(CNC(=O)NCCC2CC2)cc1,0.000452716217744717
Cc1c[nH]nc1C(=O)NCC(C)CN1CCCC(C)O1,0.00044674648746921526
Cc1cc[nH]c1C(=O)N(CCNC(=O)C1(C)CC(F)(F)C1)C1CC1,0.0007037006380165394
Cc1cc[nH]c1C(=O)N1C2CCC1C(CNC(=O)c1c[nH]c(=O)n1C)C2,0.2140658141772254
Cc1cc(C(=O)N2CCC([C@H](C)NC(=O)C(C)CO)CC2)c(C)o1,0.0005846278001210501
Cc1cc(C)n(CCNC(=O)c2cc(C)n(CC3CC3)c2C)c1C,0.0009834940495656184
Cc1cc(CCC(=O)NC(C)c2cccc(F)c2)no1,0.0004566394985791383
Cc1cc(F)ccc1C(=O)N1C[C@H]2[C@H](NC(=O)[C@H](O)C(C)C)[C@H]2C1,0.00037268869851095647
Cc1cc2ncc(C(C)N3C[C@H](O)C[C@H]3CN(C)C(C)C)n2c(C)c1,0.0007021158590498082
Cc1ccc(C(=O)N[C@@H]2CCN(C(=O)C3COCCO3)C2)cc1,0.0002641580205094076
Cc1ccc(C(=O)NC2C(=O)OCC23CCC3)c(OC(C)(C)C)c1,0.404436273250481
Cc1ccc(C(=O)NCC(C)(C)C2CCCN2c2nnc(C)o2)nc1,0.4731917350095939
Cc1ccc(C(=O)Nc2cnc(C(=O)OC(C)(C)C)cn2)c(=O)[nH]1,0.19650555219274662
Cc1ccc(C)c(C(=O)NC2(C)CN(C(=O)C3CCCOC3C)C2)c1C,0.0009587660231076171
Cc1ccc(CNC(=O)N(C)Cc2ccco2)c(NC2CC2)n1,0.0004990672453208128
Cc1cccc(C(C)C(=O)N2CCN(C(=O)C3CC34CCC4)C(C)C2)c1,0.18911901915293583
Cc1cccc(COCC(=O)NC(C)CNC(=O)[C@@H](C)N(C)C)c1,0.0003849482546679714
Cc1cccc2c(=O)n(CC(=O)NC3CCC(OC(C)C)CC3)cnc12,0.000840107708383756
Cc1ccccc1CN1CCC2(CC1)CN(C(=O)C1(C)COC1)CCO2,0.0009483753723299522
Cc1cccnc1NC(=O)NC(CO)Cc1ccccc1C,0.0006105714347206771
Cc1cn(CCC(=O)NC(C)c2cn(CCC(C)C)nn2)cn1,0.0004455973924052948
Cc1cnccc1C(=O)NCC1CN(C(=O)CC2CCOC(C)(C)C2)C1,0.0005891176063334355
Cc1coc(C)c1C(=O)NC1CN(C(=O)CC2CCC(=O)N2)CC1C,0.0004733357262916183
Cc1csc(Cl)c1CN(C)CC1OCCc2ccccc21,0.0009934089040145723
Cc1nc([C@@H]2[C@@H](C)CCN2Cc2cnsn2)sc1C(=O)O,0.0007466353768275506
Cc1nc(C#N)c(Cn2nccc(C3CC3)c2=O)s1,0.0012724345367240715
Cc1nc(C)c(C(=O)N2CC(NC(=O)CC(C)n3cccn3)C2)c(C)n1,0.0002894429810501102
Cc1nc(C)c(C(C)NCc2ccc(N(C)C)cn2)s1,0.0006827716697990899
Cc1nnc(NC(=O)NCC2CCN(c3ccc(F)cc3F)C2)s1,0.0015620163108890027
Cc1noc(C)c1CN1CCC(NC(=O)CCc2cnccn2)C(O)C1,0.00037851497644669156
Cc1noc(C2CC2)c1C(=O)N1CCCC1CNC(=O)c1n[nH]cc1C,0.17226854243764553
Cc1noc(N)c1C(=O)NCC1CC(C)N(C(=O)CCC2CC2)C1,0.000379831224134259
Cc1sc(=O)n(CCC(=O)Nc2c(F)cccc2N(C)C)c1C,0.0008676130379368117
Cn1nc(C(=O)N2C3CCC2(C(N)=O)CC3)cc1-c1ccoc1,0.0008476425496399818
Cn1nc2cccc(F)c2c1C(=O)NCC1CCC(F)(F)CC1,0.2252917690298041
Cn1ncc2oc(=O)n(CCC3CCCC(C(C)(C)C)C3)c(=O)c21,0.0009108843736681774
Cn1nccc1C(O)C(=O)N[C@@H]1CCN(C(=O)OC(C)(C)C)C[C@H]1F,0.00048019983935573997
Cn1nnc2c(S(=O)(=O)NC3(C(=O)NCC(=O)O)CC3)cccc21,0.0003768556387324536
N#CC(CC1CC1)C(=O)NC1(c2cccc(F)c2)CCC1,0.0012494292916663593
NC(=O)NC(=O)CCNC(=O)NCC(O)C1CCOCC1,0.00018185255369855565
NCc1cccc([C@H]2C[C@H](NC(=O)N3Cc4ccncc4C3)C2)c1,0.000625817095694277
Nc1cc(O)nc(C(=O)N2C3CCC2CN(C(=O)c2ccns2)C3)c1,0.0005504277591094238
O[C@H]1C[C@@H]([C@@H]2CN(c3n[nH]c4c(Cl)cc(Cl)cc34)C2)C1,0.43616525924233857
O=C([C@@H](O)c1ccccc1)N1CCC(Oc2cccc(F)c2)C1,0.0006804354749198737
O=C(CN1CCc2ccccc21)NCC(c1ccccc1)N1CCCC1,0.001503132005343818
O=C(COc1ccsn1)NCc1ccc(C(=O)N2CCCC2)cc1,0.0004014108621179318
O=C(Cc1c[nH]c2ccccc12)N1CCC(OCCO)CC1,0.00044622597914019895
O=C(NC1(c2ccncc2)CCC1)N1CCCCC1C1(CO)CC1,0.0009258989726755939
O=C(NCC1(F)CC1)[C@@H]1CNCC[C@@H]1c1ccc(F)cc1,0.0005958073452450356
O=C(NCCC1CCC2(CCC2)O1)c1cn[nH]c1C(F)(F)F,0.000542160434875154
O=C(O)CC1CCCCN1C(=O)N1CCCo1,0.00035213000278598133
O=C1Nc2ccccc2C2[C@@H]1N(C[C@]13CC[C@H]1CO3)CC2,0.0010105527195901748
O=S(=O)(NCCn1ccnn1)c1ccnc(C(F)(F)F)c1,0.0003042267451066295
OC1CCN(Cc2cccc3c2OCCO3)CC12CCC2,0.0007611062403412869
C[C@@H](CCNC(=O)CSC(F)(F)F)NC(=O)CCC(F)F,0.0006069911004524242
C[C@@H](Cn1cc(C2CC2)nn1)NC(=O)C1(Sc2ccccc2)CC1,0.0003298094024881616
C[C@H](CNC(=O)CC12CC(C1)C2)NC(=O)CCOc1cccc(F)c1,0.18944044379649874
C[C@H](CNc1c(C#N)cnc2ccccc12)NC(=O)C(O)C1CCCC1,0.7360174134938444
C[C@H](NC(=O)CCn1ccnc1)C1CN(C(=O)CC2(O)CC2)C1,0.16189447661009246
C[C@H](O)C(=O)NCC1CCCCN1C(=O)c1cc(Br)c[nH]1,0.0004772701518146161
C=C(F)C1(CC(=O)NC2(CNC(=O)C(C)(C)N(C)C)CC2)CCC1,0.0003712542610585383
CC[C@@H]1CN(C(=O)C23CCC(CC2)C3)C[C@@H]1NC(=O)C1CC(C)(F)C1,0.28032356343269543
CC(=O)[C@H]1CC[C@@H](NS(=O)(=O)c2c[nH]c3cccc(C#N)c23)CC1,0.0012408987042020528
CC(=O)N1CCOC2(C1)CN(C(=O)CN1CCCC(N(C)C)C1)C2,0.08350139716213566
CC(=O)NC[C@H]1CCN(C(=O)c2ccc(N3CCCC3)cc2)C1,0.0011743825372660546
CC(=O)NCCN(C(=O)NC1CCC1N1CCOCC1)C1CCCC1,0.00040836204665383634
CC(=O)c1cn(C2CN(CCCc3ccncc3)C2)nn1,0.10406790283857219
CC(C)(Cc1ccccc1)NC(=O)NCC(=O)NCC(F)(F)F,0.0004323228292828696
CC(C)C[C@H](NC(N)=O)C(=O)N1CCC2(CC1)CNC2=O,0.0002252277706558471
CC(C)C(=O)N(C)CC(=O)OC1C[C@H]2CC(C(F)(F)F)C[C@@H]12,0.19235462923135513
CC(C)n1ccc(S(=O)(=O)N2CCN(c3ccnc(C#N)c3)CC2)n1,0.0010864524099650386
CC(CC1CCCCN1C)n1cc(CN2CC3CC3C2)nn1,0.0007822969236830843
CC(O)(CNC(=O)c1cccc2c1OCCO2)C1CCOCC1,0.0004887167262299639
CC(O)C(=O)NC1(C2CCN(C(=O)c3cc(O)ncn3)CC2)CC1,0.00030268207680858675
CC(F)c1nnc(C2CCN(C3CC(C(C)(C)C)C3)CC2)o1,0.0006792374109378854
CC@H]1C[C@@H]1C(=O)N1CC(CO)(NC(=O)c2cn(C)nc2C(F)F)C1,0.0
CC1(C)CCOC1CC(=O)N1CCN(C(=O)c2ccncc2)CC1,0.20660394742585375
CC1(C)NCCC1C(=O)N1CCCC(c2cccc(F)c2)C1,0.0005887441801176814
CC1(CC(=O)N[C@H]2C[C@H](CNC(=O)c3coc4c3C(=O)NCC4)C2)CC1,0.13500609177480366
CC1(CC(=O)NCC2(CNc3ccnc(C#N)n3)CC2)CC1,0.41250928433804523
CC1(OCC(=O)N[C@H]2C[C@@H](CNC(=O)c3coc(=O)[nH]3)C2)CCC1,0.27727173876317396
CC1=C(C(=O)N2CCCC2c2cn(Cc3ccccc3)nn2)CCC1,0.00046034452596127156
CC1CCCC(CNC(=O)C(C)(C)c2ccncc2)C1C,0.00035669732988296394
CC1CCCNS1(=O)=O)Cc1cccc(CC(=O)O)c1,0.0
CC1CCN(C(=O)c2ccc3c(n2)CCCN3)CCS1(=O)=O,0.0003796522060813061
CC1CCN(C(=O)c2ncc[nH]2)CC1NC(=O)c1ncccc1CO,0.0003374995801059341
CC1Sc2ccnn2CC1Nc1cccc(OCCF)n1,0.0014331310550107083
CC=Cc1cn(CCC2CC(NC(=O)Cn3cc(Cl)cn3)C2)nn1,0.0015478748853522593
CCC(C(=O)NC1(C)CCCN(C(=O)C2CC3(CC3)C2)C1)N(C)C,0.32652245272421054
CCC(O)CN(C(=O)c1c(C)nc2c(C#N)cnn2c1C)C1CC1,0.0011104417092107413
CCC1C(CO)CCN1C(=O)c1cc2oc(C)c(C)c2(C)c1,0.0005846770549750638
CCCOc1ccccc1NC(=O)C1COCCN1CC(F)(F)F,0.0010714589535411262
CCCc1cc(C(=O)Nc2ccccc2CNC)ncn1,0.0008933527123279191
CCCn1ccc(C(=O)N=S(C)(=O)c2ccncc2)n1,0.00028908581814180974
CCN(C(=O)C1CC(n2cc(-c3cccc(C#N)c3)nn2)C1)C(C)C,0.8532534776959532
CCN(CC)CC(=O)NC1CN(C(=O)c2cc(C3CCC3)on2)C1,0.12308436327516613
CCN(CC1CC1)C(=O)[C@H]1CCO[C@H]1c1ccccc1,0.0005108533074433623
CCN(CCNC(=O)c1cncn(C)c1=O)c1ncc(C#N)cc1C,0.0010822189856435147
CCN1CC2(CCC(CNC(=O)c3ccc4c(n3)CCCC4)O2)C1,0.0004998005593892867
CCN1CCC(OC(=O)c2c[nH]c(C(N)=O)c2)C1=O,0.0003411865473827391
CCOC(=O)CN(CC)C(=O)c1nccc2ccc(F)cc12,0.23681485971771415
CCOC(=O)c1[nH]c(C2CCCN2C(=O)[C@@H]2[C@H]3COC[C@H]32)nc1C,0.0006627569955499999
CCOC(=O)c1csc(=O)n1CC1CN(C2CC2)CCO1,0.00036462976240625005
CCOC1(CNC(=O)CC2CCS(=O)(=O)C2)CCC(F)(F)CC1,0.0004672464602038438
CCOc1ccc(CC(=O)COC(=O)c2ccc(OC3CC3)cc2)nc1,0.23840202892750637
CCOc1ccncc1S(=O)(=O)N(C)Cc1nc2c(s1)CCC2,0.0006206901695791396
CCc1nnc(N[C@H]2C[C@](F)(CNC(=O)[C@@H]3CC(=O)NC(=O)N3)C2)o1,0.18837642982649658
CCc1noc(COCC(=O)Nc2c(C)cccc2C(=O)OC)n1,0.0005213086652809552
CCn1ccc(CN(C)C(=O)N[C@H]2C[C@H](c3cccc(OC)c3)C2)n1,0.00043103939780005714
CN(C(=O)Cc1ccn(C)n1)c1ccc2c(c1)OCCO2,0.0012045002460487591
CN(C(=O)c1cccc(CNC(C)(C)c2ncccn2)c1)C1CCSC1,0.0012618625818136768
CN(C(=O)c1ccnc2[nH]ccc1C2)C1CCN(CC2CC(F)(F)C2)C1,0.0016443011547245066
CN(C)C(=O)N1CCC(C(=O)N2CCCC(c3ccno3)C2)CC1,0.0006493997453806672
CN(C)c1cc2c(nn1)CCN(C(=O)c1cc(C3(C)CC3)[nH]n1)C2,0.0005837078604827445
CN(C)c1ccc(CCNC(=O)NCc2n[nH]cc2C2CC2)cn1,0.0002460791398345277
CN(CCCO)CC(O)COc1cc(Cl)ccc1F,0.0004321868425423963
CN(CCNC(=O)C1CCCc2cn[nH]c21)C(=O)c1c[nH]c(=O)cn1,0.0002153070056288587
CN(CCO)Cc1cn(C2CN(C(=O)OCC(F)F)C2)nn1,0.0002645417761427621
CN(Cc1ccccc1F)S(=O)(=O)CCn1cccn1,0.0005256968077327869
CN(Cc1nn[nH]n1)C(=O)C1CC(=O)N(c2ccc(C#N)cc2)C1,0.17297467813570638
CN1[C@H]2CC[C@@H]1C[C@@H](CNC(=O)C(C)(CO)Cc1ccccc1)C2,0.0004232071800421723
CN1CCN(C2CCCC2NC2C[C@@H]3COC[C@@]3(C)O[C@@H]2C)CC1,0.0006911297192128596
CO[C@@H]1CC[C@H]1NC(=O)c1cccc(-c2cncnc2)c1,0.0004519178161708127
CO[C@H](C)[C@]1(C(=O)NC2CC(OC)(C(F)(F)F)C2)C[C@@H]1C,0.00041622430449539714
CO[C@H]1C[C@H](CNC(=O)c2ccc3[nH]ncc3c2C2CC2)C1,0.37568240971231975
COC(=O)C1CC2(CCC2O)CN1C(=O)C[C@@H]1CCC[C@H]1N,0.20481382112444257
COC(=O)CN(CC(C)C)C(=O)CCC(=O)c1cnn(C)c1,0.0004137378311608524
COC(=O)Cn1cc(CN(C)Cc2noc(C(C)C)n2)nn1,0.0005659127313266148
COC(C(=O)N[C@@H]1CCCN(C(=O)Cc2ccc(C#N)nc2)C1)C1CC1,0.307819356592355
COC(C(=O)N1CCC2(CCCN2C(=O)C2CC23CC3)C1)C1CCC1,0.0013057739036820089
COC(C(=O)Nc1ncccc1F)c1ccc(Cl)cc1,0.000721639894676777
COC1CCCCC1C(=O)N1CCN(Cc2ccc(O)cc2)CC1(C)C,0.0007197894067726589
COCC(C)(O)CC(=O)N1CCC(Cc2cn(-c3ccncc3)nn2)CC1,0.00118318303705685
COCC1(C(=O)N2CCC(C)(CNc3ncc(OC)cn3)C2)CC1,0.26627429537576
COCc1cc(NC(=O)N2CCC(C3COCCO3)CC2)ccc1C#N,0.0016668371229361103
COc1ccc(C(=O)N(C)C2CCN(C(=O)C3(OC)CC3)CC2)cc1,0.20729928317622023
COc1ccc(C(NC(=O)c2conc2C)C(=O)O)cc1,0.0004944646529159389
COc1ccc(F)c(C(=O)N(C)Cc2nc(CC(C)C)no2)c1F,0.0005227900310499237
COc1ccc2cc(C(C)NC(=O)CNC3CC3)ccc2c1,0.3121120812929287
COc1cccc(C)c1NC(=O)Nc1ccn(C)c(=O)n1,0.0011428217999037691
COc1ccccc1CNC(=O)N1CCN(C2CCOCC2)C[C@H]1C,0.0005270562772482598
COc1nc(C)cc(NC[C@@H]2CCCCN2C(=O)[C@H](C)O)n1,0.0005312898273728513
CSc1ccc(S(=O)(=O)N2C[C@@H](OC(C)(C)C)C[C@H]2C(=O)O)cc1,0.0004984610347961371
Cc1c(C2CCCN2C(=O)CN(C)C2CCSC2)cnn1C,0.0006862268310876883
Cc1c(Cl)cnn1CC(=O)NCC1CC(=O)NC1(C)C,0.00040180420916924997
Cc1cc(C(=O)N2CCC2c2cn(CCCF)nn2)[nH]n1,0.00044361584615612196
Cc1cc(C(=O)NC2CCN(C(=O)C(F)C(C)(C)O)C23CCC3)on1,0.0003659046172394592
Cc1cc(CC(=O)Nc2cn(C)c(=O)n(C)c2=O)sc1Cl,0.0005133437358630993
Cc1cc(CNC(=O)NC2(CCF)COC2)c2c(c2)n1,0.0
Cc1cc(N[C@@H]2CCN(C(=O)C3CCc4cncn4C3)C2)ncc1C#N,0.6716487618903076
Cc1cc(NC(=O)CC23CC(C)(CO2)C3)nn1CC(F)(F)F,0.001400904087593011
Cc1cc(NC(=O)N2CC(C)(C)C2(C)C)cc(C(=O)N(C)C)c1,0.0011574352364855163
Cc1ccc(C(=O)N2C[C@H]3[C@H](CNc4ccnc(Cl)n4)[C@H]3C2)[nH]1,0.0005544769546500575
Cc1ccc(C)c(-n2cc(O)c(C(=O)N3CCC[C@@H](C(=O)O)C3)n2)c1,0.48234575194110496
Cc1ccc(CN(C(=O)C2(n3cnnn3)CC2)C2CC2)o1,0.0002146746056449197
Cc1ccc(S(N)(=O)=O)cc1-c1nc(CN2CCCSCC2)no1,0.0013003040636468915
Cc1cccc(C(=O)NCC(C2CC2)N(C)C(=O)c2ccc(=O)[nH]n2)n1,0.00032867883215858103
Cc1ccccc1N(C)S(=O)(=O)c1cc(Cl)c(F)cc1C,0.0008153327598608307
Cc1csc(C(=O)NC2(CNc3ncc(C#N)cc3F)CCC2)c1,0.8361010877217216
Cc1nnc2n1CC(C(=O)N1CCN(C(=O)c3ccc(F)cc3)CC1)C2,0.20077348722690438
Cc1noc(C)c1CNC(=O)c1ccc2cc(C#N)ccc2c1,0.6323639058356577
N#Cc1cccnc1N1CCC(n2c(=O)[nH][nH]c2=O)CC1,0.00048013493359571507
N#Cc1ccnnc1NC1CCCN(C(=O)c2ccc(=O)[nH]n2)C1,0.4429408796425984
N[C@@H](COC1CCCC1)c1nc(-c2ccc(OC(F)F)cn2)no1,0.787568734448559
NC(=O)c1ccccc1NCC1COC2(CCOCC2)O1,0.0011217924333699317
NC(=O)c1cnn(CC(=O)N2CC3CSCC(C3)C2)c1,0.0002402358819522427
O=C(C1CCCC1(F)F)N1CCCC1c1ccc2c(c1)OCCO2,0.001248309010240871
O=C(C1CCO1)N1CC2CCCC(C1)N2Cc1cccc(Cl)c1,0.0006878403715040948
O=C(CC1(OCc2ccccc2)CCCC1)N1CCc2ccncc21,0.8210110821511034
O=C(CO)N1C[C@@H]2C[C@H]1CN2C(=O)Cn1nc(C2CC2)c2ccccc2(O)c1=O,0.0
O=C(Cc1ccc(-c2ccccc2)[nH]1)NC1(C2CC2)CCOCC1,0.0013832670847995004
O=C(NC1CCN(c2nccn(-c3cc(F)cc(F)c3)n2)C1)C1CC1,0.0
O=C(NC1COc2c(cccc2Cl)C1)N1CCCC12CC2,0.0006311805524208027
O=C(NCC1CCCN(C(=O)C2(O)CC2)C1)c1cccc(O)c1,0.20966608335852155
O=C(NCc1ccc(CNc2n[nH]c(=O)s2)cc1)[C@@H]1CNC(=O)C1,0.000605469996460519
O=C(O)CN(CCOC(=O)C1CCC(C2CC2)CC1)Cc1ccccc1,0.0004464468979873731
O=C(OCc1cnc2ncccn12)[C@H]1CC[C@@H]2CC[C@H]12,0.0016062264723977725
O=C(c1cccc(CC(F)(F)F)c1)N1C[C@@H](F)C[C@@H](C(=O)O)C1,0.0005995392958529781
O=C1CC[C@@H](C(=O)NCC2(O)CCN(C(=O)c3cncnc3)C2)N1,0.04561205589582935
O=C1NC2CCC1N(C(=O)C1CCC(F)(F)CO1)C2,0.0002787677349301557
O=S(=O)(N[C@H]1CCC[C@H]1F)c1csc(-c2c(F)cccc2)n1,0.0009867737720017282
OCc1cc(C(F)(F)F)ccc1N1CCOC(C2CCCCC2)C1,0.0018392343871547455
C[C@]12CN(C(=O)C3CCCC3)C[C@@]1(C)CN(C(=O)C1CC1F)C2,0.0008483872900925088
C[C@@H](CCNC(=O)C1(CO)CC1)NC(=O)c1cncc(C(F)(F)F)c1,0.00042476191583424276
C[C@@H](CN(C)C)NC(=O)N(C)Cc1cnn(-c2ccccc2)c1,0.0004948579839828808
C[C@@H](O)C(=O)N(C)C(CNC(=O)COc1ccccc1F)C1CC1,0.18691609087608585
C[C@@H](O)CCN1CCN(C(=O)NC(c2ccccc2)c2ncc[nH]2)CC1,0.0005475393069035105
C[C@@H](Oc1ccc(O)cc1)C(=O)N1CC[C@H](CNC(=O)C2CC23CC3)C1,0.0004044561736981986
CC[C@@H](C(=O)N1C2CCC1C(C)C(NC(=O)c1cocn1)C2)N(C)C,0.000468461597444506
CC[C@@H]1C[C@H]1C(=O)N1CCC(C(C)NC(=O)c2ccncc2F)C1,0.3031788232499461
CC[C@@H]1C[C@H]1C(=O)NCC(C)(C)CN(C)C(=O)c1cnn(C)c1,0.0006139274854593282
CC(=O)CCCC(=O)NCC1(OC(C)C)CCCCC1,0.0002774860572328761
CC(=O)N1CC(C(=O)NC[C@@H]2CCCN2C(=O)c2ccccc2)C1,0.29201447731941593
CC(=O)N1CC2(CCCN(C(=O)C3CCc4cncn4C3)C2)C1,0.0006266776146836373
CC(=O)N1CCC(NC(=O)N2CC(OC(C)C(F)(F)F)C2)CC1,0.0003101222910810731
CC(=O)N1c2ccccc2C[C@@H]1C(=O)N1CCCN2C(=O)CCC21C,0.0007487484748631163
CC(C)[C@@H](CO)NC(=O)NC1CCN(C2CCCCC2)C1,0.0005587805978119592
CC(C)(C)[C@H]1C[C@H](NS(=O)(=O)Cc2cc(C3CC3)no2)C1,0.0003317794418340552
CC(C)(C)c1ccc(C(=O)N2C3CCC2CN(C(=O)C2CC2F)C3)[nH]1,0.0008669678371134175
CC(C)(NC(=O)N1C[C@H]2CCC(F)(F)[C@H]2C1)C1CCCO1,0.0005095606672177736
CC(C)CCCS(=O)(=O)N1CC(C(=O)O)c2ccccc21,0.0010885560600643461
CC(C1CC1)N(CC1CC1)C(=O)c1cncc(-c2cn(C(C)C)nn2)c1,0.0016611686951895014
CC(CCNC(=O)C1CC12CC2)Nc1ccnc2ncnn12,0.001189511704024079
CC(CCNS(=O)(=O)c1ccnc(O)c1)C(=O)OC(C)(C)C,0.0004609227043832742
CC(CNC(=O)c1cc(-c2ccc(F)cc2)on1)N(C)CCCO,0.0012858723080221776
CC(COC(=O)c1cncn1-c1ccc(Cl)cc1)N1CCCC1,0.000784965954032603
CC1(C(=O)N2CCCC(CCNc3ccncn3)C2)CC(F)(F)C1,0.0015792726613218513
CC1(C)C(=O)Nc2c(F)ccc(F)c2(NCc2nccn2C2CC2)C1N,0.0
CC1(C2CC2)CC1C(=O)N1CCC[C@H](NC(=O)C2(CO)CCC2)C1,0.2835193264478469
CC1(F)CN(C(=O)c2cccc(N)n2)CCN(C(=O)c2ccccn2)C1,0.24769932622672464
CC1CC(CN2C3CCC2CN(C(=O)Cc2ccc(F)cc2)CC3)C1,0.0006382541993055693
CC1CN(C(=O)C2(O)CCCC2)CC1NC(=O)Cn1ncnn1,0.0002127182786365018
CCC(=O)N1CC2(COC(CNC(=O)c3ccc(F)s3)C2)C1,0.0005488469159829672
CCC(C)(C)C(=O)N[C@H]1[C@@H]2CN(C(=O)c3cnccc3O)C[C@@H]21,0.0005382341778040847
CCC(C)(O)C(=O)NC[C@H]1CC[C@H](NC(=O)c2n[nH]cc2C)CC1,0.15914524764514348
CCC(C)C(=O)NCCN(CC)C(=O)CCc1c[nH]c(C)nc1=O,0.0003382523690731742
CCC(CNC(=O)C1C2CCCC21)Nc1nc(C)ns1,0.2432440917864761
CCC(O)C(C)C(=O)N1C[C@H]2CN(C(=O)C(C)(C)F)C[C@H]2C1,0.00029772458531283555
CCC(c1ccc(F)cc1)N1CCC(NC(=O)CN2CCC2)C(O)C1,0.000339493737768912
CCC1(CC)CN(S(=O)(=O)c2cnnn2-c2ccccc2)CCS1=O,0.000616991726949997
CCC1(NC(=O)c2cnn(-c3ccccc3F)c2C)CC1,0.0007679270778896843
CCC1CC1C(=O)NC(C)C1(O)CCN(c2ncc(C#N)cc2C)C1,0.6104401160931144
CCCC(OC)C(=O)NCC1CCN1C(=O)Cn1ncc2ccccc21,0.0005613207543971473
CCCn1ccnc1-c1cn(C(C)C(=O)N(C)C2CCSCC2)nn1,0.0016998962613429217
CCN(C(=O)Nc1cccc2c1OCCCO2)C1CCCOC1,0.0016766983327722491
CCN(CC)C(CNC(=O)c1ncoc1C1CCCN1)c1ccccc1,0.000540736299784334
CCN1CCCC(C(=O)N2CCN(C(=O)C3(C4CC4)CC3)CC2C)C1,0.1901950509949931
CCOC(=O)c1c(CN(CCCc2cn[nH]c2C)CC(C)C)n[nH]c1C,0.0007237521209360412
CCOC(=O)c1cc(C(=O)N(C)C(CC(F)(F)F)C(=O)O)[nH]c1C,0.0007567681031393569
CCS(=O)(=O)N1CCC(C(=O)N[C@@H]2CCO[C@@H]2C)CC1,0.0002611557336174849
CCc1cc2c(N3CCC4(CCCN4C(=O)CNC)C3)ncnc2s1,0.0010160493501882063
CCc1ccc(C(=O)NCC(=O)NCC2CC2)cc1C,0.0005142848342874242
CCc1ccc(CCC(=O)N2CC3CC2CN(C(=O)CO)C3)cc1,0.00036558267049787265
CCc1cccc(CNC(=O)Cc2ccc(F)cn2)c1,0.00042053566270162907
CCc1cncc(C(=O)NCC2CCN2C(=O)c2ccc(C#N)cc2)c1,0.5463872059468456
CCc1conc1C(=O)NC1CCC(=C(F)F)CC1,0.24341026257618914
CCc1ncc(NC(=O)NC2CCSc3ccccc32)s1,0.001489011405411281
CCc1nn(C)c(C(=O)NC[C@H](C)C(=O)OC)c1Br,0.00046443900640859493
CCn1c(-c2ccc(C#N)cc2)nnc1N(CCC#N)C1CCOCC1,0.0013240527440330993
CCn1nnc(C)c1C(=O)N(C)Cc1ccc2c(c1)OCO2,0.0004777764163507669
CN(C)C1(C(=O)N2CCCC(CNC(=O)C3CCN(C)CC3)C2)CC1,0.14458328248393426
CN(C)CC(=O)N1CC(CNC(=O)CC2COCc3ccccc32)C1,0.0002754222620879654
CN(CC1CCCN1C(=O)c1c[nH]nn1)CC1CCCOC1,0.0004041078685146416
CN(CC1CCN(c2ccccc2)C1)C(=O)[C@@H]1[C@H]2CNC(=O)C[C@H]21,0.00045089591959204974
CN(CC1CCn2ccnc21)C1CC2CCC(C1)N2C(=O)C1(F)CC1,0.0008924266026223738
CN1CCN(C(=O)CCn2cnnn2)CC1CNC(=O)c1ccncc1,0.00022520916111842628
CNc1ccc(C(=O)N2CCCc3cc(C)cnc32)nc1,0.3166033254955623
CNc1cncc(C(=O)NCCN(C)C(=O)C2(C)CC2)c1,0.28799475634587807
COC(=O)C1CN(CCc2ccccc2C(F)(F)F)CC(N)O1,0.0003676956002312177
COC(=O)CC(C)CNC(=O)N1CCOc2c(F)cccc21,0.0011741548700736598
COC(=O)Cn1c(C)cc(C(=O)CN[C@@H]2CCc3ccccc32)c1C,0.19394848211425192
COC(=O)c1cc(CN2CCC(O)C2(C)C)cc2ccccc12,0.3648040095226768
COC1(C(=O)NC[C@H]2CCCN2C(=O)c2ccC(C(F)F)o2)CC1,0.0
COC1(CNc2nccn3ncc(C4CCC4)c23)CCOC1,0.0009124100276716561
COC1COc2ccccc2C1NC(=O)CCc1ncccn1,0.0003391481008392587
COCc1nccc(CSCC(=O)NCC2CCC2)n1,0.0005690904898061623
COc1c(C)ncnc1N1CC([C@@H](C)NC(=O)c2cnccc2C)C1,0.4568717054521962
COc1cc(C)c(C(C)NC(=O)c2ncn(C(C)(C)C)n2)cc1OC,0.0009336719517818553
COc1cc(CN)ccc1OCC(=O)NC1(c2ccccc2)CCCC1,0.0009748425019845388
COc1ccc(C)c2c1CC(C(=O)NC(C)COCC1CC1)N2,0.0008922794698518245
COc1ccc(C2(CNC(=O)N3CC4(CNC(=O)C4,0.0
COc1ccc(NC(=O)N2CC(C)c3cc(C)ccc32)nn1,0.0009088525384201289
COc1ccc(S(=O)(=O)NC(C)C(C)c2ccccc2)c(C#N)c1,0.0005815664355684134
COc1cccc(C(=O)NCC2(NC(=O)C(C)n3cccc3)CC2)c1F,0.0007735410504583354
COc1cccc(OCCC(=O)N2Cc3ncccc3[C@H]2C)c1,0.0006095018156507234
COc1ccccc1-n1cc(C(=O)NC2CCOC23CCCC3)nn1,0.2961442429110902
COc1ccccc1C1(CNC(=O)N(C)CC2(O)CCC2)CCCC1,0.0004916580058393986
COc1ccnc(N[C@H]2C[C@@H](CNC(=O)C3CC4(CCC4=O)C3)C2)n1,0.10515305840424813
COc1cnc(N(C)C(=O)C2CCN(c3ncccc3OC)CC2)s1,0.6353260439188504
COc1cnc(N2C[C@@H](F)C[C@H]2CNC(=O)C2CNC(=O)C2)nc1,0.3127317823156399
Cc1c(-c2cn(CC(=O)NC3CCOCC34CCC4)nn2)cnn1C,0.0012187430714151177
Cc1cc(C(=O)COC(=O)c2cn(C3CCCCC3)cn2)n(C)n1,0.0007629063895388247
Cc1cc(C(=O)N2CCCC(C)(NC(=O)c3csc(=O)[nH]3)C2)ccn1,0.0004622047082577619
Cc1cc(CCC(=O)N2CCN(C(=O)c3ccc(N)cn3)CC2)on1,0.18417456383307826
Cc1cc(N2CCC[C@H]2CN(C)C(=O)C(C)c2ccsc2)c(C#N)cn1,0.0015629941667432276
Cc1cc(Cl)c(S(=O)(=O)Nc2nnc(C(F)F)s2)s1,0.3769256560153993
Cc1ccc(C(=O)N2CC(C)(NC(=O)C3CSCCS3)C2)n1C,0.0004001787456157846
Cc1ccc(CC(=O)N2CCC3(CC2)CN(c2ccc(C)nn2)C3)cc1,0.7510204552551777
Cc1ccc(COC(=O)c2cc3c([nH]c2=O)CCCC3)s1,0.0004062194987620976
Cc1ccc(N2CC(CNC(=O)c3cnc(C)o3)CC2C)nn1,0.000903134983513673
Cc1ccnc(N(CCNC(=O)c2c[nH]nc2C(C)(C)C)C2CC2)c1C#N,0.0014813922064548046
Cc1ccoc1-c1ncccc1NC(=O)NCCC1CC1,0.0019501796693073162
Cc1cn(C)nc1C(=O)N(C)CC(C)NC(=O)c1sccc1N,0.5546032371585344
Cc1cnc(C2CCN(C(=O)NCC3(C4CCCO4)CCC3)CC2)s1,0.0007077423814882677
Cc1csc(N(C)C(=O)c2ccc(C#N)cc2O)n1,0.4978836904103067
Cc1nc(C)c(Br)c(N(C)C(C)CN)n1,0.0004365711866292002
Cc1nc(C2CCN(C(=O)Nc3ccc4c(c3)N(C)C(=O)C4)C2)no1,0.0006256507653673292
Cc1nc(CS(=O)(=O)N(C)C2CCN(c3ccncc3)CC2)no1,0.00040592158731244526
Cc1nn(C(C)C)c(C)c1C(=O)N(C)Cc1c[nH]nc1C,0.0007060862974086755
Cc1nn(C2CCOCC2)cc1C(=O)OCc1noc2c1CCC2,0.0005346101177678794
Cc1oc(C)c(C(=O)N2CCC[C@H]2CNC(=O)COC2CC2)c1C,0.00042904700628597397
Cc1oc(NC(=O)CC(C)(O)C2CC2)c(C#N)c1C(F)(F)F,0.23269508587562032
Cc1scnc1C(=O)NCC1(NC(=O)c2cnccn2)CCCC1,0.2862817576865949
Cn1ccc2cc(C(=O)N3CCCCC3CCN)ccc2c1=O,0.48523613562235
Cn1cccc(C(=O)N2CC3(C2)CN(C(=O)C2CSC2)CCO3)c1=O,0.00020121295705545492
Cn1cncc1C(=O)NCC1CCCCN1C(=O)c1c[nH]c(=O)cn1,0.18285332323219824
N#Cc1cc(C(=O)NC2(CCO)CCCSC2)ncc1Cl,0.0011807135482106053
N#Cc1ccccc1CNC(=O)NCc1ccc2c(c1)CCC2,0.0012994723396552834
N[C@H]1C[C@H](F)CN(C(=O)c2ccc(OC3CCCCC3)cc2)C1,0.0006564464666807036
NCc1ccccc1NC(=O)CNc1cccc(Cl)c1,0.00127279961137079
O=C(C1CCC1(F)F)N1CCC(NC(=O)C(F)(F)C2CC2)C1,0.2191496907687974
O=C(CCn1cc(Cl)cn1)NCC(F)(F)c1ccccc1Cl,0.0007038935971155461
O=C(Cc1cnsc1)NCCC1(O)CN(C(=O)C23CCC(CC2)C3)C1,0.1560336498136316
O=C(Cn1cccn1)NCCC1CCN(Cc2nccs2)CC1,0.0010769466578680318
O=C(Cn1cnc2c1CCCC2)N1CC2(CCC2C(F)F)C1,0.0004347248971970042
O=C(NC(C(=O)N1CCc2cncnc21)c1ccccc1)C1CC1,0.0007770840781543118
O=C(NCC1C2CN(Cc3cccnc3)CC12)c1coc(C(F)F)c1,0.0005147450057714059
O=C(OCC1CC(C2CC2)C1)c1ncccc1OCC(F)(F)F,0.2695197533861339
O=C(c1cc(O)ncn1)N1CC(Cc2cn(C3CC3)nn2)C1,0.24640512054200628
O=C(c1cccc(C(=O)N2CCC2CF)c1)N1CCC(C(F)(F)F)C1,0.0005253771237641484
C[C@@H](CNC(=O)C1CC2(CCC2)C1)NC(=O)CCc1ccncc1,0.0010279631669754107
C[C@@H]1CN(C(=O)c2ccc(N)c(C(=O)O)c2)CCS1(=O)=O,0.00044824523185962373
C[C@@H]1CN(C(=O)c2coc(Cl)c2)C[C@@H]1NC(=O)c1ccco1,0.000637233588480188
C[C@H](Cn1cc(C(C)(C)O)nn1)NC(=O)[C@@H](O)c1ccc(F)cc1,0.00034405175600956284
C[C@H]1C[C@@H]1C(=O)N1CCCC(N(C)c2nc(C(C)(C)C)ccc2C#N)C1,0.6984502243558565
C[C@H]1CN(C(=O)C2CCOC3(CCC3)C2)CCN1CCc1ccccc1,0.0009099575467298218
CC[C@@H]1C[C@H]1C(=O)N1CC(C(C)NC(=O)C2CCCC3(CC3)C2)C1,0.3352316025496377
CC(=O)c1cc(C(=O)N(C)CC2CCCN2C(=O)c2c[nH]nn2)cs1,0.000397848990655463
CC(C)(C#N)C(=O)N1CCC1CNC(=O)C(F)(F)Oc1ccccc1,0.00045911098829605425
CC(C)(CC#N)C(=O)NC(CNC(=O)c1ccc(=O)oc1)C1CC1,0.0008605148964131047
CC(C)(NC(=O)Cc1cnns1)C1CCCN1C(=O)c1ccncn1,0.000292124605403667
CC(C)CC(=O)NC1(C)CCN(C(=O)C(C)n2cccc2)C1,0.23520267870940262
CC(C)CCCS(=O)(=O)N1CCc2ccc(Cl)cc21,0.0011823473424431772
CC(C)N(C(=O)NCC1(S(C)(=O)=O)CCOCC1)C1CCCCC1,0.001081493891230111
CC(C)N(CC(=O)Nc1ccc(Cl)cc1)C(=O)Cn1cnnn1,0.0006156017243437094
CC(C)c1cc(C(=O)NC2CCN(C)C2C2CC2)nn1-c1ccccc1,0.0010529125075937921
CC(C)c1cc(C(=O)NCC2(c3nn[nH]n3)CCOCC2)on1,0.00032812909991208823
CC(C)n1cc(-c2cccc(C(=O)NCCC(=O)N(C)C)c2)nn1,0.0006765501777094225
CC(CNC(=O)Cc1cn[nH]c1)N(C)c1ccc(C(F)(F)F)cn1,0.00045385239612956603
CC(NC(=O)C1=CNc2ncnc(C)c2C1)(c1nn[nH]n1)C1CCCC1,0.0010119781095168075
CC(O)C(=O)N(C)CC1CCN(C(=O)C2NC(=O)CC2C)C1,0.12477691476418994
CC(Oc1cccc(S(C)(=O)=O)c1)C(=O)N(C)C1CCNC1=O,0.00024599785993235484
CC1(C)CC(CNC(=O)C2CCOC2)N(C(=O)c2cscn2)C1,0.0003340709498113055
CC1(C)OCCOC1COC(=O)CCN1Cc2ccccc2C1=O,0.00039599178475206986
CC1(CCNC(=O)NC2CC(NS(C)(=O)=O)C2)COCCO1,0.0649605810227491
CC1(CNC(=O)CO)CCCN(C(=O)c2cccc3c2NC(=O)C3)C1,0.0006874629477303267
CC1=NOC(C)(C(=O)N(CCNC(=O)c2ccno2)Cc2ccco2)C1,0.2290200603935167
CC1CC(=O)NC1C(=O)N1CCN(C(=O)c2c[nH]c3ccccc23)CC1,0.0006375689562784213
CC1CCCC1CNC(=O)C1CCN(Cc2ccccc2)C1,0.0005299637863081395
CC1CN(C(=O)C2CN(C)CCN(Cc3ccccc3)C2)=CC(=O)N1,0.0
CC1CN(Cc2cnnn2C)CCN1c1ccccc1,0.0013221138306366994
CC1COc2ccccc2N1Cc1ccc(S(N)(=O)=O)s1,0.0006984015558537677
CC1Cn2nc(C(=O)OCc3cccn(C)c3=O)cc2C(=O)N1,0.00028281610086260394
CCC(=O)N1CCCC(C)(CCNC(=O)C(F)(F)c2cnn(C)c2)C1,0.0009786161930392199
CCC(C)CC(=O)N1CC(CC(C)NC(=O)c2cc(O)cc(O)n2)C1,0.2122410869053567
CCC(CC)(CNCc1ccc(N2CCCNC2=O)cc1)SC,0.0014317236407697064
CCC(CC)(NCc1ccc(-n2cncn2)cc1)C(=O)OC(C)(C)C,0.0008222555042363052
CCC1(C(=O)O)CCCN1C(=O)c1sc2ncc(C)cc2c1C,0.34626427544509414
CCCN(CC)C[C@H](C)NC(=O)Nc1ccc2ncn(C(C)C)c2c1,0.0015409911348718617
CCCN(CCNC(=O)c1ccc(OC)cn1)C(=O)CC1CCOC1,0.2098179173179021
CCCOc1ccc(C(=O)NC(C)(CC(=O)O)c2cccnc2)cc1,0.0008303739550497846
CCN(C(=O)c1cc(Cl)c[nH]1)C1CCN(c2cc(O)ncn2)C1,0.001152037600992663
CCN(C1COC1)S(=O)(=O)c1cc(F)c2ccccc2c1,0.3244613538197403
CCN(CCO)CCNC(=O)C(OC)c1cccc(OC)c1,0.00048633221967309717
CCN1C(=O)CCc2cc(NC3=NCC4CSCCN34)ccc21,0.001605662863184566
CCN1CC(C(=O)NCC(C)N(C)C2CCc3ccccc32)CC1=O,0.345927179900558
CCNC(=O)CN1CCCC(C2CCN(C(=O)c3cc(C)co3)CC2)C1,0.0005560230288363314
CCOCC(=O)N1CCCC(CNC(=O)c2ncsc2C)C1,0.0006643912687774457
CCc1c(C(=O)N[C@@H](C)CCNC(=O)c2ccnc(C)c2)ccn1C,0.0003447253254556072
CCc1nc[nH]c1C(=O)NCC(O)c1cc(Cl)ccc1OC,0.0006165743918380744
CCn1c(N2CC[C@@H](F)[C@H](OC)C2)nnc1C1(C)CCC(=O)NC1,0.00027366651301804286
CN(C(=O)c1cc(C#N)c2n1CCCC2)N1C[C@@H]2CCC[C@@H]2C1,0.0014073052752611214
CN(C(=O)c1ccnc(-c2cccc(Cl)c2)n1)[C@H]1C[C@@H]2CC[C@H](C1)N2,0.5045635529273936
CN(C(=O)c1ccnc(Br)n1)C1CCC1,0.00046330020476186576
CN(C)CC(=O)N1CC(CNC(=O)C2(O)CC(c3ccccc3)C2)C1,0.1287740543122126
CN(CC(=O)NCC1(NC(=O)c2cnccn2)CC1)c1ccccc1,0.29510400084021476
CN(Cc1cccc(O)c1)C(=O)CN1CCCC(c2nc(=O)[nH][nH]2)C1,0.00024265302412224926
CN(c1ncc(C(F)F)cc1F)[C@@H]1C[C@H](Oc2ccccc2)C1,0.0009021699699772746
CN1C[C@@H]2CCN(C(=O)c3ccoc3Cl)[C@@H]2C12CCC2,0.0006621885150857143
CN1C(=O)NCc2cc(CN3C[C@@H](F)C[C@@H](F)C3)ccc21,0.000905225006176191
CN1CC(C)(C(=O)NCc2cccc(N(C)CC(=O)C3CC3)c2)CC1=O,0.0005678813085286997
CNC(=O)Cc1ccc(NC(=O)C2C(C)OC(C)C2C)cc1,0.000682549297306369
CO[C@H](C)C(=O)N(C)C(C)CCNC(=O)C1(C)CCN(C)CC1,0.0003040461579390115
CO[C@H]1C[C@@](COC(=O)c2ccc(=O)n(-c3ccc(Cl)cc3)n2)(C#N)C1,0.6879444652948052
CO[C@H]1C[C@H](CNC(=O)NCC2CCN(CC3CCC3)CC2)C1,0.0004191393158500131
COC(=O)C1CC(C)CN(c2nnnn2CC=CCl)C1,0.26156965933711007
COC(=O)CCn1cc(NC(=O)C2(C#N)CC(C)C2)cn1,0.0007154040269042642
COC(=O)c1cc(CCOC(=O)C2(O)CC(C)(C)C2)cs1,0.0006048565420663767
COC(=O)c1cccc(C(C)(C)NCc2nnc(N(C)C)o2)c1,0.00041706789176299426
COC(=O)c1nsc2c1CN(C(=O)c1cc(OC)ccc1O)CC2,0.0006029787982737105
COC(C)(C)c1cn([C@@H](C)CNC(=O)C2COc3ccccc3C2)nn1,0.0005113121717422525
COCCN(C)CCNC(=O)c1ccccc1COC,0.0004258039698723583
COCCN(Cc1ccccc1C)C(=O)c1ccn(C2CCC2)n1,0.0005110409565292969
COCc1ccc(C2COCCN2C(=O)c2cnc(C)o2)o1,0.0003370428454960414
COc1cc(C(=O)Nc2cccc(N=S(C)(C)=O)c2)cc(OC)c1O,0.6390745872345661
COc1ccc(CCNC(=O)NCC2CC(CC(=O)O)C2)c(OC)c1,0.00039389198432784373
COc1ccc(F)cc1C(=O)N1CC(CO)(NC(=O)c2ncc[nH]2)C1,0.1841819303016654
COc1ccc2c(c1)CCN(C(=O)C1CC(C(F)(F)F)CN1)CC2,0.0004863022882419292
COc1ccccc1C(F)(F)C(=O)Nc1nc2c([nH]1)CCCC2,0.0013937785652874638
COc1cnc(C(=O)N(C)C(CNC(=O)[C@@H](C)N(C)C)C2CC2)nc1,0.19072500929364092
CSc1ccc(CN(C)C(=O)c2nc(CN)sc2C)cc1,0.0008983610851425889
CSc1ccccc1C(=O)N[C@H](C)C1CN(C(=O)[C@H](C)NC(N)=O)C1,0.00034215965004450464
CSc1ccnc(C(=O)N2CCC(NC(=O)c3cccnc3)C2)n1,0.28238609219376726
CSc1nc(=O)[nH]c(C)c1CCC(=O)Nc1nccc(C(C)C)c1C,0.0007503890192076071
Cc1[nH]cnc1S(=O)(=O)NC1CCN(C(C)=O)CC(C)(C)C1,0.0003988437709627901
Cc1c(O)cccc1C(=O)NC(C)CNC(=O)CC1(C)CCCC1,0.0008765509243387544
Cc1cc(C(=O)N2CC3CC(C2)N3C(=O)OC(C)(C)C)c2ccccc2n1,0.0005863487975410291
Cc1cc(C)c(C(=O)NCC2(O)CN(C(=O)CCC3CCOC3)C2)[nH]1,0.00042008433507534305
Cc1cc(CN2CCN(C(=O)C3(C#N)CC3(C)C)CC2)on1,0.47724671643818695
Cc1cc(N2CC(CN(C)C(=O)CC3CSC3)C2)c(C#N)cn1,0.0015184095473657637
Cc1cc(N2CCC(NC3CCC[C@@H]4CNC[C@H]34)CC2)nc(C)n1,0.30048444882733405
Cc1cc(F)c(S(C)(=O)=O)cc1NC(=O)CC1C(C)(C)C1(C)C,0.0008983393016467873
Cc1cc(S(=O)(=O)NC2CCc3[nH]nnc3C2)c(Cl)cc1Cl,0.0003768487325982075
Cc1cc(SCC2CS(=O)(=O)C2)cc(C(N)=O)n1,0.15385169119069922
Cc1ccc([C@@H](O)CNC(=O)NCC(=O)OCC2CC2)cc1,0.00038644085934929587
Cc1ccc(C(=O)N[C@H]2CCCCN(CC=CCl)C2)(C(C)C)cc1,0.0
Cc1ccc(CC(=O)N[C@@H](C)CNC(=O)c2cn(C)c(=O)cn2)cc1O,0.00039228400965825446
Cc1ccc2cc(C(=O)N3CCC(N(C)CCCC(=O)O)CC3)ccc2n1,0.28143644997844536
Cc1cccc(C)c1C(=O)N[C@@H]1CCN(C(=O)C(C)(O)C2CCC2)C1,0.35181940848348725
Cc1cccnc1CCC(=O)N1C[C@@H]2CCN(C(=O)OC(C)(C)C)[C@@H]2C1,0.0003150718850419648
Cc1ccnc(CN(CCNC(=O)c2ccc(C)n2C)C2CC2)n1,0.0007564691176197375
Cc1cnc(C(=O)N2CCC(CNC(=O)C3CCCC3C)C(C)C2)cn1,0.0004834736282496447
Cc1cnccc1C(=O)N[C@H]1CCCN(C(=O)Cc2cncs2)C1,0.0006458508284924268
Cc1nc(C(=O)N2CCCCC2C(C)NC(=O)C2(C)CCC(C)C2)co1,0.0003518308348404487
Cc1nc(C)c(CNC(=O)c2cccc(N3CCCC3=O)c2C)o1,0.0008735717506215284
Cc1nc2c(s1)C(NCc1cccc3c1OCO3(C)C)CC2,0.0
Cc1nn(CC(F)F)c(C)c1C(=O)NCCc1ncccc1F,0.0005460562348421
Cc1nn2c(c1C(=O)N1CC(CNc3nccc(CO)n3)C1)NCCC2,0.0008305410777224727
Cc1noc(C(C)(C)CNC(=O)C2CCc3c(nnn3C)C2)n1,0.0002499623785654967
Cc1nocc1CC(=O)NC(C)CN(C)CC(C)(O)C1CC1,0.00041919678833064375
Cc1oc(C(=O)NC2(C)CCOc3ccccc32)cc1S(N)(=O)=O,0.0004536883905123605
Cn1cnc(C(=O)NC[C@H]2C[C@@H](NC(=O)C3CCCOC3)C2)n1,0.0002465899845105614
Cn1nccc1[C@@H]1OCC[C@H]1C(=O)N1CC(NC(N)=O)C1,0.0001754122240752252
N#Cc1nccnc1N1CC2C(CNC(=O)CC3CCOCC3)C2C1,0.001143677343455064
NC[C@H]1C[C@@H](O)CN1Cc1cc(-c2c(F)cccc2F)sc1Cl,0.0012902498685818842
O=C(CC1CC(F)C1)N1CCCC[C@H](NC(=O)C23CCCC2CCC3)C1,0.6699571125167981
O=C(CC1CC1)N1C2CCC1C(CNC(=O)C1(CO)CCC1)C2,0.317067776361325
O=C(Cn1nccn1)N1CCC(O)(CNc2ncc(Cl)cn2)CC1,0.0003265120139233194
O=C(NC[C@@H]1C[C@H]1C1CCCCC1)c1ccnc2c1CCN2,0.0013098803343201625
O=C(NC(CNc1ncnc2c1cnn2CC1CC1)C1CC1)[C@H]1CCCO1,0.0013685782447467325
O=C(NC1CCC(N2CCNCC2)CC1)c1cn(C2CCC2)nn1,0.00027700151341082766
O=C(NC1CCCN(C(=O)C2C3CCCC32)C1)c1cscc1Cl,0.26422921420611994
O=C(NCC1CC2(CO1)CN(C(=O)C(F)F)C2)C1CCCS1,0.00029645851683902583
O=C(Nc1ncc(C2CCC2)s1)C1CN(C2CCOCC2)C1,0.0011286410111068623
O=C(O)CC1(NCc2cccc3oc(Cl)cc23)CCNC1,0.0008586758358623113
O=C(c1cnoc1)N1CCC2CCC(NC(=O)C3(O)CCC3)C1C2,0.000685708793278839
O=C1CC2(CN(S(=O)(=O)c3ccc4nonc4c3)C2)CO1,0.0002344846949938582
O=C1Cc2c(ccc2C(=O)NC2CN(C(=O)C3(CF)CC3)C2)N1,0.0
C[C@]1(CS(=O)(=O)NC2(c3cccc(Cl)c3)CC2)CCCN1,0.0004946936643980719
C[C@]12C[C@H]1CN(C(=O)c1cccc(Cn3cc(C4(F)COC4)nn3)c1)C2,0.0004643619172531614
C[C@H](CNC(=O)C1SCCc2ccccc21)NC(=O)c1ccns1,0.0005025375110271353
C[C@H](NS(=O)(=O)Cc1ccccc1Br)C(F)F,0.000514645406535096
CC(=O)CNC(=O)C1CC2CCCC1C1CCC2C1(C#N)COC(C)=O,0.7521059648349415
CC(=O)N(C)C1CCCCC1N1CCC2(CC1)COC(=O)N2,0.0004841098365711501
CC(=O)N1CCCC(CNC(=O)C2(c3cccc(C#N)c3)CC2)C1,0.6782304778459048
CC(=O)N1CCCC1C1(NC(=O)CC(C)(O)C2CC2)CC1,0.0003543870558710896
CC(=O)NC(C(=O)NC1CC2CC1C(O)C2O)C(C)(C)C,0.00034063002836007175
CC(C(=O)N[C@H]1CCN(C(=O)c2ccc(F)cc2)C1)N1CCC1,0.00045581148712649363
CC(C)C(C)(Cc1nnc(-c2ccc(O)nc2)o1)C(=O)O,0.0014224132301105293
CC(C)C(O)CC(=O)NC1(C)CCCN(C(=O)c2ccc(F)cc2)C1,0.0006299204460626321
CC(C)c1nc(N2CCC2(C)C(N)=O)c2ccccc2n1,0.0005689968425349961
CC(CC(=O)N(CCF)CC1CCOCC1)c1cccnc1,0.0006606771328439264
CC(CCN(C)C)C(=O)N1CC(C2CN(C(=O)c3ncccn3)C2)C1,0.1300215468474313
CC(CN(C)C(=O)C(C)(C)C(F)F)NC(=O)c1cnc(Cl)[nH]1,0.00040138906262727835
CC(CN(C)C(=O)c1cccn2cc(CC#N)cc12)NC(=O)C1CC1F,0.001355433590313919
CC(CNC(=O)c1ccc([C@@H](C)N)cc1)c1c(Cl)cccc1F,0.0006677112404867196
CC(O)(CNC(=O)C1(C2CCCN2)CC1)c1ccc(F)cc1Cl,0.0004783800165518789
CC(F)(F)C(=O)N[C@@H]1CCCN(C(=O)c2cnn3ncccc23)C1,0.0004940989510181388
CC1(C(=O)N[C@H]2C[C@H](NC(=O)c3ccccc3#N)C2)CC(=O)C1,0.0
CC1(C)CC1CC(=O)NC(CNC(=O)c1cc(C#N)ccn1)C1CC1,0.5183644047436711
CC1(C)CN(CCc2nsc(-c3ccccn3)n2)CCC1N,0.0005722853101935761
CC1(CN2CCCc3c(NC(N)=O)cccc32)COC1,0.0008226311545581191
CC1=C(C(=O)N2CCC[C@H]2CN(C)C(=O)C2(C3CC3)CC2)CCC1,0.0006785349929206622
CC1C(NC(=O)c2cn(C)cn2)CC2CCC1N2C(=O)C1CCCC1C,0.001530686984201279
CC1CC1C(=O)N1CCC(NC(=O)C2C(C)(C)C2(C)C)C(F)C1,0.16789130328736182
CC1CC1C1CC1CN1CCCN(C(=O)OC(C)(C)C)CC1,0.0005334786024949894
CC1CC1CC(=O)NC1CN(C(=O)C(F)C(C)C)CC1(C)C,0.00047134778636466143
CC1CCC(NC(=O)C23CCCN(CC2)C3)CN1C(=O)C1CSC1,0.1330816771970045
CC1CN(C(=O)c2nccnc2S(C)(=O)=O)CC1NC(=O)[C@H](C)O,0.0002076927408563041
CCC(C(=O)N1CC[C@H](CC(=O)O)C1)c1nn[nH]n1,0.00034031034539825207
CCC(C)C(=O)N1CCC(C)C(NC(=O)c2oc(C3CC3)nc2C)C1,0.15480098924047833
CCC(C)CC1(C(=O)NC2COc3ccccc3NC2=O)CC1,0.0006599239609604552
CCC(CC(=O)NCC(F)=C1CN(c2ccn3nccc3n2)C1)C1CC1,0.7824753712023943
CCC(CCCO)NCc1csc(-c2cccc(OC)c2)n1,0.0013311300046847411
CCC(O)(CCC(F)(F)F)CNC1CCCC(C)(C(=O)O)C1,0.0005918012562915883
CCC1CN(C(=O)CCSC)CCC1NC(=O)CC(C)(O)C1CC1,0.000355100088598457
CCCC(C)CCNS(=O)(=O)c1cncc(C(=O)OC)c1,0.00032943825512293286
CCCC1(C)C(=O)NCCN1C(=O)C(C)Sc1ccc(OCC)cc1,0.0006563216364509045
CCCCC(=O)N1CCC(O)(CNC(=O)c2cnn3cccnc23)C1,0.4244969465021776
CCCS(=O)(=O)Cc1ccc(-c2nc(CN3CCCC3)no2)cc1,0.0015764976455211119
CCN(CCNC(=O)C(C)C)C(=O)CN1CCc2sccc2C1=O,0.0004793565672608028
CCN(CCNC(=O)C1COC(C)C1)C(=O)c1cn[nH]c1C1CCOC1,0.00043858444269283795
CCNC(=O)Cc1ccc(NCc2csc(C(=O)OC)c2)cc1,0.0007448229231037829
CCOC(=O)C(C)(NC(=O)Cn1cc(C2CC2)cn1)c1ccncc1,0.0005659641018670752
CCOC(=O)N1CCC(C(C)NC2Cc3cnccc3C2)CC1,0.00059039800772862
CCOC(=O)c1n[nH]c(CN2CCC(c3n[nH]c(C)n3)CC2)n1,0.0001924650207252944
CCOC(C)(C)C(=O)N1CCOC(CNC(=O)CC2CSC2)C1,0.00045919873181677153
CCOC(C)C(=O)N1CCC(NC(=O)c2cccc(NC(C)=O)n2)CC1,0.00040032670344986623
CCOCc1ccccc1CNc1nccc(C)c1C#N,0.0018012354068544403
CCS(=O)(=O)N1CCCCC1CN1CCCNC(C)CC1,0.0004369862663707445
CCc1cc(N2CCC3(CC(NC(=O)C[C@H]4CCOC4)C3)C2)nc(C)n1,0.00043069605532990586
CCc1ccc(C(=O)N2CC(CNc3nc(C)ccc3C#N)C2)c(F)c1,0.8556199102513453
CCc1ccc(C(=O)N2CCOC(C(F)(F)F)CC2)s1,0.0005941670658425991
CCc1cccnc1C(=O)OCC(=O)Nc1cccc(C#N)c1,0.5726773823674898
CCc1nc(CN2CC[C@@H](NC(=O)c3ccc4c(c3)OCC4)C2)no1,0.00038061822901848207
CCc1noc(C)c1C(=O)N1C[C@@H]2CN(Cc3cccc(C)c3)C[C@@H]2C1,0.0004426049105110859
CCn1cc(C(=O)NC(C)C2CCCN(C(=O)C3(CC)CC3)C2)c(C)n1,0.0006714460963981753
CN(C)C1CCCN(C(=O)c2cc3[nH]ncc3cc2C#N)CC1,0.5024660366042932
CN(CC1(C)CCCO1)S(=O)(=O)CC1CC2CCC1O2,0.1790258188361308
CN(CC1CCCN(C(=O)Cc2nncn2C)C1)C(=O)c1cncn1C,0.0004828315386497389
CN(CCN1CCC(CN)CC1)S(=O)(=O)Cc1cccc(Cl)c1,0.0003152604972546861
CN(CCNC(=O)c1ccco1)C(=O)c1cn(C2CCCC2)nn1,0.22377060811185961
CN1CC(CC(=O)N2CCCC2(C)CNC(=O)c2ccc(F)cc2)C1,0.25887232532061805
CN1Cc2ccccc2C(NCC(C)(C)C2(O)CCC2)C1,0.0007275758715475567
CNC(=O)C1(NS(=O)(=O)CCOC(C)(C)C)CCOCC1,0.0003193945972937901
CNS(=O)(=O)CC(=O)N1CC[C@@H](Nc2nc3ncccc3cn2)C1,0.00020900092395409396
CNc1nc(C)cc(C(=O)N[C@H](C)c2ccc(OC(F)F)cc2)n1,0.0007098842898952851
CO[C@H](C)C(=O)N1C[C@@H]2CN(C(=O)c3ccccc3)C[C@@H]2C1,0.14065168077194773
CO[C@H]1C[C@@H](CC(=O)Nc2ccc(NC(C)C)cc2C#N)C1,0.0014522533715457255
COC[C@@H](O)Cc1cn(CC(=O)NC(c2ncon2)C(C)C)nn1,0.00021712700117320713
COC(=O)c1cnn(-c2cccc(Br)c2)c1N,0.36826700371270915
COC(C(=O)N(C)CC(C)NC(=O)c1c(Cl)cccc1C)C1CC1,0.000960706307283505
COCCC(=O)N1CC2(CCN(C(=O)C(CO)C(C)C)CC2)CC1C,0.00031541315675147607
COc1cc(C(=O)O)ccc1CCNC(=O)Cc1cccs1,0.0004903331733443867
COc1cc(Cl)cc2cc(C(C)NCC3(C(=O)O)CC3)oc12,0.0012708315545915116
COc1ccc(C(=O)N2CCC(Nc3ncnc(C)c3C#N)C2)cc1,0.001432822935148252
COc1ccc(N(C)C(=O)N2CC(OC(C)C)C2)cn1,0.0006067902760491219
COc1ccc2c(c1)C(C(=O)NCC1CC(C)CO1)CCC2,0.000691910261768304
COc1ccc2c(c1)C(C(=O)Nc1ncn(C3CCNCC3)n1)CCC2,0.000811619817277552
COc1cccc(-c2cn([C@H]3CON(C(=O)C4(F)CC4)C3)nn2)c1,0.0006672116898857929
COc1cccc(CN2CCCC2CNC(=O)c2cc(F)ccc2F)c1,0.0011900558797926701
COc1cccc(OC(C)CNC(=O)C2(c3nn[nH]n3)CCC2)c1,0.0003290778585072888
COc1cccc(F)c1NC(=O)C(C)Sc1ncccn1,0.0013125775352011279
COc1ccnc(C(=O)Nc2ccc3c(c2)OCCC(=O)N3)c1,0.45508692540147117
COc1ccnc(NCC[C@H](C)NC(=O)C(F)(F)c2cnccn2)n1,0.0009598199392636096
CSCC(=O)NC1C2CCCCN(C(=O)c3cc(F)cnc3O)C21,0.15211781936831428
CSCCC(=O)N1CCCC(C(C)NC(=O)c2coc(Cl)c2)C1,0.0006730765368049989
Cc1c(C(=O)N2CC3(CN(C(=O)C4CCCC4)CC3CO)C2)ccn1C,0.0005676194759834127
Cc1cc(C(=O)NC(C)(C)C2CCN(c3ncccn3)CC2)[nH]n1,0.0011592107859911538
Cc1cc(C(=O)NCC2CCN2C(=O)C(F)(F)CC(C)C)[nH]n1,0.18583296999883483
Cc1cc(CNc2cccc(N3CCNC3=O)c2)ncn1,0.0010330244693689506
Cc1cc2c(cc1C)C(C(=O)NCCC13CC1C3)CC2,0.0005153524886850994
Cc1ccc(C(=O)NCC2CCCCC2NC(=O)C2C3CCCC32)nc1,0.0013397268459090436
Cc1ccc(C(F)(F)F)c(-c2cnc(CN(C)C3COC3)nc2)n1,0.0008893781469072707
Cc1ccc(CC(=O)NC2(C)CCN(Cc3ccn(C)n3)C2)cn1,0.0005856859585726009
Cc1ccc(NC(=O)C2CCCN(C(=O)c3ccccc3)C2)c(C)n1,0.6679944732086748
Cc1cccc(C(=O)N2CC3(C2)CN(C(=O)C(C)C2CC2)CC3CO)n1,0.00040979054897346477
Cc1cccc(N(C)S(=O)(=O)c2ccc3c(c2)OCC3)c1,0.0010187563088299842
Cc1ccccc1C(O)CN1CCC(=O)c2ccoc21,0.3693416173552972
Cc1ccccc1CC(=O)N1CCC(NC(=O)C2CC2C)CC1,0.00043944540254290114
Cc1ccnc(C(=O)Nc2ccc(OC3CCOC3)nc2)c1Cl,0.0012592438074445573
Cc1ccnc(N)c1C(=O)NCC1CN(C(=O)Cn2ncnn2)CCO1,0.0002807896104860903
Cc1ccnc(O)c1C(=O)N[C@H]1C[C@@H](CNc2ccnc(Cl)n2)C1,0.0007172643937022427
Cc1cnccc1C(=O)N1CCC[C@H](NC(=O)C[C@@H]2CCCC[C@H]2O)C1,0.0012605603037556595
Cc1cnoc1C(=O)NC1CCN(C(=O)c2cnc(C)c(C#N)c2)C1,0.4524910285601127
Cc1ncc(C(=O)N2CCCC(CNC(=O)c3cnc(C)o3)C2)s1,0.26082356367527004
Cc1ncc(C)c(N2CCOC(CNC(=O)c3scnc3C)C2)n1,0.0008528989724754859
Cc1nccn1CC(=O)N1CC(CN(C)C(=O)CCC(C)(C)C)C1,0.0004054677746007639
Cc1ncnc(N[C@H]2CC[C@H](NC(=O)Cn3cccnc3=O)CC2)c1C#N,0.0006025786055879836
Cc1noc(C(=O)N[C@H]2C[C@H](NC(=O)CCn3cccn3)C2)n1,0.00021333458193467834
Cn1c(C(O)Cc2ccccc2)nnc1N1CCN(CC2CC2)CC1,0.0002635226256997127
Cn1cnc(S(=O)(=O)N2CCC(c3cnccn3)CC2)c1Cl,0.0007575867202419745
Cn1cncc1CCC(=O)N1CCCC[C@H]1c1ccc(F)cc1F,0.0005834638895069437
N#CCC(=O)N1CCC2(CC1)CC2NC(=O)c1ccc(CN2CCCC2)[nH]1,0.0013445701884162184
N#Cc1cc(C(=O)NCC2CN(C(=O)Cc3cccnc3)C2)cs1,0.0008451315218676248
N#Cc1ccc(F)c(C(=O)NC2CCC(Nc3ccccn3)CC2)c1,0.6128404711097022
O=C(C1CCCC2(CC2)C1)N1CC(N2CC(O)C(F)(F)C2)C1,0.0013287797903743647
O=C(CCc1nc(=O)[nH][nH]1)N1CCC[C@H]2CN(C(=O)C3(F)CC3)C[C@H]21,0.0004504209872123756
O=C(N[C@H]1CCCCN(C(=O)[C@H]2C[C@@H](O)C2)C1)c1cncc2[nH]ccc12,0.6230380023525673
O=C(NC1CCCC(Nc2ncc(O)cn2)C1)C1CCC(F)CC1,0.7681710826963262
O=C(NCC1CCCN1C(=O)C1CCOC1)c1cc2ccc(F)cc2o1,0.0011895143595609579
O=C(c1ccc(Cc2nnc[nH]2)cc1)N1CC[C@H](CCC(=O)O)C1,0.00046263063029474983
O=C(c1ccnc2c1CCC2)N1CCc2ccccc2C(O)C1,0.0004377520266959324
O=C(c1ccncc1Nc1cccc(Cl)c1)N1CC2(CCOCC2)C1,0.7527597879758072
O=C(c1cnc2n1CCS2)N1CCc2cc(Cl)ccc2C1,0.0005031775673153846
O=C1CCN(CCC2CC3CCC2O3)C(=O)N1CC1CCCC1,0.0012642999938058885
C[C@@H](CCNC(=O)C12CC1C2)NC(=O)c1ccc(C#N)s1,0.0004386394179995738
C[C@H]1C[C@@H]1C(=O)N(C)C(CNC(=O)C1CC(=O)C1(C)C)c1ccccc1,0.00032499974544530116
C=C(Br)CCN1C(=O)CCN(Cc2cncc(O)c2)C1=O,0.0005670842014238673
CC(=O)N[C@H](C)C1CN(C(=O)c2c[nH]nc2-c2cccc(F)c2)C1,0.44112736089633003
CC(=O)N1CCCC1C1(NC(=O)C23CCCC2C3(F)F)CC1,0.634692016562615
CC(=O)NCc1cccc(CNC(=O)CNc2ccc3c(c2)CCC3)c1,0.4310678197246789
CC(=O)c1ccc2cc(C(=O)N3CC(COC(F)F)C3)ccc2c1,0.294116796363604
CC(C(=O)NC1(C)CN(c2nccc3c(F)cccc23)C1)C(F)(F)F,0.3536694064967377
CC(C)[C@H]1CN(C(=O)Cc2ccc3[nH]ncc3c2)CCN1C(=O)[C@@H](C)O,0.00047746462533344554
CC(C)CCN1CCN(CC(=O)NCCc2ccsc2)CC1,0.0004640289821485067
CC(C)Cn1cccc(C(=O)N2CCC(CCN(C)C)C2)c1=O,0.39709472350554453
CC(C)SCC(=O)N1CCN(C)C(CNC(=O)c2cc(O)no2)C1,0.0005434881037255508
CC(C)c1c(C(=O)N[C@H](C)CNC(=O)c2nncs2)cnn1C,0.00045540403702954384
CC(C)n1cncc1C(=O)N1C[C@H]2[C@H](NC(=O)c3cccn3C)[C@H]2C1,0.20656217326347565
CC(CN(C)C(=O)COc1ccc(Cc2nn[nH]n2)cc1)C(C)(C)C,0.0004440610207329482
CC(CNC(=O)C1(OC(C)C)CCC1)Nc1ncnc2c1nnn2C,0.0010981151159388945
CC(NC(=O)C1(C#N)CC1)C1CCN(C(=O)c2cccc(C(N)=O)c2)C1,0.00044406395576984794
CC(NS(=O)(=O)CCc1cccc(F)c1)c1ccc(Cl)c(F)c1,0.000660937177858033
CC1(CNC(=O)c2nnsc2N)CCN(C(=O)c2cnoc2)C1,0.4012382890360994
CC12CC(CNC(=O)c3c(N)c(C(F)(F)F)nn3CCO)(CO1)C2,0.0004467317598672277
CC1=C(C(=O)N[C@H]2C[C@@H](CNc3ccn4nccc4n3)C2)CCC1,0.7953709481835282
CC1=C(C(=O)NCCN(C)C(=O)CCc2cc(C)nc(C)c2)CCO1,0.0004809021090519035
CC1CC1CC(=O)N1CCSCC1CCNC(=O)c1cnsc1,0.0004241703989735594
CC1CCCC1C(=O)NCC1(O)CCN(C(=O)C2CC(=O)C2)C1,0.10253830259349828
CC1N(C(=O)c2cnc(Br)cn2)CCCC12CCC2,0.0007701889756593275
CCC(=O)N1CCCC1(C)CNC(=O)c1cccc(C(N)=O)c1,0.1668044498069156
CCC(C(=O)N1CCCC1(CO)Cc1ccccc1)C1(O)CCCCC1,0.001136926665458047
CCC(C)(O)C(=O)NC1CCN(C(=O)C(C)(C)OC(C)C)CC1(C)C,0.23645415134595166
CCC(CC)(NS(=O)(=O)c1ccc(C2CC2)s1)C(=O)O,0.0008980631590944367
CCC(CC)CCNC(=O)N1CCc2c(nc[nH]c2=O)C1,0.0004718034129135619
CCC(NCc1ccc2c(c1)OCO2)c1noc(C)n1,0.00034989679531634624
CCC1(C(=O)O)CN(C(=O)CC(OC)c2ccccc2)C1,0.0004615072127989897
CCCCC(=O)N1CCc2c(cccc2NS(C)(=O)=O)C1,0.0010077428080858665
CCCN1CCCC(C)(CNC(=O)c2ncsc2-c2ccccc2)C1,0.8494150373032093
CCCN1CCN(C)C(CNC(=O)c2ccc(OCC)c(OC)c2)C1,0.0008056070840917979
CCCNC(=O)CNC(=O)Nc1ccc(OC2CCC2)cc1,0.0005574417731392806
CCN(C)C(=O)CNC(=O)[C@@H]1CCCN1C(=O)c1ccccn1,0.08305929672359276
CCN(CCNC(=O)C1(C)CC1(F)F)C(=O)Cc1nocc1C,0.23149639410399564
CCOC(=O)C1CCCN1S(=O)(=O)Nc1ccc(C2CCC2)cn1,0.000539521770847167
CCOC(C)(C)CNC(=O)c1nc2ccc(Cl)nn2n1,0.0006586988699060852
CCOC1C(C)C1C(=O)N[C@H]1C[C@@H](CNC(=O)Cc2ccn(C)n2)C1,0.00032416180593303467
CCOC1C(C)C1C(=O)NC[C@H](C)NC(=O)c1sccc1Cl,0.00041972902120053556
CCOc1ccc(NC(=O)[C@@H]2OCC[C@@H]2c2cnn(C)c2)cc1C,0.0017207180059596785
CCOc1cccc(CN[C@@H](CC)C(F)(F)F)c1OC,0.0008491814565825349
CCSCC(=O)N(C)CCCN(C)C(=O)c1ccc(C(N)=O)nc1,0.15119396315749462
CCSCC(=O)Nc1ccc(Oc2ccncc2Cl)cc1,0.0009207948757968862
CCc1ccc(-c2cn(C3CN(C(=O)[C@H](O)[C@@H](C)CC)C3)nn2)cc1,0.0010038593262087056
CCc1ccc(C(=O)N2CC(NC(=O)c3ccc(C(N)=O)nc3)C2)[nH]1,0.11378227232131795
CCc1ccccc1C(=O)N[C@@H](C)CCNC(=O)c1scnc1Cl,0.381994593299969
CCc1ccccc1C(=O)N1CCC[C@H]1CNC(=O)c1cocc1C,0.000732634469282748
CCc1nnc(N[C@H]2C[C@@H](CNC(=O)c3occ4c3CCC4)C2)s1,0.0015512453061048525
CCc1nocc1C(=O)NC(C)CC(C)Nc1cc(C)nc(C2CC2)n1,0.00040530500500055337
CCn1c(-c2cccnN2)nnc1N1CCOC(COCC2CC2)C1,0.0
CCn1cc(C(=O)Nc2c(C)cnn2CC2CC2)c(C(=O)OC)n1,0.0008602695882210347
CCn1cnc(C(=O)N[C@H]2CN(C(=O)c3ccnc(OC)n3)C[C@H]2C)c1,0.00034171712597067737
CN(C(=O)NCC1CC2(C1)CC21CCNCC1)C1(C)CCOC1,0.3100700177250347
CN(C)c1cccc(NC(CO)c2cc(F)ccc2F)n1,0.00046613860807237116
CN(CC1CCN(C(=O)c2sccc2F)C1)C(=O)c1cccc(=O)[nH]1,0.15578555865960117
CN(CCN(C)C(=O)C1CCO1)C(=O)c1ccc(F)cc1Cl,0.0003628889755252898
CN(CCNC(=O)c1ccoc1)C(=O)CN(C)c1ncccn1,0.1784784622444892
CN1CC(C(=O)N[C@H](CCC(=O)O)c2ccccc2)c2ccccc21,0.000771625030496054
CNC(=O)CCCC(=O)N[C@@H]1CCN(C(=O)c2cc(Cl)on2)C1,0.18932693840280837
CO[C@H]1C[C@@H](C(=O)Nc2cc(-c3ccc4c(c3)OCCC4)[nH]n2)C1,0.0015092887421373755
COC(=O)C[C@H](NC(=O)c1cc2c(s1)C(C)(C)CCC2)C(C)C,0.0007588144356680742
COC(=O)C(OC(=O)Cc1ccc2c(c1)OCCCO2)c1cnn(C)c1,0.0006678265545450704
COC(=O)CC(NC(=O)COc1ccccc1F)C1CCCCC1,0.0005809766317243385
COC(=O)CCN1CCC(OC(=O)c2cc3c([nH]c2=O)CCCC3)C1=O,0.0002915722287426563
COC(C)(C#N)C(=O)N1CCCn2nc(-c3ccccc3)cc21,0.0014258861126397369
COC(CNC(C1CC1)C1(C(=O)O)CCOCC1)c1ccc(C)cc1,0.0005477126617418087
COC1(C(=O)N[C@H]2C[C@@H](NC(=O)C(C)(C)C3(O)CCOC3)C2)CC1,0.13476461388473093
COC1CC(NC(=O)N2CCC(C#N)(c3ccccc3)C2)C1,0.001061183395909029
COCC1(C(=O)O[C@H](CN(C(=O)OC(C)(C)C)C(C)=O)COC1,0.0
COCCC1(NC(=O)Nc2ccc(F)c(F)c2)CCNC1,0.0009646877802051414
COCCN(CCNC(=O)c1cc(C)c(C)[nH]1)C(=O)CC1CSC1,0.0006281647021149023
COCc1ccoc1C(=O)N(C)C(Cc1ccccc1)C(=O)O,0.0006193730755553187
COCc1cn(Cc2cccc(C(=O)N(CC(C)C#N)C3CC3)c2)nn1,0.0014825764756410174
COc1cc(C(=O)N2CCC(C3=NOc4ccccc43)C2)c(Cl)cn1,0.0006957538890248545
COc1cc(CC(=O)N2CC3C(CNC(=O)C4(C)CC4)C3C2)on1,0.000257337116422839
COc1cc(N(C)C)ccc1C(=O)N1CCc2nc(C(C)C)ncc2C1,0.42897293299259814
COc1cc(NC(C)(C)CNC(=O)CCn2cccn2)ncn1,0.0003923569506151273
COc1ccc2ccc(NC(=O)N3C[C@@H]4C[C@H]3[C@@H](O)[C@H]4O)cc2n1,0.0004505424523367013
COc1cccc(C(=O)N2CCN(C(=O)c3[nH]ccc3C)[C@H](C)C2)n1,0.23177653698984746
COc1cccc(C)c1C(=O)N1CCC[C@H](NC(=O)c2ccc[nH]2)C1,0.0005785251883391984
COc1ccccc1C1(N(C)C(=O)NC2C(=O)NC3CCCCC32)CC1,0.0007293674353384142
COc1nc(NCC23CCCC2CC(=O)N3)cc2cccc12,0.0
CS[C@@H]1CCCC[C@@H]1NC(=O)c1cc(C(C)(C)C)n(C)n1,0.000737757895016683
CS(=O)(=O)C1CN(C(=O)NC[C@@]23COC[C@@H]2C3)C1,0.09635937110941299
CSC(C)C(=O)N1CCC2(NC(=O)c3nn(C)cc3C)CCCC12,0.0007899563765447259
CSCC(C)(C)C(=O)N1CC(NC(=O)C2COCCO2)C1,0.0005155711278877854
CSc1cc(C(=O)N2CC([C@H](C)NC(=O)c3cncc(C)c3)C2)co1,0.20047239268695025
Cc1[nH]cnc1CC(=O)N1CC2(CN(C(=O)C3COC(=O)O3)CCO2)C1,0.15816735179578423
Cc1cc(C2CCN(CCc3nc(C)cs3)CC2)[nH]n1,0.000428409217604314
Cc1cc(CNC(=O)[C@@H]2[C@@](C)C2(F)F)c(C)s1C,0.0
Cc1cc(N(C)C2CCN(C(=O)c3ocnc3C)CC2)c(C#N)cn1,0.7477012446538063
Cc1cc(N)cnc1C(=O)N1CCC12CC(C(F)F)C2,0.0009706932990521544
Cc1cc(N)ncc1C(=O)N1CC[C@@H](NC(=O)C(C)(C)CF)C1,0.0005366994512260683
Cc1ccc(C(=O)N2CC[C@@H](NC(=O)c3ncc(C#N)cc3C)C2)n1C,0.390315143303332
Cc1ccc(C(=O)N2CCCC(N(C)C(=O)C3CC(=O)C3)C2)cc1,0.0004592524041557157
Cc1ccc(C(=O)NC(CNC(=O)C2CC2(F)F)C2CC2)o1,0.0006695856892107003
Cc1ccc(C(C)(C)C)c(S(=O)(=O)N2CC(C3CC(N)C3)C2)c1,0.0003467086434469269
Cc1ccc2c(c1C)CCCN2C(=O)c1ccc2c(c1)NC(=O)CN2C,0.7815298155390697
Cc1ccccc1C(=O)N(C)C(C)CNc1ccc(C#N)c(C)n1,0.0014340661581674686
Cc1cccnc1COC(=O)CSc1cccc(F)c1,0.0006791880140755232
Cc1ccnc(C2CCN(C(=O)c3cc(C(N)=O)cn3C)CC2)n1,0.0005692663160867179
Cc1cscc1C(=O)N1CC([C@@H](C)NC(=O)c2cn[nH]c2)C1,0.25230551780196814
Cc1n[nH]cc1CNC(=O)c1cccn(C2CCCC(F)(F)C2)c1=O,0.0005921199804610048
Cc1nc(CC(=O)NC2(C(C)(F)F)CCC2)c(C)s1,0.0006445133777782025
Cc1nc(N)nc(NCC2CCN(C(=O)[C@@H]3C[C@H]3C)CCC2(F)F)n1,0.00046902049464373613
Cc1ncc2c(n1)CCC(C(=O)N[C@@H](C)CNC(=O)c1cnccn1)C2,0.0007375369589346525
Cc1nccnc1CN1CCC(NC(=O)Cc2cnoc2)C(C)C1,0.000910875453245811
Cc1nnnn1-c1ccc(C(=O)N[C@@H]2C[C@H]3CC[C@@H]2O3)cc1,0.000300494684966206
Cc1ocnc1-c1cn(C[C@H](C)NC(=O)C2CCCCS2)nn1,0.001219871203822001
Cn1cc(CNC2CN(C)c3ccccc32)c(-c2ccco2)n1,0.0018278234957889437
Cn1cc(S(=O)(=O)N2CCc3c(cn[nH]c3=O)C2)nn1,0.00021715465621826416
Cn1ncc(COC(=O)c2cccc(S(=O)(=O)N3CCCC3)c2)c1N,0.000877236767757759
Cn1ncnc1C1(O)CCN(C(=O)C2NCCC2O)CC1,0.00017918600315339206
N#CCCN(Cc1ccc(Oc2ccccc2O)cc1)C1CCNC1,0.0016994100796946126
N#Cc1cnc(C(=O)N2CCCC(F)(c3ccccc3)C2)c(Cl)c1,0.0005950247699261913
N#Cc1nccc(N2CCC(Oc3ccccc3)CC2)n1,0.0016684068398503317
O=C(CN1CC2CC2C1)Nc1ccc2c(c1)OCC2(F)F,0.0008939352145271076
O=C(Cc1c[nH]c2cccc(Cl)c12)NCCC1(O)CCNCC1,0.00038210422293547653
O=C(Cc1cccc2ccncc12)N1CCC2CCOCC2C1,0.0006380272382768865
O=C(NC[C@@H]1C[C@H]2CNC[C@H]21)NCC1(c2cccc(F)c2)CCCCC1,0.0008167304199248683
O=C(NN1CCC1)C1C2Cc3c(F)cccc3C21C(F)F,0.00033424424860443715
O=C(Nc1nccn1CC1CC1)C1(c2cccc(Cl)c2)CCOCC1,0.0016099104527470965
O=C1CC(C(=O)N2CCC[C@@H](CO)C2)(c2cc(F)ccc2F)C1,0.0005766646517896113
O=C1N[C@@H](C(=O)N(CCCn2cc(C3(O)COC3)nn2)C2CC2)[C@@H]2C[C@@H]12,0.000178028490246482
O=S1(=O)CCC(Cc2noc(-c3cccc(C(F)(F)F)n3)n2)C1,0.0015542336550418573
C[C@]1(c2ccccc2)C[C@H]1C(=O)NCC1CCCN(C(N)=O)C1,0.0003661539319738544
C[C@@H](CCNC(=O)C1(C2CCC2)CC1)NC(=O)C1(C)CCCC1,0.3419123082706142
C[C@@H](NC(=O)c1ccc(C(=O)N2CCN(C)CC2)cc1)c1ccccc1,0.0005150882578012442
C[C@@H]1C[C@H]1C(=O)N1CCCN(C)c2cc(Cl)ccc21,0.0007048633933979984
C[C@H](O)CN(C)C1CN(C(=O)c2ccc(-c3ccccc3)nc2)C1,0.00047810942791542597
C=C(Br)CC(C)(C)C(=O)N1CCn2nc(N)cc2C1,0.0006083564197365106
CC[C@@H]1C[C@H]1C(=O)N1CC([C@H](C)NC(=O)CCc2ccccc2F)C1,0.0004913575607726667
CC(=O)CCCC(=O)NC1(CNC(=O)[C@@H]2C[C@H]2C)CCCC1,0.00033404242952399406
CC(=O)N1CC2CC1CN(C(=O)c1ccccc1OC(F)F)C2,0.000479800703716712
CC(C)[C@@H](O)C(=O)N(C)CC1CCN(C(=O)c2cnccc2N)CC1,0.36187659326295735
CC(C)(C)OC(=O)Nc1cnc(C(=O)NCCC(C)(C)C#N)cn1,0.0015286053322096807
CC(C)(C)c1nnc2n1CCN(C(=O)C1CN3CCN1CC3(C)C)C2,0.00031203589458134515
CC(C)(CO)C(=O)N1CCCCC1CNc1n[nH]c(=O)s1,0.0006398770708256991
CC(C)C[C@H](NC(=O)Cc1ccc(NC(N)=O)cc1)C(=O)NC(N)=O,0.0005354496868030329
CC(C)C(=O)N1CCN(C(=O)C(NC(N)=O)C(C)(C)C)[C@H](C)C1,0.23765344712536296
CC(C)C(C)(C)C(=O)N1C[C@@H](C)[C@@H](NC(=O)[C@H](O)c2ccc(F)cc2)C1,0.0005314671293376106
CC(C)c1cc(C(=O)N2CCN(C(=O)C3(C)CC4(CC4)C3)CC2)cc(O)n1,0.0004170840102617349
CC(C)c1ccsc1C(=O)N1CC(C)(NC(=O)c2ccoc2)C1,0.0006191093256415652
CC(CN(C)C(=O)c1cscc1Cl)NC(=O)c1cc(O)no1,0.0006273026664625003
CC(CNC(=O)N1CC(=O)N[C@H](CO)C1)OC(=O)[C@@]12CNC[C@@H]1C2,0.000150083542072493
CC(CF)C(=O)NC1(C2CCCN2C(=O)C2CC(F)(F)C2)CC1,0.148627725557782
CC(Cc1csc2ccccc12)NC(=O)C1CN(C)C(C)CN1C,0.0007026135800633816
CC(O)(Cn1ccccc1=O)C(=O)N1CCC12CCS(=O)(=O)C2,0.0002564618752246299
CC1(C)CC(C(=O)Nc2ccnc(Oc3ccccc3)n2)CO1,0.0015315510674875652
CC1(C)CCN(C(=O)C(C)(C)C2CC2)CC1NC(=O)c1cncs1,0.17561029884733495
CC1(NC(=O)c2ccc(F)c(F)c2)CN(C(=O)C(O)C2CCC2)C1,0.2567904420519912
CC1CC(CNC(=O)c2cnn(C)n2)CN1C(=O)c1ccc(F)o1,0.16604954230593322
CC1CCN(C(=O)NC2CCC(=O)NC23CCCC3)C1CN,0.0005016068194823868
CC1CCc2nc(Cl)nc(N3C[C@@H](CO)O[C@H](C)C3)c2C1,0.000700383893863504
CC1CN(C(=O)Nc2cc(F)c(OC(F)F)c(F)c2)CCS1=O,0.0010755972898232908
CC1CN(C(=O)c2cc3ccncc3s2)CC1CNC(=O)[C@H](C)O,0.000323712695831557
CC1COC(C(=O)N2CC(c3ocnc3CNC(=O)[C@@H]3C[C@H]3C)C2)C1,0.0003734209563952933
CCC(C)(C)c1cn(C2CCCN(C(=O)C3CC(C)C3)C2)nn1,0.0005579204208126747
CCC(C)(CC(=O)OC)NCC(=O)NC1(c2ccccc2)CC1,0.0004209676265814676
CCC(NCC12OC(C1)N(C(=O)OC(C)(C)C)C2)C(C)C,0.0007505068204633804
CCC(O)[C@@H]1CCCN1C(=O)c1cccnc1C(F)F,0.0005574802637253454
CCC1(C(=O)NC2CCCC2CNc2ccncn2)CCCN1,0.5597011755606466
CCC1(CC)CCn2c(C(=O)N3CCc4cc(F)cnc43)ccc21,0.3054271744795774
CCC1=NOC(C(=O)N2CC(CNC(=O)c3cc(O)no3)(OC)C2)C1,0.0002468863779056631
CCC1=NOC(C(=O)NC2CCN(C(=O)CC3(O)CCCCC3)C2)C1,0.20991111477957847
CCCC(C)(O)CC(=O)N1CC(NC(=O)C2CCC3(CCC3)O2)C1,0.17951295925412886
CCCCC(CNC(=O)C(C)C(C)C)NC(=O)c1coc(C(N)=O)c1,0.0003590564780647694
CCCN(C(=O)C1CCC(C)(C)C1)C1CCN(C(=O)C2(C#N)CC2)C1,0.0011906940098956264
CCCNC(=O)CN1CCC[C@@H]1CCNC(=O)C(CC)CCOC,0.0004916198521666777
CCCc1coc(C(=O)N[C@@H]2C[C@H]3CC[C@@H]2C3)n1,0.0011017368408008958
CCN(C(=O)c1ccc(C)c2c1CCC2)C1CCN(C2CCNC2=O)C1,0.00041247889028179835
CCN(CCC#N)S(=O)(=O)NCc1ccc(Br)cc1,0.0005118858098748428
CCN(CCNC(=O)c1cc2c(cn1)CCCC2)C(=O)c1cc[nH]c1,0.0006590919616197456
CCN1CCN(C2CN(Cc3cc(-c4ccccc4)no3)C2)CC1,0.000787124596008284
CCN1CN(S(=O)(=O)c2cccc3c2OCCO3)CC1(C)C,0.0006343660313362945
CCOC(=O)[C@@H]1CC[C@@H]1C(=O)NC1Cc2cccc(OC)c2C1=O,0.14909482825351947
CCOC(C)C(=O)N1CC2CCCC(C1)N2C(=O)c1cnc(C)[nH]c1=O,0.14857235500941848
CCOC1(C)CCN(C(=O)N[C@H]2CC[C@H](O)CC2)CC1,0.000340627604347522
CCOCC(=O)N1CCC(CCNC(=O)C2(C#N)CC23CCC3)CC1,0.44330196141319694
CCc1nc(C#N)cc(N2CCCC(NC(=O)c3cc(C)n[nH]3)CC2)n1,0.001395992938464422
CCc1nc(CNC(=O)C2CCCc3nncn32)c[nH]1,0.00038873623607509273
CCc1nn(C)c(N2CCc3[nH]c(=O)c(C#N)cc3C2)c1Cl,0.0014034941669149171
CCn1c(CNC(C2CC2)C(CO)C2CC2)cc2ccccc21,0.0005272566517724397
CCn1cc(CN(Cc2ncccc2OC)c2ccncc2)cn1,0.0006763293454655833
CCn1cc(CNC(=O)c2cnc(C)s2)c(=O)[nH]c1=O,0.0004376189694691521
CN(C(=O)Nc1cc2n(n1)CCN(Cc1ccccc1)C2)C1CCOC1=O,0.2747036813537771
CN(C)C(=O)c1ccnc(NC(=O)[C@@H](NC(=O)C(F)(F)F)C2CC2)c1,0.00033980675692561643
CN(C)c1nccc(N2CCC(c3ccccc3)C2C(F)(F)F)n1,0.0006298074823742032
CN1CC(O)CC1(C)C(=O)N1CCC2(CCNC(=O)C2)CC1,0.12778867830863178
CNC(=O)OCC1CCCCN1C(=O)COCc1cccc(OC)c1,0.00036542991873067564
CO[C@@H]1CCC[C@H]1NC(=O)Cc1c[nH]c2ccc(F)cc12,0.000520135607252567
CO[C@H](C)C(=O)NC1CN(C(=O)C(O)c2ccc(Cl)cc2F)C1,0.00034488529197923735
COC(=O)C[C@@H](NC(=O)C1(C2CCCN2)CC1)c1ccccc1,0.00048775149620363507
COC1(C)CC(NC(=O)C2(n3cnnn3)CC2)C1(C)C,0.00029379568237919705
COCC1(C(=O)N2CCCN(C(=O)c3ccnc(C#N)c3)CC2)CC1,0.5753584880611081
COCC1(NC(=O)c2ccnn2C2CC2(F)F)CCC1,0.00045850425150556793
COCCN(CCNC(=O)c1csc(C)c1)C(=O)C1(C#N)CC1C,0.00107664328308976
COCCS(=O)(=O)CC(=O)N1CCC(C)(NC(=O)CN2CCC2)C1,0.18175088584668933
COCc1cc(C(=O)N2CC(CNC(=O)C(C)C(F)(F)F)C2)on1,0.000330260915735859
COCc1ccccc1CC(=O)N[C@H]1C[C@@H](N2CCCC2)C1,0.0006413754445845942
COc1cc(CN2CC[C@@H](NC(=O)c3cccc(C)c3)C2)cc(OC)n1,0.00046487028954043615
COc1cc(CN2CCN(C(=O)Cc3ccc(C#N)nc3)[C@@H](C)C2)on1,0.0008121974828263114
COc1cc(OC)c(C(C)NCC23CCC(N)(CC2)CO3)c(OC)c1,0.0007792926395937328
COc1cc(OC)nc(NC(=O)[C@@H](NC(=O)CN)C(C)C)n1,0.0006682639419392957
COc1cc2c(cc1OC)N(c1ccc(C#N)cc1S(N)(=O)=O)CC2,0.0011915636158788916
COc1ccc(-c2nn(C)c(=O)cc2C(=O)NC2CNCCC2(C)C)cc1,0.3282417062629427
COc1ccc(C)c(NC(=O)[C@@H]2CCO[C@H]2c2ccc(F)cc2)n1,0.000758679937600143
COc1ccc(CNC(=O)N(C)Cc2cccc(Cl)c2C#N)nc1,0.0007578968928303776
COc1ccc(Cl)cc1CC(=O)OC1(C)CCS(=O)(=O)C1,0.00040472056364894817
COc1cccc(O)c1S(=O)(=O)NCC1CCC(C)(C)CO1,0.0007415003854339435
COc1cccc2c1CC(NCc1cn[nH]c1C(F)(F)F)C2,0.0005369796207448685
COc1ccnc(N2CCC3CCC(C2)N3C2CCOCC2)c1C#N,0.0014843827675983337
CS[C@H]1C[C@@H](CNC(=O)C2CCc3ccccc3C2)C1,0.0006972144904788954
CS(=O)(=O)C[C@H]1C[C@H](NC(=O)NC(c2cnccn2)C2CC2)C1,0.0005647409543961078
CSc1cc(CN2CCOCC(N)C2)ccc1S(C)(=O)=O,0.0004525819664257672
CClC(C)(C)CNS(=O)(=O)c1cn(CC(C)(C)OC)nn1,0.0
Cc1[nH]cnc1CC(=O)N1CCN(C(=O)c2cc(C#N)on2)C(C)C1,0.000846977818082249
Cc1c(CC(NC(=O)CC2(c3ccccc3)CC2)C(=O)O)cnn1C,0.00048046403079247003
Cc1c(O)cccc1C(=O)NCCC1CCN(C(=O)[C@@H]2C[C@H]2C)C1,0.00028735527600476157
Cc1cc(=O)c(C(=O)NC2(c3cnn(C)c3)CCC2)cn1C1CC1,0.0006279094704018618
Cc1cc(C(=O)N(C)C2CCN(Cc3cnc(C)cn3)CC2)c(C)o1,0.0003610033365072263
Cc1cc(C(=O)N2CCN(C(=O)c3ccco3)[C@H](C)C2)nc(O)n1,0.0004131864288755294
Cc1cc(C(=O)NCC2CN(C(=O)CC#N)CC(C)(C)O2)cc(C)c1F,0.000937123674148572
Cc1cc(C)c(C(=O)NC(C)CCNC(=O)c2cccc(F)c2O)s1,0.0006918503068499232
Cc1cc(C)c(CNC(=O)NC2CN(c3cnn(C)c3)C2)c(=O)n1C,0.0006341239306871057
Cc1cc(CN)oc1C(=O)NCc1ccc(C(=O)N(C)C)nc1,0.0003613812606616833
Cc1cc(CNC(=O)N(C)CC(C)(C)O)cc(C)c1F,0.000452997363572447
Cc1cc(N2CCN(C(=O)c3cnccn3)C3(CCC3)C2)nc(Cl)n1,0.20298229222761055
Cc1ccc(CCNC(=O)c2ncnc(O)c2Br)cc1C#N,0.0008877199161102779
Cc1ccc(NC(=O)CSC(C)c2nnc[nH]2)nc1,0.00029897433819684024
Cc1ccc2occ(C(=O)N3CC(C)(NC(=O)C(C)(C)CO)C3)c2c1,0.3804505576967679
Cc1cccc2c(C(=O)OCC3(C#N)COC3)ccnc12,0.47913708289775603
Cc1ccccc1C1(NS(=O)(=O)c2ccnn2CC2CC2)CCCC1,0.0006999375268384323
Cc1ccncc1N1CCN(C(=O)Nc2ncn(CCN(C)C)n2)CC1,0.0005069583831887868
Cc1cnc(N2CCCCC3C(NC(=O)[C@@H]4CCOC4)C3C2)cn1,0.0006397984982003883
Cc1nc(C)c(-c2nnc(N3CCCC(O)(C4CCC4)CC3)n2C)s1,0.0004964994651637315
Cc1nccc2ccc(C(=O)NCC3CCCN(CC4CCC4)C3)cc12,0.8740945779592657
Cc1nccnc1-c1cn(C(C)C(=O)N2CCOCCC2C2CC2)nn1,0.0014144554480680339
Cc1nnc(-c2ccc(NC(=O)N3CCC3C(C)(C)C)c(C)n2)n1C,0.8243663370163056
Cc1nnc(CNCc2nccc(Cl)c2Cl)s1,0.0006646906457216463
Cc1oc(C#N)cc1C(=O)N1CC[C@@H](NC(=O)C(NC(N)=O)C(C)C)C1,0.18396262176923564
Cn1c(=O)[nH]c(N2CCC[C@H](NC(=O)C3CCCCS3)C2)c(C#N)c1=O,0.0009984909679370364
Cn1ccc(C(=O)N2CC(NC(=O)C3CCCC3)C2)n1,0.0004841436385881458
Cn1ccc2cc(C(=O)NC3CNC4(CCC4)C3)ccc21,0.0011369157315084032
Cn1cncc1C(=O)N1CC2(CCN(Cc3cnn(C)n3)CC2)C1,0.0006229609215550723
N#Cc1ccc(CN2c3ncncc3CCC2C2CC2)[nH]1,0.0016621802865302389
O=C(C[C@H]1CCOC1)N1CCC[C@H]1CNC(=O)C1(C2CCC2)CC1,0.5088894942943849
O=C(CC1CCC(F)(F)C1)N(CCNC(=O)C1(O)CC1)C1CC1,0.21702247353159723
O=C(CCSc1ccccc1)NC1(c2noc(C(F)F)n2)CCC1,0.0006491534432554449
O=C(N[C@H]1C[C@H]2[C@H](O[C@H]c3ccccc3)[C@H]2C1)C1CCCN1C(C)C,0.000480052823382991
O=C(c1ccncc1Nc1ccccc1Cl)N1CC2CCC1CN2,0.0006260552950154853
O=C1N[C@H](C(=O)NC2CN(C(=O)c3ncccc3F)CC2(C)C)CO1,0.00021190456026740065
O=C1OCC(CNC(=O)N2CCCc3ccccc32)O1,0.0007018166486804379
C[C@@]1(CO)CN(C(=O)NCc2nccc(C(F)(F)F)n2)CC[C@@H]1CO,0.0002730554814600597
C[C@@H](O)C(=O)NC1CC1C1CCCN(C(=O)c2ccc3nccn3c2)C1,0.493113953382462
C[C@@H]1C[C@H](C(F)(F)F)CN1C(=O)C1CCC(=O)N(C2CC2)C1,0.0004286431707628062
C[C@H](C(=O)N(C)C[C@H]1CCCN1c1ncc2ccccc2n1)N(C)C,0.0010982983426055988
C[C@H](CNC(=O)c1ccc(N(C)C)cc1F)NC(=O)C1CCO1,0.0005041009015759602
C1CC2(C1)C[C@H]1CCCC21NCc1cnc2n1CCOC2,0.001155501168789073
CC[C@@H](C(=O)N1C[C@@H](CC)[C@@H](NC(=O)C2CC3(CC3)C2)C1)N(C)C,0.15645527735967635
CC[C@@H](C(=O)N1CCC(NC(=O)C2CCC2(F)F)C1)N(C)C,0.00043894228921029883
CC[C@@H]1CCC[C@H](CC(=O)N2CCC(C(N)=O)Cc3ccccc32)N1,0.0006544505759715201
CC[C@H]1CN(C(=O)CCCn2ccc3ccc(Cl)cc32)CCO1,0.0007536828384127086
CC(=O)NCCC(=O)NCCN1CCC(Nc2cncc(C#N)n2)CC1,0.2298991303331552
CC(C)(C)OC(=O)N1C=CC(c2cnn3c2CCC33)CC1,0.0
CC(C)(C)OC(=O)N1CCC(C(=O)N2CC(NC(=O)C(C)(C)F)C2)C1,0.1407478440494166
CC(C)C(O)CC(=O)N1C[C@H]2CN(C(=O)C(C)(C)n3cnnn3)C[C@H]2C1,0.00017333955572485928
CC(C)C1(C(=O)NC[C@@H](C)NC(=O)c2ccnc3ccncc23)COC1,0.0004913001235546931
CC(C)CCC(=O)Cn1cnn(Cc2ccccc2)c1=O,0.0006131684761938494
CC(C)CSCC(=O)NCC1OC(=O)CC1C(=O)O,0.00033535101121365263
CC(C)Cc1ccc(C2COCCN2C(=O)c2ccc3c(n2)CNC3)o1,0.0003814355730795144
CC(C)c1c(C(=O)N2CC3CCCC(F)(C2)C3O)oc2ccccc12,0.001173081456715854
CC(C)n1cc(C2CC2C(=O)NC(CO)C2CCCOC2)cn1,0.000540954135855968
CC(C1CCN(C)CC1)N(C)C(=O)NCc1ccnc(-n2ccnc2)c1,0.0013520436876378892
CC(CCNC(=O)[C@@H]1C[C@H]1c1ccccc1)N(C)c1nccc(C#N)n1,0.0014410342327650396
CC(CN(C)c1cc(-c2cccs2)ncn1)NC(=O)C1CCCO1,0.0011272043703023584
CC(CN1CCCC1=O)NC(=O)C(C)CCc1ccccc1,0.0005325668159592759
CC(CO)C(=O)N[C@@H]1CC(Cn2cc(-c3ccccc3CCO)nn2)C1,0.0005997483178202076
CC(O)CC1CCCN1C(=O)c1cccc(C2CCCNC2)c1,0.00048542511240228176
CC(OCC1CC1)C(=O)N[C@H]1C[C@H](CNC(=O)c2ccsc2)C1,0.0003241388993755931
CC(F)(F)C(C)(C)C(=O)N1CCC(c2ccccc2S(N)(=O)=O)C1,0.2902321266502753
CC(F)(F)c1cncc(CNC(=O)N2[C@H]3CC[C@@H]2CCNC3=O)c1,0.0005102733422046126
CC(c1ccccc1)N1C[C@@H]2CCCC[C@]2(C(N)=O)C1,0.00040878430982262446
CC1(C)C(NC(=O)c2ccc(C3CC3)o2)CCN1C(=O)c1cn[nH]c1,0.12157518617439592
CC1(C)C(NC(=O)c2cccc(=O)[nH]2)CCN1Cc1ccsc1,0.0006198607643866225
CC1(C)COCC1(C)NC(=O)c1nnc(-c2cscn2)o1,0.6109704731688134
CC1(CNC(=O)[C@]23C[C@H]2[C@H](C)C3)OCCc2ccccc21,0.00046285013973305087
CC1(F)CNCCN(Cc2ccc(-c3ccccn3)o2)C1,0.0009830003694597004
CC1CN(C(=O)C(C)N2CC(C)(C)OCC2C)c2ccccc2O1,0.0008312183062097556
CC1N(C(=O)CC2CCCCC(=O)N2)CCC1(C)C1CC1,0.0005482771084223836
CCC(=O)N1CC(C)CN(C(=O)c2ccc(-c3ncn[nH]3)cc2)CC1C,0.0009878906855847202
CCC(C)n1cnc(S(=O)(=O)Nc2ccc(Cl)c(F)c2)c1,0.000930170644850349
CCC(CC)(CNC(=O)[C@]1(c2ccccc2)C[C@H](O)C1)C(=O)O,0.0005276718408443563
CCC(CNC(=O)CNC(=O)N1CCCC1)Oc1ccccc1,0.00036347677932936233
CCC(NS(=O)(=O)c1ccc(C#N)c(C)c1)C1CC1(C)C,0.0008445065109107516
CCC(F)C(=O)NC(C)C1CCN(C(=O)c2ccn3ccnc3n2)C1,0.00043632658241576986
CCC1(Nc2ccncn2)CCN(C(=O)c2ccc(N(C)C)cn2)CC1,0.4125022455577703
CCCN(CCNC(=O)C1CC1C)C(=O)c1ccc2ccncc2c1,0.0005458704994704985
CCN(C(=O)c1cn(C(C)(C)C)cn1)C1CCN(C2CCN(C)C2)C1,0.0006053256929780164
CCO[C@@H]1COC[C@H]1NC(=O)c1cc(-c2cccc(C)c2)ns1,0.0008003819743024132
CCOC(=O)c1ccc(NC(=O)NC23CCCCC(F)(C2)C3)cc1,0.001605187660230373
CCOCC(C)CS(=O)(=O)N1CCN(C(C)c2ccccc2)CC1,0.00048145267471455544
CCc1c(C(=O)N2CC(Nc3nnnc(C)c3C#N)CC2C)cnn1C,0.0012402022687227406
CCn1c(S2nc(C)nc2O)nnc1N1C[C@@H](C)c2ccccc21,0.0013035251604940365
CCn1ccc(C(=O)N2CCN(C(=O)c3c(C)noc3N)C(C)C2)n1,0.4351789329410621
CN(C[C@@H]1C[C@H]1c1ccccc1)C(=O)C1CCC2(CCOCC2)CN1,0.0007567271257869557
CN(C(=O)c1cccc2nc(N)oc12)[C@H]1CC[C@H](O)CC1,0.39589699812645607
CN(C)c1cc(Br)ccc1C(=O)N1CCC(C(N)=O)C1,0.25032897018151856
CNC(=O)[C@@H](NC(=O)N1CCCCC1)[C@@H](C)OC(C)(C)C,0.00038522541521619557
CNC(=O)c1cccc(NCc2cc(C)c(C(=O)OC)[nH]2)c1,0.0008258716969351492
CNc1nc(C)cc(C(=O)N[C@H](Cc2ccccc2F)C(=O)O)n1,0.0005212135689053966
CO[C@H](C)C(=O)N1CCC[C@@H]1CCNC(=O)c1ccc(C)nc1,0.13001383073577247
COC[C@H](NC(=O)OC(C)(C)C)C(=O)N1CCC(N2CCC2)CC1,0.0003057331957960168
COC(=O)C1(O)CCN(C(=O)C(C)NC(CC2CC2)c2ccccc2)C1,0.0005155598360404155
COC1C(NC(=O)Nc2c(NC)n(C)nc2C)CC2CCC1CC2,0.0007309752871197437
COCC(C)C(=O)N1CC2(C1)CN(C(=O)C1CC1)CC(C)(C)O2,0.0002795879674323695
COCC(C)C(=O)N1CCCC12CCN(C(=O)C1CCC(C)(C)O1)C2,0.0007843745903482419
COCC(CNC(C(=O)OC)c1cscn1)c1ccccc1,0.00047081934141143355
COCC(OC)C(=O)N1CC(NC(=O)c2coc3c(F)cccc23)C1,0.22004920019321053
COc1cc(NC2CCN(C(=O)c3cscc3C)CC2)ncn1,0.00100707335404239
COc1cc2c(NCC(NC(=O)[C@@H]3C[C@H]3C)C3CC3)nc(C)nc2cc1F,0.0005975483456342565
COc1ccc(COC(=O)c2cc(C(N)=O)n(C)c2)c(Cl)c1,0.3014639572913189
COc1ccc2c(c1)CN(C(=O)Cc1csc(C(=O)O)c1)CC2,0.0005370436376249798
COc1ccc2c(c1)OCCN(c1nccc(C(C)C)n1)C2,0.001724772393001068
COc1cccc(-c2cc(C(=O)N3CCC[C@H](OC)C3)no2)c1,0.0006960819335236384
COc1cccc(CNC(=O)N2CCN(c3ccc(C)nn3)CC2)c1,0.0005411300483343344
COc1cccc(N2CCC(N(C)C(=O)c3cnc(OC)s3)CC2)c1,0.7405196141856012
COc1ccccc1[C@H](O)CNCc1ccsc1N(C)C,0.0008897428964206788
COc1cccnc1NC(=O)NCCC1CC2(CCC2)C1,0.0009526817694755362
COc1nc(C)cc(N2CCCC23CCN(C(=O)c2cnsn2)C3)n1,0.0007125795560807861
COc1nccc(C(=O)NC2COCCN(c3ccc(C#N)cn3)C2)n1,0.0010159891338268514
CS(=O)(=O)c1sccc1CN1CC(Oc2ccccc2)C1,0.0006014230863196617
CSC(C(=O)N(C)C(CNC(=O)c1cnc[nH]1)C1CC1)C(C)C,0.0007194425205579388
Cc1[nH]cnc1CC(=O)N1CC(C)C(CNC(=O)C2(C#N)CC2)C1,0.0011119952074803365
Cc1cc(C(=O)N2CC3(CCCN(C(=O)c4ccccn4)C3)C2)cs1,0.23910405853135258
Cc1cc(CC(=O)N2CCC(F)(F)C3(CCOC3)C2)on1,0.0004763474385965569
Cc1cc(N2CC3(CC(NC(=O)C4(C)CCCOC4)C3)C2)c(C#N)cn1,0.0016085914950087542
Cc1cc2c(c(=O)[nH]1)CCC(C(=O)N(C)Cc1n[nH]c(C)n1)C2,0.0003348790360083188
Cc1ccc(-n2nc(C(=O)N[C@H]3C(=O)NC[C@H]3C)c3c2CCC3)c(C)c1,0.0005852589393254163
Cc1ccc(CC(=O)N(C)C[C@@H]2CCCCN2C(=O)c2cc[nH]n2)s1,0.0007025717070276814
Cc1ccc(CC(=O)N2CCC(NC(=O)C(C)C)CC2)cc1C,0.0005265111154482263
Cc1ccc(CN(C)(C)C2CCN(C(=O)N3CC(C#N)C3)C2)cc1,0.0
Cc1ccc(F)c(C(=O)N2CCC(C(C)NC(=O)c3nc[nH]c3C)C2)c1,0.000614346951531178
Cc1cccc(C2C(=O)NCCN2C(=O)C2CN(C)C(C)C2)c1,0.18797454858486035
Cc1cccc(CN(C)c2nnc(CO)n2CC2CCOC2)n1,0.00027939495539364346
Cc1ccccc1S(=O)(=O)NC(=O)c1ncccc1C#N,0.0005657934126670479
Cc1cccnc1C(F)(F)C(=O)N1CCCC1c1ncc[nH]1,0.000992139927985528
Cc1ccnc(N2CCCN(C(=O)CC3CC(C(F)F)C3)CC2)n1,0.0009730736505054775
Cc1cn(C(C)C)cc1C(=O)N1CC[C@@H](O)[C@@H](O)C12CC2,0.0004151474275961524
Cc1cnoc1C(=O)N1CC([C@@H](C)NC(=O)c2c(C)cc(=O)[nH]c2C)C1,0.18969001790672047
Cc1coc(C(=O)N[C@H]2CC[C@H](NC(=O)CSC(C)(C)C)CC2)c1,0.0006317069638042786
Cc1nc(C(=O)N2CCCC2c2cn(CC(C)C)nn2)c(C)o1,0.0005553337091912466
Cc1nc(C(=O)N2CCN(C(=O)c3ccnc(N(C)C)c3)C[C@H]2C)co1,0.0007561891393084009
Cc1nc(CNC(=O)c2ccc(OC3CCN(C)CC3)cc2)no1,0.00031655274330661423
Cc1ncc(CC(=O)N(C)C(C)CNC(=O)C(C)n2cccc2)n1C,0.00041494484269475435
Cc1nn(C)c(C#N)c1NC(=O)CCNC(=O)c1ccc(F)cc1O,0.0008057159248486752
Cc1nn(C2CCOCC2)c(C)c1CC(=O)NC(C)(C)COC(C)C,0.000504654755990892
Cc1nnc(N2CC(CN(C)C(=O)C3(CF)CCC3)C2)nc1C,0.0003781710178523312
Cc1nnc2n1CC(CNC(=O)Cc1coc(C(F)F)n1)CC2,0.0003518151730212775
Cc1ocnc1CCNC(=O)NC(Cc1cccnc1)C1CCCC1,0.0006628686140004545
Cn1cc([C@@H]2[C@@H](NC(=O)C34CCC(CC3)O4)CC(=O)N2C2CC2(C)C)cn1,0.0012813728939269915
N#Cc1cccc(S(=O)(=O)N2CCC(C3CCNCC3)CC2)c1,0.001238102500161267
NC(=O)c1ccc(C(=O)NCC2CCN2Cc2csnn2)cc1,0.0003212951752032316
NC(=O)c1cccnc1N1CCC(Cc2ccccc2F)CC1,0.34880743503925155
O=C(C(O)c1ccc(Cl)cc1F)N1CCOC(c2ccccc2)C1,0.0005419262445407395
O=C(C1CCCC1O)N1CC2CC(C1)N(C(=O)Cn1cncn1)C2,0.00029455801383675297
O=C(C1CCc2ccccc2C1)N1CCC(n2cc(Cl)cn2)CC1,0.0013725765647632359
O=C(CC1CCC2(CCCCC2)CC1)N[C@H]1C[C@H](c2ncc[nH]2)C1,0.0017568400900239956
O=C(CSCc1ccccn1)NCc1ccc(CCO)cc1,0.0005155098509718952
O=C(NC(C(=O)O)C1CCOCC1)c1oc2ccccc2c(=O)c1C1CC1,0.5611420095427965
O=C(NCC1(NC(=O)C2CC2(F)F)CC1)c1cc(C2CCC2)on1,0.22414205867642137
O=C(NCC1CN(C(=O)C2(F)CC3(CCC3)C2)C1)c1ccncc1Cl,0.18544666034321167
O=C(NCC1CN(Cc2ncnn2CCF)CCO1)C(F)(F)F,0.0002841204799574585
O=C(NCc1ccc(Br)s1)c1nnc(C2CC2)s1,0.0006030948253463292
O=C(NCc1nc(C2CC2)cs1)c1ccc(N2CCCC2)nn1,0.00037928843217268466
O=C(O)C[C@H]1C[C@@H](NC(=O)c2cc(-c3ccoc3)nn2C)C1,0.0005557739691745448
O=C(c1cscc1Cl)N1CC(COC(F)(F)F)C1,0.000582989689235669
O=S(=O)(Nc1cccc2c1OCC2)c1ccc(F)c2c1CCC2,0.0013913945246288107
OC1CN(c2nnc(-c3ccc[nH]3)n2CC2(O)CCOCC2)CC1F,0.0007173432076555844
FC(F)(F)c1cnc(NCC2CC3(C2)CC3F)nc1,0.0006437683486945592
Fc1cncc2c(NC3CCN(CC4CCCO4)CC3)ccnc12,0.001755727265727413
C[C@@H]1CN(C(=O)c2ccc(Cl)cc2)C[C@@H]1NC(=O)c1ccn(C)n1,0.21920697022167254
C[C@@H]1CN(C2CCOCC2)CCN1C(=O)c1cnccc1O,0.0003525522030709808
C=C(Cl)CCC(=O)NC12CC(C1)N(C(=O)C1CCO1)C2,0.0003512747561955331
CC[C@H]1CC[C@H](NC(=O)c2cc(CN)sn2)CC1,0.0004683290924317745
CC(=O)N1CC(NC(=O)NCC(C)(C(=O)O)c2ccccc2)C1,0.0002964397586936646
CC(=O)NCC(=O)N(C)CC1CCN(c2ncnc(Cl)c2C)CC1,0.0005287039969954881
CC(=O)c1ccc(C(=O)NCCN(C)C(=O)c2sccc2F)s1,0.0005963484208449415
CC(C(=O)N1CCN(C(=O)CCC(C)(C)F)[C@@H](C)C1)c1cnn(C)c1,0.0006532488035891413
CC(C)(COC(F)(F)F)NC(=O)Cc1ccc(O)c(F)c1,0.0004922019673151459
CC(C)2(NC(=O)c3nc4c(Br)cccc3[nH]33)CCNC1=O,0.0
CC(C)C1(C)CCN(C(=O)c2cccn(CC(=O)N(C)C)c2=O)CC1,0.00035218578481093144
CC(C)CNC(=O)NCCN(C(=O)OC(C)(C)C)c1ccncc1,0.0009028238372718776
CC(C)NC(=O)OCc1cn(CCc2cn([C@H]3C[C@H]NC3)nn2)nn1,0.00021910263743161757
CC(C)OCC(=O)N1CCc2cc(C(F)(F)F)ccc2C1,0.0005027783568624433
CC(C)Oc1ccc(S(=O)(=O)N2CC3(CC(N(C)C)C3)C2)c(C#N)c1,0.47144570475354663
CC(C)c1c(C(=O)Nc2cc3n(n2)CCOC3)cnn1C1CCC1,0.0006669872548267695
CC(C)c1ccc(NC2CC(=O)N(C3CC3)C2)c(C#N)n1,0.44405287942722893
CC(CC1CN(C(=O)[C@H]2C[C@@H]2C)C1)NC(=O)c1ccc(=O)n(C)c1,0.14847688732797398
CC(c1ccc(F)cc1)N1CC(N[C@H]2C[C@H](n3cncn3)C2)C1,0.00029238845146383033
CC(c1ccccn1)N(C)C1CCC(NC(=O)[C@@H]2C[C@H]2N)CC1,0.00039974447306234364
CC1(C(=O)NC[C@H]2CCN(C(=O)C34CCCC(C3)OC4)C2)CC(=O)C1,0.2077690880663589
CC1(C(N)C(=O)Nc2ccc(-c3noc(C4CC4)n3)cc2)CC1,0.0016311447781817005
CC1(C)C(CO)CCN1Cc1ccccc1OCC1CC1,0.0005722409818711108
CC1(C)CC1(C#N)C(=O)N1CCC(C)(NC(=O)c2cc(O)ncn2)C1,0.17172657184633558
CC1(C)CCCC(O)(CNC(=O)Nc2cnoc2c2ccccc2)C1,0.001874002948257671
CC1=C(CNC(=O)C(F)C(F)(F)F)S(=O)(=O)CCO1,0.0004696275823412095
CC1C(NC(=O)C2(F)CC2)CCCN1C(=O)c1ccc(C(N)=O)cn1,0.00032848194538547177
CC1CC(=O)NCC1C(=O)N1CCC[C@H]2C(=O)NC[C@H]21,0.0001559401998970844
CC1CC1C1CC1C(=O)N1CCC[C@@H]1CCNC(=O)Cc1cnco1,0.0007617297488647742
CC1CCN(C(=O)C2CC2F)CCN1C(=O)CNS(=O)(=O)C1CC1,0.08128437094363884
CC1CN(C(=O)N(C)c2cccnc2)c2c(Cl)cnn21,0.0004437325387634959
CC1COC(C(=O)N2CC(C)C(NC(=O)c3ccnc(C(N)=O)c3)C2)C1,0.16395303697686534
CC1Cc2cc(CN3CCC4(CC3)C(O)CC4O)ccc2O1,0.000782369764605649
CC1N(C(=O)CC2CC3(CCC3)CO2)CCOC1(C)C,0.35841004519319825
CC1OCCC1(C)NC(=O)Nc1cccc(N2CCCCNC2=O)c1,0.0011341262928139997
CC1OCCC1CNCC(O)(c1nnc2ccccn12)C(C)C,0.00041384678342382483
CCC(C)(O)C(=O)N1CCN(C(=O)COC2CCCC2)C[C@H]1C,0.0004884276716505114
CCC(C)C(=O)NC1CCCC(Nc2cc(Cl)nc(C)n2)C1,0.0007176146896139572
CCC(O)CC(=O)NC(C)C1CCCN(C(=O)c2cnsc2)C1,0.29683917706248053
CCC1(C(=O)NC2CCN(c3nnc(C)c(C)c3C#N)CC2F)CC1,0.0011256024106252194
CCC1(C(=O)NCC2CCN(C(=O)c3c(C)cccc3F)C2)COC1,0.0005193632612334379
CCCC(=O)N(CCNC(=O)c1ccccc1C(=O)OCC)CCOC,0.0005024707821423409
CCCCN(C(=O)Cn1cnc2cc(C#N)ccc21)C1CC1,0.0017645455269016982
CCN(CC1CCCO1)C(=O)c1cc(Cl)cn1C,0.0007348370707814137
CCN(CCNC(=O)CC1(OC)CC1)C(=O)c1cc(C)c(C(N)=O)cn1,0.10060920743717287
CCN(CCc1ccccc1)C(=O)N1CCN(CC(=O)NC(C)C)CC1,0.0004110187646418344
CCOCC(=O)N1CCN(C(=O)c2cccc3c2OCC3)C[C@H]1CC,0.0004606579929915675
CCOc1cc2c(cc1CNC(=O)C1(C(F)F)CCNCC1)OCC2,0.0005251629582545689
CCOc1ccc(C2(C(=O)N3CCC(Oc4ccccn4)C3)CC2)cc1,0.00028645281382431385
CCc1ccc(C(=O)N2CCCC(CNC(=O)C3CCC3)CC2)cc1,0.0006499758255561293
CCc1ccc(CC(=O)N[C@H](C)CNC(=O)CS(C)(=O)=O)cc1,0.0002705696873228106
CCc1ncc(CNC(=O)Nc2cc(C)n(C(C)(C)C)n2)s1,0.001081384057311782
CCc1nnc(C(=O)N(C)Cc2ccc[nH]2)s1,0.00045212553518833055
CCn1c(C)nn(CC(=O)NC23CCCC2OCC3)c1=O,0.0002047315629884471
CCn1nc(C)c(C(=O)N[C@H](CC(N)=O)c2ccccc2)n1,0.0003606151326512462
CN(C[C@@H]1CCCN1c1nnco1)C(=O)CCc1ccccc1,0.0008152610452642925
CN(C)CCN(CCc1ccccc1)S(=O)(=O)C1(CC#N)CC1,0.0008392716237960567
CN(C)c1ccc(F)c(C(=O)N2CCN(CC(=O)NC(N)=O)CC2)c1,0.0004252485155505364
CN(CC1CN(C(=O)[C@H]2CCCN2C)CCO1)C(=O)c1ccccn1,0.00027896340110492767
CN(CCNC(=O)C1(C2CC2)CCC1)C(=O)CC(C(F)F)C(C)(C)C,0.1302653877194513
CN(Cc1cn([C@@H]2CNOC[C@H]2O)nn1)C(=O)Cc1ccsc1,0.0002443163693000581
CN1CCC(c2cn(CCC(=O)Nc3ncccn3)nn2)CC1,0.00046392413270081296
CNC(=O)C1CC(=O)N(c2cccc(OC3CCCC(O)C3(C)C)c2)C1,0.00045322285398200743
CO[C@H](C)[C@@H](C)NC(=O)NCC(Cc1cccc(C)c1)C(=O)O,0.0003631366672747092
CO[C@H](C)C(=O)N1CC(CNC(=O)c2snnc2C2CC2)(C(N)=O)C1,0.0810623478484209
COC(=O)[C@]12CCC[C@H]1N(Cc1nc3ccccc3c(=O)[nH]1)CC2,0.0007605702123019355
COC(=O)[C@@H]1CC(=O)N(C)[C@H]1C(=O)OCCc1ccc(Cl)s1,0.00038931486644381316
COC(=O)C1CC(C(=O)OC)CN(CCc2ccc(OC)cc2)C1,0.0005035320472454038
COC(=O)N1C=C(CNc2cccc(C(F)(F)F)c2F)CC1,0.001087107876152223
COC(=O)c1ccc(C(=O)NC2CN(C3CCCNC3=O)C2)c(C)c1,0.0004696237654511549
COC(=O)c1ccnc(C(=O)OCc2cccc(Cl)c2OC)c1,0.0006983386692212075
COC1(CCNc2ncnc(C)c2C)CN(C(=O)c2coc(=O)[nH]2)C1,0.2344291064842959
COC1(CNC(=O)CC2COC(=O)C2)CCCN(c2ncccn2)C1,0.0007085058163176973
COCCc1nsc(N2CCCC(C)(NC(=O)C3CC34CCC4)C2)n1,0.0004542550131881152
COCCn1cc(C23CCC(C2)N(C(=O)Nc2ccnnc2)C3)nn1,0.0005746518775967772
COc1c(Cl)cc(C)cc1C(=O)NCc1nonc1C,0.0006109151386507943
COc1ccc(-c2nc(C(C)(C)NS(C)(=O)=O)no2)cc1,0.0007559921577080285
COc1ccc(C(=O)NC(CN)COCc2ccccc2)nn1,0.0003262361699613439
COc1ccc(CN(Cc2ccc(C)nn2)C2CC(N)C2)c(OC)c1,0.0007419058035802058
COc1ccc2c(c1)OCCN(C[C@H](O)c1ccc(Cl)cc1)C2,0.0005015708988297822
COc1cccc(C2(c3cccc(CCNS(C)(=O)=O)c3)CC2)c1,0.0005735607667805585
COc1cccc2c(N3C[C@@H]4CC[C@]4(C(F)(F)F)C3)c(C#N)cnc12,0.6130671843323103
COc1coc(C(=O)N2CCOC(c3ccsc3)C2)cc1=O,0.19236257437775126
CSCCC(=O)N1CC(CO)(NC(=O)c2ccc(CO)cc2)C1,0.0002116308372540644
Cc1c(NS(=O)(=O)c2cccc3c2OCC3)c(=O)n(C)c(=O)n1C,0.000388902819396734
Cc1cc(=O)c(C(=O)Nc2ccc(C)c(C)c2C)cn1C1CC1,0.3411990293228251
Cc1cc(C(=O)N2CC(NC(=O)COC(F)(F)F)CC2C)c[nH]1,0.0005291261600518877
Cc1cc(C(=O)N2CCC(CN(C)C(=O)c3ccn(C)c3C)C2)on1,0.21550934849034498
Cc1cc(C(=O)N2CCC(CN3CC(C)OC(C)C3)C2)c(C)o1,0.0005487077809076831
Cc1cc(C(=O)N2CCC2(C(N)=O)cc2ccccc2)nnc1C,0.0
Cc1cc(CC(=O)N[C@@H]2CN(C(=O)C(C)(C)N(C)C)C[C@@H]2C)ccn1,0.0002024044845981957
Cc1cc(N2C[C@H](C)[C@H](NC(=O)C(C)C3CCOC3)C2)nc(C)c1C#N,0.539378715471673
Cc1cc(N2CCC(NC(=O)COCc3ccccc3C)CC2C)ncn1,0.0009009977915403416
Cc1cc2ncn(CCC(=O)N(C)CC(C)CC#N)c(=O)c2cc1C,0.0007204018159371266
Cc1ccc(-n2cc(CCN[C@H]3COC[C@H]3O)nn2)c(S(C)(=O)=O)c1,0.00027852795163897583
Cc1ccc(CNC(C)c2ccc(N(C)C(N)=O)cc2)o1,0.001155730252318275
Cc1ccc(NC(=O)CN2CCn3cc(C)nc3C2)cc1C,0.000764650795568069
Cc1ccc(F)cc1C(=O)N1CCC[C@H](NC(=O)C23CC2C3)C1,0.00039746281105771856
Cc1ccc(Cl)cc1C(=O)N[C@@H](C)C(=O)NCC(C)C,0.0004703092680915081
Cc1ccc2cccnc2c1CNC(=O)N1CC(CC(F)F)C1,0.0006376682792369194
Cc1cccc(C)c1NC(=O)COC(=O)c1ccc(S(C)(=O)=O)o1,0.29545082449506843
Cc1cccc(CC(=O)NC[C@H]2CCN(C(=O)c3n[nH]c(C)n3)C2)c1,0.0003320767703088092
Cc1ccn(C)c1C(=O)NC1(C)CCN(Cc2n[nH]c(C(C)(C)C)n2)C1,0.0005001886177858028
Cc1cnc(N2CCC3(CCN(C(=O)c4cn[nH]c4C)C3)CC2)nc1O,0.0007905658250912469
Cc1csc(Cn2cc(CN[C@H](C)CO)cn2)c1C,0.0005308740489950968
Cc1nc(C(=O)NC2CCCC2CNC(=O)Cc2nncn2C)c[nH]1,0.00019377522060024628
Cc1ncc(C(=O)N2CCCC2CNC(=O)Cc2ccccc2C)n1C,0.0005140613887665214
Cc1nnc(NCC2CCC(NC(=O)c3cccc(=O)[nH]3)C2)c(C#N)c1C,0.0008045306981966261
Cc1nnoc1CNC(=O)c1cccc2c1CN(=O)CC2,0.0
Cc1nsc(N2C3CCCC(NC(=O)c4ccccn4)C2CC3)n1,0.22565435460464914
Cn1ccnc1-c1cccc(CN2CC(O)(C3CC3)C2)c1,0.001429181276569335
Cn1nc([C@@H]2C[C@@H]2C(=O)NCc2nnc(C3CCOC3)[nH]2)[nH]c1=O,0.00015012334992507844
N#Cc1ccc(NC2CC2C2CC2C(=O)NCCN2CCCCC2)nc1,0.38959688170979867
N#Cc1cnc(NC(=O)CC2CCC(=O)NC2)cc1C(F)(F)F,0.0003761191743489725
N[C@@H]1C[C@H]1C(=O)N1CCC2CCC(C1)N2Cc1ccccc1,0.0003657910174281123
O=C(CN1CCN2C(=O)NCC2C1)Nc1cc(-n2ccnn2)ccc1F,0.0005473359677632542
O=C(CN1CCSCC1)N1CCN(c2ccc(=O)[nH]c2)CC1,0.000563133043462359
O=C(CNC(=O)C1CC2(C1)NCC21CC1)c1cccs1,0.1577153702340226
O=C(Cc1cnn2c1CCCC2)Nc1cnn(CC2CCCO2)c1,0.0012576364256771909
O=C(NCCc1ccc(C(F)F)cn1)N1CCC[C@@H]2[C@H](O)C[C@@H]21,0.00045168963063300574
O=C(O)CC1(NC(=O)c2ccc(C3CCCC3)cc2)CCSC1,0.0005680989650382791
O=C(O)c1cccc2c1CCN2C(=O)C1CC2(CCCCC2)C1,0.0016043228385165564
O=C(c1ccnc(Cn2cccn2)c1)N1C[C@H](F)[C@H](F)C1,0.00042084183940427583
O=C(c1csnn1)N1CCC(n2cc(C(O)C(F)(F)F)nn2)C1,0.00039382640925180075
O=C1COc2ccc(NC(=O)N3CCc4cc(Cl)ccc4C3)cc2N1,0.47732715198706005
O=S(=O)(NC1CCN(CC2CC3(CC3)CO2)CC1)c1ccnn1CCcc1,0.0
O=c1c(Cl)cc(Cl)nn1Cc1ccc(Br)cn1,0.0005544547977243343
c1cnc(Cn2cnc([C@@H]3C[C@@H]3NC(=O)NC3CCCC3)n2)cn1,0.0004982958401273534
C[C@@H]1CCC[C@H]1C(=O)N1CC[C@]12C[C@H](CNC(=O)OC(C)(C)C)C2,0.0003667875514896087
C[C@@H]1OCC[C@@H]1NC(=O)c1cccc(C(=O)OC(C)(C)C)n1,0.0004501108607305003
C[C@H]1CN(C(=O)c2ccc3ccccc3c2F)C[C@H]1NC(=O)CN(C)C,0.0005187250214287462
CC[C@@H]1CN(C(=O)c2cc3c(cc2F)NC(=O)CC3)CCO1,0.0010692371387623462
CC(=O)N1CC2CC(C1)C2Nc1nnc(-c2ccon2)s1,0.000652558149353344
CC(=O)NCCC(=O)N1CC2CC(C1)N(C(=O)C1CC13CC3)C2,0.23426231044559662
CC(=O)Nc1cccnc1C(=O)N1C[C@@H]2C[C@H]1CN2Cc1csnn1,0.22041676624345763
CC(=O)OC1CCN(C(=O)c2cc(-c3nn[nH]n3)c3n2CCCC3)C1,0.21685001001230156
CC(=O)c1c(C)nc(N[C@@H]2C[C@H](C(C)(C)C)NC2=O)c2ccccc12,0.6013622843482386
CC(=O)c1cccc(CC(=O)N(CC(N)=O)c2ccc(C#N)cc2)c1,0.23300828999078693
CC(C)(C#N)CCOC(=O)C1(F)CC2CCC(C2)C1C(=O)OC(F)(F)F,0.0007734229873076841
CC(C)COc1ccc(CN2CCC(CC(=O)N(C)C)CC2)c(F)c1,0.0003764188156445995
CC(C)N(CC1CCN(C)CC1)C(=O)[C@@H]1C[C@@H]2CC[C@H]1O2,0.0003978775360633699
CC(C)c1[nH]ncc1C(=O)N[C@@H]1CCCN(C(=O)c2ccc(=O)[nH]c2)C1,0.16174637920228307
CC(C)c1cc(NC[C@@H](C)NC(=O)c2ccc(CO)cc2)ncn1,0.0008335848982990852
CC(C)c1nc2ccccc2cc1C(=O)N1CCCC[C@H]1C(=O)NCCN,0.29995650107591043
CC(CN(C)C(=O)C1CN(c2nnnn3cccc23)C1)NC(=O)C(C)C,0.0008094454733581557
CC(CNC(=O)C1(C#N)CC1(C)C)N(C)C(=O)CCCC(=O)N(C)C,0.551857148728795
CC(CNC(=O)C1CC(C)OC1C)NC(=O)c1ccccc1C(C)(C)C,0.0006541426421459265
CC(CNC(=O)c1cscc1Cl)N(C)CCc1ccns1,0.0005532385014425657
CC(CNC(=O)c1ncccc1O)N(C)C(=O)c1cccc(C(N)=O)c1,0.173560882679157
CC(CS(C)(=O)=O)NC(=O)N(CC(=O)O)[C@H](C)c1ccc(F)cc1,0.0003349685089353591
CC(Cn1cc([C@H](O)C(C)C)nn1)NC(=O)C1CCCc2nncn21,0.00043736547486783657
CC(NS(=O)(=O)CC1CCN(S(C)(=O)=O)C1)C1CCC(F)C1,0.00037754370993922485
CC(OC(=O)c1cncc2[nH]ccc12)C1COC(=O)N1,0.0003209256804250514
CC(F)(F)CCS(=O)(=O)N[C@H]1CCCC[C@]1(F)C(=O)O,0.16240299075318826
CC1(C)NC(=O)CCC1OC(=O)c1ccccc1CNc1ccncc1,0.0008468646286844673
CC1(NC(=O)NC2CC3CCC(C2)N3S(C)(=O)=O)CCOC1=O,0.07583145593382958
CC1=C(C(=O)NC(C)(CNC(=O)Cc2ccnc(N)c2)C2CC2)CCC1,0.47001147466022963
CC1CCC(O)C(C2CCCN2CC2(O)COc3ccsc32)C1,0.0005531247088599523
CC1CN(CC2CCCCC2)CCC1NCC1(C)CCOC1,0.3754933092790005
CCC(C)(O)C(=O)NC[C@H]1C[C@@H]2CC[C@H](C1)N2c1nccnc1C(C)=O,0.001017132731105459
CCC(C)OCC(=O)N1CC2(CCSCC2)CC1CO,0.14820433706544295
CCC(CNC(=O)c1cnn2c1OCCC2)Nc1nnc(C(C)C)o1,0.0005398295411366523
CCCC(=O)N[C@H](C)C1CN(C(=O)c2ccn(CC(F)F)n2)C1,0.00043602489827719717
CCCC(C(=O)NCC(O)CNC(=O)[C@@H]1CC1(F)F)c1ccccc1,0.0004376091993634398
CCCC(NC(C)=O)C(=O)NC1CC(=O)N(C(C)CC)C1,0.0003751525994137186
CCCC1(CNC(=O)CCn2cc(-c3ccnn3C)nn2)CC1,0.0013637034029225174
CCCn1nc(C(=O)Nc2nc(C(C)O)no2)ccc1C1CC1,0.0
CCN(CCNC(=O)Cc1cncn1C)C(=O)c1ccc(F)cc1,0.00041591953470725677
CCOc1cccc(CCNC(=O)c2nc3c(s2)COCC3)c1,0.0005594536013231465
CCc1cc(C(=O)N2CCN(C(=O)c3ccoc3C)CC23CCC3)[nH]n1,0.15692823082921958
CCc1noc2ncc(C(=O)N3CCC(C)C(OC)C3)cc12,0.0006311028836246052
CCn1cc(CN2C[C@@H](C)[C@H](CNC(=O)OC(C)(C)C)C2)nn1,0.0004524036212831872
CCn1ccnc(NC(=O)N(C)C(C)C2CCCO2)c1=O,0.0004776665277801607
CN(C(=O)c1cnn(C)n1)C1CCN(Cc2ccccc2)CC1,0.0005559172358526101
CN(C)C(=O)OC1CN(C(=O)C2Cc3c(c(=O)[nH]2)c2ccccc3CO)C1,0.0
CN(C)CC(C)(C)C(=O)N1CCC1CNC(=O)c1cccc(N(C)C)c1,0.0006995760252368694
CN(C)Cc1cc(C(=O)NC[C@H]2C[C@@H](NC(=O)C3(C)CCC3)C2)ccn1,0.00042593352606459236
CN(C)c1nc2c(Cl)cccc2cc1C(=O)N[C@H]1C[C@@H](O)[C@H](O)C1,0.00043262303532386496
CN(CC1CCCN1c1cnc(C#N)cn1)C(=O)c1ccnc(CO)c1,0.0010664249872613175
CN(CC1CN(C(=O)c2cccnc2)C1)C(=O)Cc1cc(C2CC2)on1,0.00040124123694761305
CN(Cc1ccc(C#N)cc1)C(=O)NCC12CCC(C1)C(=O)N2,0.0007253028776478082
CN(Cc1cccnc1)C(=O)NC1(Cc2cccc(F)c2)CC1,0.00043755541317085144
CN1CC[C@]2(C(=O)N3CCc4ccccc4C3CCN)CNC[C@@H]2C1,0.00039581525285367175
CN1CCC(CC(=O)NC2(c3nccc(C(F)F)n3)CCC2)C1=O,0.2169607429259214
CN1CCN(C)CC(C(=O)N(CC2CCOCC2)C2CCC2)C1,0.00042164727500996314
CNC(=O)CN(C)C(=O)c1c(C)c(-c2nn[nH]n2)c[nH]1,0.000667350500337708
CNC(=O)c1ccc(OC)c(NC(C)CC2CCCS2(=O)=O)c1,0.0008796428623927733
CNc1ccccc1C(=O)NC[C@H]1C[C@@H](NC(=O)C(F)(F)C2CC2)C1,0.000678433015781388
CO[C@@H]1CC[C@H]2CN(C(=O)c3ccn(CC(C)C)n3)C[C@H]21,0.0003801253752605946
COC(=O)C1(C#N)CCN(Cc2ccccc2-n2cccn2)CC1,0.001407142036211255
COC(=O)C1CN(C(=O)[C@H]2C[C@@H]3CC[C@H](C2)C3=O)CCN1C1CC1,0.00038507134018454
COC(C(C)NC(=O)N1CCC(c2ncco2)CC1)C(F)(F)F,0.0004284438331254029
COC(C)(C(=O)NC1CC2(C1)C(F)(F)C21CC1)c1ccccc1F,0.0006106915310073531
COC(C)(C)C(=O)NC(CNC(=O)CN(C)Cc1ccccc1)C1CC1,0.00041611710877311245
COC1(CNC(=O)C2(C)CCCCC2)CN(c2nnco2)C1,0.0007905172884332314
COC1CC2(C1)CC2NC(=O)N1Cc2cccnc2N2CCC[C@H]2C1,0.000973238577137092
COCC1(CCNC(=O)[C@@H]2C[C@@H]3CC[C@H](C2)C3(F)F)CCC1,0.0017494013111109044
COCC1CCCN(C(=O)c2ccc3c(c2)CCCCN3C)C1,0.0016898278692763814
COCCN1CCN(S(=O)(=O)N(C)CCC#N)CC1=O,0.22945222978294363
COCc1[nH]nnc2c1CCN(C(=O)C(F)C1CCC1)C2,0.0
COc1cc(C#N)ccc1CNCc1ccc2c(c1)COC(C)(C)O2,0.00101827773459698
COc1cc(C#N)ccc1S(=O)(=O)N1CCC(C)(C)C1C(=O)O,0.00048382219129632916
COc1cc(C(=O)N[C@H]2C[C@H](NC(=O)c3cnsn3)C2)ccc1C#N,0.2865016676003904
COc1ccc(COC(=O)CCc2ccc(C#N)cc2)c(OC)c1C,0.0009438045767124496
COc1ccc(Cl)cc1CNC(C(=O)N(C)C)[C@H](C)O,0.00035221799922629035
COc1ccc2c(c1)C(NC(=O)C1(O)CC(C)(C)C1)CCC2,0.0006503840396537158
COc1ccc2c(c1)C(O)(CNCc1cncc3c1CCC3)CC2,0.0011679324546469592
COc1ccn2c(C(=O)N3CCCC(O)(C(C)C)C3)cnc2c1,0.3078619872363725
COc1cnc(N2C[C@H]3CN(C(=O)CCn4cccn4)C[C@H]3C2)nc1,0.4146466184242286
CS(=O)c1ccc(CNC(=O)C2(c3ccno3)CCC2)cc1,0.00026088741980139667
CSC1(CNC(=O)Nc2cc3ccccc3nn2)CCOCC1,0.0009761911150834547
CSc1nc(Cl)c(C)c(NC2(CCO)CCCC2)n1,0.13419989344390315
Cc1cc(-c2cn(CCNC(=O)C3CCCS3)nn2)ccn1,0.0007489523957347415
Cc1cc(=O)c(C(=O)NC2CCCCC2CNC(=O)C(C)CO)c[nH]1,0.00042769199303677164
Cc1cc(C(=O)O)cc(NCc2nc3c(s2)CC(C)(C)CC3)n1,0.0008836359718353315
Cc1cc(C)nc(NCC2CN(C(=O)Cc3ccsc3)C2)n1,0.0007512905477019534
Cc1cc(N[C@H]2C[C@H](CNC(=O)C3CCC(=O)NC3)C2)c(C#N)cn1,0.32833685167202764
Cc1cc(N)cnc1-c1ccc(CN2CCOC(C)C2)c(C#N)c1,0.0012307137452746513
Cc1cc(N2CCC[C@H]2CN(C)C(=O)C(C)C(C)O)nc(C(F)(F)F)n1,0.0007721421572169279
Cc1cc(F)ccc1OCC(=O)N1CCCC(C)(NC(=O)[C@@H](C)O)C1,0.00033865504851464596
Cc1cc(F)ccc1S(=O)(=O)NCC(C)(C)c1ccncc1Cl,0.0008595506500559301
Cc1cc2c(cn1)CCN2C(=O)N1C[C@@H]2OCCO[C@@H]2C1,0.0004953339168329359
Cc1ccc(-c2nc(C(=O)NC(C)C3(S(C)(=O)=O)CC3)cs2)o1,0.38968877185175377
Cc1ccc(C(=O)N(CCc2nn[nH]n2)C2CC2)cc1S(C)(=O)=O,0.0003197312223810024
Cc1ccc(C2CCCN(C(C)C(=O)NC(=O)NCc3ccco3)C2)cc1,0.00041431128095905946
Cc1ccc(CCOC(=O)Cc2ccn(CC(F)(F)F)n2)cn1,0.0004739080696516479
Cc1ccccc1-c1cnc(N2CC[C@@H]3CNC[C@@H]32)nc1,0.32163540378842825
Cc1cccnc1CC(=O)NC1(CO)CN(c2nccnc2F)C1,0.0004736282115817772
Cc1cnn(C)c1C(=O)NC1CC2(CCN(C(=O)c3ccon3)CC2)C1,0.21782823313127714
Cc1cnoc1C(=O)NCC1(O)CCN(C(=O)C2(C#N)CC2C2CC2)C1,0.35642404474380895
Cc1csc(=O)[nH]1C(C(=O)N1CCCS(=O)CC1)c1ccccc1,0.0
Cc1csc(CC(=O)OCC(=O)NCC2CCCCC2)c1,0.0004674374754853891
Cc1cscc1C(=O)NC(c1ccccc1)C1CC1C(=O)O,0.0006962180999357117
Cc1n[nH]c(CC(=O)N(C)C2CC3CCC(C2)N3C(=O)C2CC2)n1,0.17926468356793038
Cc1nc(-c2cccc(C(=O)NC3CC(C)C34CCCO4)c2)n[nH]1,0.0014462761910160153
Cc1ncc(C(=O)N2C[C@@H]3CCCN(C(=O)c4cocn4)[C@@H]3C2)c(C)n1,0.0005156630607843583
Cc1nnc(CN2CCN(C(=O)[C@H](C)c3ccc(F)cc3)[C@H](C)C2)o1,0.00038997155287023
Cc1nnnn1CC(=O)NCC1CCCN(C(=O)[C@@H]2C[C@H]2C)CC1,0.00020261953782345747
Cn1c(NCc2ncn(C)c2Cl)nnc1C(F)(F)F,0.0005524711854044005
Cn1cccc1C(=O)N1CCN(C(=O)Cn2cncn2)C2(CCC2)C1,0.0008245449984924028
Cn1nccc1CN(C(=O)c1ccc(N)cn1)C1CC1,0.0008362925303714943
N#Cc1cc(N[C@@H]2CCN(C(=O)CCC3CCC3)C2)nc2ccccc12,0.0019360119717390777
NC(=O)c1ccc(-c2ccnc(C3(S)CCC3)c2)c(F)c1,0.34348230697043663
NC1(C(=O)NCC[C@H]2C[C@@H](O)C2)CCOC(C(=O)OCc2ccccc2)C1,0.00032063901786921235
NS(=O)(=O)c1sccc1CNC(=O)NC[C@H]1C[C@@H](O)C1,0.00022609279572137137
O=C(CCF)NC1(Cc2cccc(Br)c2)CCC1,0.0008008568173143155
O=C(CCc1ncc[nH]1)NCC1(O)CCN(C(=O)c2ccccc2)CC1,0.0005512397316851554
O=C(CCn1ccncc1=O)N(CC1CCC1)CC(F)(F)F,0.0004982489517708509
O=C(CSCc1ccccc1)N1CC2CC=C(O2)C1,0.0004831358689662029
O=C(Cc1ccc2c(c1)OCCCO2)NS(=O)(=O)Cc1ccon1,0.00032000126037063503
O=C(NC1CCCN(C(=O)c2cncnc2)C1)c1cnccn1,0.2252231392610434
O=C(NC1CN(C(=O)CCC2CCCN2)C1)c1ccc(C2=CCC2)cc1,0.7571436089774596
O=C(NCc1ccc2c(c1)OCCCO2)NC[C@]12OC[C@H]1C2(F)F,0.0008000374881303936
O=C(Nc1ccc(C(F)(F)F)[nH]c1=O)c1ccn(C2CC2(F)F)n1,0.0007144581361232204
O=C(c1cnc2[nH]c(=O)[nH]c(=O)c2c1)N1CCCC1C1CCC1,0.22852492740051147
OCC1CC2(CC2)CN1Cc1ccc(Br)c(F)c1,0.0007331348854332032
C[C@@H](Cc1ccsc1)NC(=O)NCC12CC(C(=O)O)(C1)C2,0.000416245229224128
C[C@@H]1CN(C(=O)OC(C)(C)C)C[C@H]1C(=O)NCCc1cccn1C,0.00044404854651068274
C[C@H](CNC(=O)c1ccccc1C1CCC1)NC(=O)CC1(CO)CC1,0.0006369027472970202
C[C@H](O)C(=O)N1CCC(CNC(=O)CC2(CS(C)(=O)=O)CC2)CC1,0.0003286872098924386
CC[C@H](CC(=O)NCc1cccc(-n2nncc2C)c1)C(C)C,0.0006273777189083078
CC(=O)N1C[C@@H](C)[C@@H](NC(=O)c2ccn3ccccc23)C1,0.15937285956028904
CC(=O)N1CCC2(CC1)OCc1ccsc1N(c1cccnc1)C2,0.3237447746899089
CC(C)(C#N)c1ccccc1NC(=O)[C@]12C[C@H]1[C@@H]1CC[C@H](N2)C1,0.0017992809599317917
CC(C)C(C)C(=O)NCC1CC2(CCC2)CN1c1ncc2ncn(C)c2n1,0.7229266689713028
CC(C)Cc1cc(C(=O)N(C)CCc2cccs2)[nH]n1,0.001179971055091565
CC(C)N(CCN(C)C)C(=O)N[C@H]1C[C@H](CNC(=O)OC(C)(C)C)C1,0.00048612826944142816
CC(C)Oc1cc(F)cc(NC(=O)N(C)Cc2nnc[nH]2)c1,0.0009344478496981106
CC(C)Oc1nn(C)cc1NC(=O)N1CCC(c2cnccn2)C1,0.001505648421981779
CC(C)c1cnc(N[C@@H](C)c2cncc(F)c2)c(Cl)c1,0.0008507837114721878
CC(C)n1cnnc1CC(=O)N1CC2CC1(c1nccs1)C2,0.00037893761776560054
CC(CCCN)C(=O)Nc1ccc2c(c1)S(=O)(=O)CC2,0.0006376191176516799
CC(CCn1cncn1)NC1COc2ccccc2C1O,0.0003775758560412128
CC(CNC(=O)c1cncc(F)n1)Nc1ncnc2c1CCC2,0.0005307226496784752
CC(CNc1cc(=O)[nH]c(=O)n1C)N(C)C(=O)C1CC12CC(C)(C)C2,0.00039865296181880417
CC(CO)CN(C)C(=O)Nc1cccc2ccccc1cc1c2NCCO1,0.0
CC(NC(=O)c1ccc(N2CCCC2)nc1)c1cc(C(F)(F)F)n[nH]1,0.000587066786141515
CC(NC(N)=O)C(=O)N1CC2(CCN(C(=O)c3cccn3C)C2)C1,0.00024244325351046027
CC(NCC(O)c1cccs1)C1CCN1C(=O)OC(C)(C)C,0.0006388970874269032
CC(O)CCC(=O)N[C@H]1C[C@H](NC(=O)COc2ccon2)C1,0.09051517413175003
CC1(C(=O)N2CCCCC2CNC(=O)[C@@H]2CNC(=O)N2)CCCCC1,0.3320626453492063
CC1(C)CCC(C(=O)NC2(CNC(=O)CCc3ccn[nH]3)CC2)CC1,0.0008095688181476601
CC1(C)CN(c2cc3nncn3cn2)CC2(CCOCC2)O1,0.00040894442951747205
CC1=C(C(=O)N(C)CC(O)CN(C)C(=O)C(C)(C)CF)CCCC1,0.0004392073895731784
CC1=NOC(C(=O)N(C)CC2CCN(C(=O)[C@@H]3C[C@@H]4C[C@@H]4C3)C2)C1,0.0005150508859247178
CC1C(=O)Nc2ccccc2N1C(=O)C1CCC(F)(F)C1,0.5426967229591094
CC1CC(C#N)(C(=O)N2CCN(C(=O)c3cncs3)[C@@H](C(C)C)C2)C1,0.5915016242795043
CC1CC1C(=O)NC(C)(CNC(=O)COC1(C)CCC1)C1CC1,0.18122677950643684
CCC(=O)N1CCC2(CC1)CN(c1ccc3c(n1)CCCC3=O)C2,0.0010268965328602891
CCC(C)(C)C(=O)N1CCOC(C)(CNC(=O)c2ccc(C)cc2)C1,0.0005255816056163843
CCC(F)C(=O)N1CCCC1(C)CNC(=O)c1cn2c(n1)CC(C)CC2,0.2736325152848283
CCC1(C(=O)NC2CCCC23CN(C(=O)C2CCC(=O)N2)C3)CC1,0.00024914510688880617
CCC1(NCc2nnc3c(=O)[nH]ncn23)CN(C(=O)OC(C)(C)C)C1,0.0003651821407536746
CCC1(O)CCN(c2ccc(C(=O)NC[C@@H]3C[C@H]3c3ccccc3)nc2)C1,0.41402022317865295
CCCN(CCNC(=O)c1cccnc1C)C(=O)C1CCC1(C)C,0.00047371124257837105
CCCNC(=O)C1CCCN(C(=O)c2ccccc2F)C1,0.0005979663147737664
CCCS(=O)(=O)Cc1ccc(NCC(OC)C2CCCC2)nc1,0.0009533618886484319
CCN(CC)c1ccc(C(=O)N2CCC(CC#N)C2)cc1,0.8409173816547366
CCOC(=O)CC1(NC(=O)C2(C3CCC3)CC2)CS(=O)(=O)C1,0.00035592864593591645
CCOc1ccc(NC(=O)NCCF)cc1OCC,0.000906669357500486
CCSCC(=O)NC1CN(C(=O)C2CCO2)CC2(CCOCC2)C1,0.00029917429657398063
CCc1cccc(CNC(=O)c2cnc(N3CCOCC3)c(F)c2)c1,0.0007462801201522037
CCc1nc(C(=O)N2CCC3(CCN(C(=O)C(C)C#N)CC3)C2)c[nH]1,0.0014195609131987079
CCc1nncn1CCNC(c1ccccc1)C1(COC)CC1,0.0005319201358368279
CCc1oc2ccccc2c1CN1CCOC(C)C1C,0.001177443424561024
CCc1oc2ccccc2c1CNC(=O)NC1C[C@@H]2CSC[C@H]2C1,0.0018065447782089005
CN(C(=O)[C@H]1CC[C@@H](NC(=O)c2ccccc2)CC1)C1CCSC1,0.0008121142570610659
CN(C)c1cnc(C(=O)NC2(C(=O)Nc3ccccc3)CC2)cn1,0.00048458431004164495
CN(CC(=O)Nc1ccccc1F)C(=O)C12CCCC3(COC(=O)C1)C23,0.0
CN(CC1CCN(c2cncc(Cl)n2)C1)C(=O)c1ccn(C)n1,0.31749989267009654
CN(Cc1cc(Cl)cn1C)C(=O)C1CN(C(CCN)C(F)(F)F)C1,0.00036729178282144905
CN(Cc1ccc(C#N)cc1Cl)C(=O)c1nc(C2CC2)co1,0.8736906894355423
CN1C[C@H](NC(=O)c2ccc(NCc3ccccc3F)cc2)CC1=O,0.0009859867869908216
CN1CCC[C@@H](N(C)C(=O)NC2COCC2(C)C(F)(F)F)C1,0.0004253011137859152
CNC(=O)C1CC(C)CN(C(=O)CN(C)C2CC2)C1,0.0002843272789833137
CO[C@]12CCC[C@@]1(C(=O)NC(=O)NCc1cccc(OC(C)(C)C)n1)CC2,0.1736756628085638
COC(C(=O)N[C@H]1C[C@H](NC(=O)c2ccsc2)C1)C1CC1,0.00047736917631877545
COC(C)CC(=O)N1CCOC(C(C)Nc2nccc(CC#N)n2)C1,0.0011883473243314944
COCC(=O)NC(C)CCNC(=O)c1ccc(C2CCOC2)cc1,0.0004883508736542149
COCc1[nH]nnc1-c1nnc(N2CC(C)(C)CC2(C)C)n1C,0.0014254770574534236
COc1cc(C)nc(NCCN(C)C(=O)c2ccc(N(C)C)nc2)n1,0.2199466475274472
COc1cc(F)ccc1S(=O)(=O)NCc1ccc(C)s1,0.0006899708047231886
COc1ccc(C)cc1[C@@H](C)NS(=O)(=O)c1cnc2n1CCC2,0.0005061873793274916
COc1ccc(C)cc1NC(=O)NCCc1cncc(C)n1,0.0008557409482697742
COc1ccc2c(c1)N(C(=O)c1cc(O)ccc1OC)C(C)C(=O)N2C,0.48855108095523087
COc1cccc(C(=O)N(C)CCNC(=O)CCc2cnn(C)c2)c1,0.0004895158953957964
COc1ccccc1CC(C)(C)C(=O)NCCn1cc(C2(O)CC2)nn1,0.0005588469555134526
COc1ccncc1CN1CCOCC1(C)c1ccc(C#N)cc1,0.0015691496423193537
COc1cnc(N2CCC3(CCC(=O)CC3)CC2)c(Cl)c1,0.7310399535521032
CS(=O)(=O)C1(C(=O)N2CCN(C(=O)c3c[nH]cc3C3CC3)CC2)CC1,0.0006046656230565426
CS(=O)(=O)c1cccc2c1N(C(=O)c1c[nH]c(=O)[nH]c1=O)CC2,0.0004828221430776308
CSC1(CNC(=O)N2CCCCC3C(CN)C32)CCC1,0.0006476605525379091
Cc1cc(C(=O)N[C@@H]2CCCN(C(=O)c3ccc(C(C)C)[nH]c3=O)C2)on1,0.22360914111511818
Cc1cc(C(=O)N2CC(C)(NC(=O)C3(C)CCNC(=O)C3)C2)c(C)[nH]1,0.18089119264570785
Cc1cc(C(=O)N2CCC(NC(=O)c3cccc(C#N)c3C)C2)ncn1,0.39727594112474346
Cc1cc(C(=O)OCc2ccc(CN3CCOCC3)cc2)ccn1,0.0004791461764526138
Cc1cc(Cl)c(NC(=O)c2cn(C3COCC3=O)nc2C)cc1C,0.4469906073556328
Cc1ccc(-n2nc(C)cc2C(=O)N2CC[C@@H]3CN(C)C[C@@H]3C2)cc1C,0.23830054566534373
Cc1ccc(C#N)c(NCC(C)CNC(=O)c2cc(=O)[nH]c(=O)[nH]2)n1,0.0006824546442866755
Cc1ccc(C#N)nc1N1C[C@H]2C[C@@H]1CN2C(=O)[C@H]1C[C@](F)(CO)C1,0.0007799735159003661
Cc1ccc(S(=O)(=O)N2CC[C@@H]3CC[C@@]32)c(F)c1,0.0007725743967161101
Cc1ccc2c(c1)nc(CNC(=O)N[C@H]1CCC(F)(F)[C@@H]1O)n2C,0.0011210436138764503
Cc1cccc2c1c(CCNC(=O)N1CC3(CNC(=O)C3)C1)cn2C,0.0010654171670027197
Cc1ccccc1C(=O)NCC1CCCN1C(=O)C(F)F,0.0005107747897150878
Cc1cnc(N2CC(CNC(=O)CC3COC(=O)C3)CC2C)nc1O,0.0008900406735914928
Cc1coc(C(=O)NC(C)CNC(=O)c2cn3c(n2)CCCC3)c1,0.0003896593819029747
Cc1ncc(CC(=O)N(C)C(C)CNc2ncc(C)c(C(C)C)n2)o1,0.00044959837869365
Cc1ncc(CC(=O)NCC2CCN2C(=O)[C@H]2C[C@H]3[C@@H](C2)C3(F)F)o1,0.0003005317686757594
Cc1nccc(C(=O)N2CCC(NC(=O)c3cc(C#N)ccc3C)C2)n1,0.3494089551457399
Cc1oc(C(C)(C)C)cc1C(=O)N1CCN(c2ccnc(C#N)n2)CC1,0.001612817730412721
Cc1sc(C(=O)NCc2ncn(C)c2Cl)nc1O,0.0006800289357400053
Cn1c(=O)sc2ccc(NC(=O)NC3(C(=O)O)CC3)cc21,0.5432912961359257
Cn1cc(C(=O)OCc2cc(C(C)(C)C)[nH]n2)c(Cl)n1,0.0007297911701335168
Cn1cc(Nc2cccc(S(C)(=O)=O)c2Br)nn1,0.0010906450576492505
Cn1cc2cc(CNc3cccc(CN4CCOCC4)c3)ccc2n1,0.0017026625929515318
Cn1ccc(C(=O)N2CCC3(CC2)CCS(=O)(=O)C3)c1C1CCC1,0.0008964523356527779
Cn1ccc(C2CCCN(C(=O)Nc3ccc(F)c(C#N)c3)C2)n1,0.001789888970144041
Cn1cnc(C(=O)NC23CCCC2N(Cc2ccc(F)cc2)CC3)c1,0.0012309889175911124
Cn1nc(C(=O)O)c(Br)c1CN1CCCC(N)(CO)C1,0.269975018218168
Cn1nncc1CC(=O)N1CC2CC1CN(C(=O)COC1CCCC1)C2,0.0007618389917560788
N#CCc1ccnc(NC[C@H]2[C@@H]3CN(C(=O)c4c[nH]c(=O)[nH]c4=O)C[C@H]23)n1,0.33370778340621343
N#Cc1ccc(F)cc1COC(=O)C1CCC2COCCC2C1,0.0018250118767576178
N#Cc1cccc(CSc2ccccc2C(=O)NC2CCC(N)CC2)c1,0.0019877814737773126
N[C@]1(C(=O)N(CCN2CCOCC2)CC2CC2)C[C@H](O)C12CCC2,0.0005185448929888229
NC(=O)c1ccsc1NC(=O)N[C@@H]1C[C@@H](n2ccnc2)C1,0.0005817846945953802
NCc1ccc(CNC(=O)c2cnc(Br)s2)cc1,0.0007561043967345423
O=C(C[C@@H]1CNC[C@H]1O)N1CCC(OCc2nc(C3CC3)no2)C1,0.0002790109614958093
O=C(CCC1CC1)N[C@H]1C[C@@H](CNC(=O)c2coc(CO)c2)C1,0.00022663825211614215
O=C(CCn1ccnc1)N1CCN(C(=O)c2cnsn2)CC12CCC2,0.0009274947481981178
O=C(CN1CCn2ncc(O)c2C1)N1[C@H]2CC[C@@H]1C[C@H]1C[C@@H](F)(C2)C1,0.0
O=C(Cc1ccc(-n2cccn2)cc1)N1CCC(OCCN2CCCC2)C1,0.0015413007916262006
O=C(N[C@@H]1CCN(c2nc3ccccc3c(=O)[nH]2)C1)C(F)(F)CC1CC1,0.001414333042522315
O=C(N[C@H]1C[C@@H](CNC(=O)c2cc(O)ncn2)C1)C1CCCC2CC21,0.20454187092245302
O=C(NC[C@H]1CCN(C(=O)c2cc(Cl)cc3c2OCC3)C1)C1CCO1,0.0005429509793014129
O=C(NC(CCO)C(F)(F)F)c1ccc2c(c1)OCCCCO2,0.0005761359022121122
O=C(NC1CC2CSCC2C1)c1cccc(C2(F)COC2)c1,0.0008219015842246127
O=C(NCC1(O)CCOC1)Nc1cnn(CC2CCC2)c1,0.0005640009969743951
O=C(NCC1CC12CCC(O)CC2)N1CCOCc2cccc(F)c21,0.0010250377397835902
O=C(Nc1ccc(N2CCCC2)cn1)C1CCCc2[nH]nnc21,0.0005808424255211008
O=C1CCCN(C(=O)[C@H]2C[C@@H]3C[C@H]2CC3(F)F)c2ccccc21,0.7824410827833084
O=C1NCCn2c(CCn3cc(COC4COC4)nn3)nnc21,0.0001663372541964475
OCCc1nc(CNCc2ccc(OCC(F)F)cc2)n[nH]1,0.0003460459264658739
Oc1cc(-c2nc(C(F)(F)F)no2)c(Br)cn1,0.0016038428422780614
c1ccc2c(c1)OCC2CNCc1nnc(C2CCC2)o1,0.0003721974106678667
C[C@@H]1CN(C(=O)[C@@]2(N)CCC[C@H](C)C2)[C@H](c2ccccc2)CO1,0.0004488845711028558
C[C@@H]1CN(S(=O)(=O)N2CC(F)C2)CCN1C(=O)CCc1ccccc1,0.0003333902612397185
C[C@H](CNC(=O)C12CCC(CC1)CC2)NC(=O)C1(C)CC2CCC1C2,0.4729046313841782
C=Cn1nccc1C(=O)N1CCN(C(C)c2nc(C)no2)CC1,0.00102069540001131
CC[C@@H](C(=O)N1CC(C)(NC(=O)CC(C)(C)C2CC2)C1)N(C)C,0.20781433820496586
CC[C@H](NC(=O)Nc1ccc2c(c1)C(C(=O)NC)CCC2)C(F)F,0.0006339112968661736
CC(=O)N1[C@H]2CC[C@@H]1C[C@H](NC(=O)c1cc3n(n1)CC(F)C3)C2,0.00033702952634600706
CC(=O)N1CCC2(CC(NC(=O)c3scnc3C(C)C)C2)C1,0.000597805000265998
CC(=O)c1cccc(OCC(O)CN2CCC(NCCO)CC2)c1,0.1988521498926995
CC(C(=O)Nc1ccc(-c2nnc[nH]2)cc1)N1CCSC2(CCC2)C1,0.0017133097874849081
CC(C)(CF)C(=O)N[C@@H]1C[C@@H]2CC[C@H](C1)N2C(=O)c1nonc1N,0.36979053601315537
CC(C)(O)C1CCCN(C(=O)c2cnc(-c3ccc(Cl)cc3)o2)C1,0.0019055130170723587
CC(C)(F)CCC(=O)N1CCOC2(C1)CN(C(=O)C1(F)CC1)C2,0.0003621201665558172
CC(C)C(=O)N1C[C@@H]2C[C@H]1CN2C(=O)c1ccc(S(N)(=O)=O)nc1,0.00019621750910869264
CC(C)c1[nH]ccc1C(=O)N1CC(C)(C)C[C@H]1CNC(=O)CCC(N)=O,0.0005000387404845343
CC(CC(F)F)NC(=O)N1CCc2ccc(F)c(F)c21,0.0009432297995623889
CC(CN(C)c1ncnc2cccc(F)c12)NC(=O)C1COCCN1C,0.0006809341032787538
CC(CNC(=O)C(C)N1CCNCC1)c1ccccc1Cl,0.0003851735275898141
CC(NCC1CCc2ccccc2C1)(C(=O)O)c1ccsc1,0.0007342407402288034
CC1(C(=O)N[C@H]2C[C@H](Nc3ccnc(C(F)(F)F)n3)C2)CCCO1,0.0010829863597949302
CC1(C)CN(C(=O)Nc2ccc(-n3cnccc3=O)cc2)CC1CN,0.34008549711240504
CC1(C)COCC(CNC(=O)c2ccc(CC3CC3)cc2)O1,0.0006909955469572761
CC1(C)Cc2cccc(CCNC(=O)C3(C)CCC(C)(C)CN3)c2O1,0.0006811959261593966
CC1(c2cc(NC(=O)N3C[C@@H](F)[C@H](CO)C3)on2)CCCO1,0.0007951339675005151
CC1(c2ccnc(CNC(=O)C3(C)CCOC3)c2)OCCO1,0.0003003595960157621
CC1CC1C(=O)N1C[C@@H](C)[C@@H](NC(=O)Cc2ccc(C(F)F)cc2)C1,0.0004776811815772165
CC1CC1C(=O)N1CCC(CNC(=O)c2cc(F)cnc2O)C12CC2,0.15896262833988023
CC1CCN(Cc2ccc3c(c2)CCCC3)CC1c1nn[nH]n1,0.0005761903263971652
CCC(=O)N1CCc2ccc(NC(=O)N3CC[C@@]4(O)CCCC4C3)cc21,0.0015924511429871756
CCC(=O)NC(C)C1CCN(c2nnc(CCOC)s2)CC1,0.0006293493478685103
CCC(=O)Nc1ccc(F)c(C(=O)NC2CCN(CC(C)O)CC2)c1,0.00081218070212734
CCC(C)CC(=O)NC1(C)CN(C(=O)[C@H]2CCCN2C(C)=O)C1,0.2112720646075489
CCC(C)OCC(=O)N1C2CCC1CC(NC(=O)C1CCC1(C)C)C2,0.0005418863484464444
CCC(CC)(CC)C(=O)NCCN(C)C(=O)c1cncc2[nH]ccc12,0.0016027508889298512
CCC(CNC(=O)[C@H]1CC[C@H](NC(=O)CCC(F)(F)F)CC1)OC,0.0005823243295131891
CCC1(C(=O)N2CCCOC(CNc3ccc(C#N)cn3)C2)CCC1,0.0015618828343420307
CCN(CC)C(=O)CCC(=O)NC[C@@H](C)NC(=O)C1(C2CC2)CC1,0.14769429948245497
CCN(CC)CC(=O)N1CC(O)(CNc2nc(C#N)ncc2Cl)C1,0.000998773047342364
CCN(CCNC(=O)C1CCOC1)c1cc(=O)n(C)c(=O)[nH]1,0.0004794702228926356
CCN(Cc1cccc(NC(=O)C2CC(=O)C2)c1)CC1CCNC1,0.0005622396606333988
CCOC(=O)C1(NCc2c3c(nn2C)CCCC3)CCC(C)(C)CC1,0.0013872836050205645
CCOC(C)(C)C(=O)N1CC([C@H](C)NC(=O)c2ncc(OC)cn2)C1,0.1755120392169544
CCOc1cccc(C(=O)N(CC)CCNC(=O)C(O)C2CC2)c1,0.00041824890691750407
CCS(=O)(=O)C1(CNC(C)c2cccc(OCC#N)c2)CC1,0.00115737504260408
CCc1cc(C(=O)N(C)C[C@H]2CCCN2C(=O)C2CCC(=O)C2)n(C)n1,0.16649210664077183
CCc1ccc(C(=O)N2CCN(c3ccnc(C#N)n3)C(CCO)C2)o1,0.001049946582254841
CCc1ccc(C(=O)NC2CN(C(=O)CCC(C)(C)C)CC2(C)C)[nH]1,0.00046028502226662637
CCn1cc(Br)cc1-c1ncn(CC2CCOC2=O)n1,0.0015810056107970316
CN(C)Cc1ccccc1NC(=O)C1CC(=O)N(CC2CCCO2)C1,0.0012177406579213907
CN(CCN(CCc1ccccc1)C1CC1)c1nnc(C(F)F)n1C,0.44471270003117197
CN(CCN1C(=O)CCN(CCC2(C)OCCO2)C1=O)C1CCC1,0.20424569840387405
CN(CCNC(=O)c1cn2c(n1)CCCC2)C(=O)[C@H]1CC1(C)C,0.00038547824670004773
CN(Cc1ncno1)C(=O)N(C)C1CCCN(c2ccccc2)C1=O,0.0006027103836665986
CN(Cc1noc(C(F)(F)F)n1)[C@@H]1CS[C@H](C(F)(F)F)C1,0.0007513902124972577
CNC(=O)c1ccc(CN2CCN2C(=O)C2CC3CCCC32)cc1,0.0004863616186573854
COC(=O)COCC1CCCN(C(=O)COCC(F)(F)F)C1,0.14787115847966742
COC(=O)N(C)CC(=O)OCc1cc(=O)c2ccccc2o1,0.3513030917402022
COC(=O)N(C)CCCC(=O)Nc1cc(CO)cc(C#N)c1,0.0011682897941731666
COC1(C(=O)NCC(N2CCNCC2)C(F)(F)F)CCC1,0.0003364353357332985
COC1(CC(=O)N2CC(C)(NC(=O)C34CCCC(C3)OC4)C2)CC1,0.2979830981091996
COCCC(=O)N(C)CC1COCCN1C(=O)COC1COC1,0.00032482250330270876
COCCN(CC(=O)NC(C)C)S(=O)(=O)c1sccc1C,0.0005092274298207668
COCc1ccc(C(=O)N2C[C@@H]3C[C@H]2CN3c2cc(F)ncn2)cc1,0.0006512563862848404
COc1cc(C(=O)NCC2(C)OCCc3ccccc32)ncn1,0.00035576801372874293
COc1cc(CC(=O)N2CC3CCC2CN3C(=O)C(C)C#N)ccn1,0.00044931418485432567
COc1cc(CN2CCCC(c3cccc(C#N)c3)C2)ncc1C,0.0017395414748039438
COc1cc(F)c(C(=O)NC(C)(C2CC2)C2CC2)c(F)c1,0.4625393597956928
COc1ccc(C(=O)N2CCC3(CCCO3)CC2)c2ccccc12,0.0008890225309022954
COc1ccc(C2=CCN(CC3CC4(CC4)S(=O)(=O)O3)C2)cc1,0.0004740722055550872
COc1ccc(CNC(=O)NC(C)CN2CC(C)OC(C)C2)nc1,0.00030671958829383547
COc1ccc2c(c1)CCC(C(=O)N1CC(c3cn(CCF)nn3)C1)C2,0.0008469390271027752
COc1ccccc1C(O)C(=O)OCc1coc(S(C)(=O)=O)c1,0.0003982399275704739
COc1nc(Cl)c(CN[C@@H]2CCSc3ccc(OC)cc32)n1C,0.0008169473718515902
Cc1c[nH]cc1C(=O)NC1(CNC(=O)c2ccccc2N(C)C)CC1,0.21934364786202887
Cc1c(Cl)cc(F)cc1C(=O)N[C@H]1CC[C@H](NC(=O)CC#N)CC1,0.3735776208164354
Cc1cc(=O)[nH]c(C)c1C(=O)N1CCC(c2cccs2)C1(C)C,0.0005840850796472321
Cc1cc(=O)c(CNC(=O)Nc2cccnc2C2CC2)c[nH]1,0.00040918693615174756
Cc1cc(C#N)cc(C)c1CC(=O)N1CCn2cncc2C1,0.0015423146443687833
Cc1cc(C(=O)N2CC([C@@H](C)NC(=O)c3cc[nH]n3)C2)ncc1C(N)=O,0.0002363531370986982
Cc1cc(C2CCCN(C(=O)NC(C)c3nnnn3C3CC3)C2)[nH]n1,0.0004426176380150509
Cc1cc(O)nc(C(=O)N2CCOC3(CCc4ccccc43)C2)c1,0.0004370537163502114
Cc1ccc(C(=O)N2CCC(C(C)NC(=O)C3CC3(F)F)C2)cc1CO,0.0005170884086720486
Cc1ccc(C(=O)N2CCCC2CN(C)C(=O)c2ccnn2C)nc1,0.14003430106809425
Cc1ccc(C(=O)NCC2(O)CN(Cc3cccnc3)C2)c(C2CC2)n1,0.0853973541638739
Cc1ccc(C(=O)NCCC2CCN(C(=O)c3ccns3)C2)s1,0.0005417336777733946
Cc1ccc(C(=O)NCCN(C)C(=O)c2ncnc3c2CCCC3)cn1,0.0003097345263260893
Cc1ccc(C2CC2C(=O)NCCc2nnc(N)o2)cc1,0.4567547274477273
Cc1ccc(CC(=O)N2CCC3(CC2)COC(C)(C)C3)cc1O,0.0007296040552982951
Cc1ccc(CC(NC(=O)CCc2nccs2)C2CC2)cc1,0.0005338927083775643
Cc1ccc(NCC(O)CNC(=O)Cn2nnc3c2CCCC3)nn1,0.00035408696968154517
Cc1cccc(Br)c1CN1CCN(C)CC1(C)CO,0.00047064862571230434
Cc1cccnc1CC(=O)NCCc1nc[nH]c1Br,0.00034119631620211814
Cc1ccnc(O)c1C(=O)N1CC2CCCC(C1)N2c1nnc(C)o1,0.17211627774753158
Cc1cnc(N(C)CCCN2CCN(C)CC2)c(C#N)c1,0.0013300627431186258
Cc1coc(S(=O)(=O)NCc2ccc(CC(C)C)cc2)c1,0.000801471589544209
Cc1nc(Cl)nc(N[C@H]2C[C@@H](CNC(=O)c3nc(C)c(C)[nH]3)C2)c1C,0.7103737271847419
Cc1ncc(C(=O)N(C)C2CCS(=O)(=O)C2)cc1Cl,0.0004942533601951135
Cc1nccc(C(=O)N2CCC(CF)(NC(=O)c3cnn(C)c3)C2)n1,0.13700118529142327
Cc1nccnc1C(=O)N1CCC2(C1)CN(C(=O)c1cn[nH]c1)C2,0.000561218535816865
Cc1nccnc1C(=O)N1CCN(C(=O)c2cnccn2)[C@@H](C)C1,0.19763507984259446
Cc1ncn(C)c1C(=O)N1CCc2cc(F)ccc2C1C,0.0007489310198826644
Cc1ncncc1C(=O)N1CC[C@H](NC(=O)Cc2cnsc2)C1,0.00034805489623105024
Cc1nocc1C(=O)NCc1cn(C2CN(C(=O)CC#N)C2)nn1,0.00037001568432723573
Cc1occc1C(=O)NC1C2CCCCN(C(=O)Cc3cnco3)C21,0.0006985853246816472
Cc1sc(C(=O)N2C3CCC2CN(c2cc(O)ncn2)C3)nc1O,0.29488157813632904
Cn1cc([C@@H]2C[C@H]2NC(=O)Cn2cc(C3(O)CCCCC3)nn2)cn1,0.0005312400659943812
N#CC1(C(=O)N2C3CCC2CN(C(=O)CCC2CCC(=O)N2)C3)CCC1,0.0011380635399988997
N#Cc1ccc(C(=O)NC2CN(C(=O)C3CCCC4(CCC4)C3)C2)cc1,0.0017847569571846425
N=S1(=O)CCC(NCC(O)C2CCCC2)c2ccccc21,0.0006084246169759949
NC(=O)CC1CCCN(Cc2ncc(Br)s2)C1,0.0003576624477280951
NC(=O)c1cccc(CN2CCC2c2cn(C3CC3)nn2)c1,0.00031322263126894856
O=C(C1CCC1F)N1CC(NC(=O)[C@H]2C[C@@H]2c2ccccc2)C1,0.000242522188293359
O=C(CCNC(=O)Nc1ccccc1Cl)N[C@@H]1CCC[C@@H]1C(=O)O,0.0011754808811228852
O=C(CCOC1CC1)N[C@H]1[C@@H]2CN(C(=O)c3csnn3)C[C@@H]21,0.00035218351349971156
O=C(CCSc1ccc(F)c(F)c1)C1CCS(=O)(=O)C1,0.0005934517575587237
O=C(CCc1ccc(-c2ccccn2)o1)N1CC(F)(CO)C2(COC2)C1,0.0012351694535752138
O=C(N[C@H](C(=O)NCC1CCC12(CCC2)C(=O)O)c1ccccc1,0.0
O=C(NC1(C(=O)Nc2ccc(F)cc2)CCCC1)c1cocn1,0.30894348055541115
O=C(NCC1(O)CCCc2ccccc21)C(F)(F)C1CCNC1,0.0004240468824123409
O=C(NCC1CC2(CCOC2)C1)Nc1cccnc1-n1cccn1,0.41712474391790577
O=C(NCCC1CC2(CCC2)C1)NCC(O)c1ccoc1,0.0005270008997345012
O=C(c1cnc(OC(F)F)cn1)N1CC=C(Br)CC1,0.0005639552654388846
O=C1CC(C(=O)NCC2COC(=O)N2)c2ccccc2N1C1CC1,0.48041973449935205
O=C1CCC(C(=O)N2CCN(C(=O)c3cnc(Cl)[nH]3)C3(CCC3)C2)C1,0.0003627682927574064
O=C1CCC(C(=O)NCC2(CNc3nnc(C(F)F)o3)CCC2)CN1,0.0003795156996049877
O=C1NCCc2ccc(CN[C@@H]3CCC[C@@H]3c3ccc(F)cc3)cc21,0.0006674853588811999
O=S(=O)(Cc1c(Cl)cccc1Cl)N1CCC[C@H]2CC[C@@H](O)C[C@H]21,0.0008977610932934661
OC1(Cn2ccc3ccc32)CN(CC2(C(F)(F)F)CCCCC2)C1,0.8855322910308254
C[C@@H](CNC(=O)[C@@H]1C[C@H](C)O[C@H](C)C1)NC(=O)C1(C)CCCO1,0.00042093553895578516
C[C@H]1CN(Cc2nsc3c2CCCC3)CCN1C(=O)c1ccccn1,0.0006045605765023961
C=C(Cl)CCC(=O)N1CC[C@H](CNC(=O)CCOC2CC2)C1,0.0003488741356694287
C=Cn1nccc1C(=O)NCC1(NC(=O)Cc2ccc(C)o2)CC1,0.2506517008062927
CC[C@@H]1C[C@H]1C(=O)N1CCC(C)C(NC(=O)CCC2CCOC2)C1,0.0002714687589538198
CC[C@@H]1CN(C(=O)COC(F)(F)F)C[C@@H]1NC(=O)c1cc[nH]n1,0.0004150383459978625
CC(C)(C#N)C(=O)N[C@H]1CC[C@H](NC(=O)c2ccc3[nH]c(=O)[nH]c3c2)CC1,0.0013636169909179844
CC(C)(C(=O)Nc1cccc(-c2nnc3n2CCC3)c1)C1CCCNC1,0.0017708468808114713
CC(C)(O)Cn1cc(C2CCCN2C(=O)c2nncn2C2CC2)nn1,0.00040435822446284963
CC(C)N(C)C[C@H](O)CN1CCC(c2ccc(O)cc2)CC1,0.0004579115616534052
CC(C)N(Cc1cc(C2(C#N)CC2)c[nH]1)C(=O)c1cn(C)nc1N,0.0015364285050859495
CC(C)NS(=O)(=O)c1ccccc1NCC1(C)CC(O)CN1C,0.00037642608386847674
CC(C)c1nc2nccc(N3CC(C)C(CC(=O)O)C3)n2n1,0.2835601451940335
CC(CCNC(=O)CC1CCCC1)NC(=O)C1CC2(CCOC2)C1,0.0009896248054213031
CC(CS(C)(=O)=O)C(=O)N1CC(C2CN(c3ccncn3)C2)C1,0.0006147138881347743
CC(NCC(O)C(F)(F)F)c1cccc(N2CCNC2=O)c1,0.0006911995035460528
CC(O)C(C)C(=O)N1C[C@@H](F)C[C@H]1CNC(=O)C(F)c1ccccc1,0.0004907511071307464
CC1(C)CCC(C(=O)N2CC3(CC(NC(=O)c4ccccc4)C3)C2)O1,0.38810805886773236
CC1(CC(=O)NC2CC23CCN(C(=O)c2ccon2)CC3)CC1,0.0005753383616601433
CC1(CNC(=O)[C@H]2CCCO2)CCCN1C(=O)c1cc2c([nH]1)CCCC2,0.0008156219026425323
CC1C(NC(=O)c2ccc(CO3CCOCC3)o2)CCCN1C,0.0
CC1CC(NC(=O)C(F)C2CCOCC2)CN1C(=O)c1ccn(C)c1,0.00044688556824103544
CC1CC(F)(F)CN1C(=O)NC1CCC(O)(C(C)(C)C)CC1,0.0005327335170762779
CCC(C#N)C(=O)N1CCC2(C1)CN(C(=O)c1cscn1)CC(C)O2,0.0010506272856587418
CCC(C)(C#N)C(=O)NC1CCC2CN(C(=O)C(C)(F)F)CC21,0.5907235068552672
CCC(CN1CCCC1)NC(=O)c1nccc2ccncc12,0.3804577429749123
CCC1(CC)C(NC(=O)c2ccc3c(c2)CN(C)C3)CC1OC,0.0007491956058524469
CCC1(NC(=O)c2ccn3ccc(C)cc23)CCOC1,0.0004743303890072312
CCC1=NOC(C(=O)N2CCC(NC(=O)C(C)(CC)CC)CC2)C1,0.3666478977373519
CCC1CCCC1C(=O)N[C@H]1C[C@H](Nc2[nH]c(=O)n(C)c(=O)c2C#N)C1,0.0010308453596681326
CCC1NCCC1C(=O)N1CCn2c(cnc2-c2ccc(F)cc2)C1,0.0016438990855937212
CCCC(=O)N1CCN(C(=O)C(F)c2ccccc2)CC1C,0.000511754063955916
CCCC(CC)c1cn(C(C)C(=O)N[C@]23CC[C@H]2CNC3)nn1,0.0006629997997250742
CCCCC(=O)NCC1CCC2CN(C(=O)C3(C#N)CCC3)CCC2C1,0.8364186798889343
CCN(C(=O)Nc1cnc(-c2ccccn2)nc1)C(C)C,0.001745092131654665
CCN(CCNC(=O)c1ccn(C)c1)C(=O)c1cncc(N(C)C)c1,0.4881702007667664
CCN(CCF)CCNC(=O)c1cccn(C2CCC2)c1=O,0.0006135831963662526
CCN(Cc1c(F)cccc1F)CC1CCN(C(=O)NC(C)C)CC1,0.0010325254857884959
CCN(c1ccc(F)cc1)S(=O)(=O)c1ccc2c(c1)CCOC2,0.0008668109506795658
CCN1CC(C(=O)N2C[C@@H]3C[C@H]2CN3C(=O)CN(C)C)CC1=O,0.1002392564958054
CCOC(=O)C1(NS(=O)(=O)c2ccc(C)cc2C)CCCC1(C)C,0.000593577808401982
CCOCc1cn(-c2cnccc2C(=O)N2CC(OC)C2)nn1,0.00045104390307809113
CCS(=O)(=O)CCC(N)c1nc(-c2ccc(C)o2)no1,0.0006435420686629127
CCS(=O)(=O)NC1CN(C(=O)c2ccc(=O)n3c2CCCCC3)C1,0.08215780532286489
CCc1cc(C(=O)NC(C)CC(C)NC(=O)C2(CN(C)C)CC2)cc(C)n1,0.000399255632402271
CCc1cc(C(=O)NC2(C)CN(C(=O)c3coc(=O)[nH]3)C2)[nH]n1,0.0004625370553687709
CCc1nc(N2CC(C)(NC(=O)Cc3cccc(O)c3)C2)sc1C,0.0013249427633625376
CCc1nccc2cc(C(=O)NC3CN(CC(C)(C)C)C3)ccc12,0.26836036770615984
CCc1ncnc(NC(C)(C)CNC(=O)C2(C)CC2(F)F)c1F,0.0012554080328288015
CN(C1(C)CCCC1)S(=O)(=O)c1cccc2c1CCC2,0.0005647062854227614
CN(CCNC(=O)c1cnn2ccccc12)C(=O)COC1(C)CCCC1,0.36278270213062086
CN1CC(NC(=O)c2ccc(-n3cncn3)cc2Cl)CC12CCC2,0.0013858551434842398
CNC(=O)C(C)N1CCCC1CNC(=O)Cc1ccc(Cl)cc1,0.00036131554795216787
CNC(=O)C1(NC(=O)c2ccc(-n3ccnc3)cc2)CCOCC1,0.0005943415467306199
CNC(=O)C1CCCN1C(=O)c1ccc(-n2ccnc2)cc1C,0.0005586939024814461
CNC(=O)CCC(=O)N1CCC[C@]1(C)CNC(=O)CC1(C)CC1,0.20261188849152995
CNS(=O)(=O)c1ccc(OCC2CCC(O)CC2)c(OC)c1,0.0004736362501866512
COC(=O)[C@H](NC(=O)C(O)c1cccc(OC)c1)c1cccc(OC)c1,0.0005727391001928643
COC(=O)C1CC2(C1)CC(C(=O)N1CC(N(C)C)Cc3ccccc31)C2,0.43764496635773087
COC(=O)N1CCCC1C(=O)OCc1nccc2ccccc12,0.29750367836058017
COC(=O)c1ccc(C(=O)NC2CC3CCC2(C(=O)O)C3)cc1Cl,0.0005028434163528418
COC(=O)c1ccc(CCNC(=O)C(O)CC2CCOCC2)cc1,0.0004070048164855603
COC(=O)c1ccc(N)nc1NCC1(c2ccc(F)c(Cl)c2)CC1,0.0007813976832530186
COC(=O)c1cncc(NC(=O)c2cccc(OCC3CC3)c2)c1,0.6956263148966999
COC(C(=O)N1C[C@H](C)[C@H](NC(=O)c2cc(O)ncn2)C1)c1cccnc1,0.10219346871378862
COC(C)(C)CC(=O)N1CC(CNc2ncnc(-c3ccccc3)n2)C1,0.5596933555562231
COCC(=O)N1CCC(N(Cc2ccccc2)Cc2cnccc2C)CC1,0.0005444251631446455
COCCC(=O)NC(C)(CNC(=O)c1ccccc1C1CC1)C1CC1,0.0007386859425196582
COc1cc(=O)n(-c2ccccc2)cc1C(=O)N1CC(C(=O)O)C2(CC2)C1,0.3283255625738507
COc1cc(F)ccc1N(C)c1nnnn1CC1CCCC(O)C1,0.00091931399405552
COc1ccc(C)cc1C(=O)N1CCC(NC(=O)C2C3CCCC32)CC1,0.000735251861679737
COc1ccc(CN2CC(C(=O)N(C)C3CCN(C4CC4)C3)CC2=O)cc1,0.25932493802545825
COc1ccc(NC(=O)[C@@H]2C[C@@H]3CC[C@H](C2)C3(F)F)c(OC)c1,0.0011643758970123186
COc1ccc(OCC(=O)NC(C)CN(C)C(=O)C2(C#N)CC2)cc1,0.0011648499724855673
COc1ccc(Cl)c(S(=O)(=O)N[C@H](C)C(=O)N(C)C)c1,0.0004119163425253977
COc1ccc2cc(CCNC(=O)C3CC4(CCC4O)C3)ccc2c1,0.0005445453512294777
COc1ccc2ccc(=O)n(CC3CC4(CCCCC4)CO3)c2c1,0.0018941768099276994
COc1cccc(Cl)c1NC(=O)C1CC(C#N)(OC)C1,0.0015669056464192716
COc1cccc2c1CN(C(=O)NC(C1CCCO1)C(C)(C)CO)C2,0.0006097317744409963
COc1ccccc1[C@H]1C[C@H](NC(=O)c2cc3c(cc2O)OCO3)C1,0.29891822433509674
COc1ccncc1NC(=O)N1CC(Oc2ccc(Cl)cc2)C1,0.0009580721276888976
CSC(C)C(=O)N[C@@H](C)C1CCN(C(=O)C23CCCC2CCC3)CC1,0.4546287896647153
CSc1ccc(C(C)C(=O)N[C@@H]2CCO[C@H]2C2CCNCC2)cc1,0.0008142656917351749
Cc1[nH]cnc1C(=O)N1CCC2(C1)CN(C(=O)C1(C)CCC(C)C1)C2,0.0007653268511540524
Cc1[nH]cnc1C(=O)NC1CC(CNC(=O)c2cccnc2O)C1,0.1579109639263508
Cc1[nH]cnc1C(=O)NC1CN(C(=O)c2cc(Cl)ccn2)CC1(C)C,0.21663302961034436
Cc1[nH]cnc1CC(=O)N1CCC(NC(=O)C[C@H]2COC(=O)N2)C1,0.00023360799193674562
Cc1cc(C(=O)N(C)CC2CCN2C(=O)OC(C)(C)C)cc(=O)[nH]1,0.00030401392417130703
Cc1cc(C(=O)N2CCC(C(C)Nc3ccncc3C#N)CC2)on1,0.7693139703025276
Cc1cc(C(=O)NC(C)C2(F)CN(C(=O)C(F)CC3CC3)C2)n(C)n1,0.0004376878466981314
Cc1cc(C(=O)NCc2nn(C)c(=O)cc2C)cnc1N,0.0007240160945079855
Cc1cc(CN2CCC(O)(CNC(=O)CCC3CCC(=O)N3)C2)ncn1,0.11789718442248362
Cc1cc(CNC(=O)NC2(C(C)(F)F)CCOCC2)ccc1O,0.0005788342156121624
Cc1cc(F)c(CNC(=O)c2ccc3c(c2)N(C)CCN3)c(F)c1,0.0011924526837330226
Cc1ccc(C(=O)NCc2nonc2C)cc1C1CC1(F)F,0.0004968950273361835
Cc1ccc(C)c(NCC(=O)N2C[C@H]3C[C@@H](C2)C[C@@H](O)[C@@H]3O)c1,0.0003410245248052104
Cc1ccc(CCNC(=O)N2CCC(C3CCOC3)CC2)cc1C#N,0.0013630699397025592
Cc1ccc(O)c(C(=O)NC2CN(C(=O)C3(CO)CCC3)CCC2C)c1,0.0004661551719489849
Cc1cccc(OCc2cccc((C(=O)NCCS(C)(=O)=O)c2)c1,0.0
Cc1ccccc1CN1CCC(Nc2nccc(C#N)c2F)CC1,0.7939316559960913
Cc1ccoc1CC(=O)N1CCN(C(=O)c2ccc(C#N)[nH]c2=O)CC1,0.3324915413122612
Cc1n[nH]c2c1N(C(=O)C1CC(=O)Nc3ccccc31)CCC2,0.44218169760829334
Cc1nc2c(cc1C(=O)NCC1CN(CCO)CCCO1)c(C)nn2C,0.00030094909012394434
Cc1ncc(Cl)c(C(=O)NCCC2CCN(CC(N)=O)CC2)n1,0.00032997280144896876
Cc1ncoc1C(=O)N[C@H]1CN(C(=O)CC(C)(C)CC(C)(C)C)C[C@H]1C,0.20701131170931467
Cc1nn(C(C)C)cc1C(=O)N[C@H]1C[C@@H](NC(=O)C2(O)CC2)C1,0.1503240671578083
Cc1nnc(-c2ccc(C(=O)NCC3(CF)CC4(CCC4)C3)cc2)[nH]1,0.7982006777848446
Cc1nnsc1CN1CCCC(N(C)C(=O)c2ccccn2)CC1,0.00046872435607925506
Cc1oc(CO)cc1C(=O)N(C)C(C)CCNC(=O)C(C)(C)C(C)C,0.0004919338848290378
Cn1cc(CC(=O)NC[C@H]2C[C@@H](NC(=O)c3ccco3)C2)nn1,0.00024920968090839913
Cn1cc(CN2CCC2CNC(=O)C2(C(C)(F)F)CCOCC2)cn1,0.0013578261930641438
Cn1cnc(-c2cccc(NC(=O)NC(CO)C3CCCO3)c2)n1,0.001103490900677551
Cn1nc(-c2ccccc2)c2c(c1)CCN(C(=O)C(O)C1CC1)C2,0.0
N#CCC(=O)N[C@H]1C[C@H](CNC(=O)Cc2ccc(O)cc2Cl)C1,0.00045494544126544546
O=C([C@H]1CCCN1CC(O)C1(CC(=O)N2CCOCC2)CC1)C1CC1,0.00045586907728115844
O=C(COc1ccccc1F)NCCN(Cc1ccccc1)C1CCC1,0.0010028114283071464
O=C(N[C@H]1c2ccccc2CC[C@H]1F)N1C[C@@H](F)C[C@@H](O)C1,0.0005147354466990967
O=C(NC(Cc1ccccc1)C1CC1)c1cccnc1C1CC1,0.0007282275113475525
O=C(NC1(C2CCN(C(=O)Cn3cnnc3)CC2)CC1)c1cc[nH]n1,0.0006357212565424244
O=C(NC1CC2(C1)CN(C(=O)CCC(F)(F)F)C2)[C@H]1C[C@](F)(CO)C1,0.136418524217601
O=C(NCC(=O)N1CC[C@H](c2ccccc2)[C@H](F)C1)c1ccc[nH]1,0.00039833422791040276
O=C(NCCC1(CO)CCC1)NC1CCn2ccnc2C1,0.0007501221137247904
O=C(O)C[C@@H]1CCCC[C@@]1(O)CN[C@H](Cc1ccccc1)C(=O)O,0.0005713610956060831
O=C(c1c[nH]nn1)N1CCN(C(=O)C2CC23CC(O)C3)CC1,0.0002607074304340698
OC(CN1CC(F)(F)C1)c1cc(Cl)c2c(c1)OCCO2,0.0007038887861935793
OCC1CC2COCC(C1)C2NC1CCCn2ccnc21,0.0007417980791556406
OCC1CN(Cc2ccc(Br)o2)C2(CCC2)C1,0.0005831592707998096
FC(F)c1cccc(N2CC3CC2CC3(F)F)n1,0.0009747860029918103
C[C@@]1(CNC(=O)NCc2ccc(C3CC3)cc2)CCCN1,0.0004232206801298568
C[C@@H]1C[C@@H](N2CCN(Cc3cccc(F)c3)CC2)CCO1,0.00051082652142641
C[C@H](CNC(=O)Cn1ncc(=O)n(C)c1=O)Nc1ncc2c(n1)CCC2,0.0004968514173322821
CC[C@@H]1C(=O)NCCCN1C(=O)Cc1c[nH]c2cc(C)ccc12,0.0007390238000257503
CC(=O)c1ccc(N2CCCN(C(=O)N(C)C(C)C)CC2)s1,0.6289940971334477
CC(=O)c1ccc(NC(=O)N2CCSc3ccc(O)cc32)cc1,0.34890512265059803
CC(C(=O)N(C)CC(C)(C)CNc1nc2cccc(F)c2o1)N1CCC1,0.0017781380106505688
CC(C(=O)N1CC(CN(C)C(=O)c2cncs2)C1)C1CCC1,0.26990076492896636
CC(C)(C)c1cnc(Cl)c(C(=O)N2CCN(C(=O)C3(O)CC3)C2)c1,0.0004173229863518285
CC(C)C(=O)N[C@H]1[C@@H]2CN(C(=O)c3ccc(-n4cccn4)cc3)C[C@@H]21,0.0005068637883309293
CC(C)C(C(=O)N1C[C@@H]2C[C@H]1[C@H]1C[C@H]12)c1ccc(C#N)cc1,0.0013274228301465632
CC(C)C(C(=O)NCC1(N2CCOCC2)CCC1)c1ccc(C#N)cc1,0.0017555486837042607
CC(C)CC(C)n1cc(C(=O)NC(C)(C)C(C)(C)C)cn1,0.001003748596314708
CC(C)NC1(CO)CCN(C(=O)C2CC(c3ccncc3)=NO2)CC1,0.00031451438410784097
CC(CN(C)C(=O)c1ccnc(C#N)c1)NC(=O)c1cc(Cl)cs1,0.00078575702140698
CC(CN(C)Cc1cnc(Cl)s1)NC(=O)C(C)(C)S(C)(=O)=O,0.0004931997191767866
CC(CNC(=O)c1cc(C2CC2)nn1C)NC(=O)c1cccn1C,0.0004905358985933169
CC(O)(C(=O)N1CCC(n2ccnc2)CC1)c1ccccc1,0.00041609220038155
CC(O)C(=O)NC1CCN(C(=O)c2cc(F)ccc2F)C12CCC2,0.0005415055931800512
CC(O)C(C)(C)C(=O)N[C@@H](C)C1CN(C(=O)c2ccc3c(c2)OCCN3)C1,0.0003538827921920526
CC1(C(=O)N(CCNC(=O)c2ccnc3ccsc23)C2CC2)CCC1,0.2985418250531778
CC1(C(=O)NC[C@@H]2CCCN2C(=O)c2ccon2)CCCCC1,0.001374116761149076
CC1(C)C(C(=O)NCC2(CNc3cc(=O)[nH]c(=O)[nH]3)CC2)C1(C)C,0.17309975682836
CC1(F)CC(C(=O)NCC2CN(C(=O)C3CC3C3CCCC3)C2)C1,0.1417486375063193
CC1CC(CNC(=O)C2CCO2)CN1C(=O)C1CCC2(CCC2)CC1,0.4498607677333079
CC1CCN(CC(O)Cn2nnc(-c3ccccc3)n2)CCS1=O,0.0005437903617530751
CC1c2ccccc2OCCN1C(=O)CC1CSCCS1,0.0010199623990985178
CCC[C@@H](NC(=O)c1ccc(-c2cccnc2)o1)C(=O)O,0.0014159110189452416
CCC(=O)N1CSC[C@H]1C(=O)N(C)C(C)c1ccccc1,0.0004857455079586354
CCC(C)C(=O)N1CCC[C@@H](NC(=O)C(C)(C#N)CC)C1,0.0009558692482401508
CCC(C)OCC(=O)N(C)C1CCN(c2ncnc3c2CCO3)CC1,0.00041571800335263206
CCC(CNC(=O)CC(F)(F)F)Nc1ccnc(C)n1,0.000570747777420475
CCC(O)c1nnc(N2CCC(C(C#N)(CC)CC)CC2)n1CC,0.0016923547562617328
CCC(SC)C(=O)N1CC2(CCN(C(=O)[C@@H](C)O)C2)C1,0.0003113736197269757
CCCC1(C(=O)N[C@H]2CN(c3cc(C(C)C)nc(C)n3)C[C@H]2CC)CC1,0.001257373317622222
CCCCC(=O)N(C)CC1CN(C(=O)c2cc(F)cc(F)c2)C1,0.2838561606839829
CCN(C[C@H](C)O)C(=O)Cc1ccc(C(=O)O)c(F)c1,0.00033197795607944804
CCN(CC(=O)N(C)CC(O)CN(C)C)c1ccccc1OC,0.0005598225129933602
CCN1CC(C)C(NC2CCN(C(=O)OC(C)(C)C)C2C2CC2)C1,0.1996738100308321
CCN1CCN(c2ccc(F)c(Nc3nc(N)nc4c3CCC4)c2)CC1,0.0011333048272078297
CCNc1nc(C(=O)NC[C@H]2CC[C@H](CO)CC2)cs1,0.000522514791594071
CCO[C@H]1C[C@H](NC2COc3c(Cl)cc(Br)cc32)C1,0.0010326740152189096
CCOC(C(=O)NC1(CNC(=O)C(C)(C)N(C)C)CC1)C1CCCC1,0.208150011923902
CCc1cc(CNC(Cc2nc(C3CC3)no2)C(=O)OC)no1,0.17917979570538856
CCn1cnc(C(=O)N(C)CC2COCCN2c2nnc(C)o2)c1,0.0005853135059458523
CN(C(=O)C1(CF)CC1)C1CCN(C(=O)Cc2ccoc2)CC1,0.000776161036641751
CN(C)C(=O)COc1ccc(NC(=O)C(F)F)cc1Cl,0.4990259087653373
CN(C)C1(C)CCCN(C(=O)CCn2cc(-c3cncs3)nn2)C1,0.0009424540860242976
CN(CCNC(=O)C1(C#N)CC1)C(=O)c1ccc(-n2cccn2)c(F)c1,0.6405988647293045
CN1C(=O)c2cccc(-c3nc(C[C@@H]4CCC(=O)N4)no3)c21,0.48015439222498296
CN1CC[C@@H]2CN(C(=O)c3cc(F)cc4cnccc34)C[C@@H]21,0.000480514019849649
CN1CCC(CN(C)C(=O)c2csc(-c3ccccc3F)n2)C1,0.44940778919887286
CN1CCC(NC(=O)c2cc(S(C)(=O)=O)co2)=N1,0.0005133284813248079
CN1CCC2(CCN(C(=O)c3cccc(CNC(N)=O)c3)CC2)C1=O,0.0002531217494117981
CNC(=O)NC1CCN(C(=O)Nc2cnn(CC(C)C)c2C)C1,0.0007605766002055724
COC[C@@H]1CN(Cc2ccc(Br)c(C)n2)C1,0.00031656680295524207
COC(=O)c1cc(NC(=O)CSc2c(C)cc(O)cc2C)ncc1C,0.0012232819597689593
COC(=O)c1cc2c(OC)cccc2c(S(=O)(=O)NC2CC2)c1,0.0008497519980381658
COC(CNC(=O)c1cc(C)nc2nc(C(F)(F)F)nn12)C1CC1,0.0005368097391191291
COC1(C(=O)N2CCN(C(=O)c3occc3C3CC3)C[C@H]2C)CC1,0.0003329275483703766
COCC1(C(=O)NCC2C(C)CCCN2C(=O)c2ccccc2C)CC1,0.0005425936736458832
COCC1(NS(=O)(=O)CC2(F)CCCCC2)CCOCC1,0.25378440196967494
COCCC(=O)NCC12CC(CO1)N(C(=O)C(C)c1cccc(C)c1)C2,0.00030296664840885195
COCc1c(C)cccc1NC(=O)c1ccc2n1CCNC21CCC1,0.37545323275511466
COCc1ccoc1C(=O)N1CCCc2nc(C(=O)O)ccc21,0.30909483749411687
COCc1nc(O)cc(NCC2CN(C(=O)C(C)C(C)C)C2)n1,0.00037281832186728935
CON1CCC(NC(=O)NCC(=O)OCc2ccccc2)CC1,0.00033247600404768125
COc1c(C)ncnc1N(C)CC1CCN(C(=O)c2cnc[nH]2)CC1,0.0011004454173842515
COc1cc(CNC(=O)c2sccc2S(C)(=O)=O)ccc1C#N,0.0007400959031422401
COc1cc(Br)ccc1C(=O)N[C@H]1CC[C@H](C(=O)OC)CC1,0.0007106934176194559
COc1cc(Br)ccc1NC(=O)C[C@@H]1CCC[C@H]1O,0.0011119085055252722
COc1ccc2ncc(C#N)c(N(C)[C@H]3CC[C@@H](O)CC3)c2c1,0.7909066222742736
COc1nc2c(cc1CNC(C1CC1)C1CCCOC1)CCC2,0.0010495373434399134
COc1ncc(C)cc1NC(=O)c1cc(C)cc(O)c1Br,0.7291740308399558
COc1nccc2cc(NC(=O)NCC3(N(C)C)CCC(C)CC3)ccc12,0.6674879392566373
CS(=O)C1(CNC(=O)C2Cc3ccc(O)cc32)CCC1,0.0003602484975673297
CSCC(=O)N1CC[C@@H](NC(=O)c2cccc3[nH]c(CO)nc23)C1,0.0004131366032878776
Cc1[nH]c2ccccc2c1C(=O)NCCN(C)CC(=O)NC(N)=O,0.00037184710886571236
Cc1c(CC(=O)NCCC2CCN(CCn3cncn3)C2)cnn1C,0.0007910981500603059
Cc1cc(C(=O)N(C)CC2CCN(C(=O)c3ccn(C)n3)C2)c(C)cn1,0.23458460781705423
Cc1cc(C)n(C(C)C(=O)N2CCC(Cc3ccccc3O)C2)n1,0.0006333036705197257
Cc1cc(CC(=O)N2CC(NC(=O)c3cnc(C4CC4)nc3)C2)on1,0.00030797627358028316
Cc1cc(NC(=O)N(Cc2ccc(O)cc2)C2CC2)ncc1C#N,0.0018613245217216326
Cc1cc(NC(=O)NCC2(CO)CCC2)nn1Cc1ccccc1,0.0011248661452597747
Cc1cc2[nH]ncc2cc1C(=O)NC1CC12CCN(CC(C)C)CC2,0.42352529448363757
Cc1ccc(CN2CC3(CC(S(=O)(=O)NC4CC4)C3)C2)c(F)c1,0.0007343235080944737
Cc1ccc(CNC(=O)c2ccc(=O)n3c2COCC3)c(N(C)C)c1,0.0004170475807447574
Cc1cccc(-c2n[nH]cc2CNC(=O)C2(C)CCCS2)c1,0.0009613482818803112
Cc1cccc(SC2CCN(C3CC(=O)N(C)C3)CC2)c1,0.0005372417030459399
Cc1ccnc(N2CC(C3CN(C(=O)Cn4ccccc4=O)C3)C2)n1,0.2310643415872164
Cc1cnccc1C(=O)N1CC(NC(=O)Cc2c(C)cc(C)[nH]c2=O)C1,0.0003135667136264151
Cc1cncnc1C(=O)N1CCC2(CC1)CC2NC(=O)C1(CO)CCC1,0.4025970528945373
Cc1cnn(C(C)C(=O)N2CCCC(N(C)c3ccc(C#N)cn3)C2)c1,0.0015417710814223486
Cc1cnn(C(C)C(=O)NCC2(C)CCCN2C(=O)c2cccn2C)c1,0.0008811222646624226
Cc1nc(C)c(F)c(N2C3CCC2(CNC(=O)[C@H](C)N(C)C)CC3)n1,0.0005873172355341606
Cc1nc(C2CC2)ccc1C(=O)NC[C@@H](C)NC(=O)[C@H]1CNC(=O)N1,0.00018569040798185416
Cc1nc(NCc2nc([C@H](C)O)n[nH]2)ccc1Br,0.0003977081841885835
Cc1ncc(C(=O)NCC2CN(c3ncncc3C)CCC2(C)C)o1,0.3767000957348069
Cc1ncc(N)cc1C(=O)N1CCCCC(NC(=O)C(C)(C)O)C1,0.27074954718833955
Cc1nccn1-c1cc(CNCC(C)(CC(=O)O)C(F)(F)F)ccn1,0.0007619608022210777
Cc1nccnc1C(=O)N1CC2CCCC1C2CNC(=O)c1cnsc1,0.4299951534374162
Cc1nn(-c2cnn(C)c2)nc1C(=O)N[C@H](CO)CC(=O)O,0.0002530911889066069
Cc1nn2cccnc2c1C(=O)N1CC2(CCCN(CCCF)C2)C1,0.0006722470912952909
Cc1nnc(C(C)OC(=O)c2cccc(CNC(=O)C3CCC3)c2)o1,0.000561276815154182
Cc1nnn(CCNC(=O)Nc2nc(C3CCC3)c(C)s2)n1,0.00041034871144316295
Cc1oc(C#N)cc1C(=O)N(C)C1CC1c1ccccc1,0.0007350076312355572
Cc1sc(CC(=O)N(C)CC(C)Nc2nccc(C)n2)nc1C(C)C,0.00052979429034624
Cn1cccc1C(=O)N1CCOc2c(Br)cccc21,0.0016738136676939957
Cn1nnc(CN[C@@H]2COC[C@H]2N2CCOCC2)c1C(F)F,0.00030394172479488693
N#Cc1c(CNC2CC2)nnc2c1CCCCC2F,0.0011538768678109493
O[C@@H](CN1CCOC2(CC3CCC2C3)C1)Cc1ccc(F)cc1,0.0005513331609007616
O=C(CCc1cc(Cl)cs1)N1CCc2ncsc2C1,0.0008362701725264517
O=C(N[C@H](C(=O)O)c1ccccc1)C1CC(c2cccc(F)c2)C1,0.0006353779162170103
O=C(N[C@H]1[C@@H]2CN(C(=O)Cc3ccoc3)C[C@@H]21)C1COCCO1,0.0002868046941336745
O=C(N[C@H]1CCN(C2CCN(C3CCC3)C2=O)C1)c1ccco1,0.00045308955830655544
O=C(N1CCCC1)N1CCN(CC2CCCC23CCOCC3)CC1,0.0005717664259731025
O=C(N1CCCn2ncc(Cl)c21)[C@]12CC[C@H]1CNC2,0.0004647895795410195
O=C(NCC1CC(C(F)(F)F)=NO1)C1CN(C(=O)OCc2ccccc2)C1,0.00040806297080138893
O=C(NCC1Cc2ccccc2O1)NC1CNCC2(CCC2)C1,0.0005718215888485538
O=C(NCCC1(O)CN(C(=O)C2CC2F)C1)c1cncc2ccccc12,0.0005468388116121984
O=C(NCCc1cccc(C(F)F)n1)N1CCC2(CCN2)C1,0.0002694891372834324
O=C(NCc1cccc(-c2nccs2)c1)N[C@@H]1[C@@H]2CC[C@H]1C[C@H](O)C2,0.0012510723056787258
O=C(O)C[C@@H]1C[C@H](F)CN1C(=O)COC1CC2CC2C1,0.1112927573372823
O=C(O)c1cc(CC2CCN(C(=O)C3CCC4CC4C3)CC2)on1,0.0005112444777645698
O=C(c1ccncc1Cl)N1CC2CC1(c1ccccc1)C2,0.2802102451319764
O=C(c1cscc1F)N1CC(n2cc(C3CCCCC3)nn2)C1,0.32839098600283106
O=C1CN(C(=O)c2ccc(Br)s2)CC2(CCNC2)N1,0.0003508006683408051
c1ncc2c(c1-c1noc(C3(C(F)F)CCCC3)n1)CCC2,0.0019464596394444366
C[C@@H]1CN(C(=O)c2ccncc2)C[C@@H]1NC(=O)c1cnco1,0.15038712340971042
C[C@@H]1CNC[C@H]1CC(=O)N1CCN(C2CCOCC2)CC1,0.0002480477835192738
C[C@H]1C[C@@H]1C(=O)NC1CCCCN(C(=O)c2cn3c(n2)CCCC3)C1,0.0011315230494253266
C[C@H]1CN(C(=O)c2cnoc2)CCN1C(=O)c1cccc2c1OCO2,0.19696882388140557
C[C@H]1CN(c2ncccn2)C[C@H]1NC(=O)C1(C)CCC(F)(F)CC1,0.001246079900655557
CC[C@@H](C(=O)Nc1ccnc2c(C)c(C)ccc12)N(CC)CC,0.0008598036551646601
CC[C@@H](NC(=O)c1cnc(CCN)s1)c1ccccc1,0.0007196574012140839
CC(=O)NCC(O)CNC(=O)c1cccc(C(=O)c2ccccc2)c1,0.19049725890230476
CC(C#N)C(=O)N1CCc2c(cccc2N2CCCC2)C1,0.001648710719528253
CC(C)(C)[C@H]1C[C@H](NC(=O)c2cc(O)nn2-c2ccccc2F)C1,0.0011007166712782863
CC(C)(NC(=O)C1C[C@H]2CC(=O)[C@@H]1C2)c1ccc2c(c1)OCO2,0.00045440612247469285
CC(C)C1(CC(=O)Nc2cnc3c(c2)OC(=O)NC3)CCC1,0.0006083513474441253
CC(C)CC(=O)NCC1(O)CCN(C(=O)C(C)c2ccco2)C1,0.0003840290382288044
CC(CC1(C#N)CCNCC1)N[C@@H](CC1CCOCC1)C(F)(F)F,0.0010341405608514788
CC(CC1CCC1)C(=O)N(C)C(CNC(=O)[C@H]1CC1(C)C)C1CC1,0.4553084402815962
CC(CC1CCCOC1)Nc1ncnc2c1S(=N)(=O)CCC2,0.0012212912158360892
CC(CO)C(=O)N1CC[C@H](NC(=O)c2ccc3[nH]ncc3c2)C1,0.000418377255777124
CC(CS(C)(=O)=O)C(=O)N1CCC1CNC(=O)c1ccccn1,0.00016247397933701621
CC(NC(=O)C(O)c1cccc2c1OC(C)(C)C2)c1ncco1,0.00041830037118058847
CC1(CCNC(=O)c2c[nH]c(C3CCNCC3)n2)CC1(F)F,0.3291158424335657
CC1(NC(=O)c2cn[nH]c2)CCCN(C(=O)C2NC(=O)OC23CCC3)C1,0.0004897643248938245
CC1(c2ccccc2C(=O)N2CCSCC2CO)CC1,0.0003261042774075584
CC1C(=O)N(C)CN1C(=O)NC(c1ccccc1)c1cccs1,0.0006243260324755222
CC1CC(C(=O)N2CCC(n3cc(C)cn3)C2)CCC1=O,0.18491905374472586
CC1OC(=O)NC1C(=O)NCC1CCCN1C(=O)C1CC(F)(F)C1,0.17909919472849783
CC=Cc1cn(C2CC(C(=O)NCCN3CCC(C)(F)C3)C2)nn1,0.0014695870001499628
CCC(=O)N1CCN(c2c(C#N)c(C)nc3ccccc23)C1,0.6873544271211162
CCC(C)NC(=O)C(C)N1CC[C@H](NC(=O)c2ccc(F)cc2C)C1,0.0004820088826499761
CCC(C)OCC(=O)N1CC2(CCCN(C(=O)c3cc(C)cs3)C2)C1,0.0007342961267996537
CCC(CO)C(=O)N1C2CCCC1CN(C(=O)c1cc(C)n(C)n1)C2,0.0003427599305243337
CCC(F)C(=O)NC1CN(C(=O)c2ccc(F)cc2F)CC1C,0.2426797020556307
CCCC(C)C(=O)NC[C@H](CO)Nc1cc(Cl)nc(C2(C)CC2)n1,0.0005857405788138681
CCCCC(C)C(=O)N1CCC(C)C1CNC(=O)c1ncccc1F,0.0005808155328264289
CCCn1c(NC(=O)C23CCCN(CC2)C3)nc2c1CCCC2,0.0016787506507632884
CCCn1ccc(C(=O)NCC2(C)CCN(C(=O)c3ccno3)C2)n1,0.26273820999461944
CCN(CC)C(C)CNC(=O)N(C)Cc1ncnn1CC(F)F,0.00042636001710802244
CCN(CCNC(=O)c1cccc(NC)c1)C(=O)[C@H]1C[C@H]2[C@@H](C1)C2(C)C,0.0005626630967173918
CCN1CCC(NC(=O)c2cc(-c3ccccc3C)no2)C1=O,0.0010765785445982657
CCOC(=O)CC1(NC(=O)CC2=C(C)N=C(C)N2CC)CCNC1,0.00029754842073239187
CCOCC1CN(Cc2cccc(OCCC#N)c2)CCO1,0.0013415025652802174
CCS(=O)CC(=O)NCC1CCN(c2ccncc2)CC1,0.0009115806197668227
CCc1nccnc1NC(=O)NCC(C)CC1(C)OCCO1,0.0013028172528721975
CCc1nocc1C(=O)NCC(NC(=O)c1ccno1)C1CCCC1,0.24684428174906714
CCc1oc(C)cc1C(=O)NC1CN(c2ncc(O)cn2)CC1(C)C,0.0009445812484182607
CCn1cccc1CN(C)S(=O)(=O)c1ccc(OC)cc1F,0.0006011878964955386
CN(C[C@@H]1CCCN1C(=O)C1CNc2ncnn2C1)C(=O)c1ccon1,0.33392214827224165
CN(C(=O)C(O)C1CC1)C1CCCN(C(=O)c2ccncc2N)CC1,0.00042657331783752537
CN(C(=O)CN(C)[C@H]1C[C@@H](O)C[C@@H]1O)C1(CNC(=O)OC(C)(C)C)CC1,0.08107286848216717
CN(C(=O)c1cc(=O)c2ccc(F)cc2o1)C1CCC(=O)NC1,0.2585023227001887
CN(C)c1ccc(C(=O)N2CC[C@@H](NC(=O)[C@H]3CCC(=O)N3)C2)cc1,0.0007845135091523674
CN(C1CC1)C1CN(c2cnc(-c3ncon3)cn2)C1,0.001125980461704955
CN1C[C@H](c2ccccc2)[C@@H](C(=O)N2CCC(=CBr)CC2)C1,0.0007957676978556719
CNC(=O)c1cccc(C(=O)NC(C)c2cn(CC(F)(F)F)nn2)n1,0.0003662401735109486
COC(=O)C1CCCCN1Cc1csc(N(C)C(C)=O)n1,0.0006294044825112991
COC(=O)c1cccnc1N(C)C1CCN(C(=O)C(C)N2CCC2)CC1,0.000608548739034211
COC(C(=O)NC1CCCN(C(=O)c2cocc2C)C1)c1ccccc1,0.0005850593748939035
COC(C(=O)NC1CN(CCc2c(F)cccc2F)CCC1C)C1CC1,0.00042527262498130583
COC1(C(=O)N[C@@H](C)C2CN(C(=O)c3ccnc4c3CC(=O)N4)C2)CC1,0.23317785607018252
COC1(CC(=O)N2Cc3cnn(-c4ccccc4)c3C2)CCCCC1,0.0019004023154079118
COC1(CNC(=O)Nc2ccc(-n3ccc(C#N)n3)cc2)CC(C)(C)C1,0.0018516704927037033
COCC1(CNC(=O)C2(C(F)F)CCCO2)CCCN1c1nnco1,0.00044589852633404023
COCC1CC(O)CN1C(=O)c1cncc(Br)c1N,0.0004244046572868005
COCCC(C)NC(=O)C1CC(n2cC([C@@H](C)NC(=O)CC#N)nn2)C1,0.0
COCc1cc(C(=O)NCC2(NC(=O)C3CCS3)CC2)on1,0.0003112071449650833
COCc1ccccc1C(=O)N1CCN(C(=O)CC(C)C(C)C)C(C)C1,0.000473792089513574
COCc1ncc(NCc2ccccc2OCC(F)(F)F)cn1,0.0007704442152953616
COc1cc(C(=O)NC(C)C2(O)CCC2)cc(Cl)c1OC,0.0007975481742187216
COc1cc(C(C)NC(=O)NC2CCOC3(CCOCC3)C2)sn1,0.0004848399921456402
COc1cc(C)nc(N2C[C@H](C)[C@H](NC(=O)CC3CCCC3)C2)n1,0.0004990115702273373
COc1ccc(C(=O)N2CC[C@H](NC(=O)c3nscc3N)C2)cc1C,0.3320408854823708
COc1ccc(CN2CCC(=O)N3CCC[C@H](CC3)C2=O)c(F)c1,0.0007688735762576472
COc1ccc(F)c2c1CN(c1ccnc(C(C)C)n1)CC2,0.001498828600627152
COc1nc(CNC(C(=O)Nc2ccc(C)cc2)C(C)C)sc1C,0.001222811258305013
COc1nccc(C(=O)NCC(C)NC(=O)Cc2cnccc2C)n1,0.0004176213851832909
COc1sccc1C(=O)N1C[C@H]2CN(c3cncc(C#N)n3)C[C@H]2C1,0.6603782052676662
CS(=O)(=O)c1cc(C(=O)N[C@H]2CCC[C@@H](C(F)(F)F)CC2)co1,0.0006189425877600194
CS(=O)CCCc1noc(C=Cc2cc(F)ccc2Cl)n1,0.0018480421688092262
Cc1[nH]ncc1C(=O)NC1(CNC(=O)C2CC(=O)N(C)C2)CCC1,0.00026569798157107866
Cc1c(C(=O)N2CC3(C2)C(NC(=O)C(C)C)CCS3(=O)=O)cnn1C,0.00027811965607082875
Cc1c(Cl)cncc1C(=O)NC(C)CNC(=O)C(C)CO,0.00024125830261028416
Cc1cc(C(N)=O)ccc1-c1noc(CC2(C(F)F)CC2)n1,0.0012994200480059659
Cc1cc(C)cc(C(=O)NC(C)CC(C)NC(=O)C2CC(C)(F)C2)c1,0.0008296285968244149
Cc1cc(C)cc(C(C)NC(=O)NC(CN)CN(C)C)c1,0.00045981885856309374
Cc1cc(C)nc(-c2nc(CS(=O)(=O)NC(C)(C)C)no2)c1,0.001237017945050849
Cc1cc(NC[C@H]2C[C@H](n3cccn3)C2)nn1Cl,0.0009236173408308563
Cc1ccc(CC(=O)N2CC(C)C(CNC(=O)[C@H]3C[C@@H](O)C3)C2)cc1O,0.00025373269523200337
Cc1ccc(OC2CCN(CC(=O)Nn3nnc(C)c3C)C2)cc1C,0.00033003267553645204
Cc1ccc2[nH]c(CNC(=O)N(CC3CC3)C(C)C(=O)O)nc2c1,0.0007883470430515635
Cc1ccc2c(c1)N(C(=O)CNC(=O)NC[C@@H](C)CN)CC(C)(C)O2,0.0005087350680851806
Cc1cccc(C2CCN2C(=O)C(C)(C)CN2CCN(C)CC2)c1,0.000541128719141049
Cc1ccnc(C(=O)NC(C)C2CN(C(=O)C3CCO3)C2)c1,0.10851405878106285
Cc1csc(C)c1S(=O)(=O)N1CCC(C(=O)O)C1C1CC1,0.2124164438232895
Cc1nc([C@H](C)NC(=O)c2cccc(C(C)(C)C)c2)n[nH]1,0.0004995887515753291
Cc1nc(C(=O)N2C[C@H]3[C@H](Nc4ccnc(C#N)n4)[C@H]3C2)c[nH]1,0.47985734175200384
Cc1nc(CC(=O)NC2(C)CN(C(=O)CCn3cccn3)C2)cs1,0.00045740984628118037
Cc1ncc(C(=O)N2CCN(C(=O)c3conc3C)C[C@H]2C(C)C)s1,0.3748697330600031
Cc1nccn1Cc1ccc(C#N)cc1Br,0.0015824316203245266
Cc1nn(C)c(C)c1C(=O)NCCC1(CNc2nccc(C#N)n2)CC1,0.001237610196441066
Cc1oc(C)c(C(=O)NC2CCC(NC(=O)c3cnsc3)CC2)c1C,0.00032069344046479706
Cn1c(Cl)cnc1-c1cn(CCNC(=O)NC2C3CCCC3C2C)nn1,0.0015564639177422799
Cn1cnc(C(=O)N[C@H]2C[C@H](NC(=O)C3COC(C)(C)C3)C2)c1,0.0004278990640131388
Cn1nc(NCc2n[nH]c3c2CCCC3)c(Cl)c1Br,0.0016885682594641154
Cn1ncc2cccc(C(=O)N3CCN(C(=O)CCC(=O)O)CC3)c21,0.18931599367824584
Cn1nnc(NC23CCC(CC2NC(=O)c2cnc[nH]2)C3)n1,0.000432147506544514
N#CCC(=O)N1CCC2(CC1)CC(NC(=O)c1ccc(C(N)=O)o1)C2,0.0010027009003618066
N#Cc1nn(Cc2nc(C3(C(F)(F)F)CC3)no2)cc1Cl,0.000580265001900024
NC(C(=O)N1CCCN(Cc2cn(C3CC3)nn2)CC1)c1cscn1,0.0005216812202542183
Nc1ncccc1CC(=O)NC1CCCc2cc(OC(F)F)ccc21,0.0007768370943328484
Nc1nn2c(=O)cc(-c3nc(C4CCOCC4)no3)[nH]c2c1Cl,0.5661828517061
O=C(C[C@H]1CCOC1)NCC1(NC(=O)c2ccnc3ccnn23)CCC1,0.0010306209289087133
O=C(CCCc1cccnc1)NC1COc2cccc(F)c21,0.000392614457269952
O=C(CN1CCC[C@@H](NC(=O)CC2CC3CC3C2)C1)Nc1ccccc1,0.00031323569964371973
O=C(Cc1csc2ccccc12)N1CC(CO)C(CCO)C1,0.00044948313243102793
O=C(Cn1ccc(C2CCC2)n1)N1CCN(=O)c2ccccc2C1,0.0
O=C(N[C@@H]1CCN(C(=O)c2c(Cl)ccc3ccoc23)C1)C1CC1,0.3802886441670353
O=C(NC1SCC2CCC1C2)c1ccc(F)c2ccncc12,0.32169602482807713
O=C(NCCC1(O)CN(C(=O)C2C3CCC(=O)C32)C1)c1cncc(F)c1,0.10063963674516198
O=C(Nc1c(F)cccc1NC1CCC1)C1C[C@@H]2CC[C@@H]2C1,0.0011747540799218043
O=C(Nc1cc(N2CCCC2=O)ccc1F)N1CC[C@H](F)C1,0.0010425129330306987
O=C(O)[C@H]1C[C@]2(CC2(NCc2ccc(Cl)cc2)c2ncc[nH]2)C1,0.0003265804878601042
O=C(c1coc(C(F)F)n1)N1CCC2CCC(C1)N2c1ncccn1,0.0007634422741244579
O=C1CC(C(=O)N2CC(NC(=O)c3csc(Cl)c3)C2)CCN1,0.0004126097589649725
O=C1CC(CNc2ccnc3c(F)cccc23)CN1CC1CC1,0.0007027406775342683
O=C1CCC(COC(=O)c2cnc(-c3cnccn3)s2)C2(CC2)N1,0.0011271953790994843
O=C1CCc2c(cccc2C(=O)N2CCOC(c3ccn[nH]3)C2)N1,0.35380666560317725
O=C1NCCN(C(=O)C23CCC(C(F)(F)F)(CC2)C3)C12CCCC2,0.19701269785617703
O=S1(=O)[C@H]2CC[C@@H]1CN(c1nc3cc(F)ccc3o1)C2,0.49653189484370713
Clc1ccc2c(c1)CN(c1ccnc(N3CCCC(CCN)C3)n1)CC2,0.0013809685400330931
C[C@@H]1C[C@@H](N2CC(c3nc(-c4c(F)cccc4F)no3)C2)C1,0.001614461916023631
C[C@@H]1CN(C(=O)C2CC3(CCCC3)CO2)C[C@@H]1NC(=O)[C@@H]1CCCN1C,0.0007548441723918625
C[C@@H]1CN(C(=O)c2ncc(Cl)s2)CCN1C(=O)C(C)(C)N(C)C,0.00040757769031023666
C[C@@H]1CN(CCNC(=O)Cn2c(=O)[nH]nc2-c2ccccc2)C[C@@H]1C,0.0005676781980505038
C[C@@H]1CN(c2cc3nncn3cn2)C[C@@H]1NC(=O)CC(O)CN(C)C,0.0004723802004255398
C[C@H](NS(C)(=O)=O)C(=O)N1CC(CCC(F)(F)F)C1,0.0003016135675040156
C[C@H]1CN(C(=O)Cc2ccco2)C[C@H]1NC(=O)Cc1ccc(=O)[nH]c1,0.000399824872916548
C=C(Cl)CCC(=O)N1CCC(CCNC(=O)c2ncoc2C)C1,0.2045678365896733
CC(=O)N(C)CC(=O)N1CCN(c2ccccc2-c2nn[nH]n2)CC1,0.25788277592103825
CC(=O)N1CC2CC2(C(=O)N(C)C(C)c2ccccc2Cl)C1,0.0005864144079808091
CC(=O)NC1(C(=O)N[C@@H]2CCN(C(C)c3cscn3)C2)CCCC1,0.0005725424349594887
CC(=O)NCC(NC(=O)c1cnc(-c2cnccn2)s1)C(C)C,0.0005477862913040491
CC(C(=O)N[C@H]1CCCC[C@H]1F)c1ccc(S(N)(=O)=O)cc1,0.0004869496157040526
CC(C)C[C@@H]1CCN[C@H](c2ncc(-c3cc(C#N)cs3)cn2)C1,0.00202968345401437
CC(C)CC(C)(C)C(=O)N[C@@H](C)CCNC(=O)c1ccoc1,0.0005298546857973912
CC(C)CN(CC(=O)O)S(=O)(=O)c1cc2cc(C#N)ccc2o1,0.000893278867734987
CC(C)Cn1cc(C2COCCN2C(=O)c2ncncc2Cl)nn1,0.0006022484086197143
CC(C)c1ccc(NC(=O)CNC2CCN(C(C)(C)C)C2=O)cc1,0.0005006909039830158
CC(C)n1nccc1C(=O)NC[C@]1(C)CCCN1C(=O)c1cc(N)n[nH]1,0.30083550211984095
CC(CC(=O)NCC1CN(C(=O)C2(O)CC2)CC1(C)C)c1ccccc1,0.0007876751345740662
CC(CCN1CCCC1)NS(=O)(=O)c1cncc(Cl)c1,0.00027321826976506823
CC(NC(=O)[C@@H]1CCC(=O)N1C)c1nnc2ccccn12,0.00022503542301458647
CC(NC1(CN)CCOCC1)c1ccc2c(c1)COCC2,0.0005603553597411026
CC(O)[C@@H]1C[C@H](NC(=O)c2ccc3n2CCNC32CCCC2)C1,0.0006862460418949215
CC1(C)C(C)(C)C1(F)C(=O)Nc1ccc(N2CCOCC2)cn1,0.38522786706429746
CC1(C)OC[C@H](C(=O)N2CCC2c2cn([C@H]3C[C@H](O)C3)nn2)O1,0.000333754476266291
CC1(OCC(=O)NC2CCN(C(=O)c3cc(F)ccn3)CC2)CCCC1,0.25967996640267116
CC12CC(CC(=O)NC[C@H]3CCCN(C(=O)C4CCC4)C3)(CO1)C2,0.46493854689548825
CC12CCC(CS(=O)(=O)N[C@H](C(=O)O)c3ccccc3)(CO1)C2,0.0003924970696094464
CC1=NOC(C(=O)N(C)C[C@@H]2CCCC(=O)N2)C1C(=O)NCC(C)C,0.00026537083501709005
CC1CC(C)CC(C(=O)N2CCC(C(C)NC(=O)c3ncc[nH]3)C2)C1,0.0005749064068809096
CC1CC1(C#N)C(=O)N1CCC(CNC(=O)CCC2CCOCC2)C1,0.39198481613078223
CCC(=O)NC1(C2CCCN(C(=O)Cc3cnsc3)C2)CC1,0.0006146154013965322
CCC(C#N)C(=O)N(CCNC(=O)CCc1cccc(C)c1F)C1CC1,0.22851049880000102
CCC(C)CC(=O)NC[C@H]1CCCCN1C(=O)c1ncccc1OC,0.2835286884231834
CCC(C)CCNC(=O)Nc1ccc(-n2nccn2)c(OC)c1,0.0016410896060757344
CCC(C)CN1CCC[C@@H]1CCNC(=O)c1c[nH]c(=O)cn1,0.19683219516954414
CCCC(CCc1ccccc1)C(=O)NC(CN(CC)CC)C(=O)OC,0.0005848276265497871
CCCC(N)C(=O)NCc1ccc(OC(F)F)cc1,0.00047907703116486025
CCCCC(=O)N1CCCC(C)(NC(=O)C(O)C2CC2)C1,0.000464326092450908
CCCCC(CNc1n[nH]c(=O)s1)NC(=O)CN1CC2CC2C1,0.00055988909256651
CCCCn1nc(C(=O)NC[C@@H]2C[C@H]3C[C@@H]2C[C@H]3O)c2ccccc21,0.0005539740913821427
CCCN(C(=O)c1cn(CC(=O)NC)nn1)C1CCc2ccccc21,0.00035113667753988183
CCCN1CCC(N2CCN(C(=O)c3cccn4c(=O)[nH]nc34)CC2)C1,0.13558329238458441
CCCOc1ccc(CNC(=O)CC2CNC(C)(C)C2)cc1,0.0004769342191623064
CCCc1nc(C)c(C(=O)N(C)C(C(=O)O)c2cccc(OC)c2)o1,0.0005832031393098083
CCN(CC)CCN(C(=O)c1cncc(-n2cc(CO)nn2)c1)C1CC1,0.0002593674425088996
CCN1C[C@H]2C[C@@H]1CN2C(=O)NC1CC2CC1CC2(F)F,0.3286564284986413
CCN1C[C@H]2C[C@@H]1CN2C(=O)c1cncc(OC(C)(C)C)c1,0.0004022532451020524
CCOC(=O)[C@@H]1C[C@@H](NC(=O)NC2CC2C2CC2C(=O)OC)CCO1,0.00026702253526008556
CCOC(=O)C1CCC(NC(C)C(=O)NC2CC2)CC1,0.0003538135441568755
CCOc1cc(C(=O)NCC(C)(CN)CO)ccc1C,0.0004309615266379578
CCSc1ccc(NC(=O)NCc2cc(OC)ccc2F)cn1,0.00135632683961218
CCc1cc(C(=O)N2CC([C@H](C)NC(=O)c3ccc(C)n3C)C2)[nH]n1,0.000383362148766035
CCc1cc(NCC2CN(C(=O)c3cc(C)n(C)c3)CC2(C)C)ncn1,0.0009219760734578289
CCc1ccc(C(=O)N2CCC3(CC2)CN(Cc2ccc(F)cn2)C3)o1,0.0005490177858459767
CCc1nc(C#N)cc(N[C@H]2C[C@H](NC(=O)c3ccc(CC)s3)C2)n1,0.0017032364349697045
CCc1nc(CN2CC[C@@H](NC(=O)c3ccccc3CC)C2)cs1,0.0008344470116421191
CN(C(=O)c1ccc(Oc2cnccn2)cc1)[C@H]1[C@@H]2CNC[C@@H]21,0.17707390644601043
CN(C(=O)c1ccc(S(C)(=O)=O)nc1)C12COC(C)(C1)C2,0.0003341684941186923
CN(C)C[C@H](NC1C[C@@H]2CC(C1)F)N2C(=O)OC(C)(C)C,0.0004197979823021632
CN(C)C1(C(=O)N2CCCC(NC(=O)C3NC(=O)OC34CCC4)C2)CC1,0.09858052403985068
CN(C)c1cccc(CCC(=O)Nc2ccn(CC3CC3)n2)c1,0.0015864260178213392
CN(CC1CN(C(=O)c2ccc(Cl)c(Cl)c2O)C1)C(=O)CO,0.00030706109961712013
CN1C(=O)CC[C@@H]1C(=O)N1CCC2(CN(C(=O)c3ccn(C)c3)C2)C1,0.0004038315036612376
CN1CCN(C)CC(C(=O)N(C)Cc2nc3ccccc3[nH]2)C1,0.0004984597214386097
COC(=O)C1CCc2nn(CC3CCCSC3)cc2C1,0.000639181850255933
COC(=O)CC[C@H](N)C(=O)NCc1cc(N2CCOCC2)cc(C)n1,0.00035035976099937724
COC(=O)c1cn(C2CCN(c3c(F)cncc3F)C2)nn1,0.0007898055633392141
COC(=O)c1nccc2c1N(C(=O)c1cc(F)cc(C(=O)OC)c1)CC2,0.24476752518950015
COC1(C(=O)N2CC(Nc3cncc(Cl)n3)C2)CCCC1,0.00032401980519291813
COC1(C(=O)NC(C)CNC(=O)c2cc(C(F)F)oc2C)CC1,0.19878557228167054
COC1(CNC(=O)c2cc(F)n(C)n2)CN(c2ncc(O)cn2)C1,0.0007917563726902435
COc1cc(C)nc(NC[C@@H](C)NC(=O)c2ccc(=O)n(C(C)C)n2)n1,0.00040065114169019617
COc1cc(N(C)C)ccc1C(=O)N1CCC(C)(CNC(C)=O)C1,0.0006869712092754988
COc1ccc(-c2csc(NC(=O)C3CCN3C3CCC3)n2)cc1,0.0012510943770187779
COc1ccc(C(=O)N(C)CCNC(=O)C2CC3CCC2CC3)c(O)c1,0.00027308422562897713
COc1ccc(CC(=O)N2C[C@@H](F)[C@@H](c3ccccc3)C2)c(OC)c1,0.0006563751783318798
COc1ccc(SCC(=O)OCCC2CCOC2C)cc1Cl,0.0008704949385261349
COc1ccc2c(c1)CC(C(=O)N1N[C@@H]3C[C@H]1[C@@H](O)[C@H]3OC)CO2,0.0003666107005749483
COc1cccc(C(N[C@@H]2CC[C@H](C(=O)N3CCCCC3)C2)c1O,0.0
COc1ccccc1CCNC(=O)N1CCC(C(=O)NCC2CC2)CC1,0.0003361468666889745
COc1cccnc1COC(=O)CN(Cc1ccccc1)C(C)C,0.0005538907902699224
CSC(C)C(=O)NC1CC2(CC(CNc3ccc(C#N)cn3)C2)C1,0.7837613991350265
CSc1ccccc1N(C)C(=O)N1CCn2ccnc2C1,0.0011957273766725577
Cc1c(O)cccc1C(=O)N1CCN(C(=O)[C@H]2C[C@H](N(C)C)C2)[C@H](C)C1,0.20515331677573076
Cc1cc(C#N)cnc1N1CCCC(C)(NC(=O)C(C)n2cccn2)C1,0.0015316031123451949
Cc1cc(C(=O)NC(C)CNC(=O)CN(C)c2ncccn2)cnn1,0.17104920288258305
Cc1cc(C(=O)NCC2CCC(NC(=O)C3CCCC4CC43)C2)c[nH]1,0.001008488669534793
Cc1cc(CC(=O)N2CC(NC(=O)CC3CC(O)C3(C)C)C2)n(C)n1,0.00030006258589809943
Cc1cc(CCNC(=O)NC2CN(S(C)(=O)=O)C2)ccc1C#N,0.00041227771333038685
Cc1cc(N)c(NC(=O)C2CN(C(C)(C)C)c3ccccc32)nn1,0.30261513330902023
Cc1cc(O)cc(C(=O)NCC(C)N(C)C(=O)c2ccn(C(C)(C)C)n2)C1,0.0
Cc1ccc(-c2csc(N3CC(N)CCC3C)n2)cc1,0.7597146481640956
Cc1ccc(CC(C)C(=O)N2C[C@@H](C)[C@@H](NC(=O)c3ccc(=O)[nH]n3)C2)o1,0.0002488505469502351
Cc1ccc(CNC(=O)Nc2ccc3c(c2)N(C)C(=O)CC3)cc1C#N,0.419604621012294
Cc1ccc(NC[C@H]2C[C@@H](NC(=O)c3cn(C)cn3)C2)nn1,0.00046416668863171444
Cc1ccc(OCCN(C)C(=O)c2cnc(CC3CCNC3(C)C)s2)cn1,0.19911321293137352
Cc1cccn2cc(C(=O)NC(CNC(=O)CO)C3CC3)nc12,0.12600634409328004
Cc1cnc(C#N)nc1NC(C)CNC(=O)C1CNC(=O)C1,0.2449582112058822
Cc1cnc(NC(=O)CC(O)c2ccccc2Br)s1,0.0012672772376814477
Cc1cnc(NC(C)(C)CNC(=O)Cn2cccn2)nc1,0.00032378314099597896
Cc1nc([C@@H](CO)NC(=O)c2ccc3c(c2)CN(C)C3)n[nH]1,0.00033653241689677834
Cc1nc(O)cc(N[C@H]2CCN(C(=O)C3CC34CC(C)(C)C4)C2)n1,0.18211638713310271
Cc1ncc(CNC(=O)N2CCC(OC(F)F)CC2)s1,0.0006188973433247872
Cc1nn(C)cc1CCC(=O)OC(C(=O)N1CCOCC1)C(C)C,0.00044075830864152344
Cc1nnc([C@H]2C[C@@H](NC(=O)C3(c4ccc(F)cn4)CC3)C2)o1,0.0003504468961913006
Cc1nnc(NCCN2CCN(C(=O)C3(F)CC3)CC2)s1,0.000376174692630571
Cc1nonc1CN1CCC2(CC1)CC2NC(=O)C12CCCN(CC1)C2,0.00015758493281683964
Cn1cc(CN2CCCc3nc(CO)ccc3C2)ccc1=O,0.00033267781153320395
Cn1ccnc1C(NC(=O)c1ccncc1)C1CCN(CCCF)C1,0.47408677044561615
Cn1cnc(N2CC(N)Cc3cc(OC(C)(C)C)ccc32)n1,0.000627688372272701
Cn1nccc1CCC(=O)NCC1CN(Cc2ncnn2CCF)C1,0.0003833901405028092
N#CCc1ccc(OCC(=O)N[C@@H]2CO[C@H](C(F)(F)F)C2)cc1,0.0008028204313143407
N#Cc1cc(N2C[C@@H](F)[C@H](CO)C2)c2ccccc2n1,0.6184295816913855
NC(C(=O)N[C@@H]1c2ccccc2C[C@H]1O)C1CC2(CCC2)C1,0.0004143262255319578
NCc1cc(O)nc(CNC(=O)C2CC3CC2CC3F)n1,0.0003425119368080282
O=C(C[C@H]1Cc2ccccc2N1)Nc1ccc2c(c1)CCC2,0.0007651346924559315
O=C(CC1CSC1)N1CCN(c2nc3ccc(F)cc3o2)CC1,0.6972433781736814
O=C(NC(CO)Cc1cncs1)c1c[nH]c(OCC(F)F)n1,0.0005145289605786123
O=C(NC1CC2(CCCN(C(=O)c3ncccn3)C2)C1)c1ccc[nH]1,0.41735208321054845
O=C(NC1CNCCC12CCC2)C1CCc2ccnn2C1,0.0007713159175703946
O=C(NCC1CCN1CCOC1CCC1)c1cc(-c2ccncc2)on1,0.0012057899292027905
O=C(c1ccc2c(c1)OCO2)N1c2ccccc2NCC12CSC2,0.5447994941101049
O=C(c1cccc(N2CCCNC2=O)c1)N1CCC2CCC21,0.0011477879260353467
O=C(c1ccncc1F)N1CCCC(N(CC(F)F)CCC(F)(F)F)C1,0.0004668439878751273
O=C1COc2ccc(C(=O)N3Cc4ccc(Cl)cc4C3)cc2N1,0.5503709225436736
O=C1NC[C@@H](COCc2nc(-c3cccc(Cl)c3)cs2)N1,0.0008576248745986084
C[C@@H](Cc1cnc2c(c1)CCCC2)N(C)C(=O)C1(C#N)CCCOC1,0.001393743005108496
C[C@@H](O)C(=O)NCC1(O)CN(C(=O)CN(C)S(C)(=O)=O)C1,0.00020243431834029752
C[C@H](CNc1cnc(F)cn1)NC(=O)c1cc2c(o1)CCCNC2=O,0.28952725256125167
C[C@H]1CN[C@H](C(=O)N2CC3(CCN(c4ccccc4)CC3)C2)CO1,0.0011914696241326337
CC[C@@H](C(=O)N1CCN(c2ccc(C#N)nc2)[C@H](C)C1)N(C)C,0.54114064131803
CC[C@H](COC)NC(=O)Nc1cccc(Oc2ccccn2)c1,0.00121432621218528
CC(=O)C(C)(C)CC(=O)N1CCC[C@@H](NC(=O)CNC(=O)C2CC2)C1,0.00021525893061992413
CC(=O)CCC(=O)N1CC[C@@H](NC(=O)c2cc3ccccc3cn2)C1,0.19459218949965543
CC(=O)N1CCC(CNC(=O)C2(NCC(C)C)CCC2)C1,0.0003150938263849834
CC(=O)Nc1cccc(C(=O)N2CCCc3nn(C)cc32)c1,0.6161846508088886
CC(C(=O)NC1(C)CN(C(=O)c2cc[nH]n2)C1)N1C(=O)c2ccccc21,0.30873802227079056
CC(C)(C)OC(=O)c1cncc(C(=O)NC23CC2COC3(C)C)c1,0.0003922669797168644
CC(C)(C)c1cccc(C(=O)N2CC3(C2)OCCCC3O)n1,0.0003117044900923457
CC(C)C1(C(=O)N2CCCC[C@H](NC(=O)c3cnco3)C2)CC1,0.0006380887282515916
CC(C)CC(=O)COC(=O)[C@@H](NS(=O)(=O)c1ccccc1)C(C)(C)C,0.0004701050855997815
CC(C)CC(C)C(=O)N1CC(NC(=O)C2(C3CC3)CC2)C2CCCCC21,0.7387900552008174
CC(C)NC(=O)c1ccc(NC(=O)COC(=O)COC2CC2)cc1,0.2239472051821003
CC(C)n1cc(C2CCN2C(=O)c2cc(C3CCOCC3)no2)nn1,0.24025140594531544
CC(CC(=O)NC1(C)CCN(C(=O)c2[nH]ccc2C2CC2)C1)C1CC1,0.001276486182784707
CC(NC(=O)c1cnc2ccsc2c1)C1CCCSC1,0.34968543453023243
CC(O)C(C)(CNC(=O)c1cc2ccccn2c1)NC(=O)OC(C)(C)C,0.0005208186301556694
CC(O)c1cn(CC(=O)NCCc2c(F)cccc2F)nn1,0.00033591217610816197
CC(F)(F)C1CCN(c2cc(=O)n(-c3ccccn3)cn2)CC1,0.3397827273500729
CC1(C)C[C@H](C(=O)OCc2cnc(-c3ccccc3)nc2)CC(=O)N1,0.0016833372751277277
CC1(C)C(C)(C)C1(F)C(=O)NC1(CNC(=O)c2cc(C#N)c[nH]2)CCC1,0.497955700914138
CC1(C)C(Nc2ccncn2)CC1NC(=O)CCc1c(F)cccc1F,0.0012165814635747639
CC1(C)CC(C)(Nc2cc(NC3CC3)nc(Cl)n2)C(=O)O1,0.0005662430094416902
CC1(CN2C(=O)CC3OCc4ccccc4C3C2=O)OCCCO1,0.0004055417323745889
CC1(CNCc2ccc3c(c2)CN(C=C2COC(C)(C)O2)C3)CCCN1,0.0005524611993461499
CC1=C(C(=O)Nc2ccnn2C(F)F)SCCO1,0.3876082097339751
CC1CC(N2CCOCC2)CN1c1ccnc2nc(C(F)(F)F)nn12,0.000821878071299868
CC1CCC(NC(=O)c2cn[nH]c(=O)c2)CN1c1ncnc(N)n1,0.14584101241054925
CC1CCCC(NCc2cnn(CC3CCC3)c2)C1C(=O)O,0.000667865468062066
CCC(=O)NC1(C)CCN(C(=O)c2ccn(CCF)n2)CC1,0.0003154249988748433
CCC(F)C(=O)NC1CC(C)N(C(=O)c2cccc3ccsc23)C1,0.0008077397628659072
CCCC(=O)N1CC(C)(NC(=O)c2cnc3cc(OC)ccn23)C1,0.2939601599875713
CCCC(C)(O)C(=O)N1CC(n2cc(Cl)cn2)C1,0.00035683608155726303
CCN(C)C(=O)C1CSCN1C(=O)c1cc(-c2ccccc2F)no1,0.46306513824662304
CCOC(=O)C1(N(C)CC(O)COc2ccccc2C#N)CCCCC1,0.0015780586318280862
CCOC(=O)Cn1ccc(NC(=O)C2CCC(=O)N2C)n1,0.00035267736235562817
CCOC(=O)N1CC(Nc2ccc(Cl)c(S(C)(=N)=O)n2)C1,0.00037897753470782713
CCOC(C(=O)N(Cc1ccnn1C)C1CC1)c1ccccc1,0.0010124019571435502
CCOc1ccc(C(C)NCc2ccc(C#N)[nH]2)cc1OCC,0.0005557189292233967
CCOc1ccc(Oc2ccc(COC(=O)CCNC(N)=O)cc2)cc1,0.0006739610585219079
CCOc1cccc2oc(C(=O)NCCC(C)(O)C3CC3)cc12,0.4577401334875313
CCc1cc(C(=O)NC(C)CCNC(=O)c2ccc[nH]2)c(C)o1,0.0004362665814220998
CCc1ccccc1[C@@H]1C[C@H]1C(=O)N1CCC2NC(=O)CCC2C1,0.0003982606668322931
CCc1nc(C(=O)NCC(CC)NC(=O)C2CC2)cs1,0.0004844301368344375
CCc1nn(C)cc1C(=O)N1CC[C@H](NC(=O)C(C)(C)CC#N)C1,0.0009174552985207221
CCn1cnnc1C(=O)N1CCC[C@@H]1CNS(C)(=O)=O,0.0003303236140735034
CN(CC1COCCN1C(=O)Cc1cccn1C)C(=O)c1ccoc1,0.0006513213580072241
CN(CCNC(=O)C1(C#N)CC1)C(=O)c1cccc2ccsc12,0.0014924611896074936
CN(Cc1c[nH]nn1)C(=O)c1nc2n(c1Br)CCCC2,0.0003243549765106904
CNC(=O)N1CC(NC(=O)NC(CO)CCC(C)(C)C)C1,0.0003857763933335396
CNc1ccc(C(=O)NC2(CNC(=O)C3CCCO3)CCCC2)nc1,0.0004907121104639696
CO[C@@H]1C[C@@H]2CC(C(=O)NCc3noc4c3CC(C)CC4)C[C@@H]21,0.0003613161054163475
COC(=O)C(C)C1CCCN1C(=O)c1cc(C(N)=O)ccn1,0.0003019500712838616
COC(=O)C1(C(C)NC(c2ccc(Br)cn2)C(C)C)CC1,0.33533692705100315
COC(=O)C1(CNCc2cc3ccccc3n2C)CC2(CCC2)C1,0.00067100601857149
COC(=O)c1cc(C(=O)N2CC(C(N)=O)(N(C)C)C2)no1,0.00017928691834971983
COC(C)C(=O)N1CCCC1(C)CNC(=O)c1ccc2c(c1)C(=O)CC2,0.00040152387446921594
COC(C)C(=O)NCC1CN(C(=O)c2coc(Cl)c2C)CC1C,0.00038872496074568035
COC1(C(=O)NC2CN(C(=O)C(F)(F)c3cccnc3)C2)CC1,0.17521578918545433
COC1(C(N)=O)CN(c2nccc(N3CCOCC3)n2)C1,0.2860716152801529
COC1(C(F)(F)F)CC(CNC(=O)N2CC(C)(CC(F)F)C2)C1,0.0003965799423986853
COC1(C)CCN(C(=O)c2coc(-c3cc(Cl)ccn3)n2)C1,0.7755027290730341
COC1CCC1N(C)CCN2CCN(C(=O)OC(C)(C)C)CC1,0.0
COCC(=O)N1CC(C)(NC(=O)c2csc(C)c2)C1,0.00035966083430524716
COCC(C)(CO)CNC(=O)c1nccc2c(C)cccc12,0.2515087249551501
COCCC1(CNc2cc(C)cc(OC)n2)CCCC1,0.001343740826881498
COCc1ccc2c(c1)CN(Cc1nnn(C(C)(C)C(=O)OC)n1)CC2,0.00033889586346506
COc1cc(C(=O)N2CCC(N(C)C(=O)c3ccc(C)nc3)CC2)n[nH]1,0.17521313731982613
COc1ccc(C(=O)NC2CN(C(=O)CO)CC23CCOCC3)o1,0.17135934281324366
COc1ccc(C(=O)NCC2(NC(=O)CNC(C)=O)CC2)c(Cl)c1,0.0003214687073348722
COc1ccc2cc(CN[C@H](C)C(=O)N3CCCC3)oc2c1,0.0005054684760967587
COc1ccc2nnc(CCC(=O)N(C)CC3CCOCC3)n2n1,0.00040427235051681204
COc1cccc(C(N)C(=O)N2CC3(C[C@@H](OC)[C@@H]4CCC[C@@H]43)C2)c1,0.0005872627357043364
CSCc1ccc(NC(=O)N2CC(=O)N3CCCCC3C2)cc1,0.0005859027012918894
Cc1cc(C#N)cc(C)c1C(=O)NC(C)CCNC(=O)CCOC1CC1,0.0011931067223224904
Cc1cc(C(=O)N(C)CCN(C)c2cc(C)c(C#N)cn2)c(C)cn1,0.0013489328084590035
Cc1cc(C(=O)N2CCOc3c(C)cccc32)c(F)cc1F,0.6742289231843009
Cc1cc(C)c(C#N)c(N2CC([C@H](C)NC(=O)c3ncoc3C)C2)n1,0.0014324815775305802
Cc1cc(C)c(NC(=O)NC(C)C(=O)NCc2ccncc2)cc1CO,0.0005381880857917079
Cc1cc(C)c(S(=O)(=O)NC(=O)C(C)(C)C2CCC(F)(F)C2)c(C)c1,0.4225704689359453
Cc1cc(N2CCN(C(=O)c3cnsc3C)C[C@@H]2C)nc(C2CC2)n1,0.0008612411079971945
Cc1cc(O)cc(C(=O)N(C)[C@H]2CC[C@@H](NC(=O)C3(C)CC3F)CC2)c1,0.000877137824674956
Cc1cc2[nH]c(=O)c(C(=O)NC34CCCN(CCC3)C4)cc2o1,0.1707209366432513
Cc1ccc(-n2cc(C3CCN(C(=O)C4CCC4)C3)nn2)cc1,0.48905881038129606
Cc1ccc(C#N)c(N[C@H](C)CNC(=O)CC(C2CC2C)C2CC2)n1,0.0015966420574804066
Cc1ccc(C(=O)N[C@H]2C[C@H](Nc3nccc(CC#N)n3)C2)n1C,0.0013556165161033667
Cc1ccc(C2(C(=O)NC(CCN(C)C3CNC3)C(C)C)CC2)cc1F,0.000734043532841085
Cc1ccc(F)cc1C1(C(=O)N2CC(NC(=O)CC3(OC)CC3)C2)CC1,0.22846232101636352
Cc1ccc(Cl)c2c1CCN(CC(=O)N1CCOCC1)CC2,0.0004541057847368804
Cc1cccc(S(=O)(=O)NC2C3CCNC3C2(C)C)c1,0.0003803822193870991
Cc1cccnc1OC1CCCN(S(=O)(=O)CC2CCCC2)C1,0.0004881615750596529
Cc1ccncc1-c1cn(C(C(=O)N2CCC3(CC2)CC3)C(C)C)nn1,0.8682441579670453
Cc1cnc(C(C)NC(=O)NC[C@@H](O)c2ccccc2)o1,0.0003964889197548431
Cc1cnn(C)c1C(=O)N1CC2(CCN(C(=O)C3CC3(F)F)C2)C1,0.2627368807210123
Cc1ncc(C(=O)N[C@H]2CCCN(C(=O)c3ccc(F)c(F)c3)C2)o1,0.000594966534959495
Cc1ncc(Cl)c(C(=O)NC23CC2COC3(C)C)n1,0.0005974866490412922
Cc1nccn1-c1ncccc1CNC(=O)NCC1COCCN1,0.0003395057748946286
Cc1noc(C)c1CN1CCN(C(=O)Cc2csc(C3CC3)n2)CC1,0.000391208003118803
Cc1noc(N)c1C(=O)N1CCCC1C(C)(C)NC(=O)C1CCC1,0.0008106611054346163
Cc1nocc1CC(=O)N1CC[C@@H]2CS(=O)(=O)C[C@@H]21,0.0002977147502819761
Cn1ccc([C@@H]2[C@@H](NC(=O)c3ccnn3CC(F)F)CC(=O)N2C)n1,0.00035960106763064477
Cn1ccc(N2CCC(OC(=O)C3CCc4[nH]ncc4C3)C2=O)n1,0.000905080171805664
Cn1cccc1C(=O)NCC1(C)CCN(C(=O)c2cocn2)C1,0.14564340864565806
Cn1ncc(C(=O)N2CC(Nc3cnc4ccccc4n3)C3(CCC3)C2)n1,0.33140838103667153
N#CC1(c2nc(CC(=O)NC3CCCC3)no2)CCSCC1,0.0008971541471845775
N#CCC1CCN(c2n[nH]c(=O)c(Br)c2Br)CC1,0.616038326826566
N#Cc1ccc(N2CCCC2(CCC#N)CNC(=O)C2(F)CCCC2)cn1,0.0008482276371644131
N#Cc1ccc(NC2(C3CN(C(=O)Cc4ccoc4)C3)CC2)c(C#N)c1,0.0017311945423468026
N#Cc1cnccc1NC1CC2(C1)CN(C(=O)C1CCS(=O)(=O)C1)C2,0.00049379570840159
Nc1cccc(CNC(=O)[C@@H]2CNC[C@H]2c2ccccc2)n1,0.000592811342480048
O=C(CC1(n2cnnn2)CCOCC1)OCCc1ccccc1Cl,0.0006367288154850235
O=C(CC1CCCC1)N1CCCC2(CCN2C(=O)Cc2ccoc2)C1,0.0009746240165821797
O=C(N[C@H]1CC[C@H](Nc2ncccc2C(=O)N2CCOCC2)CC1)C1CC1,0.30041810395102436
O=C(N1CCc2ccc(Cl)cc21)C1(n2cnnn2)CCOCC1,0.0006804322505135621
O=C(NC1CC2CN(c4cc(O)ncn4)CC2C1)c1ccc(Cl)cc1,0.285688789119214
O=C(NCC(C1CC1)N(Cc1ccccc1)C1CC1)C1(C(F)F)CC1,0.0005026639301299521
O=C(NCC1CC(O)C1)Nc1cccc(-c2ccc(Cl)cc2F)n1,0.8338149376686272
O=C(NCCC1(CO)CCC1)Nc1cccc(N2CCCNC2=O)c1,0.0012102018106094833
O=C(c1sc2cnccc2c1Cl)N1CC2CC(O)C(C2)C1,0.0007402667287248864
O=C1CC(C(=O)N2CC3(C2)CN(C(=O)c2ccncc2F)CCO3)CN1,0.00022422979788382617
O=C1CCn2cc(C(=O)NCC3CCCC(F)(F)C3)cc2N1,0.6661812855258696
O=C1OCC(C(=O)NCC2(CO)COCC3CCCCN32)O1,0.00022454464452006947
O=S(=O)(NC1CC1)NC1CCN(c2cccc(-c3cc[nH]c3)c2)CC1,0.7377278542855537
Clc1cccc(CN2CCC(c3ncc[nH]3)CC2)c1C(F)(F)F,0.0010865642158272473
C[C@@H](CNC(=O)c1ccc(F)cc1)NC(=O)c1ncc(O)cn1,0.16697924141036227
C[C@@H](NC(=O)c1coc(C(F)(F)F)c1)C1CN(C(=O)[C@@H]2CCOC2)C1,0.0003675071758121042
C[C@@H]1C[C@H]2CN(C(=O)N3CCc4ccc(Cl)c(F)c4C3)C[C@H]2O1,0.0006060491029947421
C[C@H]1C[C@@H](C)C[C@@H](C)(C(=O)NC(CNc2nccnc2F)C2CC2)C1,0.0
C[C@H]1C[C@@H]1C(=O)NC1CN(C(=O)[C@H](C)CC2CCCCC2)C1,0.0007795967942510202
C[C@H]1C(C(=O)NCc2nc(-c3ccccc3F)no2)[C@@H]1C,0.0007668776981199655
CC(=O)C(O)C1CCN(C(=O)c2ccc(C3CCCOC3)cc2)CC1,0.0007710015211332622
CC(=O)N1CCN(C)CC1CNC(=O)CC12CCC(CC1)C2,0.0003502429635896653
CC(=O)NC1(C)CCN(C(=O)C(C)(O)c2cccc(Cl)c2)C1,0.00037462518820394474
CC(=O)NC1(CF)CCN(C(=O)c2cccc(-c3cnco3)c2)C1,0.0009614837776510677
CC(C)[C@@H](NC(=O)CCCn1c(=O)[nH]c(=O)c2ccccc21)C(=O)O,0.00033008343431769726
CC(C)[C@@H](O)[C@@H](C)C(=O)N(CCc1cncc(O)c1)c1ccccc1,0.0007823463688897386
CC(C)(C)OC(=O)N1CC(C2CN(S(=O)(=O)c3c[nH]cn3)C2)C1,0.00038438525687062807
CC(C)(C)n1cc(C2(C)CN(C(=O)c3ccc(NCCO)cc3)C2)nn1,0.0010252085978341794
CC(C)C(=O)N1CCN(CCNC(=O)c2ccn3ccnc3n2)CC1,0.18320957755648457
CC(C)C(=O)NCC1CN(C(=O)c2cc(=O)[nH]c(=O)[nH]2)CC(C)(C)O1,0.0002109477186383727
CC(C)OCc1ccccc1NC(=O)N1CCC2=C(COC2=O)C1,0.0009651564992358463
CC(CC(=O)NC1CCN(C(=O)[C@H]2CNC(=O)N2)C1)C(F)F,0.00020646797493750597
CC(NC(=O)C(N)c1ccc(C(F)(F)F)cc1)C(C)N1CCOCC1,0.00044473916017085026
CC(F)(F)c1ccccc1S(=O)(=O)N1CCC(c2c[nH]nn2)C1,0.00037379674381970247
CC(Sc1nncn1C)C(=O)NCC(C)(O)c1ccccc1,0.0004889446095488033
CC1(C)CCCN(c2ncnc3c2CCCC3)C1C(=O)O,0.0009965682993556258
CC1(C)CN(c2ccc(C(=O)N3CCC[C@H]3CCCO)cc2)CCN1,0.0012200409693116808
CC1(C)COCCC1(N)C(=O)NCC1(c2ccccc2Cl)CCC1,0.0006178556890233252
CC1(C2CCN(C(=O)Nc3cccc4[nH]cc(C(N)=O)c34)CC2)CCO1,0.4668179688334119
CC1(CCC(=O)N2CC(CO)OC(C(F)(F)F)C2)CC1,0.20545482784147798
CC1(CCC(=O)NC2CCN(C(=O)C(F)(F)C3CC3)CC2F)CC1,0.2607594291862401
CC1CC(=O)N(c2ccc(NC(=O)[C@@H]3[C@H]4CCCC[C@H]43)cc2)C(=O)N1,0.000727331760490081
CC1CC(C(=O)NCC2CCN2C(=O)c2ccn3nccc3n2)C1,0.19982918122679905
CC1CN(C(=O)[C@@]2(N)C[C@@H](O)C[C@H]2O)C2(CCCC2)CO1,0.14344334221753316
CC1CN(C(=O)c2ccc(C#N)cc2)CC1CNC(=O)c1ccns1,0.6280077899255965
CC1CN(C(=O)c2ncccn2)CCC1CNC(=O)CCc1ccco1,0.00022673268397267187
CCC(=O)N1CCCC(N2C3CCC2CN(Cc2ccc(F)cc2)C3)C1,0.0006607468505662258
CCC(=O)NC1(CNC(=O)c2c(N)ncc3c2CCCC3)CC1,0.3514307626690558
CCC(C)[C@@H](NC(=O)Nc1ccc(OC(F)F)cc1)C(=O)OC,0.0010464601954072949
CCC(CO)C(=O)N(C)CC1CCCN(C(=O)c2csc(C)c2)C1,0.00041982286826341985
CCC1(C(=O)N2CCC(CNc3ccncn3)C2)CC1(F)F,0.0012276947148485977
CCC1CC(NC(=O)Nc2cccc(NC(N)=O)c2)C1,0.357762857934026
CCC1CCCN1c1cccc(NC(=O)N2CCOC2=O)c1,0.001096876496455848
CCCCC(=O)NC1Cc2ccccc2N(c2ccc(C#N)nc2)C1,0.0019073707641064073
CCCc1cc(C(=O)NCC2CN(C)CCN2C(=O)[C@H]2C[C@@H]2C)no1,0.00028540233294591165
CCCc1csc(NC(=O)N(C)Cc2ccccn2)n1,0.0006500460552048573
CCCc1ncoc1C(=O)NCCN(C(=O)c1cnccc1O)C1CC1,0.3127762756639513
CCN(C(=O)CC(C)C(F)F)C1CCN(c2ccccc2)C1=O,0.447058982716025
CCN1CC(CNC(=O)c2cccc3c2NC(=O)CO3)CC1=O,0.22937712501332116
CCN1CCN(C(C)CNC(=O)c2cc3ccc(F)cc3o2)CC1,0.3695456535659985
CCOc1ccc(NC(=O)CN(C)CC(O)c2cccc(C#N)c2)cc1,0.0017149446908913293
CCOc1nccc(C)c1C(=O)N1CCC(O)(c2ccc(F)cc2)C1,0.00048543869782507445
CCc1[nH]ccc1C(=O)N1CC(C)OC2(CCN(C)CC2)C1,0.0007620598293779776
CCc1ccc(CNC(=O)c2ccc(CNC3CCN(C)CC3)cc2)s1,0.0009391811692998748
CCc1cccc2c(CC(=O)NCCN3CCOCC3CC)c[nH]c12,0.0005661569878720577
CCc1nc(NC(=O)N2CCC(NC[C@@H](O)CC)CC2)cs1,0.0008167407683183483
CCc1ncccc1NC(=O)[C@H]1C[C@H]2[C@@H](C1)C2(F)F,0.0010440085911900012
CCc1nnc(N(C)CCNC(=O)c2ccn(C3CCCC3)n2)o1,0.0005793098093555369
CN(C)C1CC(C(=O)O)CN(S(=O)(=O)C2CC3(C2)CC3(F)F)C1,0.0002247822238137548
CN(C)CC(=O)N1CC(O)(CNC(=O)c2csc(C3CC3)n2)C1,0.00021650715563662404
CN(CCN1CCN(C(=O)C(C)(C)C#N)CC1)C(=O)c1ccncn1,0.34820177603385166
CN1C[C@@H](NC(=O)N[C@@]23CCC[C@](C)(C2)OC3)CC1=O,0.00043435339281331633
CN1C(=O)O[C@H]2CN(C(=O)Nc3cccc4cnccc34)C[C@H]21,0.0008675684223398664
CO[C@H]1C[C@H](CNC(=O)Nc2c(C(C)=O)sc3ncccc23)C1,0.4178106929654481
COC(=O)[C@@H]1[C@@H]2C[C@@H]2CN1C(=O)C1CCCC2CCCC(=O)N21,0.000445235437244887
COC(=O)Cc1ccc(CN2CC(C)OC3(CCOCC3)C2)c(C)c1,0.000518143308903823
COC(=O)N1CCN(C(=O)c2ncccc2NC(=O)OC(C)(C)C)CC1,0.0007475794542329585
COC(=O)c1cc(CNC(=O)C2CS(=O)(=O)CC23CC3)n2c1CCCC2,0.00035756445435319184
COC1(C(=O)N2CCC3(CCN(C(=O)[C@@H](C)N(C)C)CC3)C2)CCC1,0.28299987508302366
COC1(CO)CCCN(C(=O)c2[nH]nc(-c3ccccc3)c2Cl)C1,0.0009975050150817628
COC1CCC(C(=O)NCc2ccc(Cl)c(Cl)c2)C1,0.0007426837230313963
COC1CCCC1C(=O)N(C)CC(C)(C)CNCc1ccns1,0.0008180980026082529
COCc1cccc(C(=O)NC(C)c2cnn(C(C)C)c2)c1,0.0006541683024496707
COc1cc(C)c(CN2CCCN(C(C)(C)C)CC2)c(Cl)c1,0.0005877932363605204
COc1cc(F)ccc1N1CCN(C(=O)c2sccc2C#N)CC1,0.8128753528752743
COc1ccc(C(=O)N2C[C@@H](C)[C@@H](NC(=O)Cn3cnnc3)C2)cc1,0.00036261769017752453
COc1ccc(CC(=O)N2CCC[C@H]2CNC(=O)CC2CC2)cc1,0.14528193651288884
COc1ccc(CN(C)C(=O)c2coc(C(C)(C)C)n2)cc1F,0.0006898854307708239
COc1ccc2c(c1OC)CCN(CCCc1cnccc1C)C2,0.00039032958008452487
COc1cccc2c1CC(C(=O)N(C)CC(C)C#N)CO2,0.0009073980579402125
COc1cncc(S(=O)(=O)N2CCC(F)(c3ccccc3)C(=O)C2)c1,0.000300543872282181
COc1ncccc1S(=O)(=O)NC1C(=O)OCC1C,0.0002728054909047072
CSCCC(=O)N1CCC2CCC(C1)N2Cc1nccc(C)n1,0.0006896001010218639
Cc1[nH]c(=O)[nH]c(=O)c1NCc1cccc(C2(C(F)(F)F)CCC2)c1,0.000671085144023499
Cc1[nH]cnc1C(=O)NCC1CN(C(=O)[C@@H]2C[C@@H]3C[C@@H]3C2)CCC1C,0.000817599287545479
Cc1c(C#N)cccc1C(=O)N1CC(Oc2ccccn2)C1,0.0013364671474591521
Cc1c(Cl)c(C(F)(F)F)nn1CC(=O)OCc1nncn1C1CC1,0.0004143083813200694
Cc1cc([C@@H](C)NCc2c(C)nn(C)c2OCC2CC2)ccc1C(=O)O,0.0005854131814846435
Cc1cc(C(=O)NC2C3CCC(C3)C2(C)C)cs1,0.18839142685445398
Cc1cc(C(=O)NCc2cccnc2N2CCCCC2)c(C)cn1,0.0004987195523500866
Cc1cc(CN2CCN(C(=O)c3cccc4c3CNCC4)CC2)no1,0.00036832241899800695
Cc1cc(N2CCC(=C(F)F)CC2)ccc1-n1cncn1,0.0017106808232022531
Cc1cc(NC23CCC(C(C)(F)F)(CC2)C3)ncn1,0.0013711883419159974
Cc1cc(F)c2nc(O)c(C(=O)NC3CCNCC3O)cc2c1,0.0005012492058074148
Cc1cc2c(cc1C)C(=O)N2C(C)CNC1CCC(=O)NC1(C)C,0.000879219373346979
Cc1ccc(C(=O)N2CC3(C2)CC(C)N(c2nccc(CO)n2)C3)o1,0.4308673384141256
Cc1ccc(C(=O)NCc2ccc(CN(C)C(=O)[C@@H]3CCOC3)cc2)[nH]1,0.0005078439086730435
Cc1ccc(CC(=O)N2CC3(C)CCC(O)C2C3)cc1Cl,0.000689650124197399
Cc1cccc(C(=O)N(C)C2CCC(NC(=O)[C@H]3C[C@@H]3C)CC2)c1,0.00043206890745717914
Cc1cccc(CN(C)C(=O)C2(c3ccc(O)nn3)CCOCC2)n1,0.00028918026015036186
Cc1cccc(Cl)c1[C@@H]1C[C@H]1C(=O)NC1CC2OCCCC12,0.0005800961677983541
Cc1cncc(C(=O)NCCC2(CNC(=O)c3cc(C)n(C)n3)CC2)c1,0.19551317033370172
Cc1cnccc1C(=O)NC1(CNC(=O)C(C)(F)C(C)(C)F)CCC1,0.23117680242872163
Cc1nc(C(=O)N(C)CC(C)(C)Nc2n[nH]c(=O)s2)c(=O)[nH]c1C,0.0004385365621683702
Cc1nc(C(=O)NCC2CCN2C(=O)C2CCC(F)(F)C2)c(C)s1,0.0006061946542650671
Cc1ncc(C(=O)NC2(C)CN(C(=O)c3c(CC(C)C)cnn3C)C2)o1,0.2025457480322302
Cc1nccc(C(=O)N2CCN(C)CC2CNC(=O)CCF)n1,0.00029083743629868626
Cc1scnc1C(=O)NC1(C)CCCN(C(=O)[C@@H]2CCC(=O)N2)C1,0.2141345880026939
Cn1c(=O)[nH]cc(C(=O)NC2(CC3CCNCC3)CCCC2)c1=O,0.27565975860090347
Cn1c(Cl)cnc1CNc1cc2c(nc1C(F)(F)F)C1(CC1)C2,0.0015374867469821773
Cn1cc(N)cc1C(=O)N1CCC1c1ccc(Br)c(Cl)c1,0.0017294184759280057
Cn1cccc1C(=O)NC1(Cc2c(F)cccc2F)CCOCC1,0.0007107014800244197
Cn1ncc(C2CCC2)c1C(=O)NC1CC(c2ccccn2)C1,0.0009735718912325353
N#Cc1ccc(F)cc1N1CCC(NCC(O)Cn2cccn2)CC1,0.0012734990204347938
N#Cc1cccc(-c2nc(CC(=O)N3CCC3C3CC3)cs2)c1,0.0017609429173843795
N#Cc1nnc(N2CC(N3CCNC(C(F)(F)F)C3)C2)c2ccccc21,0.47248239438850265
NS(=O)(=O)CC1CCCCN1Cc1cc(C(F)(F)F)co1,0.00047627117623649806
O=C(CC1=CN2CCN=C2S1)NCC1CCCc2nccn21,0.001315440706987988
O=C(CNC(=O)Nc1cccc(C(F)(F)CF)c1)NCc1ccco1,0.0009613415788897898
O=C(CSc1nc2c(cnn2C22CCC2)n1C1CC1)N1CCC1,0.0
O=C(NC1(CC2CCC2)CC1)[C@H]1C[C@@H]2CC[C@H](C1)S2(=O)=O,0.0014003649152030408
O=C(NC1CC(Nc2ncccn2)C12CCC2)c1cnn(C(F)F)c1,0.0013262193173885074
O=C(NC1CCCCN(C(=O)c2cncc(F)c2)C1)c1cnns1,0.00036683993344562824
O=C(NC1COc2ccccc2C1)N1[C@H](c2ccccc2)C[C@@H]2C[C@@H]21,0.0012831943315464451
O=C(NCC1CCN1C(=O)C1CC2(CCC2)C1)c1ccncc1,0.0012866009578848608
O=C(OCC1CSC1)c1cnnn1Cc1ccccc1Br,0.0005231327233484808
O=C(c1ccc2n[nH]c(=O)n2c1)N1CCC2COCCC21,0.12034262452410112
O=C1CC(Nc2nc(C(=O)N3CCCC3Cc3ccccc3)cs2)C1,0.24942691421368846
O=C1Nc2c(Cl)cccc2CC1C1=NOC2C1COC2,0.0006082851608824099
O=S(=O)(CCc1cnoc1)NC1(c2cccc(Cl)c2)CCC1,0.0002410933099819072
OC[C@@H]1C[C@H]1c1cn(CC(=O)N2CC(N3CCCC3)CC23CCC3)nn1,0.0010820934559151283
OCC1C2CC2CCN1Cc1ccccc1Br,0.0004894966325842556
C[C@@](=O)(CNc1nnc(C(F)F)s1)NC(=O)CC1CC2CC2C1,0.0
C[C@@H]1N[C@@H](C(=O)N2CCN(c3ccc(C#N)cc3F)CC2)C[C@H]1O,0.00092899762448079
C[C@H](N)c1ccc(C(=O)N2CCOCC(C(C)(C)C)C2)cc1,0.210511720077632
C[C@H]1C[C@@H]1C(=O)N1CCCCC2(CCN(CCCF)CC2)C1,0.0012483027192620128
C[C@H]1CN(C(=O)CCC(=O)c2cn(C)nn2)CCN1C(=O)[C@@H]1CCCO1,0.11202058810644762
C=Cc1cc(F)cc(C(=O)N(C)Cc2ncc(C)cc2C)c1,0.0012106734255980583
CC(=O)CC1(C(=O)N2CCN(C(=O)CCc3cnn(C)c3)CC2)CCC1,0.00041482021171407763
CC(=O)NCc1cccc2c1CCN(C(=O)c1cccnc1OC)C2,0.0004559336435082199
CC(C#N)C(=O)N1CCC[C@@]1(C)CNC(=O)CC1CCCOC1,0.18920747188901782
CC(C)(C(=O)N[C@H]1C[C@@H](NC(=O)c2ccns2)C1)c1ccccc1,0.0005795003512433661
CC(C)(C(N)=O)N1CCN(CC2CCCC(c3ccccc3)(C#N)C2)CC1,0.0016464474941628514
CC(C)(C)Oc1ccc(CNC(=O)Cc2ccc(C#N)cc2)cn1,0.000668322851193294
CC(C)(C)c1nccc(NC2CN(C(=O)C3(C)CC(F)C3)CC2(C)C)n1,0.00038921404380115165
CC(C)(CF)C(=O)N1CCN(C(=O)c2ccc3c(c2)CC3)C(CCO)C1,0.0005666332657632588
CC(C)C(=O)N1CCC(O)(CNC(=O)c2cn3cccnc3n2)C1,0.14594603395556477
CC(C)N(C(=O)c1ccc(OCCF)cn1)c1ccc(C#N)cc1,0.0018264583100308595
CC(CF)C(=O)N1CC(NC(=O)CCn2cccn2)C(C)(C)C1,0.00031747133444304335
CC(CSc1ccccc1)C(=O)N(Cc1ccncc1)CC(F)F,0.0005775519249965296
CC(Cc1cccc(C#N)c1)OC(=O)CC1(S(C)(=O)=O)CC1,0.0006405215300897644
CC(NC(=O)[C@H]1CCC(=O)N(C)C1)c1cc(-n2cccn2)ccc1Cl,0.0005659754421337968
CC(NC(=O)c1ccoc1)C(=O)N1CCCC(CCNC(=O)CC#N)C1,0.14775179702653138
CC(O)COC1CN(C(=O)c2c[nH]c(=O)c(-c3ccccc3)c2)C1,0.15007235240831815
CC1(C)C(=O)CC1C(=O)NCC(O)Cc1ccccc1F,0.0003379937231048389
CC1(CNc2nc3ccccc3[nH]2)(CC2CCOC2)COC1,0.0
CC1(NC(=O)CN2CCCC2=O)CCCN(C(=O)c2[nH]ncc2C#N)C1,0.0006160734690074908
CC1C(=O)Nc2ccccc2N1CC(=O)NC1CCN(C2CC2)CC1,0.29472678141614683
CC1CC(F)(F)CN1C(=O)c1ccc(C2OCCO2)cc1,0.0005060553429652926
CC1CC1C(=O)N(C)C1CC2CCC(C1)N2C(=O)c1coc(CO)c1,0.0003776967572504958
CC1CN(C(=O)CCc2cnoc2)CC1NC(=O)c1cccc(=O)[nH]1,0.000235540288528537
CC=Cc1cn(-c2ccccc2C(=O)NCC23CCCN2CCC3)nn1,0.00155434659386564
CCC(=O)N1CCN(Cc2ccc(C(F)(F)F)o2)CC1,0.00044159146295487335
CCC(C(=O)N1C2CCC1CN(C(=O)c1ccco1)C2)C1CCOCC1,0.0004303310188494753
CCC(C)CC(C)C(=O)N1CC(=O)NC12CCN(c1ccncn1)CC2,0.0005479789898156295
CCC(CC(=O)N1CCCC(F)(F)C1)c1ccc(OC)cc1,0.0009455257919883759
CCC(CC(=O)N1CCN(c2cccc(Cl)c2)CC1)OC,0.0009839907743234063
CCC(CN(C)CC1CCN(C(=O)c2cn[nH]c2C(C)C)C1)OC,0.0008947674201785085
CCC(O)CC(=O)NC(C)CN(C)C(=O)C1CNC(=O)C1,0.0001399916303272916
CCC(F)(F)(F)C1(COC(=O)[C@@H](NC(N)=O)C(C)C)CC1,0.0
CCC1(C(=O)Nc2ccc(O)c(Cl)c2)CCCN1,0.001025662283688653
CCC1C(=O)N(C)CCN1C(=O)N(C)C(C)c1ccccn1,0.0002708437524446399
CCCC(C)C(=O)NC(C)C1CN(C(=O)c2ccnc(C#N)c2)C1,0.0012874485636628354
CCCCc1cn(Cc2cccc(S(=O)(=O)N3CCCC3)c2)nn1,0.0002608708591846704
CCCN(CCNC(=O)c1cc(O)no1)C(=O)c1cocc1C,0.0005398614244627003
CCCN(CCNC(=O)c1cccc(=O)[nH]1)C(=O)c1ccc(C)cc1,0.00034886360935248973
CCCS(=O)(=O)C1CCCC1NC(=O)N(C)c1cccc2ccccc12,0.001372183464471549
CCN(CCNC(=O)CC(C)C1CC1)C(=O)[C@H]1CC[C@H](C)CC1,0.0005021383964581275
CCN1CCN(C(=O)Cn2cc(CCOC(N)=O)nn2)c2ccccc21,0.0008529237123079324
CCN1CCN(c2ccc(CN3CCC=C3C(=O)O)cc2F)CC1,0.001120834190194072
CCOC1C(C)C1C(=O)NCC(C)(NC(=O)CC(C)(C)C)C1CC1,0.17645888233834
CCc1cc(C(=O)N2CC[C@H](NC(=O)C3CC3CC)C2)n(C)n1,0.0003620710201175769
CCc1cc(CNC(=O)Nc2cccc(Cl)c2OC)[nH]n1,0.0010355765171240808
CCc1cnc(Cl)nc1N1CCC[C@H](CNC(C)=O)C1,0.0007338504051380102
CCc1nc(N2CCN(C(=O)c3nc[nH]n3)CC2)sc1C,0.0006605662755835095
CCc1nnc(C(=O)NCC2CCN2C(=O)c2cccc(C)c2F)[nH]1,0.17717599928088537
CCc1oc(C)cc1C(=O)NC(C)C1(O)CCN(C(=O)[C@H]2CCCO2)C1,0.0003614551440471732
CCn1c(C(=O)N2CC3(CCN(C(=O)C4CC(C)C4)CC3)C2)cnc1O,0.32435352291221825
CCn1cc(CNC(=O)NC(C)c2ccc(OC)c3ccccc23)cn1,0.001026510443918596
CN(C)C[C@H](NC(=O)C(F)(F)c1ccccn1)c1ccccc1,0.0004961091406387046
CN(C)CC1CCN(C(=O)c2ncc(Cc3ccccc3)s2)CC1,0.0007285329773834588
CN(C)Cc1cn(C2CC(NC(=O)c3ccns3)C2)nn1,0.00029039907927555926
CN(CC(=O)NCc1ccccc1F)c1nccc(O)c1Cl,0.0007918436075653742
CN(CCCN1CCOCC1)S(=O)(=O)Cc1ccc(F)cc1Cl,0.00036953713396318735
CN(CCNC(=O)Cn1cccc(-c2ccccc2)c1=O)C1CCCC1,0.0003850983900346483
CN1CCC(C(=O)Nc2ccccc2OCCO)c2ccccc21,0.0009847048016223498
CNc1nc(C(=O)NC2(C)CCC2Cc2ccccc2)cs1,0.0016807829980280196
COC(=O)[C@@]1(C)CNC[C@@H]1NCc1ccc2cccnc2n1,0.00044621385672457994
COC(=O)[C@@H]1C[C@]12C[C@@H](NC(=O)c1ccc3cc[nH]c3c1)C2,0.0005202750304139536
COC(=O)C1CCN(CCNC(=O)C2(C)CCS(=O)(=O)CC2)CC1,0.09645624980299264
COC(=O)CC[C@H]1C[C@@H](NC(=O)c2cc(C3CCNCC3)n(C)n2)C1,0.0003676812771163482
COC(=O)c1cc(CCOC(=O)c2cccc(C(N)=O)c2)cs1,0.0004025138843192404
COC(=O)c1nccc2c1CCN(C(=O)NC1CNCCC1(F)F)C2,0.00023080524950035204
COC(C)(C)c1cn([C@@H](C)CNC(=O)Cn2ccc(C)cc2=O)nn1,0.00027159201036176757
COC1(CNC(=O)C2Cc3ccccc32)CN(c2nnc(C)c(C)n2)C1,0.0004829582497142499
COC1CCN(C(=O)C2CCN(C(=O)OC(C)(C)C)=C2C2CC2)C1,0.0
COCC1(NC(=O)c2cc(C)n(-c3cccc(C#N)c3)n2)CCOCC1,0.5625941037845847
COCCC1CN(c2nnc(-c3sccc3C)n2C)CCO1,0.001309885990025048
COCc1nc(C(=O)N(C)CCNC(=O)C2(O)CC2)co1,0.10935394730184804
COc1cc(Cl)cc(C(=O)NC(C)CCNC(=O)CC(C)(C)C)c1,0.0005097152685315284
COc1ccc(C(=O)NCC2(CCO)CCC2)c2c1CNCC2,0.0005988001608633816
COc1ccc(OC)c2c1CCN(C(=O)c1c(C)nsc1C)C2,0.0005034527764545284
COc1ccc(F)c(NC(C)c2ccc(S(C)(=O)=O)cc2)n1,0.0010648623346273965
COc1ccc(Cl)cc1N(C)C(=O)N1CCCC(CCC(=O)O)C1,0.001605172200662107
COc1cccc(CC(=O)NCC(C)N(C)c2cc(OC)ncn2)n1,0.0010720547595361196
COc1cccc2nc(N3CCN(C)[C@@H]4COC[C@H]43)sc12,0.5366076772735335
COc1ccccc1C(NC(=O)NC1CCCN(CCF)C1)C(F)F,0.0004000394369952508
COc1cnnc(C(=O)N2CCC(c3ccccc3F)C(F)(F)C2)c1,0.00042523636093987375
CSC1(C(=O)N2CC(CCNc3cc(O)ncn3)(CO)C2)CC1,0.0005025104701638242
CSc1cc(C(=O)N2CCOC3(CC4CCC3C4)C2)co1,0.0007709395096186974
CSc1ccc(NC(=O)N2CCC3(CCNCC3)C2)nc1,0.0008260482467587904
Cc1c(C(=O)N2CCN(CCF)C[C@@H]2C)nn(C2CCOC2)c1C,0.0004398249438468676
Cc1c(Br)ccc(Cl)c1NC(=O)[C@@H]1C[C@@H]1CO,0.0007224664251719191
Cc1cc(C)cc(CNC(=O)CCCn2c(C3CC3)nc(C)c2C)c1,0.0006385706457049056
Cc1ccc(-c2cnc(N3CC(N4CCOCC4)C3)nc2)cc1,0.3058382538054465
Cc1ccc(-c2nnc(N3CCC[C@@H]3C)n2CC2(CO)CC2)cc1,0.001833225772316738
Cc1ccc(C(=O)N2CC(CC(C)NC(=O)c3ccco3)C2)cc1CO,0.26161722216470573
Cc1ccc(CN2C3C=C(C(=O)O)CC2C3)cc1OC(F)F,0.0006118796152961903
Cc1ccc(N(C)C(=O)C2(C)CCOCC2)cc1S(C)(=O)=O,0.0011222987297501155
Cc1cccc(C(=O)N2CCC[C@H]2CNC(=O)Cn2nccc2C)n1,0.00041562847400012726
Cc1ccnc(-n2cc(CC3CN(C(=O)CC4CC(F)C4)C3)nn2)n1,0.0006182708967861036
Cc1ccncc1C(=O)NC1CCN(C(=O)c2cnnn2C)C(C)C1,0.0002874606600165626
Cc1cnccc1C(C)C(=O)N1CCCC2(C1)CN(C(=O)CO)C2,0.1817934473798353
Cc1nc(CN2CCN(C(=O)Nc3cccc(C#N)c3F)CC2)n[nH]1,0.0009440561596912557
Cc1nc2cc(Cl)ccc2cc1C(=O)NCC1CCN1C(=O)CO,0.0003258267195629616
Cc1ncc(C)c(NC2CN(C(=O)c3cccc(C)c3Cl)C2)n1,0.0012693611946226209
Cc1ncc(CCC(=O)N2CCC(CCC(=O)O)CC2)s1,0.000795406581077844
Cc1nn(C)c(C)c1CC(=O)Nc1cc(Cl)cc(C#N)c1,0.0009956742014997151
Cc1nnc(-c2cccc(NC(=O)N3CCC4(CCOC4C)C3)c2)[nH]1,0.0017425754427839626
Cc1nnc(N2C[C@@H](C)[C@@H](NC(=O)c3cc(C(C)(C)C)ccn3)C2)o1,0.0010952153231678326
Cc1nsc(N)c1C(=O)N1CCC(C)C(NC(=O)C2CC2)C1C,0.3157673229751107
Cn1cc(CN2CCC(C(N)=O)(c3ccccc3)CC2)c(C2CC2)n1,0.0006597765357009095
Cn1ccc(-c2cn(C3CCN(C(=O)C4(O)CCCCCCC4)C3)nn2)n1,0.001508458637966051
Cn1ccc(C(=O)N2CC(NC(=O)CC3(C)CC3)CC2C(C)(C)C)c1,0.0005389763761983083
N#Cc1ccc([C@]23C[C@H]2CCN3C(=O)C2CCN(CC(F)F)CC2)cc1,0.0012667572485929237
N#Cc1ccc(C2(NC(=O)c3cccn4c(=O)[nH]nc34)CCCCC2)cc1,0.7016000627058233
N#Cc1ccccc1Oc1cc(NC(=O)[C@]23CC[C@H]2CNC3)ccc1,0.0010523524964429628
N#Cc1cnc(NC2(CNC(=O)c3cnn(CCF)c3)CCC2)cn1,0.0009496313255277309
O=C(CCc1ccon1)NCC1CC2(CCC2)CN1C(=O)c1ncc[nH]1,0.0011496958247506934
O=C(Cc1cccnc1)NCC1CCC(NC(=O)[C@@H]2CCCO2)C1,0.2882688660224593
O=C(N1CC2CC2C1)C1(Cc2cccc(-c3cnn[nH]3)c2)CC1,0.000818221412710798
O=C(NC1CCN(C(=O)C2(CO)CC2)C1)c1cc(Cl)ccc1Cl,0.0005254875780082242
O=C(NC1CCN(Cc2ccccc2F)CC1)c1ccc(F)c(F)c1,0.000855006517288003
O=C(NCC12CCC(C1)C(=O)N2)c1ccncc1-n1cc(CO)nn1,0.00025913818535518553
O=C(NCC1CN(C(=O)[C@@H]2CC2(F)F)CCC12CCOCC2)C1CC1,0.5638455367387775
O=C(NCc1n[nH]c2c1CCCC2)[C@@H]1C[C@H]1c1c(F)cccc1Cl,0.0006135686225984574
O=C(Nc1cc2ccccn2n1)NC1CC(=O)N(CC2CC2)C1,0.0007916971834488349
O=C(O)c1coc2c1CN(C(=O)C(OC1CCCC1)c1ccccc1)C2,0.0004879918353615027
O=C(c1ccc(NCC2COCO2)cc1)N1CC(n2ccnn2)C1,0.0005001752420687457
O=C1NCN(C(=O)c2cccc(Cc3ncc[nH]3)c2)CC1C1CCCC1,0.0013986185322650204
C[C@@H]1C[C@H]1C(=O)NC[C@H]1CCCN1c1cc(-c2cccs2)ncn1,0.3524416191002233
C[C@@H]1CCN(C(=O)NC2CCN(Cc3cccc(F)c3)CC2)C[C@H]1N,0.00047012530938316655
C[C@H](CNC(=O)c1ccc2[nH]ncc2c1)NC(=O)C1CCc2cn[nH]c21,0.0005175584224088209
C[C@H](NC(=O)C1CC1F)C1CN(C(=O)CCCC2CC2)C1,0.00040745937815706376
C[C@H](O)C1CN(c2nc3cccc(Br)c3s2)CCO1,0.4113678637160736
CC[C@H](O)c1nnc(N2CC3COCCC32)n1Cc1ccncc1,0.00037351962410762365
CC(=O)N[C@@H](Cc1ccccc1)C(=O)Nc1nnccc1C,0.0005206750568186397
CC(=O)N1CCC(N(C)C(=O)c2ccc3c(c2)C(=O)OC3)CC1,0.0003222083937635241
CC(=O)c1ccc(NC(C)(C)CNC(=O)[C@H](O)C(C)C)nc1,0.22339655048111093
CC(C#N)Oc1ccccc1NC(=O)N1CC(=O)NC12CCNCC2,0.0010295462938293052
CC(C(=O)N(C)C(C)CNc1cc(=O)[nH]c(=O)n1C)N1CCOCC1,0.0005051478283375654
CC(C(=O)N1CC(NC(=O)C(C(C)C)n2ncc(N)n2)C1)C1CC1,0.00038454332179752325
CC(C)[C@@H](O)C(=O)N1CC2CC(NC(=O)c3ncccc3F)CC2C1,0.14647631247512735
CC(C)(C)C1(C)CC(c2nc(-c3cc4c([nH]c3=O)CCOC4)no2)C1,0.001335583058833525
CC(C)(C)OC(=O)N1CC(N2CCOC3(CC3)C2)C2CCC(C2)C1,0.0005972997969081291
CC(C)(N)C1=NCCN1C(=O)c1cc(F)c(C(F)(F)F)c(F)c1,0.0007515342102382668
CC(C)c1cc(NC(=O)NC2(C1)CC(F)(F)F)ccc1nnc[nH]1,0.0
CC(C)c1scnc1C(=O)NC1CC(=O)N2CCCCC12,0.0004703181602280705
CC(CC(=O)N1CCOCC12CCCC2)NC(=O)OC(C)(C)C,0.0005297336328731543
CC(CCNC(=O)C1CC12CC(C)(C)C2)Nc1ccc2nnnn2n1,0.0005252204282524118
CC(CCNC(=O)c1cncc(C(=O)N(C)C)c1)N(C)C(=O)[C@H]1C[C@@H]1C,0.1657538609373152
CC(CNC(=O)CC(C)C1CC1)NC(=O)CCc1ccoc1,0.0005033298279336196
CC(NC(=O)Nc1cccc(-c2nncn2C)c1)C1CN(C)CCO1,0.0012817102896721922
CC(NCC(O)c1ccc2ccccc2c1)C(=O)N1CCCCC1,0.000639230448626541
CC(O)CSCc1ccccc1-n1ccc2c1CCNC2,0.0005800194080975834
CC(F)(F)C(=O)N1CCC[C@@H](Nc2ncnc(N)c2Cl)C1,0.0007819344792637489
CC(F)(F)C1CCCN1C(=O)c1cc2ncccc2cc1F,0.0006317611819139676
CC1(C)CC(C(=O)N2CCC3(CC2)CC(NC(=O)C2(O)CC2)CCO3)C1,0.000644288129197852
CC1(N)CCCC1C(=O)Nc1ccc(Cl)c(Br)c1,0.0010917075923677897
CC1CC(C(=O)N[C@H]2C[C@H](Nc3nnnn3-c3ccccc3)C2)C(C)O1,0.0010062148860524277
CC1CC(CS(=O)(=O)NC(Cc2ccoc2)C(=O)O)C1,0.0003266101060057171
CC1CCC(C)N1CC(=O)N1CCCC(CN(C)CC(F)(F)F)C1,0.0005288598717687714
CC1CCN(Cc2ccc(-c3cncn3C)cc2)C2C(=O)NCC12,0.0008105194529613373
CC1CN(C(=O)NC(CN)c2ccccc2)Cc2cc(Cl)ccc2O1,0.0005972877451600539
CC1Cc2cccc(S(=O)(=O)N3C[C@H](N)C[C@H]3C(=O)O)c2O1,0.0002658267009662251
CCC(=O)N1CC(C)C(CNc2ncc(C(=O)OC)cn2)C1,0.0006868108080417108
CCC(C)(C#N)C(=O)N1CC(O)(CCNC(=O)c2ccc(C)s2)C1,0.000950303766659165
CCC(NS(=O)(=O)Cc1ccc(F)c(F)c1)C1CC1(C)C,0.000796334923790022
CCCC(=O)NC(C)CNC(=O)c1cc2c(=O)[nH]cnc2cn1,0.0003650349591020547
CCCC(=O)NCCC1CSCCN1c1ncc(OC)cn1,0.0008947226570724676
CCCS(=O)(=O)NC(C)C(=O)N[C@@H]1CCc2cc(Cl)ccc21,0.0005496118289273763
CCCc1nccn1CC(=O)NC1CCC(N2CCCC2)CC1,0.0014286574342963505
CCCn1ncc(C(=O)N2CC(CNC(=O)Cn3cccn3)(OC)C2)c1C,0.00025279377438390126
CCN(Cc1cnn(-c2ccccc2)c1)C(=O)C12CCC(CN)(C1)OC2,0.0007023695462977026
CCN1CCN(C(=O)c2cc(-c3ccc(Cl)cc3)nc(C)n2)C(C)C1,0.45870138250230563
CCN1CCOC(C(=O)NCC2CCN(C[C@H](O)COC)CC2)C1,0.00024967385073612115
CCOc1ncc(C#N)cc1NC(=O)C(Br)CC1CC1,0.7965533182487283
CCS(=O)(=O)CC(=O)N1CCC(CN(C)c2ncccn2)C1,0.0005754461029451621
CCc1cc(C)nc(N2CCN(C(=O)Cc3ccccn3)CC2)n1,0.0005758281818340445
CCc1ccc(CC(=O)NS(=O)(=O)c2cccc(C#N)c2)cc1,0.0006703358237417405
CCc1ccoc1C(=O)NCc1ncnn1C(C)(C)C,0.0005747720193984772
CCc1nnc([C@]23CC[C@H]2CCN3Cc2cc(C#N)ccc2OC)o1,0.0018049900998019757
CCc1nnc(N[C@H]2CON(C(=O)C3CCN4CCOCC34)C2)s1,0.0008599065368786352
CCc1ocnc1C(=O)N(C)C1CCC(NC(=O)c2cn[nH]c2)CC1,0.28355092753188316
CCc1sc(N2CCc3cc(F)cc(F)c3C2)nc1C(=O)O,0.0010827318304068821
CCn1cc(NC(=O)CCSc2ncnc(Cl)n2)c(C(N)=O)n1,0.0006438596146829768
CCn1ccc2ccc(NC(=O)C1CC(NC(C)=O)CC(C)C)cc21,0.0
CCn1ncnc1C(=O)N1CC(CNC(=O)CSc2ccccn2)C1,0.00028312305183761057
CN(C)CCc1cn(C2CCN(C(=O)C3CCCCC3C3CC3)C2)nn1,0.0010936005790467395
CN(CC(=O)N1CC2(CCCNC2)C1)C(=O)c1cccs1,0.0004746436656063626
CN(CCNC(=O)CC1(O)CCCC1)C(=O)C1COc2ccccc21,0.00044333995155622884
CN1CCC[C@@H]1C(=O)N1CC2(CCCN(CCc3ccc(F)cc3)C2)C1,0.0011325677102046478
CN1CCN(C(=O)[C@@H]2C[C@H](O)c3ccccc3O2)CC12CCCCC2,0.0005596445030267166
CN1Cc2ccc(NC(=O)c3cc4c(cn3)OCCC4)cc2C1=O,0.0009557395730783103
CNC(=O)[C@H]1CCCN1S(=O)(=O)c1cccc(OC)c1C(C)C,0.00036920680412880083
CNC(=O)CCCC(=O)N1CCC2(C1)CN(C(=O)C1CC13CCC3)C2,0.0931711798340243
CNC(=O)CCOc1ccc(NS(=O)(=O)NC)cc1,0.0003363257248443914
CNS(=O)(=O)N1CCC(NC(=O)c2cc3ccccc3s2)C1,0.27201352417691066
CNc1ccc(C(=O)NCC(C)N(C)C(=O)COC2(C)CCC2)cc1,0.00047077659201320626
CNc1ccccc1C(=O)N1CCC2CC(NC(=O)[C@H](C)O)CCC2C1,0.0005857188214143917
CO[C@@H](C)[C@H](C)NC(=O)Nc1cc(N=S2(=O)CCC(C)(C)CC2)no1,0.0009550848326862598
CO[C@H](C)C(=O)N[C@H]1CN(C(=O)c2cc(C(F)F)ccc2F)C[C@H]1C,0.25159405085437103
COC(=O)[C@H]1C[C@@H](N(C)C(=O)c2ccc3[nH]c(C4CC4)nc3c2)C1,0.32313137170021733
COC(C(=O)N[C@@H](C)CNC(=O)COc1cnn(C)c1)C1CCC1,0.00044080949579284364
COC(CS(=O)(=O)Nc1cc(Cl)ccc1OCC#N)C1CCC1,0.001368115591659321
COC1(C#N)CC(C(=O)NCC2CN(C(=O)c3ncn(C)n3)CC2C)C1,0.0005121345694849259
COCC(OC)C(=O)N1CC2(CCN(C3CCN(C)C3=O)CC2)C1,0.12204595731263455
COCCN(CC(F)F)C(=O)Cn1cc(-c2cnn(C)c2Cl)nn1,0.000791651956352152
COCc1ccc(C(=O)Nc2ccn(CCF)n2)cc1,0.0007805280819984324
COCc1ccccc1C(=O)NC1CCN(C2CCOCC2)C1=O,0.0002822283222223906
COCc1ncc(NS(=O)(=O)c2c(C)cccc2Cl)c(C)n1,0.0007950407223451811
COCc1nn(C)cc1C(=O)NC(C(=O)N(C)C)c1ccccc1,0.00036847633706456177
COc1c(C(=O)NCC(C)N(C)C(=O)C2CC3CC2C2CC32)c(C)nn1C,0.0005959862301936646
COc1cc(S(=O)(=O)NCc2ccc(N(C)C)cn2)ncc1Cl,0.0005352178071851072
COc1cc2c(cc1NC(=O)N1CCCN(C)C1)NC(=O)C2,0.0006792783156433282
COc1ccc([C@H](C)NC(=O)CC2(N)CCSC2)cc1,0.0006158644463576371
COc1ccc(C)cc1NC(=O)N1CCOC2(CCSCC2)C1,0.0018641438251699952
COc1ccccc1NCC(=O)NCC1CCN1C(=O)C1CCC1(C)C,0.00036672336236304523
CSC(C)c1cccc(NC(=O)[C@@H]2[C@H]3CC[C@H](C3)N2C)c1,0.001527947456819803
Cc1c(C(=O)N2CCN(Cc3ncc[nH]3)C[C@H]2C)c(C(F)F)nn1C,0.0006117685978430963
Cc1cc[nH]c1C(=O)N1CC(n2cc(CNC3CCOCC3)nn2)C1,0.00034644641009880185
Cc1cc(=O)c(C(=O)N[C@H]2C[C@H](NC(=O)[C@H]3CC3(C)C)C2)n[nH]1,0.00022208097615889857
Cc1cc(C(=O)NC(C)(C)C2CCCN2c2ncns2)cc(C)c1F,0.0012381808450162464
Cc1cc(C)nc(N2CCC[C@@H]2CN(C)C(=O)c2cccc(=O)[nH]2)n1,0.16043931323367536
Cc1cc(N)ncc1C(=O)N(C)CCCN(C)C(=O)c1cscn1,0.24664679822072222
Cc1cc(NCC2CCCN2C(=O)c2cc(C3CCC3)on2)ncn1,0.0004711302236083518
Cc1cc(F)cc(NC(=O)N2CCC23CCSCC3)c1F,0.0014027521492747197
Cc1cc2[nH]c(C(=O)N3CCC(C(C)(F)F)CC3)cc2c(=O)n1C,0.0007970496401393124
Cc1cc2c(cc1C)C(NC(C)C1COC(=O)C1)CO2,0.0005900794870609294
Cc1ccc(-c2nc(CC3COC(C)(C)C3)no2)cc1S(C)(=O)=O,0.0017480529947011532
Cc1ccc(C(=O)N2CC3(CCN(Cc4nnnn4C)CC3)C2)cc1F,0.0005301733630761633
Cc1ccc(C(=O)N2CCC3CCC(C2)N3C(=O)C2CCC(=O)N2C)o1,0.0003455224753677687
Cc1ccc(CC(=O)N2CCC23CS(=O)(=O)C3)cc1Cl,0.0004234386328061922
Cc1ccc(CC(=O)N2CCN(C)CC(C)C2)c(Br)c1,0.0003795555647814791
Cc1ccc(F)cc1C(=O)N1CCCC(CNC(=O)c2ccncn2)C1,0.29367817320447953
Cc1ccc(Br)cc1C(=O)N1CCN(C)CC1,0.0004902492368694401
Cc1cccc(-n2nnc(C(=O)N3C4CCC3CC(=O)C4)c2C)c1,0.22879517092928647
Cc1cccc(O)c1C(=O)NC1CN(C(=O)c2sccc2C)CC1C,0.0006875506102147893
Cc1cnc(C(=O)NC2CCN(c3cc(O)ncn3)C2)c(C)c1,0.0005184989619982272
Cc1cnn(CC(=O)N(C)CC2CCN(C(=O)c3ccns3)CC2)c1,0.0007502259216050973
Cc1coc(C(=O)N2CCC(C(C)Nc3cc(F)ncn3)C2)c1,0.0011851059949096936
Cc1nc(C)c(CC(=O)Nc2cnc(C(N)=O)c(Cl)c2)s1,0.0007697616403497306
Cc1ncc(N2CCN(c3ccc(F)cc3Cl)CC2)nn1,0.0011949740503130642
Cc1nnc(-c2ccc(C(=O)N3CCN(C4CC4)C3=O)cc2)n1C,0.5772164639461346
Cc1nnc(CCNC(=O)NCC2CC(CN)CO2)s1,0.0003228615854722875
Cc1nnsc1CN1CCC1CNC(=O)c1cc(F)cc(F)c1,0.00041940715746671545
N#Cc1cccc(S(=O)(=O)NCc2ncccc2C(F)(F)F)c1,0.0004195389221418691
O=C(CN1CCN(c2cccc(Cl)c2)C1=O)NCCF,0.0005846435945797632
O=C(COc1cccc(NC(=O)C2(C3CC3)CC2)c1)C1CC1,0.33300432393432716
O=C(Cc1ccc(O)cc1)N[C@H](C(=O)O)c1ccc(F)cc1,0.0004217778665414273
O=C(N1CCC2(NC(=O)C(F)(F)F)CCCCCC12)C12CCC(C1)OC2,0.0011485258462455555
O=C(NC1(CN2CCCC2)CCCCC1)C1COC2(CCC2)CC1,0.001240195541539596
O=C(NC1CN(C(=O)c2c(Cl)cccc2Cl)C1)c1ccccc1,0.3138192655952502
O=C(Nc1c[nH]c(C2CC2)n1)c1ccn2c1CNCC2,0.0005305776155812442
O=C(O)C1CCCCN(C(=O)Nc2ccc(-n3cnnc3)cc2)C1,0.46603049035206723
O=C(c1cc(C2CC2)ccn1)N1CCC(C=Cc2ccc(O)cc2)CC1,0.001988744784932735
O=C1CCC(C(=O)NCC(O)CNC(=O)[C@@H]2Cc3ccccc3N2)CN1,0.000260137372227345
O=C1CCN(C(=O)c2ccc(-c3cccc(F)c3)cc2)C2(CCNCC2)N1,0.3733687115588887
C[C@@H]1CC(=O)N(Cc2cc(OCC(F)F)ccn2)C(=O)N1,0.000413644526337015
C[C@@H]1CN(C(=O)c2ccc3[nH]ncc3c2)C[C@@H]1NC(=O)C1CC(C)(F)C1,0.0008219686722748244
C[C@H]1CN(C(=O)C2CC2F)CCN1c1cc(C(N)=O)ncn1,0.00023120527108805774
CC[C@@H]1CN(C(=O)C(F)F)C[C@@H]1NC(=O)c1cn(C)nn1,0.00033999619199883183
CC(=O)N(C)Cc1cccc(CNC(=O)c2ccccn2)c1,0.0004171434899740003
CC(=O)NC1CCN(C(=O)C(F)(F)c2ccc(C)cc2)CC1,0.0004938750087725683
CC(=O)OC(C)(C)C(=O)NCC1CC(NC(=O)Cc2ccoc2)C1,0.00027777150791597486
CC(C)(O)c1cc(C(=O)NCC(=O)Nc2cccc(C#N)c2)on1,0.0005717303257132616
CC(C)C(O)C(C)(C)CNC(=O)Nc1nncn1-c1ccccc1,0.000657356159248139
CC(C)CCc1noc2nc(C(C)OC(=O)C3(C#N)CC34CC4)ccc12,0.00202714701581712
CC(C)NC(=O)CCCC(=O)N[C@H](C)c1ccc(Br)cc1,0.0005939773896208184
CC(C)OC[C@H](O)CNC1C(C)(O)CCCC1(C)C1CC1,0.0004908653137022472
CC(C)Oc1cccc(C(=O)N[C@H](C)CNC(=O)C(C)n2cccn2)c1,0.0004675277662226848
CC(CC(=O)N1CCC(C(=O)N2CCCC2)C1)C(F)(F)F,0.0004381807127046191
CC(NC(=O)c1cnn2c1CCC2)c1ccc(NS(C)(=O)=O)cc1,0.00036482963492166434
CC(NC(N)=O)C(=O)NCC1(C)CCCN1C(=O)CC1(C)CCCC1,0.21303640449472758
CC(O)C(=O)N1CCN(C)CC1CNC(=O)c1ccon1,0.09552140906546154
CC(O)CNC(CCN1CCN(C(C)=O)CC1)c1ccc(Cl)cc1,0.00043776345150981915
CC(O)c1cn(-c2ccccc2CNC(=O)C[C@@H]2CCC[C@H]2O)nn1,0.0005223488151422984
CC1(C(=O)N2CCC(NC(=O)C3CCC3(C)C)C23CCC3)CC1(F)F,0.6810250135340152
CC1(C(=O)N2CCC3(NC(=O)c4ccccc4)CCCC23)CC1,0.0005865189313491489
CC1(CN2CCC(=O)N(CCN3C(=O)Cc4ccccc43)C2=O)CC1,0.6483034178704891
CC1(CNC(=O)C2CCC2F)CCN(C(=O)Cc2cccc(O)c2)C1,0.0004485632477025749
CC1(NC(=O)C[C@H]2CCCC[C@@H]2O)CCN(C(=O)C(C)(O)C2CC2)C1,0.2353383320470935
CC1C(NC(=O)CN2C=NC(C)CS2(=O)=O)CC2CCC1N2,0.2388777387957666
CC1CC(C(=O)NC2(c3ccccc3)CN(c3nccc(C#N)n3)C2)CO1,0.5928398967573882
CC1CC(NC(=O)Cn2cnc3c(cnn3C)c2=O)CN1,0.00029505538442450846
CC1CC1CC(=O)NC1(C)CCCN(C(=O)CCc2c[nH]nn2)C1,0.00027141386980115674
CC1CN(C(=O)CCN2CCCC2=O)CC1NC(=O)c1ncc[nH]1,0.12392606219523361
CC1CN(C(=O)COC2(C)CCCC2)CC1CNC(=O)C1CCC1F,0.00046768992500335297
CC1OC(=O)NC1C(=O)N1CCCC(c2cc(-c3ccccc3)on2)C1,0.0010626837386656185
CCC(=O)Nc1cncc(-c2nc(C(C)(C)CN3CCOCC3)no2)c1,0.0015650972138104957
CCC(C)(C)C(=O)N(C)C(C)CNc1nc2ccncc2s1,0.0011976576763978704
CCC(C)C(C)C(=O)NC1CCN(C(=O)c2cncc(F)n2)C(C)C1,0.0003830322395706836
CCC(O)CN(C(=O)Cc1n[nH]c2ccccc12)C(C)C,0.0005312266255871228
CCC1(C)CC1C(=O)N1CC(C)(NC(=O)C2=C(Cl)CCOC2)C1,0.0005521868236835106
CCCC1CC(C(=O)N2CCO[C@@H](C)[C@H]2c2ccccc2Cl)C1,0.0006135552258824027
CCCCN(C)CC(C)NC1CC[C@@H]2[C@@H]1C[C@H]1C[C@H]12C2,0.0
CCCN(CCC)S(=O)(=O)NCc1cccc2ccncc12,0.319133999777784
CCCN(CCc1ccccc1)Cc1cc(O)c(OC)nc1OCC,0.0005691473822685634
CCCNC(=O)c1ccc(Cl)cc1NC(=O)c1cnc[nH]1,0.0007994366664185501
CCN(C[C@@H](C)NC(=O)c1ccc(-n2cccn2)cc1)C(=O)OC(C)C,0.000626428080777275
CCN(CC(=O)NC1CCN(Cc2nccs2)C(C)C1)C1CC1,0.0006495766961636636
CCN(CC)Cc1ccc(C(=O)N(C)CCC(=O)NC)cc1,0.0004025427779326516
CCN1CCCC2C(NC(=O)c3cnn4ccc(CC#N)cc34)C(C)(C)C21,0.0015938565899895915
CCNC(=O)CN(CC)C(=O)c1c(Cl)cc(C#N)cc1Cl,0.001121833253476099
CCOC(=O)C1(C)CN(C(=O)NCC2Cc3cc(OCC)ccc3O2)CC1,0.0006231867158594281
CCOC(=O)CCc1cn(C(C)C(=O)Nc2cn(C)c(=O)cc2C)nn1,0.0005791839732201187
CCOC(CC(=O)NC1(c2nnc(CC)o2)CCC1)C(C)C,0.0005560667248968957
CCOC1(CNC(=O)Nc2ccc(N3CC(C)(C)CC3=O)cc2)CCC1,0.0018471462316858502
CCOc1ccc(C(=O)N2CC3(CC(NC(=O)[C@H](C)O)C3)C2)cc1,0.0004686973131245497
CCOc1ccc(CNCc2ccc(N=S(C)(C)=O)c(F)c2)nc1O,0.0007734636746438996
CCOc1ccc(N(CC)C(=O)c2cnc3c(c2)COCC3)cc1,0.0009657226192066648
CCS(=O)(=O)c1ccc(NC2(C3CCC3)CC2)cc1,0.0014786442850024577
CCc1ccc(C(=O)N2CC[C@H](Nc3cc(C)ncc3C#N)C2)cc1Cl,0.0018400317642396182
CCc1ncc(CNC(=O)N(CCOC)C2CCS(=O)(=O)CC2)o1,0.0002625303428322053
CCc1nnc(NC(C)C2CCCN(C(=O)C3(CC)CCC3)C2)c(C#N)c1C,0.0015030706895852882
CCc1noc(C)c1NCC1CC2(C1)CC21CCOC1,0.0008257751568495887
CCc1occ(C)c1C(=O)N(C)CCN(C)C(=O)C[C@@H]1CCCC[C@H]1O,0.000677581922954624
CCn1nc(C)c(Cc2nc(C3CC4CCC3O4)no2)c1F,0.0003277911094674155
CN(CC1CC1)C(=O)[C@@H]1CC2(CC2)O[C@@H]1c1ccncc1,0.0014728534706718623
CN(CCN1CCN(C2CCN(C)C2=O)CC1)C(=O)c1nc[nH]n1,0.05611682410582888
CN(Cc1cn(C2CCC(N)CC2)nn1)S(=O)(=O)c1ccccc1,0.00030359794200561247
CN(c1ccccc1F)C1CN(C(=O)C2(c3nc[nH]n3)CCC2)C1,0.00033966122323648247
CN1C(=O)CN(C(=O)c2cn3ccc(Br)cc3n2)[C@H]2C[C@H]21,0.0005091822488888091
CN1CCC(C#N)(C(=O)NC2CCCc3ccc(F)cc32)CC1,0.001661804379258603
CN1CCC(C#N)(C(=O)NCc2ccc3c(c2)OCCN3)CC1,0.001302655736366883
CN1CCOC(C(=O)NC2COCCN(c3ccncn3)C2)C1,0.0004234756468820916
COC(=O)C1(NC(=O)C2(S(C)(=O)=O)CCCCC2)CCCC12CCC2,0.001220849965455046
COC(=O)C12CC1CCC2NC(=O)c1cccc(-c2ccc(C#N)nc2)c1,0.0015025023150206697
COC(=O)c1cc2[nH]c(CNC3CCC4C(CC3)C4(F)F)cc2c1C,0.0
COC(C(=O)N[C@@H](C)CCNC(=O)C(C)(OC)C1CC1)C(C)C,0.00037626547626736813
COC1(CCn2nnnc2N2CC3(CCCC3)C2C(C)(C)C)CCC1,0.0012154832689017295
COC1(CNC(=O)c2ccnnc2)CN(c2cc(C(F)F)ncn2)C1,0.3055483512243211
COC1CCN(S(=O)(=O)c2c(Cl)cnn2C2CC2(C)C)C1,0.0006350581017833492
COCC(O)C(=O)NC(C)C1CN(C(=O)c2cncc(NC(C)=O)c2)C1,0.0006353793587639943
COCCC1(NCc2ccc(=O)n(Cc3ccccc3)c2)CC1,0.0003393115334857715
COc1c(C)ncnc1NCC1CC2(C1)CC2(F)F,0.5749479404146479
COc1cc(C#N)ccc1COC(=O)COc1ccc(F)cn1,0.0008858373487468442
COc1cc(NCc2ccnn2C(C)C)ccc1NC(C)=O,0.0010458219226074552
COc1cc2c(cc1OC)N(C(=O)CC13CCC(CC1)C3(C)C)CCN2,0.0008676863355340536
COc1ccc(-n2cccn2)cc1CN1C[C@H](N)CC[C@@H]1C,0.0011218065536921164
COc1ccc2c(c1)CCCC2(CO)NC1CC(OC)(C(F)(F)F)C1,0.0005373280249387905
COc1cccc(OCC(O)CN[C@@H](C)C2CCCC2)c1,0.000507625522927544
COc1ccnc(N(CCCN(C)C(=O)CCn2ccnc2)C2CC2)n1,0.0008228924574496217
COc1cnc(N2CCN(C(=O)C3CC34CC4)CCC2C)cn1,0.0003179186638684369
CS(=O)(=O)[C@H]1C[C@H](NC(=O)CNc2ccc(Cl)cc2)C1,0.00034234977170872073
Cc1cc(=O)c(C(=O)N2CC[C@H](Nc3nccc(C(F)(F)F)n3)C2)c[nH]1,0.0005640433523286469
Cc1cc(C(=O)NC[C@@H]2CC(C)(C)CN2C(=O)CC2(C)CC2)ncc1N,0.29443044385440087
Cc1cc(C)c(C(N)C(=O)Nc2cccc(S(C)(=N)=O)c2)c(C)c1,0.0013774856609523873
Cc1cc(C)c2cc(C(=O)NC3(C)CCN(CCF)C3)[nH]c2c1,0.0007012943499596623
Cc1cc(Cl)ccc1CCNC(=O)N(C)C1(C)CCOC1,0.0005518652495551032
Cc1ccc(C(=O)NCC(C)CN(C)C(=O)c2cccc3c2CCC3)o1,0.0007572999954734563
Cc1ccc(CNC(=O)CCS(=O)c2ccc(=O)[nH]c2)s1,0.0003773208641487021
Cc1ccc(NC2CN(C(=O)c3cnc(N(C)C)cn3)CC2C)cc1,0.0014767816203290869
Cc1ccc(S(=O)(=O)N2CCCC2(CCO)C(=O)O)cc1Cl,0.0003341945684700799
Cc1ccc(Cl)c2cccc(C(=O)NCC3(C#N)CCOCC3)c12,0.7190773940646944
Cc1cccc(C)c1C(=O)NCCN(C)C(=O)C1CS(=O)(=O)C1,0.00025713262451600464
Cc1ccccc1N1CCN(C(=O)Cc2nnn(C(C)(C)C)n2)CC1,0.0006192191737370949
Cc1cccnc1CC(NC(=O)c1sccc1C1CC1)C(=O)O,0.00048588616699169585
Cc1cnn(C)c1C(=O)NC1(CNC(=O)c2cnc3n2CCCC3)CC1,0.40473255609480346
Cc1conc1C(=O)NC1CCC2COCCC2C1,0.0004458555401758614
Cc1n[nH]c(C)c1C1CN(C(=O)c2csc(Cl)c2)C1,0.0009231814228247778
Cc1n[nH]c(CC(=O)NC[C@H]2CCCCN2C(=O)C2CC23CC3)n1,0.0002487936030794292
Cc1n[nH]cc1CN(C)CC(=O)Nc1cc(C(C)(C)C)no1,0.0005662240385188048
Cc1nc(C(=O)N(C)CCN(C)c2cnc(F)cn2)c[nH]1,0.00041900317263760363
Cc1nc(C)n(C2CN(C(=O)c3ccc4c(c3)COC=C4)C2)n1,0.30421879715435
Cc1nc(N2CC3(CCOCC3)[C@@H]3CCC[C@@H]32)c2ccsc2n1,0.0003508073483976189
Cc1ncc(COC(=O)Cc2ccc3c(c2)CCOC3)c(C)n1,0.0004762756046503397
Cc1nn(Cc2c(Br)nnn2C)c2c1CCCN2,0.0009603674595564504
Cc1nocc1CN1C2CCCC1CN(C(=O)c1cccc(F)c1Cl)C2,0.0005928893942639729
Cn1cc(C(=O)N2CCC3(CC2)CC(NC(=O)Cc2cn[nH]c2)C3)nn1,0.0008029163412393043
Cn1cccc1CC(=O)NCC(C)(NC(=O)c1cncn1C)C1CC1,0.00044443443303240264
N#CCC(=O)N1CCC(c2nc(-c3nc(C(F)(F)F)no3)cs2)CC1,0.0017639189413593203
N#Cc1cccnc1N1CCOCC(NC(=O)[C@H]2CCC(=O)N2)C1,0.2629209037005303
N#Cc1ccncc1NC(=O)NCc1cc(C2CCC2)n[nH]1,0.0011475833841937675
NC1CC2CC(NC(=O)c3coc(C4CCCCC4)n3)C1C2,0.0012085297583909376
O=C(CCSC(F)(F)F)N1CCN(c2ccccc2)CC1,0.001527730870653696
O=C(NC[C@H]1CCCN1c1ncccn1)c1cn(C2COCC2=O)nn1,0.00036115073734076437
O=C(NC1(CO)CCCNC1)C1CCC(=C2CCCCC2)NC1,0.0012737709631784552
O=C(NC1CC2(CCCNC2)C1)c1c(F)cc(Br)cc1F,0.0006771124956909749
O=C(NCc1ccncc1Cl)[C@H]1CC[C@H](Nc2cnccn2)CC1,0.001620434542051012
O=C(c1[nH]ncc1Cl)N1CCC2CCC21c1ccccc1,0.0007004171245532205
O=C(c1ccc(=O)n(-c2ccc(F)cc2F)c1)N1CC(C2CCC2)C1,0.0004895577706554059
O=C(c1cccc2occc12)N1CCC[C@@H]2COC[C@@H]21,0.3773341981690131
O=C(c1ccccc1NC1CC1)N1CC(=O)N2CCCCC2C1,0.0005714729026168215
O=C1CCC(C(=O)N[C@H]2C[C@H](NC(=O)C3(c4cccs4)CC3)C2)CC1,0.00025090678916986857
O=S(=O)(CCC1CCOC1)N1CCCCc2cccc(O)c21,0.0009657300508305982
C[C@@H](N)c1ccc(CNC(=O)c2cnc3c(c2)COCC3)cc1,0.000377099474120117
C[C@@H](O)C(=O)N1CCC(C2CN(C(=O)Cn3ccccc3=O)CCO2)C1,0.00019486569159718722
C[C@@H]1CN(C(=O)C2CC2C2CCCC2)C[C@@H]1NC(=O)CN1CCC1,0.17381491305259103
C[C@H](CNC(=O)Cc1ccn[nH]1)Nc1ncc(Br)cn1,0.0004463398813434459
CC[C@H](CC(=O)NC(C)CN(C)C(=O)c1cncc(F)c1)C(C)C,0.0005757819217470167
CC(=O)N(C)c1cccc(NC(=O)C2(Oc3ccccc3)CC2)c1,0.4506358099406433
CC(=O)N1CCN(C(=O)C2CCCc3ccnn32)[C@H](C)C1,0.0002641607105547262
CC(=O)N1CCO[C@@H]2CCN(S(=O)(=O)c3ccnc4ccsc34)C[C@@H]21,0.0006525989210596092
CC(=O)Nc1nc(C2CCN(C(=O)N(C)CC(C)F)CC2)cs1,0.000791702427871725
CC(C)(C)CCC1CCN(CCc2ccncc2F)C1,0.0007626819036901495
CC(C)(CNC(=O)c1ccc2cc3c(cc2c1)CCC3)CC(=O)O,0.39400071328914543
CC(C)(NC(=O)c1cc2cc(F)ccc2s1)C1CCS(=O)(=O)C1,0.3396778572276293
CC(C)(O)c1cnc(NCC2CN(C(=O)c3ccsc3)CCO2)nc1,0.0005788202587832986
CC(C)C1CC(C(=O)N2CCC2CNC(=O)CC2(O)CCCC2)C1,0.12989776368961112
CC(CC1CN(c2ncnc3ccccc23)C1)NC(=O)[C@@H]1CNC(=O)C1,0.3765692526555244
CC(NC(=O)N1CCO[C@H](C)C1)c1cccc(C#N)c1,0.0009860763518540433
CC(O)C(C)C(=O)N1CCC(C)C1CNC(=O)c1ccnn1C,0.0004479038952791877
CC(F)C1CCCN1c1nnc(-c2cc(Cl)ccn2)n1C,0.0017915790851654014
CC(c1ccc(F)c(F)c1)N1CCCCC1CNC(=O)c1ncccn1,0.0006834746558244525
CC1(C(=O)N2CCCC(NC(=O)c3c[nH]nc3-c3ccccn3)C2)CC1,0.7080083900714403
CC1(C)C[C@@H]1C(=O)N1C[C@@H](F)C[C@H]1CNC(=O)c1ccc2ccoc2c1,0.0009011727619890946
CC1(C)CCc2cc(NC(=O)N3CC(O)(C(F)F)C3)ccc2O1,0.0009134833772930082
CC1(CNc2cc(CC3CC3)ncn2)CCN(C(=O)c2cnsc2)C1,0.22095501588971164
CC1(CF)CCCN(C(=O)NCc2ccc(N3CCOC3=O)cc2)C1,0.0017749211335865824
CC1=NOC(C(=O)N2CC[C@H](Nc3ccnc4nc(C)nn34)C2)C1,0.3482812000970388
CC1CC(NC(=O)c2cc(N)nn2C)CN1C(=O)C[C@H]1CCOC1,0.0005826062892124468
CC1CC1C(=O)NCC1CC2(CCC2)CN1C(=O)C1CCCC2CC21,0.5480927179259016
CC1CC1CC(=O)N1CC2CCCC(NC(=O)Cn3ccnn3)C2C1,0.0005506433148311324
CC1CCCc2cc(C(=O)N3CCCC3c3ccncn3)nn21,0.0006852762042959943
CC1CCN(C(=O)c2ccc(N(C)C)cc2)CCN1C(=O)C(C)(C)F,0.5015261534056121
CC1OCCC1C(=O)N[C@H]1C[C@H](NC(=O)Cc2ccc3c(c2)CCC3)C1,0.19152208086959555
CCC(C)N1CCC(NC(=O)C2(C#N)CC3(CC3)C2)CC1,0.0008896976017207021
CCC(CC)CC(=O)N1CC(C)C(Nc2cnc3ccccc3n2)C1,0.48399987009186124
CCC1CC1C(=O)N1C2CCC1CN(C(=O)C1CCC1F)CC2,0.00047559969501812026
CCCN(C(=O)CS(C)(=O)=O)C1CCN(Cc2cccc(F)c2)C1,0.0005463702640343073
CCCc1ccccc1S(=O)(=O)N(C1CC1)C1CCS(=O)(=O)C1,0.0006377524842662732
CCN(CC)CC(=O)N(C)CC(C)NC(=O)c1cc(C2CC2)[nH]c(=O)c1,0.00021269336967858312
CCNc1cncc(C(=O)NC2(CNC(=O)C(C)(CC)CO)CC2)c1,0.00036756141493075314
CCOCC(=O)N1CCC(N(C)c2cc(Cl)nc(C(C)C)n2)CC1,0.000968495027644716
CCOc1cc(N(C)CCNC(=O)c2coc(=O)cc2C)nc(C)n1,0.0005067898434340716
CCOc1ccc(NC(=O)c2nc(C)ccc2CC)c(OC)n1,0.0007378783903604189
CCS(=O)(=O)c1c(Cl)cccc1CNCC(C)C1CCCNC1,0.0003411113249428517
CCc1[nH]c(C)nc1C(=O)N1CC(Nc2cc(C#N)nc(C3CC3)n2)C1,0.0007973094893210294
CCc1cc(C(=O)N(CC)CCNC(=O)c2cc(C)c(C)nn2)no1,0.000301006306158438
CCc1cc(C(=O)NCC(C)NC(=O)c2ccccn2)ccc1O,0.0004662244967058765
CCc1cc(C(=O)OCC2=NOC(C)(C)C2)sc1C,0.4671431305507253
CCc1cc(NC2CCN(C(=O)c3cccnc3OC)C2)ncn1,0.0009273562377617233
CCc1cscc1C(=O)N1CC(c2cn(C3=NCCC3)nn2)C1,0.356102181649348
CCc1ncoc1C(=O)N(C)C(CNC(=O)C1CC12CC(O)C2)C1CC1C,0.00031742616370721753
CCc1ncoc1C(=O)N1CCC(Nc2ncnc3c2CCCC3)CC1,0.0013525260686374798
CCc1occc1C(=O)N1CCC1CNC(=O)c1c(C)ccnc1O,0.000497126482378951
CCn1cnc(Cl)c1CN1CCN(C(=O)c2ccoc2C)[C@H](C)C1,0.0005827915609854529
CCn1cnnc1C(=O)N1CC([C@@H](C)NC(=O)c2ccc(F)cn2)C1,0.12594579524913416
CN(C(=O)N1CC(Nc2ccc(F)cc2)C1)C1(CO)CC2CCC1C2,0.0008695713498745283
CN(C(=O)c1ccc(-n2cc(CCC#N)nn2)cn1)C1CCCNC1=O,0.0009601041319478339
CN(C)[C@@H]1CC[C@H](C(=O)Nc2cccc(CC(F)(F)F)c2)C1,0.0009640227420780434
CN(C)C(=O)CS(=O)(=O)NCc1cc2ncccc2s1,0.00039680232952511366
CN(C)Cc1ccc(CN2CCN([C@@H]3C[C@@H]4CC(C#N)CC4C3)CC2)cc1,0.0018645553421427843
CN(C)c1cncc(C(=O)N2CC(CC3CCOCC3)C2)c1,0.32460921125261694
CN1C[C@@H](NC(=O)Nc2cccc(OCC(F)(F)F)c2)CC1=O,0.0006995197358853687
CNC(=O)C(C)CN(C)C(=O)NCCC1CCc2ccccc2N1,0.0012361304231640912
CNc1cccc(C(=O)NC(C)CNC(=O)C(C)Cc2ccccc2)n1,0.0005683517516469303
COC(=O)[C@H]1CC(F)(F)CN1Cc1nccc(Cl)n1,0.0004407089597625379
COC(=O)C1(NC(=O)c2cn(C3CC3)c(C)cc2=O)CCCC(C)C1,0.0003634512648103181
COC(=O)CC(NC(=O)c1ccc(O)c(C)c1C)c1ccc(C)cc1,0.0006983706181805276
COC(=O)Nc1ccc(NC(=O)c2nc(Cl)cs2)cc1F,0.0010906740403732163
COC(=O)c1[nH]c(C)cc1NC(=O)N1[C@H](C)CC[C@@H]1c1ncc(C)s1,0.0010821213077246276
COC(=O)c1cc(=O)n(CCc2ccc(OC)c(OCC3CC3)c2)c(=O)[nH]1,0.000528239318656044
COC1CCC(C(=O)N2CC[C@H](NC(=O)c3ccn4cncc4c3)C2)C1,0.0012161750795675991
COCc1cnc(NC(=O)C(O)c2ccc(Cl)cc2)s1,0.0008436236283942204
COCc1nc(C(=O)N2CCC[C@@]2(C)CNC(=O)c2cc(C)co2)co1,0.0005842385562271297
COc1cc(-n2cccn2)ccc1OC)C(=O)C1CC(CN)C12CCC2,0.0
COc1cc(CNC(=O)N2CCC3(CCCC3)CC2)ccc1OCCO,0.0006773611934518322
COc1cc(N2CCC3(CCN(C(=O)c4ccon4)C3)C2)ncn1,0.0010767384444018448
COc1cc(NCc2ccc(CS(C)(=O)=O)c(F)c2)nc(C2CC2)n1,0.0007961992223127358
COc1ccc(C(NC(=O)C2CCCC2(F)F)C2CC2)cn1,0.5802300573513287
COc1ccc(C)cc1[C@H](C)NC(=O)N1CCC(C(=O)N2CCC2)CC1,0.0005321717610141209
COc1ccc(C2(CNC(=O)C3(C#N)CCSCC3)CCC2)cc1,0.0018608882961314295
CSCC(C)C(=O)N[C@H]1CC[C@@H](N(C)C(=O)CC2CCNC2=O)CC1,0.19545371933708347
CSCCC(=O)N1CCCC(NC(=O)C2(C#N)CC2(C)C)C1,0.39476214237817514
Cc1cc(=O)c(C(=O)N(C)C2CCC(NC(=O)CN(C)C)CC2)n[nH]1,0.00024037792563468287
Cc1cc(C#N)ccc1CCNC(=O)CN(C1CC1)C1CC1,0.0016045050653187515
Cc1cc(CCC(=O)NCC2(F)CCN(c3ncccn3)CC2)on1,0.0007647314068109964
Cc1cc(CN(C)C)cc(NC(=O)NCC(C(C)C)N(C)C)c1,0.0012783523599769616
Cc1cc(N[C@H]2CCN(C(=O)C3(CN(C)C)CC3)C2)nc(C)c1C#N,0.0010724081566589611
Cc1cc(F)cc(C(=O)N2CCOC(CNC(=O)C(C)(C)O)C2)c1,0.15656876766738387
Cc1cc(S(=O)(=O)N2C3CCNCC2CC3)cnc1N,0.0002726217702384507
Cc1cc(S(=O)(=O)NC[C@@H]2C[C@H]2Cc2ccccc2)c(C2CC2)nn1,0.0003089554795222988
Cc1cc2c(cc1NC(=O)c1cnc3n1CCC3)[nH]c(=O)n2C,0.001272237073484519
Cc1cc2ncc(C(=O)N3CCC(COC(C)(C)C)CC3)c(C)n2n1,0.32545476054375355
Cc1ccc(-n2ccc(C(=O)NC(CCO)C(=O)O)n2)c(C)c1,0.0006019064855986148
Cc1ccc(C#N)cc1C(=O)NCC1CCN(S(=O)(=O)N(C)C)CC1,0.48639303709593246
Cc1ccc(C(=O)N2CCC(C(=O)NC3CC4CC3C(O)C4)CC2)cc1,0.0003741976763215334
Cc1ccc(Cl)cc1C(=O)NC1CCN(CC2CCCO2)C1,0.0005881693771526133
Cc1cccc(C(=O)N(C)C[C@@H]2CCCN2C(=O)C2=C(C)OCC2)c1,0.2103177006379598
Cc1cccc(C4(CNC(=O)c4cncn4C)CCCC2)c1,0.0
Cc1cccc(NC(=O)N(CC(C)OC(C)(C)C)CC2CCCO2)c1,0.0012114094406273626
Cc1ccnc(C(=O)N(C)CCN(C)c2ncnc3c2CCC3)c1,0.0005452117312981618
Cc1ccncc1C(=O)Nc1ccc2c(c1)CN(C1CC1)CC2,0.4302784917718301
Cc1cn(C)cc1C(=O)N1CC(NC(=O)C2CC2F)CC2(CC2)C1,0.0006191063302261652
Cc1cnc(NC[C@H]2CCCN2C(=O)c2ccncc2C)nc1C,0.0006872736349832606
Cc1cnn(CC(=O)NS(=O)(=O)C2CCc3ccccc32)c(=O)c1,0.0002421935845892681
Cc1cocc1C(=O)NC1(C)CCN(C(=O)[C@H](C)NC(N)=O)CC1,0.0003393004316591955
Cc1nc(C(=O)NC2(C3CCCN3c3cc(F)ncn3)CC2)c(C)o1,0.0008221160904350956
Cc1nc(C)c(C)c(N2CC([C@H](C)NC(=O)c3cnn(C)c3C(C)C)C2)n1,0.0007748330479163847
Cc1nc2ccc(C(=O)N3CS(=O)(=O)C[C@H]3C)cc2c(=O)[nH]1,0.19956795472377492
Cc1ncc(C(=O)NCC[C@H](C)NC(=O)C2CCCS2)c(C2CC2)n1,0.2993524545229156
Cc1ncnc(N(CCNC(=O)Cn2ccsc2=N)C2CC2)c1F,0.0009201188874940287
Cc1noc(C2CN(C(=O)Nc3ccc(N4CCCN(C)C4=O)cc3)C2)n1,0.4920412622501237
Cc1oc(C(=O)N(C)C(C)CCNC(=O)c2cnn(C)c2)cc1CO,0.0004884236303953451
Cn1ccc(CC(=O)Nc2ccc(S(C)(=O)=O)c(F)c2)n1,0.001134595118407361
Cn1cnc(C(=O)N2CCC2CNC(=O)Cn2cc(Cl)cn2)c1,0.00048170670144739473
Cn1ncc2c1CCCN(C(=O)[C@@H](N)CCC(=O)O)C21CCC1,0.0004958496418589138
Cn1nccc1S(=O)(=O)N1CC2(CCC2)c2ccncc21,0.0010367486891640716
N#Cc1cnc(N2CCC(NC(=O)c3cccc4c3CCC4)C(F)C2)cn1,0.0015731914609931252
N#Cc1nccnc1N1CCC2CCC(C1)N2C(=O)Cc1ccccc1,0.7234212013581657
Nc1cncc(C(=O)NC(CNC(=O)[C@H](O)c2ccccc2)C2CC2)c1,0.0006277252105158872
O=C([C@H]1CC1(F)F)N1CC2(CCSC(CNC(=O)C3(O)CC3)C2)C1,0.17136032305764545
O=C(Cc1ccc2c(c1)OCCO2)NC(C)c1ccc(F)c(F)c1,0.000681840924084492
O=C(NC1(CO)CCS(=O)(=O)C1)C1NCCC2CCCCC21,0.00029822175363719425
O=C(NCC1CC(=O)N(C2CC2)C1)c1cnc2c(c1)COCC2,0.0004513107811003918
O=C(NCCN1CC2CCC1C2)c1cccc(-n2ccnc2)c1,0.0014092174652446572
O=C(c1cccc(-c2ccc(F)cc2)n1)N1CCOCC1C(F)F,0.0007760321852750182
O=C(c1cnccc1-c1nn[nH]n1)N1CC2(C1)OC[C@@H](O)[C@H]2O,0.00023309841999342133
O=C(c1nncn1C1CC1)N1CCCC(n2cc(C3(O)CC3)nn2)C1,0.0004654336771277985
O=C1CN(c2cccc(N3CCCC(O)C3)n2)CCN1CC1CC1,0.0004443031011790489
OC1COC2CC1CC2N1CCOC(COc2ccccc2)C1,0.0005565461559327175
FC(F)c1nnc(NC2CCN([C@@H]3CCC[C@H]3O)CC2)s1,0.0004448619229734745
C[C@@H]1C[C@H]1C(=O)N[C@H]1CCN(C(=O)c2ccccc2-c2ccccn2)C1,0.0009712628986572152
C[C@@H]1C[C@H]1C(=O)NC1CC2(C1)CN(C(=O)c1ccc3c(c1)CCCN3)C2,0.00043750944538697886
C[C@@H]1OCC[C@@H]1C(=O)Nc1cc2ccccc2nc1N(C)C,0.45753070182727074
C[C@H](NC(=O)c1cccn1C)C1CCN(CCC2CC2)CC1,0.0005197983170496379
CC[C@H](C)[C@H](O)C(=O)N1CC(C)C(NC(=O)c2ccc3nncn3c2)C1,0.14885608684462598
CC(=O)N(C)CC(=O)NCC(C)CN(C)c1nc2cccc(C#N)c2o1,0.0012262237825963038
CC(=O)Nc1cccc(C(=O)N2CCC2CNC(=O)C2CC(C)=NO2)c1,0.29012027324706546
CC(C)(C)c1nnc2n1CCN(C(=O)C1(C)CNC(=O)C1)C2,0.00024765683158134454
CC(C)(CC(F)F)NC(=O)[C@@]12C[C@@H](NC(=O)OC(C)(C)C)[C@@H]1C2,0.2318953323783842
CC(C)C(=O)c1cc(NC(=O)C2CNCC2(C)C)ccc1F,0.3105882809982603
CC(C)C1C(c2ccc(-c3ncc[nH]3)nn2)CCC1OCC(=O)O,0.001643358894471067
CC(C)C1CC(CNc2ccc(C#N)c(Cl)n2)CCO1,0.0015491711774970652
CC(C)CC(=O)N1CCOC2(C1)CN(C(C)c1ncccn1)C2,0.0004913975179205672
CC(CC(N)=O)C(=O)N1CCCC2(C1)CN(c1nnc(C(C)(C)C)o1)C2,0.0006364759088487785
CC(CC(F)F)N(C)C(=O)CC1CNC2(CCOCC2)C1,0.0005747315259284211
CC(F)(F)C(C)(C)NC(=O)c1ccccc1S(C)(=O)=O,0.00046079981035715504
CC1(C(F)(F)F)CCN(C(=O)c2ccc3cnnn3c2)C1,0.00033971966426536585
CC1(C)CCC1C(=O)NS(=O)(=O)c1ccc(C#N)c(Cl)c1,0.0012160074397561404
CC1(C)Oc2ccc(NC(=O)N[C@]3(CO)CCC[C@H]3O)cc2O1,0.0008602894285185972
CC1(O)CN(C(=O)c2cncn(-c3ccc(Cl)cc3)c2=O)C1,0.28726199397483226
CC1CC(NC(=O)c2cncc(F)c2)CCN1c1nnc(C2CC2)o1,0.0008312910999998913
CC1CC1C(=O)N1CCN(C(=O)c2ccccc2-c2cnn(C)c2)CC1,0.0006054064052830833
CC1CC1CC(=O)N1CCCN(C(=O)C2COC(=O)O2)CC1,0.00024053588572415447
CC1CCCCN1C(=O)C1(NC(=O)c2cncc(Cl)c2)CCCC1,0.0005673497844402742
CC1CCN(C(=O)C[C@@H]2CNC[C@H]2C)c2cc(Cl)ccc21,0.0009642610520601634
CC1CN(C(=O)[C@H]2CC[C@H](C)CC2)CC1NC(=O)c1cnc(N)c(N)c1,0.19979347753899718
CC1CN(C(=O)CCc2c[nH]nn2)CC1NC(=O)c1ccc(N)cn1,0.0004960429672523161
CC1CNCCC1CNC(=O)c1ccc(Nc2ccccc2F)cc1,0.3424314456635179
CC1OC(=O)N(C)c2ccc(NC(=O)COC(C)(C)CC(F)(F)F)cc21,0.001021438819614658
CCC(=O)N1CC(NC(=O)C2NC(=O)CC2C(F)(F)F)C(C)(C)C1,0.20860455671507508
CCC(=O)N1CCC2(CCCN2C(=O)C23CCCN2CCC3)C1,0.32569763976713584
CCC(C)(C)C(=O)N(C)CC(C)NC(=O)c1cc(CN(C)C)c[nH]1,0.0005611258006065313
CCC(C)(C)CC(=O)N1CCC(C(C)Nc2ccc3nccnc3n2)C1,0.43820340311254746
CCC(C)(O)C(=O)N1CCC(C(C)NC(=O)C2(C(F)F)CC2)C1,0.20965303524960502
CCC(C)C(=O)N1CC[C@@H](NC(=O)C23CCOC(C)(C2)C3)C1,0.0004464885766611158
CCC(CO)C(=O)NCCN(C(=O)c1cccc2c1nnn2C)C1CC1,0.0005038547850440387
CCC(NC(N)=O)C(=O)NC1CCN(C(=O)c2ccccc2F)C1,0.00034580252647626317
CCC(F)C(=O)Nc1nc2cc(Cl)ccc2n1CC1CC1,0.0017817492302135546
CCC1(C(=O)NC[C@H]2CCN(C(=O)COc3ccon3)C2)CCC1,0.000520632822883886
CCCc1cc(C(=O)N(C)CC(C)CNC(=O)c2cccnc2)sc1C,0.0004835559359760112
CCCc1nc(CN2CCC(CCNC(=O)C3CCC(F)C3)C2)no1,0.0004111961332393092
CCN(C(C)=O)c1ccc(NC(=O)NC(C)(CO)CC(F)F)cN1,0.0
CCN(CC)c1cnc(Cl)c(C(=O)N2CCCC2C2(C)CC2)n1,0.0016034281499183417
CCOC(=O)Cc1ccnc(N2CCC(S(C)(=O)=O)C2)c1,0.0003813032471655182
CCOC(=O)c1cc(C(=O)NCC2(CCOC)CCC2)n[nH]1,0.0006867577339080947
CCOCC(=O)N1CCN(c2ccc3cc(Cl)cc(F)c3n2)CC1,0.0008823511417192474
CCOc1ccc2c(c1)CCN(C(=O)c1cncnc1(C)C)C2,0.0
CCOc1cccc(C2CCCN2C(=O)c2ccc(CN)cc2)c1,0.0010655311528134776
CCc1cc(N2CCc3cc(F)ccc3C2)nc(C)n1,0.0008251269477896275
CCc1ccc(NC(=O)N2CCC(O)(C(F)F)C2)cc1OC,0.0007971858712078423
CCn1cc(C(=O)N2C3CCC2CN(c2ccc(C)nn2)C3)cn1,0.00035415336268999334
CCn1cc(Br)c(CC(=O)N2CCOC(CC(=O)O)C2)n1,0.00031625261179385645
CN(CC1CCN(C(=O)c2csc(=O)[nH]2)C1)C(=O)c1ccoc1,0.25572125419507546
CN(CCN(C)c1cc2c(cn1)C(=O)CCC2)C(=O)C1CNC(=O)C1,0.0006522111547416886
CN1C(=O)CCC1CC(=O)N1CC[C@@H]2CCN(Cc3ccccc3)[C@@H]2C1,0.0005860087430897632
CN1CCC[C@@H]1C(=O)NC1CCCN(c2cc(=O)[nH]c(=O)n2C)C1,0.0006467936216336414
CNC(=O)CN1CCN(C(=O)N(c2ccc(F)c(F)c2)C2CC2)CC1,0.0009121941736016193
COC(=O)[C@H](Cc1ccccc1)NC(=O)C12CCCC(C1)OC2,0.0004906509617785321
COC(=O)C(CCCN(C)C)NS(=O)(=O)c1cccc(CN)c1,0.00027609361521626426
COC(=O)CN(CC(=O)OC)C(=O)c1cncc2c(SC)cccc12,0.39640302306598146
COC(=O)CN1CC(N2CCN(c3cc(C(N)=O)ncc3C)CC2)C1,0.3232707712435093
COC(=O)c1cn([C@@H]2C[C@H](C(=O)NC3(c4ccccn4)CC3)C2(C)C)nn1,0.0004805137641448213
COC(=O)c1cn2c(n1)CN(C(=O)c1ccc(CN(C(C)C)cc1)CC2,0.0
COC(C(=O)N(C)CCN(C)C(=O)c1ccc(OC2CCC2)cc1)C1CC1,0.30106432911081293
COC1(C(=O)N2CCC(NC(=O)c3cnnn3C)CC2)CCC1,0.14280639366838654
COC1CC(C(=O)NCC(NC(=O)C2=CS(=O)CCC2)C(C)C)C1,0.1739694333426204
COC1CC(CCC(=O)NC(CNC(=O)c2ccccc2F)C2CC2)C1,0.0006224382875529756
COCCS(C)(=O)=NC(=O)c1cccc(Cl)c1OC(C)C,0.0006794469130960463
COCc1cnc(NC(=O)N2CCc3ccsc3C2)s1,0.0009084085159200276
COc1cc(C)c(S(=O)(=O)NC(C(=O)O)C2CCOCC2)cc1C,0.00029314943713997367
COc1cc(N[C@H]2CC[C@H](C(F)(F)F)CC2)n2nc(C)cc2c1,0.7451417934805992
COc1cc2ccc(C(=O)N3CCOC(CC(N)=O)C3)cc2cc1OC,0.38337817675658886
COc1ccc(C)c2c1CC(C(=O)Nc1cccc(S(N)(=O)=O)c1)N2,0.000990768388181197
COc1ccc(CCC(=O)NC(C)c2ccc(C(C)=O)cc2)cc1,0.0009881177602878428
COc1ccc(CNc2c(F)ccc(OC)c2F)cc1O,0.0014182168745107116
COc1cccc(C)c1CNC(=O)C1CCN(c2ccccc2Cl)C1,0.0016063612378437527
COc1ccccc1-c1cc(NCC2(CF)CCOCC2)n[nH]1,0.8282313416013957
COc1ccnc(C(=O)NCCC2CCCCN2C)c1,0.00044726015888375565
COc1ccnc(NC(=O)c2cc3n(n2)C2CCCC3O2)c1,0.0007652867041183598
CF)(F)C1CCN(C(=O)Nc2ccncc2-c2ccncc2)C1,0.0
CS(=O)(=O)c1ccccc1N[C@H]1CCN(C(=O)OCc2ccccc2)C1,0.001422740132190627
CSC1(C(=O)N(C)C2CCN(c3nnc(C(C)(C)C)o3)CC2)CC1,0.00070555709162764
Cc1c(NC2CC(=O)N(Cc3ccc(C#N)cc3)C2)cnn1CCO,0.0006012459319371435
Cc1cc[nH]c1C(=O)N1CCCCC(NC(=O)c2ccn(C)n2)C1,0.2845488965927588
Cc1cc(=O)c(C(=O)N2CC(C)(C)C[C@H]2CNC(=O)C2(O)CCC2)c[nH]1,0.14242222708060784
Cc1cc(C(=O)N[C@H]2[C@@H]3CN(C(=O)c4ccnc(C#N)c4)C[C@@H]32)no1,0.21350798833459295
Cc1cc(C(=O)N(C)C(C)CNC(=O)c2cccc3c2NCC3)c(C)cn1,0.3814694171528146
Cc1cc(C(=O)N(C)CCNC(=O)c2ccc(Cl)cc2O)ncn1,0.0004400626782416806
Cc1cc(C(=O)N2CC3CC2CN(C(=O)CCC(=O)N(C)C)C3)on1,0.15359875985147484
Cc1cc(Cl)c(N2CCN(C3CCN(C4CCCC4)C3=O)CC2)nc1C,0.0007911355764579406
Cc1ccc(C(=O)OC23CCCN(CC2)C3)c(N2CCCCC2)n1,0.0006992208581858656
Cc1ccc(CC(=O)N(C)C(C)CNC(=O)[C@@H](O)c2ccccc2)cc1,0.0005026908100518279
Cc1cccc(O)c1C(=O)N1CCc2cc(F)c(O)cc2C1,0.0007663647793650777
Cc1cccc(OC2CCN(C(=O)c3ccc(OCC4CC4)cn3)C2)c1,0.16200450072128275
Cc1ccccc1-c1cnc(NC(=O)N2CCOC(CF)C2)nc1,0.0010653576527114687
Cc1ccnc(N[C@H]2C[C@H](NC(=O)c3ccc(C(F)(F)F)nc3)C2)n1,0.0005139301736730553
Cc1ccsc1CCC(=O)NCCC1CSCCN1,0.00039929128330535945
Cc1cnc(N2CC(F)(F)CC2CNC(=O)c2cnc(C)s2)nc1,0.0011311889045150802
Cc1cncnc1N1CCN(C(=O)c2ccncc2Cl)C[C@H]1C,0.0006684815325399875
Cc1csc(CC(=O)NC2(c3nccc(C(F)(F)F)n3)CCC2)c1,0.0006972646577442425
Cc1nc(CO)ncc1-c1cccc(C(F)F)c1C,0.0007725829596601341
Cc1nnc(N2C3CCC2(CNC(=O)c2cccn(C)c2=O)CC3)s1,0.0006055939589839044
Cc1nnc(N2CCC3CC(CC(NC(=O)c4ccnnc4)CCC32)o1,0.0
Cc1occc1CNC(=O)N1CC2(CCOCC(=O)N2)C1,0.0002355604495531286
Cn1ncc2c(NC3CCC4OCCC4C3N)ncnc21,0.0005103258726946306
Cn1nnc(N(CCNC(=O)C2CCOC(C)(C)C2)C2CC2)n1,0.0004171374498288001
Cn1nnnc1C1CCN(S(=O)(=O)N2CCC(C#N)CC2)CC1,0.0007126021272554435
N#CC1(OCCS(=O)(=O)N2C[C@@H]3OCC[C@@H]3C2)CCOCC1,0.0007708279734359375
N#CCn1ccc(C(=O)NC2(c3cccc(F)c3)CCC2)n1,0.0015808041138729541
N#Cc1c(C2CC2)n[nH]c1NC(=O)C1=C(Cl)CCCC1,0.6440233628260483
N[C@H]1CC[C@@H](C(=O)NCc2ccccc2Br)CC1,0.0005198045623690103
NC1(c2cccc(C(=O)N3CCc4ncsc4C3)c2)CCC1,0.0008120191517521579
O=C(C(Oc1ccccc1)C1CC1)N1CC2(F)CC1C2,0.000859599463981953
O=C(C1CCC2(C1)CC2(F)F)N1CCc2ccccc2C1CO,0.000867452077528073
O=C(COC(F)(F)F)N1CCC2CCC(C1)N2C(=O)Cn1ccnn1,0.00021984945098498605
O=C(Cn1c(=O)oc2ccccc21)NC1CCC2C(C1)C2(F)F,0.0010526226036224097
O=C(NC[C@]12CCCC[C@@H]1NCCC2)c1ccn([C@@H]2CCOC2)n1,0.0009597171930445343
O=C(NC[C@H]1C[C@H](Nc2ccc3c(n2)CCC3=O)C1)c1cc(O)ccn1,0.45949592579256154
O=C(NC1(CF)CCN(C(=O)C2(C3CC3)CCC2)C1)c1cocn1,0.0009559258869799926
O=C(NC1COCc2ccccc21)c1cnc2c(c1)CCC2,0.0003949537425102456
O=C(c1cc(OC(F)F)ccn1)N1CCN(C(=O)C2CC2)CC1,0.0003579452926657784
O=C1C[C@H](C(=O)N2CCC2CNC(=O)c2ccc(-c3ccco3)s2)CN1,0.2866901678484932
O=C1C2C[C@@H](O)[C@@H]1CN(C(=O)[C@@H]1C[C@H]1c1csc3ccccc13)C2,0.0006871777393511241
O=C1CC2CCCC(CN1)N2c1cncc2ccc(F)cc12,0.0006662866452234209
O=C1CCN(C(=O)c2cc3c([nH]2)CCOC3)c2ccccc2C1,0.48004423617452713
O=C1CCN(CC2(C(F)(F)F)CC3CC3C2)C(=O)CCN2CCCC12,0.0006136728336480295
O=c1[nH]ccc2c1CN(Cc1ncn(CC(F)F)n1)CC2,0.00028122836119242353
OCC(F)CN1CCN(Cc2cccc3[nH]cc(Br)c23)C1,0.0005683168532081007
C[C@@H](CN1CCCC1)N(C)C(=O)c1cccn2c(=O)[nH]nc12,0.0004689639474131026
C[C@@H](CO)n1cc(CC2CCCN2C(=O)c2ccc(CO)nc2)nn1,0.0002320512110657276
C[C@@H]1CNCC[C@@H]1C(=O)N1CCN(C(=O)OC(C)(C)C)C(C(=O)O)C1,0.1778060253419534
C[C@H](CC(F)(F)F)C(=O)N1CC2(CC2)CC1CNC(=O)c1ncc[nH]1,0.00044403480290329864
C[C@H](CNC(=O)c1ccno1)NC(=O)c1ncccc1N,0.1823506226121791
CC(=O)N1CC(C(=O)N2CC([C@H](C)NC(=O)c3ccoc3Cl)C2)C1,0.0005936997123029332
CC(=O)N1CC2CCC(C1)N2c1nc2c(cc1C#N)c(C)nn2C,0.0012104230497391065
CC(=O)N1CCC[C@H]1CN(C)C(=O)c1cccc(OCC2CCCO2)c1,0.000561776917996866
CC(C)[C@H](CO)NC(=O)c1cccnc1SC(F)F,0.000592742839780792
CC(C)Oc1ccc(C(=O)Nc2ccc3c(c2)CCN3C(N)=O)nc1,0.7812158584832698
CC(C)n1ncnc1C(=O)Nc1cnn(CC(=O)OC(C)(C)C)c1,0.0005608353870351512
CC(CC(=O)N[C@@H](C)C1CN(c2nccnc2F)C1)Cn1cccn1,0.0005921205619826832
CC(CC(=O)NC1CCCN(C(=O)c2coc(C(N)=O)c2)C1)C(F)F,0.0005180788073975467
CC(CF)C(=O)N1CCCCC1CNC(=O)c1cc(Cl)ccn1,0.00040177619785806897
CC(NC(=O)[C@H]1CCC(=O)N1)C1CCN(c2nnccc2C#N)C1,0.0008447313656319399
CC(NC(=O)N1CCn2ncc(O)c2C1)c1nc2c(s1)CCCC2,0.0006060289401308149
CC(NC1CCN(S(=O)(=O)N(C)C)C1)c1cc2cn[nH]c2cc1F,0.0004456544781148315
CC(Nc1ncnc2cc(C3CC3)ncc12)C1(O)CCC1,0.0015364935723032333
CC(O)C1(NS(=O)(=O)N2CCCC2)CCCCC1,0.0003531281297114435
CC(O)CCCN1CCC2CC(C1)N(C(=O)Cc1ccccc1)C2,0.0005406923113808793
CC(O)Cc1nnn(Cc2cc(F)cc(Br)c2)n1,0.0003950468082917492
CC(F)(F)[C@@H]1C[C@H]1c1nc(-c2cnn(C3CCOC3)n2)no1,0.717577967269616
CC1(C(=O)N[C@H]2CCN(C(=O)C3CSC3)C2)COC1,0.00012740146496619532
CC1(C(=O)N2CCN(c3ncc4c(n3)COC4)CC2)C1,0.0
CC1(C(=O)NC2CC3(C2)CN(C(=O)c2cc[nH]c2)C3)CC(C#N)C1,0.001323397453670703
CC1(C)CC1CC(=O)NC1(C2CCN(C(=O)c3coc(=O)[nH]3)CC2)CC1,0.35382865023845367
CC1(C)CCC1C(=O)N1CCC(NC(=O)CC2CCC3CC3C2)CC1,0.513854342564408
CC1(C)CCc2c(c(CNC3(c4cccnc4)CCNCC3)c3cc2)C1,0.0
CC1CN(C(=O)c2nc[nH]c2C(=O)NC2CC2)c2ccccc2O1,0.45938618441769463
CC1COc2cc(F)ccc2C1NC[C@H](O)CN1CCCC1=O,0.0004161120167642819
CCC(=O)NCC1C(C)CCCN1C(=O)C1CCc2n[nH]c(=O)cc2C1,0.0004077119574029217
CCC(C)(C)C(O)C(=O)N1CCC[C@@H]1CN(C)C(=O)c1ccc(C)o1,0.0005770825256570692
CCC(CC1CCCCC1)C(=O)N(C)CCNC(=O)c1cc(C)ncn1,0.0014536868831658912
CCC(O)C(F)(F)C(=O)NCC1(C)CCCN1c1nccc(OC)n1,0.0006080625329980253
CCC1(S(=O)(=O)N[C@H]2c3ccccc3C[C@H]2C(=O)OC)CC1,0.0005216881351754882
CCCCC(=O)NC1CCCC2CCC1N2C(=O)c1ncnn1C(C)C,0.3913707897929761
CCN(C(=O)c1ccc(S(=O)(=O)CC2CCC2)cc1)C1CC1,0.0005739388477248245
CCN(C)CC(=O)N1CC(CNC(=O)c2ccccc2OCC#N)C1,0.4058292471905224
CCN(CCNC(=O)c1cnn2cccnc12)C(=O)C1(C#N)CC1(C)C,0.0004912932223577637
CCN1CCc2c(c(CNC(=O)[C@@H](O)[C@@H](C)CC)nn2C)C1,0.00037452611862495326
CCOc1ccc(OCCC(=O)NCc2ccc3c(c2)OC(C)(C)C3)cc1,0.00047888340014141907
CCSCC(=O)N(C)C(C)CCNC(=O)c1cc(C)cc(F)c1,0.0004161998230403409
CCc1c(NC(=O)c2cc(O)ccc2C(F)(F)F)cnn1C,0.0009091405710101854
CCc1ccc(C(C)(C)C(=O)N2CCS(=O)(=O)C[C@@H]2C)cc1,0.0006105427548921178
CCc1cnc(CN2CC[C@H](NC(=O)c3cc(C)ccn3)C2)o1,0.000553727346790987
CN(C(=O)NC1CCOCC1)C1CCC(C(=O)O)CC1,0.0003695572655148116
CN(C(=O)c1cnn2c1CCCC2)c1ccc(Cl)cc1F,0.0011081390197374265
CN(C)c1cnc(C(=O)N2CC(NC(=O)c3cnn(C4CC4)c3)C2)cn1,0.00024284605364640073
CN(C1CCN(C2CC(c3ccccc3)=NC2=O)C1)S(C)(=O)=O,0.0006254453218332412
CN(CC1CCCN1C(=O)c1cc(C2CCC2)no1)C(=O)[C@H]1CCCO1,0.17173030346485843
CN(CCN(C)C(=O)C1CCCc2[nH]cnc21)C(=O)C12CCC(CC1)C2,0.0012793725345556168
CN1CCC(N(C)C(=O)Cc2cccc3cccnc23)C1=O,0.0006078260716128447
CO[C@H](C)C(=O)NC(CNC(=O)c1coc(C(N)=O)c1)C1CC1,0.0002113609477492456
COC(=O)C[C@H](CC(=O)NCc1nccnc1C(C)(C)C)NC(C)=O,0.00031064896828484934
COC(=O)C1CC1C(=O)N1CCCC1(C)CNC(=O)CC1(C)CC1,0.0002521043470747654
COC(=O)c1coc(C(=O)NC2(CNC(=O)c3cocn3)CCC2)c1,0.184709719627647
COC(C)(C)C(=O)NCc1cnn2c1CN(C(=O)CC(C)(C)O)CC2,0.00042126085155288584
COCC(=O)N1C2CCC1CN(C(=O)c1ccc3c(c1)CCCC3)CC2,0.0007814444248192608
COCC(C)(C)C(=O)NCCC(C)N(C)Cc1sc(C)nc1C,0.0005156349133296502
COCCC1(NC(=O)c2c[nH]cc2-c2ccccc2OC)CCN(C)C1,0.0011848453456472536
COc1cc(C(=O)N[C@@H](C)CNc2cc3nnc(C)n3cn2)ccc1F,0.0009422646343105349
COc1cc2c(cc1F)CCC2NC(=O)c1c(F)cc(F)cc1F,0.0006805029334904857
COc1ccc(C(=O)N(C)CCN(C)C(=O)c2cncc(N)c2)c(O)c1,0.0008801967484625499
COc1ccc(CC(=O)N2CC(N3CCN(C(=O)C4CC4)CC3)C2)cc1,0.0001761837751431948
COc1ccc(CNC(=O)c2sccc2Cl)cn1,0.0005875128985562027
COc1ccc(F)c(CC(=O)NC2Cc3ccc(C#N)cc3C2)c1,0.0009285141843857001
COc1ccc2nc(N3CCN4C(=O)N(C)CC4C3)sc2c1,0.0012335301196279547
COc1cccc(C(=O)N2CC(NC(=O)C(C)(C)C)CC2C)c1,0.0005322698309587267
COc1cccc(CNC(=O)N2CC(CO)Cc3c2cccc3Cl)c1,0.0017666257579548085
COc1cccc(OCCN2CCC(CS(C)(=O)=O)C2)c1,0.00038115790765200214
COc1ccccc1CCNC(=O)c1cccc(CN2CCOCC2)c1,0.0006287920582007545
COc1ncccc1CC(=O)NCC1CC(=O)N(CC(F)(F)F)C1,0.00021381261609050727
CS(=O)(=O)CC(=O)N1CCN(c2cc(Cl)c3ncccc3n2)CC1,0.0005374762525763856
CSC1(C(=O)N2CC3(CCN(C(=O)c4ccccn4)CC3)C2)CC1,0.0004653205207159236
CSC1(C(=O)NCC2(O)CN(C(=O)C3(O)COC3)C2)CC1,0.08474823621913348
CSC1CN(C(=O)NCC2(Nc3ccccc3)CC2)CC1N(C)C,0.0007073108545100712
Cc1c(NC(=O)Nc2nncn2C)cnn1CC(F)(F)F,0.0006522350051518061
Cc1cc(=O)c(C(=O)NC2CCCN(c3cc(F)ncn3)C2C)n[nH]1,0.000611432771226282
Cc1cc(C(=O)N2C[C@H]3[C@H](NC(=O)c4cc(C#N)cn4C)[C@H]3C2)ccn1,0.500599398768615
Cc1cc(C(=O)NS(=O)(=O)c2ccccc2F)c(C)cn1,0.000418221463909337
Cc1cc(C)c(CNC(=O)Nc2ccc([C@@H](C)N)cc2)c(=O)[nH]1,0.0007236847020244006
Cc1cc(N2CCC[C@@H]2CCNC(=O)COC2CCC2)nc(C2CC2)n1,0.001695639037051863
Cc1cc(NC(=O)c2c(C(F)(F)F)n[nH]c2C)cc2ncccc12,0.0010254435683151495
Cc1cc(NCCC2CCN(C(=O)Cn3ncnn3)CC2)c(C#N)cn1,0.001180318568432199
Cc1cc2cn[nH]c2cc1NC(=O)N1CCC2(CCCC2=O)CC1,0.7512016513527792
Cc1ccc(C(=O)NC2CCC3CC2CN3C(=O)c2ccc(C)[nH]2)cc1O,0.0008944184716144849
Cc1ccc(C)c(C(=O)NC2C3CCCCN(C(=O)[C@@H](C)N(C)C)C32)n1,0.0003602475224644329
Cc1ccc(CC(=O)N[C@@H](C)CCNC(=O)c2cc(C)n(C)c2)cn1,0.00036230712732068245
Cc1ccc(CNC(=O)C[C@@H]2CCOC2)c(OC2CCOCC2)c1,0.0005906781290236507
Cc1ccc(CNC(=O)c2cncn(C)c2=O)c(N2CCOCC2)c1,0.46767005795396827
Cc1ccc(OC(C)(C)C(=O)N2C[C@]3(C)CN(C)C[C@]3(C)C2)c(C)c1,0.0004703888299904894
Cc1ccc(Cl)c(C(=O)N2CCN(c3ncnn3C)CC2)c1,0.001414950014291588
Cc1cccc(C)c1-n1cc(CN(C)C(=O)CC2CNCC(C)O2)nn1,0.00040558892413316617
Cc1cccc(CN2CCC(O)(CNC(=O)c3ccc(C)s3)C2)c1,0.0005743119875645795
Cc1cccc(CN2CCCC2CNC(=O)C2CCCN2C2CC2)c1,0.0007088936079639565
Cc1ccccc1CN1CCC(NC(=O)c2nccc(N)n2)CC1,0.0005902388508927705
Cc1cn(C)c(=O)c(NC(=O)NCC2(CF)CC2c2ccccc2)c1,0.0005344561182748659
Cc1cncc(C(=O)N2CC3CC2CCC3NC(=O)[C@@H](C)N(C)C)c1,0.00034598315777703586
Cc1cncc(CNC(=O)Cc2cccc(OC(C)C)n2)n1,0.000359198407133408
Cc1conc1C(=O)NC1COCCN(C(=O)C2CCO2)C1,0.00036995658982778926
Cc1cscc1C(=O)Nc1ccc(OC2COC2)cc1,0.001088150146758403
Cc1nc(C(=O)N[C@H]2C[C@@H](NC(=O)c3cncc(C#N)c3)C2)cc(=O)[nH]1,0.28970302523822444
Cc1nc(CO)sc1C(=O)N1CC2CC1CN(C(=O)[C@H]1C[C@@H]1C)C2,0.0005247427534047358
Cc1nc(Br)sc1CN1CC(O)(C(=O)O)C1,0.000480357031318339
Cc1nn(C)c(=O)c(C(=O)NC2CCN(CCC3CC3)C(C)C2)c1C,0.00044323326142507973
Cc1nnc(N2CCC[C@@H]2CNC(=O)c2ccc(C(N)=O)o2)nc1C,0.0007953607624403732
Cc1ocnc1C(=O)N[C@@H]1CN(C(=O)C[C@@H](CC2CC2)NC(=O)O)C[C@@H]1C,0.00037217825970191663
Cn1c(C(=O)NCc2cnn(C)c2C(F)(F)F)cc2c1CCOC2,0.22423832998841892
Cn1c(Cl)nc(Cl)c1CNC(Cn1ccnc1)c1ccccc1,0.0006220418984393029
Cn1cc(-n2cc(CN3CCCC(C(=O)O)CC3)ccc2=O)cn1,0.001161416583911082
Cn1nc([C@]23CCC[C@H]2CCN3Cc2cnoc2C(C)(C)C)cc1C(=O)O,0.000674148236498359
Cn1nccc1C(CC(=O)NC1CCC2(CC2)C1)c1ccccc1,0.0009777345581781902
N#Cc1cc(N2CC[C@@H](NC(=O)CN3CCCCC3=O)C2)nc(C2CC2)n1,0.1725083520790779
N#Cc1ccc2cc(C(=O)NCC3CCC4(CCCOC4)O3)ccc2c1,0.0009023945505382367
N#Cc1cccc(NC(=O)N2CC3CCCC(O)C3C2)c1F,0.0015314539534189602
N#Cc1ccnc(NC2CCN(C(=O)Cc3cccnc3)C2)c1,0.0012692185509745003
NC1CCCC(CNC(=O)NCc2cccc3nsnc23)C1,0.00040286999919895164
O=C(C[C@@H]1CCCN1)N1CCC=C(Cl)C1CCN1CCSCC1,0.0008030437008975912
O=C(C1CCC(F)(F)CO1)N1CCOC2(CC2)C1C(F)(F)F,0.0005267283829442064
O=C(C1CNCCC1(F)F)N1CCOc2ccc(Cl)cc2C1,0.00046423639240290653
O=C(COCc1ccccc1)N1CC[C@H](Nc2ncc(Cl)cn2)C1,0.0008416537972767119
O=C(Cc1coc(C(F)F)n1)NCC1COc2ccccc2O1,0.0004832445611351973
O=C(N1CC2(CCOCC2)c2ccccc21)]1(O)CCCC1,0.0
O=C(NC1(c2nnc3n2CCCC3)CCC1)c1ncoc1C1CCC1,0.0012948947580091004
O=C(NC1CC12CCN(C(=O)c1ncccn1)CC2)c1ccc(=O)[nH]n1,0.00032506358605381675
O=C(c1ccccc1-c1ccncc1)N1CCN2C[C@@H](F)C[C@H]2C1,0.0006460457039553263
O=C(c1cccn1C1CCSCC1)N(CCO)C1CCC1,0.000659400430303338
O=C1COc2cc(NCc3ccc4c(n3)CCCC4)ccc2N1,0.0009029632008429408
C[C@@H](NC(=O)c1nccnc1N)C1CN(C(=O)CC2OCCC2(C)C)C1,0.0006957343026271984
C[C@@H]1C[C@H](C(F)(F)F)CCN1C(=O)c1cc(O)c2ccsc2c1,0.0009537073474167422
C[C@@H]1C[C@H](O)CN(C(=O)c2ccccc2-n2cc(CC3CCCN3)nn2)C1,0.000501383772949999
C[C@H](O)C(=O)NCC12CCCC1N(C(=O)CCC1(C)CCCC1)CCC2,0.45943107717646664
C[C@H]1C[C@@H]1C(=O)NC1CC(CCNc2ncc3c(nc(Cl)n3C)n2)C1,0.0006457470326028368
C=C(Cl)CC(C)(C)C(=O)N(C)CC(C)NC(=O)C1CC2CC1C1CC21,0.12113958182440629
C=Cc1ccc(C(=O)NC[C@H](C)NC(=O)C2CN3CCCN2CC3)cc1,0.0006112560140753593
CC(=O)N(C)Cc1ccc(NC(=O)C2(C#N)CCNCC2)cc1,0.0010933305727715667
CC(=O)NCC(=O)NC(C)CN(C)C(=O)c1n[nH]c(C)c1C(F)(F)F,0.00036183325028208834
CC(C(=O)N[C@H]1CCN(C(=O)c2ccon2)C1)c1cccc(C#N)c1,0.0006530232612775223
CC(C(=O)N1CCc2[nH]ncc2C1)S(=O)(=O)c1ccc(F)cc1,0.00032836081785949376
CC(C)(C(=O)Nc1ccc(C2CC2)nn1)c1ccc(C#N)cc1,0.0009867431727006324
CC(C)(C)Nc1cc(NCc2cc(F)cnc2F)ncn1,0.0007040007757780095
CC(C)(NC(=O)c1ccncc1)c1ccc(Br)cc1F,0.0007759455568765533
CC(C)C(OC(=O)C1CCc2cncn21)c1ccc2[nH]ccc2c1,0.0014699792363719395
CC(CCO)C(=O)N1CC[C@H](CNC(=O)c2cncc3c2CCCC3)C1,0.0007493384689127674
CC(NC(=O)CC#N)C1CC2CCC1N(C(=O)C1(C)CC1(F)F)C2,0.40711326537622966
CC(NC(=O)N1CC(CN2CCOCC2)C1)c1ccncc1,0.00040855759372955135
CC(NC(=O)c1ccc2ccc(Cl)cc2n1)C1(CO)CC1,0.0008658084586963226
CC(O)CN1C2CCCC1CN(C(=O)c1ncnc3sccc13)C2,0.0005799462661179467
CC(OC(=O)c1cccc2ccccc12)C(=O)N(C)C(C)C,0.316121262243329
CC1(C)C(=O)N(CC(=O)N2CC(C3CCS(=O)(=O)CC3)C2)C1(C)C,0.00029540265007552087
CC1(C)CC2(CCN2C(=O)c2cc(=O)c3ccccc3o2)CC(C)(C)O1,0.0012430877779255464
CC1(C)OC(=O)c2c(NC(=O)[C@]3(CO)CC[C@@H]3CO)cccc21,0.0006077728472085333
CC1(CNC(=O)c2ccc(-c3cccnc3)nc2)CCCC1(F)F,0.16291986120967894
CC1(NC(=O)CC(C)(O)C2CC2)CCN(C(=O)c2ccccn2)CC1,0.2500185350507738
CC12CCCC(C(=O)NCC(O)CNC(=O)c3ccccc3)(CO1)C2,0.0004937009617439701
CC1=NOC(C)(C(=O)NCC(C)CNc2nc(C3CC3)ns2)C1,0.0003740443094803982
CC1CC1C(=O)N1CCC[C@@H](Nc2ccc3nccnc3n2)C1,0.2791757092499913
CC1OCCC1CC(=O)NCc1ccccc1-n1ccc(=O)n(C)c1=O,0.0006307783905083994
CCC(=O)N1CCC2CCC(C1)N2C(C)c1ccsn1,0.00040688890696003615
CCC(C(=O)N[C@H](C)CNC(=O)c1csnc1Cl)n1ccnc1,0.0003089700129488262
CCC(C)(C#N)C(=O)OCc1cc(OC)cc(S(C)(=O)=O)c1,0.0012504734771861502
CCC(C)(C)c1cn(-c2cnccc2C(=O)NCC2(CO)CCC2)nn1,0.0009637856546768573
CCC(C)(O)c1cn(-c2cccnc2C(=O)N2CC(CO)(OC)C2)nn1,0.00022203727217104188
CCC(OC)C(=O)NCC(c1ccccc1)C1CCNCC1,0.0005290200646729885
CCC1(C)CN(C(=O)Nc2cnc3ccccc3c2C)CCO1,0.0010332730420970133
CCN(C)CC(=O)N[C@@H](C)CCNC(=O)c1c(C)nsc1C,0.0003138438720737488
CCN1CCCN(C(=O)C(NC)c2ccco2)C(C)C1,0.0003915235424311952
CCO[C@H]1CCCN(c2nc3c(cc2C#N)COC3(C)C)C1,0.001468886434322265
CCOC(CC)C(=O)N1CCC1c1cn(CC2CCC(F)(F)C2)nn1,0.0008428314969676988
CCOc1ccc(CN2CCC3(NC(C)=O)CCCC23)cc1,0.0006183351586636515
CCS(=O)(=O)NC1CCN(C(=O)C2(n3cccn3)CC2)CC1,0.0001828905812410778
CCc1ccc(C2CCN(C(=O)c3cncc(OC)c3)C2)cc1,0.0004917750203837535
CCn1cc(Br)c(C(=O)N2CCC3(C2)CS(=O)(=O)C3)n1,0.00045573815586029713
CCn1cnc(C(=O)N(C)[C@H]2CC[C@H](NC(=O)c3cnccn3)CC2)c1,0.27523357681264426
CN(C)CC(=O)N1CC[C@H](CNC(=O)C2(CC(F)F)CC2)C1,0.00028476748077699705
CN(C)c1nc(C(C)(C)NC(=O)CC2CCC(O)C2)nc2sccc12,0.0012142534573779083
CN(CC(=O)N1CCC2(C1)CN(c1ccncc1)C2)[C@@H]1CCCC[C@@H]1N,0.001054299821077256
CN(CC(C)(C)C#N)S(=O)(=O)C1Cc2ccccc2C1,0.0005467613093058552
CN(CC1=NO[C@H]2CCC[C@@H]12)C1CCN(c2ccc(C#N)cc2Cl)CC1,0.0019564989085675676
CN(CC1CC1)c1cc(C(=O)N2CCCc3ccncc32)ccn1,0.46275912217275406
CN(Cc1ccccc1)C(=O)CN1CCC(C(=O)O)(c2ccccc2)C1,0.0005254894885356464
CN(Cc1cn(C2CCNC2=O)nn1)C(=O)CC1CCOC1=O,0.000216198454142697
CN1C(=O)NC(C(=O)Nc2ccc(-c3nnnn3C)cn2)C1(C)C,0.0008399444668030002
CN1CC[C@@H]2CC[C@H](C1)[C@@H]2NC(=O)C1CC2(CCl)CC1C2,0.0009227380270754125
CN1CC(NC(=O)Nc2cnn(-c3ncccn3)c2)CC12CCC2,0.0010448472213196783
CNC(=O)CCN(C)c1nccc2sc(Br)cc12,0.46127694667836894
CNCC1CCN(C(=O)c2cnc(N3CCSCC3)nc2)C1,0.0006300321653759603
COC(=O)[C@]1(C)CCCN1S(=O)(=O)c1ccc2c(c1)COCC2,0.00038844337976275817
COC(=O)[C@H](Cc1ccc2ccccc2c1)NC(=O)C(C)OC(F)F,0.0006004073383198606
COC(=O)c1cc2c(n1C)CCN(C(=O)CSC1CC1)C2,0.0005336956838510733
COC(=O)c1ccc(N(C)C(=O)NC(C)(C)c2cccc(C#N)c2)nn1,0.0015571465521853325
COC(CNC(=O)NC1CCCC2(CC1)CC2(F)F)C1CCCOC1,0.7301304696661106
COC1(CNC(=O)N2CCOC3(COC(C)(C)C3)C2)CCC(C)CC1,0.000602146156778108
COC1CCC(CC(=O)NCC2(O)CN(C(=O)[C@@H]3CCOC3)C2)CC1,0.0002966547036627849
COCCC(=O)N[C@H]1C[C@H](NC(=O)c2cc(=O)c3c(F)cccc3o2)C1,0.4254633787064215
COCCN1[C@@H](C)CN(C(=O)Nc2csc3cccnc23)C[C@H]1C,0.0017293191702137747
COCc1cc(C(=O)N2c3cccnc3NC(=O)CC2C)[nH]n1,0.0007215230958406607
COCc1ccsc1C(=O)Nc1cc(OC)ccc1C(=O)OC,0.0012723548593907023
COc1c(C)cc(CN(C)C(=O)c2c[nH]cc2Br)cc1C,0.0008431824490941597
COc1c(C)ncnc1N1CC[C@H](NC(=O)CCCc2nccs2)C1,0.0010631708927608034
COc1ccc2oc(COC(=O)C3CCOCC3)cc2c1,0.0007461152558322378
COc1ccccc1CN1CCC(Nc2ncc(C)nc2F)CC1,0.0009495964188111741
COc1ccnc(CN2CC3CCC(C2)N3C(=O)C2(C)CC3CCC2)c1,0.0
COc1ccncc1CNC(=O)C1CC(C2CC2)=NO1,0.00045319869438964174
COc1n[nH]c(C(=O)N2CC3CCC(C2)C(C(=O)O)C3)c1Cl,0.1977339591515539
CS(=O)C1(CNC2c3cccc(Cl)c3CC2(C)C)CC1,0.0005964462980341473
CSCC(=O)N[C@H]1CCN(C(=O)c2cccc3c2COCC3)C1,0.000359477462398325
CSCC(=O)N1CC(NC(=O)C2(S(C)(=O)=O)CCC2)CCC1C,0.0003013715414268114
Cc1c(Cl)cnn1CC(=O)NCC1CCC2(CC(C(=O)O)C2)O1,0.0004304266255479196
Cc1cc(C#N)ccc1CCNS(=O)(=O)CCc1cnoc1,0.0005545553391927594
Cc1cc(C(=O)N2CC(CNc3ncc(C)c(C)c3C#N)C2)c(C)cn1,0.0017762743970187015
Cc1cc(CCC(=O)NC2CCCOC2(C)C)[nH]n1,0.0003569381189165693
Cc1cc(N[C@H]2[C@@H]3CN(C(=O)CN(C)S(C)(=O)=O)C[C@@H]32)c(C#N)cn1,0.0009074697511027292
Cc1cc(N2CCC(N3CC(CN)C3)CC2)c2cnn(C)c2n1,0.282344947500353
Cc1cc(NC(=O)C2(N(C)C)COC2)ccc1-n1ccnn1,0.00042255393076369365
Cc1cc(NC(=O)N(CC(=O)O)Cc2ccccc2C)nc(C)c1Cl,0.0007825048672932829
Cc1ccc(C(=O)N2CCC(C(=O)Nc3c(C)cnn3C)CC2)cc1C,0.0008559639165765597
Cc1ccc(C(=O)N2CCC(NC(=O)c3oncc3C)C(O)C2)nc1,0.000375335114142868
Cc1ccc(C(=O)NCC(=O)c2cc(F)cc(F)c2)cc1C#N,0.2946736585195176
Cc1ccc(CC(=O)N2CCC(O)(CNC(=O)c3ccncc3)C2)cc1,0.00033144523173437305
Cc1ccc(CCc2nc(C(NS(C)(=O)=O)C(C)(C)C)no2)nc1,0.0005870558929346407
Cc1ccc(NC(C)CC(C)NC(=O)[C@H]2CC2(C)C)c(C)n1,0.0006781583844560535
Cc1ccc(OCC(=O)N(Cc2ccccc2)CC(C)C(=O)O)cc1,0.000573200355403966
Cc1ccc2c(c1)CC(C(=O)N1CCC(CN)(C(N)=O)C1)S2,0.14833610922384488
Cc1cccc2nc(C(=O)N3[C@H]4CC[C@@H]3C[C@@H](CNC(=O)CC#N)C4)cn12,0.7228697391016955
Cc1ccccc1-c1noc(CN2CCC3(CCOC3)C2)n1,0.0010409674710811516
Cc1ccccc1C(C)C(=O)N[C@@H]1C[C@H]1C1CCC(C(=O)O)CC1,0.00035701487027338434
Cc1ccccc1CCN(C)C(C)C(=O)CNC(=O)CC(C)(C)C,0.00048379812088517423
Cc1ccnc(NCCN(C)C(=O)CC(C)c2ccccc2C)n1,0.0005778703041603398
Cc1ccncc1C(=O)N(C)C1CCCN(C(=O)c2ccno2)CC1,0.16587369452432243
Cc1cnc(CCNC(=O)N2CC(=O)N(C(C)C)C(C)(C)C2)c(C)c1,0.00031075272890431876
Cc1cncc(CNC(C(=O)O)c2cc2C(F)(F)F)c1,0.0
Cc1csc(CN(C(=O)[C@@H]2CCO[C@H]2c2cccnc2)C(C)(C)C)n1,0.0005826043237917303
Cc1nc(N[C@@H]2COc3ccccc3[C@H]2O)c(-c2ccccc2)o1,0.001796902348438446
Cc1ncsc1CCC(=O)N1CCCC(NC(=O)CC(C)(C)O)C1,0.0005531739065634402
Cc1nn(C)c(N(C)C)c1CN1CC(C(=O)N(C)C2CCCC2)C1,0.0006218644695273306
Cc1noc(C(=O)N2CC(NC(=O)c3cc(C)c(C)nc3C)CC2C)n1,0.00038467036012803117
Cc1noc(C)c1C(=O)N1CC(CNC(=O)c2ccccn2)C1,0.13497224690955106
Cc1nsc(N(C)C(=O)c2ccncc2Br)n1,0.2805759057174805
Cn1ccc2cc(C(=O)NCC(O)CC3CCCO3)ccc21,0.0007155172903156023
N#CC1(C(=O)N2CC[C@H](CNC(=O)[C@H]3CCC(=O)N3)C2)CCC1,0.0001880452979649295
N#Cc1cccc(OC2C(=O)NCCn3cc(Cl)cc32)c1,0.0006463544347558934
O=C(COC1CC1)N1CC2(CCN(C(=O)C3CC3(F)F)C2)C1,0.0002489984479913527
O=C(Cc1ccc(Cl)cn1)N1CC(N2CCN(C3CC3)CC2)C1,0.00032967197605224437
O=C(N[C@@H](CC1CC1)C(=O)O)c1cc(OCC(F)F)ccn1,0.23183660798406064
O=C(NCc1ccc(-n2cccn2)nc1)N1CCO[C@@H]2CCC[C@@H]2C1,0.0009702758296542895
O=C(NCc1cn(C2CCOC2)nn1)N1CC2(CCC2)CC1CC1CC1,0.0006968247855903281
O=C(Nc1ccc(CN2CCCC2=O)cc1)C1COC2(CCC2)CN1,0.153473343474587
O=C(Nc1ccn(C(F)F)n1)c1cc2c(cc1F)CCNC2,0.0009669944912205244
O=C(O)[C@H](CC1CC1)NCc1cnc2ccc(Cl)nn12,0.0005572425646299849
O=C1C[C@H]2[C@H](NC(=O)NC3CCN(C4CC4)CC3)C[C@H]2O1,0.0003494159184346295
O=C1CC(C(=O)NC2(CNC(=O)c3cc4c(=O)[nH]ccn4n3)CC2)CO1,0.0002342814870822718
O=C1N[C@H]2CN(C(=O)c3coc(-c4ccc(Cl)cc4)n3)CC[C@@H]2CO1,0.0016289083226925312
O=C1NC[C@H]2[C@@H]1[C@@H]2C(=O)NC1(Cc2c(F)cccc2F)CCC1,0.00023587327930142413
O=S(=O)(c1cnccn1)N1CCC(OC2CCC2)CC1,0.0005150381066464947
OC1CCc2ccc(NC3CC(c4ccccc4)C3)cc2C1,0.0013022579864375976
C[C@@H](C(=O)NC1CCC(NC(=O)[C@H]2C[C@@H](O)C2)CC1)n1cnnn1,0.0002465181453359042
C[C@H](CC1CCCCC1)C(=O)NC1(C)CN(C(=O)C(C)(C)O)C1,0.0006493538176027584
C[C@H]1CNc2ccc(NC(=O)NCC3CCC4CC4C3)cc2O1,0.0014652498063670034
C=Cc1ccccc1CNC(=O)C(O)c1ccc(Cl)cc1,0.0017897070464903085
CC[C@@H]1C[C@H]1C(=O)NC(CNC(=O)C1(c2cccnc2)CC1)C(C)C,0.0004223133007720771
CC(=O)Nc1cccc(-c2ccc3c(c2)C(=O)C3)c1OCC#N,0.312601586639522
CC(=O)c1ccc(N2CCC(n3cc(C(N)=O)ccc3=O)CC2)cc1,0.0007762798468936483
CC(C)C(CNC(=O)C1CC12CC2)NC(=O)[C@@]12CCCN1CCC2,0.46201459127178285
CC(C)N1CCN(CCNC(=O)N2CC3(CNC(=O)N3C)C2)CC1,0.0002690709778868386
CC(C)c1cnc(CN2CCC(NC(=O)c3ccc(F)cc3)C2)o1,0.0005170170410915924
CC(CN(C)C(=O)c1cn(C2CCC2)nn1)NC(=O)c1nscc1N,0.18211029193937525
CC(NC1CCCC2(C2)C1)c1cccc(-n2nnnc2N)c1,0.0
CC(O)(C(=O)N1CCC2(CC1)CC2NC(=O)C1CC1)C1CCC1,0.4001988447312162
CC(O)(CN1CC(O)(c2ccc(F)cc2)C1)(C(=O)O)c1ccc(F)cc1,0.0
CC(O)(CNC(=O)C1(C2CCCCO2)CCC1)C1CC1,0.001152642572245563
CC(F)(F)C1(CNC(=O)N2CCCC(C3(O)CC3)C2)CC1,0.0011345823405119878
CC1(C)C(CC(=O)N2CCCC3(CC3C(=O)O)C2)C1(C)C,0.22126028472380743
CC1(C)CCOC1CNC(=O)N1CCOC2(CCCCC2)C1,0.000759591907615195
CC1(NC(=O)c2ccc3oc(=O)[nH]c3c2)CCN(C(=O)[C@@H]2CCOC2)C1,0.0006741249523973136
CC12CCC(C(=O)NC3(C4(C)CC4)CC3)(C1)OC21,0.0
CC1C(=O)Nc2ccc(C(=O)NCCc3ccns3)cc2N1C,0.0008821331617876942
CC1CC(C(=O)N2CCC3(CCCN3C(=O)C3CCO3)C2)C1,0.0003933651283817851
CC1CN(c2ccc(Br)cc2C#N)CC1N1CCOCC1,0.7903490389986538
CCC(=O)N1CCC(C(=O)N2C[C@@H](C)[C@@H](NC(=O)CC3(C)CC3)C2)C1,0.18810217836916718
CCC(=O)N1CCN(C(=O)c2cc3ccccc3cn2)C[C@@H]1C(C)C,0.28840771892742123
CCC(CC(=O)N(C)C[C@@H]1CCCN1C(=O)c1cc(C)c(C)[nH]1)OC,0.0004185262605779471
CCC(CC)(CNc1ncnc(Cl)c1C)NC(=O)c1ccsn1,0.0008722955742527171
CCC(CO)C(=O)N[C@@H]1CCCN(C(=O)[C@@H](C)c2ccccc2)C1,0.00045872247141001064
CCC1(C)CC1C(=O)NC1CC(CCNc2ccnc(C#N)n2)C1,0.001249388929438645
CCC1(CNC(=O)CNC(=O)c2ccc(Cl)cc2)CCC1,0.0004186522158969109
CCC1(F)CCN(C(=O)c2ccc3c(c2)C(C)CO3)C1,0.0005554535780742541
CCCC(=O)N1CCC2(CC1)CC(NC(=O)c1ccnc(C)c1)C2,0.53229423263576
CCCC(C)(O)CC(=O)N1CC(C)(NC(=O)CN(C)CC)C1,0.0005219785164587758
CCN(C)C(=O)[C@@H](NC(=O)C1CCCNS1(=O)=O)C(C)C,0.09286962857386961
CCN(CC(=O)N1CC(CN(C)C(=O)c2cccc(C)c2C)C1)C1CC1,0.0005274043590417555
CCN1CC(C(=O)N2CCn3ncc(S(C)(=O)=O)c3C2)CCC1=O,0.13126218903764597
CCN1Cc2ccc(CNC(=O)c3coc4c3CCCC4)cc2C1,0.0008548581860109808
CCNC(=O)C1(CNC(=O)c2ncc(Cl)n2C)CCC1,0.0004131824566362865
CCO[C@@H]1CCC[C@H]1NC(=O)c1cccnc1-c1nnc[nH]1,0.0013780204659672405
CCOCc1nnc(CNC(=O)N(CCCO)C2COC2)s1,0.00028540316054782676
CCOc1ccnc(N2CC3(CC(NC(=O)CC)c4nccn43)C2)n1,0.22610880930379265
CCc1c(C(=O)N2CCC(C)(C(=O)O)C2)oc2ccccc12,0.001084328221456016
CCc1cc(C(=O)OC(C)C(=O)N(C)C(=O)NCC(C)C)n(C)n1,0.0005068011460832031
CCc1cnc(CN2CCC2CNC(=O)c2cccc(F)c2F)o1,0.0005296494672909301
CCc1nocc1C(=O)N1CC(O)(CNC(=O)c2cc3n(n2)CCC3)C1,0.00027465080379421064
CCc1onc(C)c1NC(=O)Nc1cncnc1OCC(F)(F)F,0.0006571899737576034
CCn1ccc(C(=O)N2CCCC3CN(C(=O)c4ccoc4)CCC32)n1,0.331994590547258
CN(C)CC1COC3(CCCC2CCC(NC(=O)C(C)(C)F)C3)O1,0.0
CN(C)c1ccc(C(=O)OC2CCC2Cc2ccccc2)nc1,0.0011598467564736788
CN(C)c1ccc(CNC(=O)c2cccc(F)c2C(F)(F)F)nc1,0.0007604837288066021
CN(CC1(O)CCOC1)C(=O)Cc1ccc2c(c1)NCC2,0.0005911712767872313
CN1C[C@@H]2CCN(c3nccc(C(C)(C)C)c3Br)[C@@H]2C1,0.0010486899751470172
CN1C(=O)CC[C@H]1C(=O)N1CC(C)(NC(=O)c2cccc3cn[nH]c23)C1,0.2537314128396086
CN1C(=O)CCc2cc(NC(=O)CN3CCCC(C)(C)C3[C@@H])ccc21,0.0014308497443429953
CNC(CC(C)(C)C)C(=O)Nc1c2c(nn1C)CCCC2,0.0007513575158328055
CO[C@H](C)C(=O)N1CCC(NC(=O)c2c(C#N)cnn2C)C12CCCC2,0.0007187806200120428
CO[C@H](C)CNC(=O)C1(CNC(=O)OC(C)(C)C)CC12CCC2,0.0006053926624145868
COC(=O)[C@@H]1C[C@H]1Cc1cn(CCC(=O)NC2COc3ccccc32)nn1,0.00033576814571996237
COC(=O)C1COC2(C1)CN(C(=O)c1cc(O)nc3ccccc13)C2,0.19602820870796017
COC(=O)CC(C)CNS(=O)(=O)c1cnn(CC(F)F)c1,0.0003144300833149811
COC(=O)c1csc(Sc2nnc(N3CCCC3)[nH]2)c1,0.0008723984312371456
COC(C)CCn1nnnc1N1CCOc2c1ccc(F)c2F,0.0008084205689202148
COC1(C(F)(F)F)CCCN(C(=O)N[C@@H](C)c2cccs2)C1,0.000717206826404646
COC1(C(F)(F)F)CN(C(=O)C2(C#N)Cc3ccccc3C2)C1,0.0010293778980553568
COC1(CN2CCCC(C3(NC(C)=O)CC3)C2)CCCC1,0.0012641485283204973
COC1CC(N2CCN(C(=O)c3sc4ccccc4c3C)CC2)C1,0.35343694112976104
COCC(O)C(=O)N(C)CCN(C)C(=O)Cc1c[nH]c2ccccc12,0.0004285061469583303
COCCn1c(-c2nccn2C)nnc1N(C)CC1CCC1,0.0014105401975228048
COCc1nc(O)cc(N2CCN(C(=O)Cc3ccccc3C)C[C@@H]2C)n1,0.0006723884056647876
COCc1nsc(N2C[C@@H]3CN(C(=O)c4cscn4)C[C@@H]3C2)n1,0.0005175687197697302
COc1cc(N2CCC(CNC(=O)C3(C)COC3)CC2)ncn1,0.0004770409595720667
COc1cc2cc(CNCC(C)(OC)C3CC3)ccc2cc1OC,0.0010548078238110032
COc1ccc(C(=O)N2CC(Nc3cc(C)ncn3)CC2C)cc1C,0.0011164377638464495
COc1ccc(NC(=O)c2sccc2C#N)c(OCC(F)F)c1,0.8157828182625942
COc1nc2ccccc2cc1CN(C)C(C)C1(S(C)(=O)=O)CC1,0.0005714210853531589
CS(=O)(=O)N1CCC[C@@H]1CNc1nccc2c(Cl)ccc(F)c12,0.0007570460195637709
CS(=O)(=O)c1ccc(C2CC2C(=O)NCC2CCCC3(CCC3)O2)cc1,0.0013145436421192443
Cc1[nH]ccc1C(=O)N1CCCN(C(=O)c2ccc(C(C)C)cc2)CC1,0.40438626947430684
Cc1c(NC(=O)N2CCC(C)C(C(=O)NC3CC3)C2)cnn1C1CCC1,0.0010853245528395416
Cc1c(Cl)ncnc1NC(C)CN(C)C(=O)c1nccn1C)C(C)C,0.0
Cc1c(Cl)ncnc1NC1CC(F)(CNC(=O)CN(C)C(N)=O)C1,0.0007514376441574861
Cc1cc(=O)c(C(=O)NCCN2CCN(c3nncs3)CC2)c[nH]1,0.2635447234216778
Cc1cc(C(=O)NCc2ccc(NC3CCOCC3)cc2)c(C)n1NC#N,0.7921399642787473
Cc1cc(N)ncc1C1CCN(C(=O)[C@H](O)C(C)C)CC1,0.0005964882345419168
Cc1cc(N2CC(C3CN(C(=O)C4(C(F)F)CC4)C3)C2)c(C#N)cn1,0.0005685989413831051
Cc1cc(NC(=O)NCc2ccc(=O)[nH]n2)nc(C)c1C#N,0.00046045779626864477
Cc1cc(NC(=O)c2ccc(C3CCOCC3)cc2)c2c(n1)CCC2,0.330715298164084
Cc1ccc(-n2nc(Br)cc2C(=O)N2CCCOC2)cc1,0.0005920284242136749
Cc1ccc(C(C)CC(=O)NCC(C)NC(=O)c2ccccc2CC#N)cc1,0.0006516555346698709
Cc1ccc(F)c2c1CCCN2C(=O)N1CC(=O)N(C)C1c1ccccc1,0.0016606423661799656
Cc1ccc(Cl)cc1NC(=O)N1C[C@@H](C)[C@@H](O)[C@@H](F)C1,0.0012761096540689159
Cc1cccc(C(=O)NCC(C)CNC(=O)c2cnccn2)c1O,0.20302765779812817
Cc1cccc(CCNC(=O)NCCN(C)C2CCCC2)c1,0.0003336010788882749
Cc1cccc(O)c1C(=O)N(C)CCN(C(=O)Cn1ccnn1)C(C)C,0.00045643390402608653
Cc1ccsc1-c1nsc(NC(=O)NCC2(C)COC2)n1,0.001429962094134956
Cc1nc(-c2ccc(CNC(=O)[C@@H]3[C@H](C(=O)O)C3(C)C)cc2)co1,0.0009531043908032349
Cc1nc(C)c2nc(N3CCN(CC(N)CO)CC3)sc2n1,0.2712111380010149
Cc1nc(CN2CCC(CNC(=O)c3cc(C)c(C)o3)C2)co1,0.00043037279905820984
Cc1nc(N)nc(N[C@H]2CC[C@H](NC(=O)C3(F)CCC3)CC2)n1,0.00036274394451996285
Cc1nc2c(c(C)c1CCC(=O)N1CCC(C#N)C1)c(C)c(C)c(C)c2,0.0012714533786329935
Cc1ncc(CN(C)CCNC(=O)c2ccnc(OC(C)C)c2)o1,0.0002724108959185594
Cc1ncc(CNC(=O)c2ccc3c(c2)N(C)CCO3)n1C,0.0013228145361625062
Cc1ncc2c(n1)CC(C(=O)Nc1cnccc1C(C)C)CC2,0.0013741208907146433
Cc1ncnc(NCC2CCC(NC(=O)c3cc(C)sc3C)C2)c1F,0.00159788775516299
Cc1noc(C2CC2)c1C(=O)N1CC[C@H](NC(=O)C(C)N2CCC2)C1,0.0002932462540313023
Cc1nocc1C(=O)N1CCC(O)(C(C)NC(=O)c2ccoc2C)C1,0.00044897805934079426
Cc1sc(CCN)nc1C(=O)N1CCN(C2CC2)CC(C)(C)C1,0.24252415137585528
Cn1ccc2cccc(NC(=O)N(CCC#N)CC3CCCCC3)c21,0.0020543370263665867
Cn1cccc1CCC(=O)N1CCOC(c2nc(C3CCC3)no2)C1,0.0008826865207232574
N#C[C@H]1CC[C@H](Cn2cc(C(=O)N3CCCC3Cc3ccccc3)nn2)CC1,0.0017927688318846132
N#CC1CCS(=O)(=NCc2ccn(CCc3ccccc3)n2)CC1,0.0017500710694684633
N#Cc1cc(Br)cnc1N1CC2CC1CCC2O,0.7216218639950038
N#Cc1ccc([C@H]2CC[C@H](Nc3nccc(NC4CCNCC4)n3)CC2)cc1,0.8853998823429384
NC1CC(CCNC(=O)c2cccc(Br)c2OC(F)F)C1,0.32163734835104196
O=C(CCC1CC1)NC[C@H]1C[C@H](Nc2cccc(-n3ccnc3)n2)C1,0.7736080071077917
O=C(CNC(=O)c1ccncc1)Nc1cc2c(cc1Cl)NC(=O)C2,0.26440853743498616
O=C(COc1ccccn1)NCC1(C(CC(=O)O)c2ccccc2)CC1,0.4422627295016509
O=C(Cc1ccccc1COc1ccccc1)N1CC2CC(O)C(C2)C1,0.0005873126860303363
O=C(NC[C@H]1C[C@H]1CF)c1cc(F)c2[nH]c(=O)ccc2c1,0.0005254419545681892
O=C(NC1(C(=O)OCc2ccccc2)CC1)C1OCC12CCC2,0.0005518985844810041
O=C(NC12CCC(C1)OC2)c1ncccc1C1(O)CCOCC1,0.0003242036612431671
O=C(NCC1CN(C(=O)c2ccc3c(c2)CCC(=O)N3CCO)C1)C(F)C1C1CC1,0.0
O=C(NCc1cccc(-c2cccc(Cl)c2)c1)[C@@H]1CCO[C@@H]1CC(=O)O,0.0009528662690181337
O=C(NCc1cccnc1OC(F)F)C1CCC2(CCC2)NC1,0.0005050712864556485
O=C(Nc1ccc(C2(CO)CC2)cc1)c1cnc2c(n1)CCC2,0.0007653731579770425
O=C(Nc1cnccc1-n1ccc(C(F)(F)F)c1)[C@H]1CC[C@H]1C(=O)O,0.5868212796644612
O=C(O)c1ccnc(CN2CCC3CC(O)CCC3C2)c1,0.0004164859264373307
Brc1ccnc2c1CCN(Cc1coc(C(F)F)n1)C2,0.0004915404089390088
C[C@@H]1CN(C(=O)c2ccc[nH]2)CCN1C(=O)C1CCCCS1(=O)=O,0.0003783526212318595
C[C@H](NC(=O)N1C[C@@H](C(C)(C)C)NC[C@H]1C)c1cccc(O)c1,0.0005616840654912742
C[C@H]1C[C@@H](NC(=O)Nc2ccccc2Cn2cccn2)C[C@@H](C)O1,0.0005282900738500216
C=Cn1nccc1C(=O)NC1CCN(C(=O)c2ccccc2)C(C)C1,0.34949013847590965
CC(=O)N(C)CCc1noc(-c2ccc3c(c2)CCS3(=O)=O)n1,0.001028696019093578
CC(=O)N1CCCN(Cc2ccc(Br)c(F)c2)CC1,0.0003789969479579489
CC(C(=O)N1CCC(C)(C)C(NC(=O)c2coc(=O)[nH]2)C1)N1CCC1,0.17615318789628115
CC(C(=O)NC1CN(C(=O)Cc2cccc(Br)c2)C1)C1CC1,0.0005811633302936406
CC(C)(C)SCC(=O)Nc1nnc2ccccc2c1Cl,0.36017290799253426
CC(C)(C)c1ocnc1C(=O)N1CCN(C(=O)c2ccco2)CC1,0.21371009960075307
CC(C)Oc1ccc(F)cc1NC(=O)N1CC2(C(=O)O)CCC1CC2,0.8789683416126598
CC(CC(=O)NC1(CO)CCCOC1)c1ccccc1Cl,0.0004321426719070984
CC(CC(C)NC(=O)C1COC(=O)N1)NC(=O)c1ccc(CO)cc1,0.0002806766778211819
CC(CNC(=O)NCCN1CCN(C)CC1=O)c1ccccc1,0.00033294922168327626
CC1(C)CNCC(NC(=O)C2(CO)CCCO2C(=O)OC(C)(C)C)C1,0.0
CC1(CC(=O)N2C[C@H](n3cc(COC4CCOCC4)nn3)CO2)CC1,0.0009453604539955833
CC1(CNC(=O)c2coc(=O)[nH]2)CN(c2ncc(Cl)cn2)CCO1,0.0005693994774860182
CC1CN(S(=O)(=O)[C@H]2CNCCOC2)c2ccccc21,0.0003812226260456049
CCC(C)(C)NC(=O)CN1CCC(NC(=O)NC(C)C)C(C)(C)C1,0.0008388248795029096
CCC(C)(OC)C(=O)N1CCN(C(=O)c2sccc2C#N)C2(CC2)C1,0.5614626997594341
CCC(C)C(=O)N1CCCN(C(=O)c2cc(C)cc(F)c2)CC1,0.22701292390260308
CCC(C)CC(=O)N1CCCC2(C1)CN(C(=O)c1nc(C)[nH]c1CC)C2,0.00047864580609915166
CCC(C)Oc1cc(CNC(=O)NC2(C(=O)O)CC2(C)C)ccn1,0.0005570636932820955
CCC1(CNC(=O)N2CCC(N)C(F)(F)C2)CCC1,0.00036030110125207226
CCC1=NOC(C(=O)N2CCC(O)(CC(C)C)CC2)C1,0.19616886244369866
CCC1CC1C(=O)N(C)C(C)CCNC(=O)CCCc1ccccc1,0.0003252675287384931
CCC1CC2(CC(C(=O)N(C)CCN(C)C(=O)C3(C)CC3)C2)C1,0.0006810403920584433
CCC1CC2(CCC2)CN1C(=O)c1cc(=O)c(OC)co1,0.0006133089468772788
CCC1CCCN1CC(=O)N1CCC2(CC1)CN(C)CC(C)O2,0.0005634477940432244
CCN(C)CC(=O)N1CC(C2CN(C(=O)c3cc(Cl)cs3)C2)C1,0.00041399809013030074
CCN(C1COC1)S(=O)(=O)NC(=O)c1cc(C)oc1C,0.00030919481158112587
CCN(CC)c1ccc(C(=O)N2CC(=O)C23CCC(C)CC3)cc1,0.0017306372593816769
CCN(CCNC(=O)c1cnc(C)nc1C)C(=O)c1ccccc1C,0.00040178012925267304
CCN1CCC1C(=O)N(C)CCNC(=O)c1nnc2ccccc2n1,0.00033465077068195226
CCOC(=O)C1(N(CC)S(=O)(=O)CC23CC(C)(CO2)C3)CCC1,0.0002976493466368014
CCOC(=O)Cc1cnc(NCC2(C)CCCCC2)cn1,0.0010750031329143095
CCOCc1nnc(CNC(=O)c2cc(C)c(OC)c(OC)c2)s1,0.0005668137049815253
CCOc1ccc(C(=O)N[C@H](C)CC2CC2)cc1Br,0.000809756898326031
CCOc1ccc(N(C)C(=O)N(C)C2CCC(=O)NC2)cc1,0.000777464887424777
CCSCc1ccc(C(=O)NCC(C)(CC2(O)CCC2)C(=O)O)cc1,0.000628443683839424
CCc1ccc(C(=O)N2C[C@H]3[C@H](Nc4cc(Cl)nc(C)n4)[C@H]3C2)cc1,0.4371806148226557
CCc1ccc(C(=O)N2CCC(NC(=O)CC(C)CC)C2)c(C)n1,0.00046184922877709977
CCc1ccc2c(c1)N(C(=O)CCC1(O)CCOC1)CC(C1CC1)O2,0.0011059305715151958
CCc1ccsc1C(=O)N1CCC[C@@H]1CCNC(=O)C1CCCC1,0.0016545242710467479
CCc1ncnc(NCC(C)(NC(=O)c2cnn(C)c2)C2CC2)c1F,0.19422425712904173
CCn1cc(C#N)c(=O)n(Cc2c(C(F)(F)F)coc2C)c1=O,0.000570102637175162
CCn1cc(C(=O)NC2CCN(Cc3nnc(C4CC4)s3)CC2)cn1,0.0003391714568153663
CCn1nc(C)c(C(=O)N(CCN2CCCC2)c2ccccc2)c1C,0.0008057109367604803
CCn1nc(C)c(NC(=O)NC(COC)c2ccc(C#N)cc2)c1C,0.0016828004153682248
CCn1nccc1-c1cn(C[C@H](CC(C)C(C)C)C(=O)OC)nn1,0.0016026493614447505
CN(C)CCc1ccc(NC(=O)[C@]23COC[C@H]2C3(F)F)cc1,0.0008210217086586407
CN(C)c1cc(C#N)cc(C(=O)N2CCn3c(n[nH]c3=O)C2)c1,0.0007822192991065064
CN(CC(=O)N1CCN2C(=O)CCC21C)c1cccc2ccccc12,0.5147201307853376
CN1CC2CC(C1)N2C(=O)c1ccc(OC2CCOCC2)cc1F,0.000559073325090514
CN1CCC[C@@H]1C(=O)N1CC(Nc2ncnn2CC2CCCC2)C1,0.000846533385735775
CN1CCC2CN(Cc3c[nH]c(-c4cccc(Cl)c4)n3)CC2C1,0.0014285838059090383
CNC(=O)C1CCCN(C(=O)Cc2ccc(-n3ccnn3)cc2)C1,0.0004020713349408234
CNC(=O)NCC(=O)NCCC1(CNC(=O)C2(C)CC(=O)C2)CC1,0.0001569678901589207
CNC(=O)c1ccc(S(=O)(=O)Nc2ccc(Cl)cc2C)cc1,0.0008820184487675388
CNCc1cccc(NC(=O)N2CC3(CC(C(=O)OC)CO3)C2)c1,0.0008381972066631714
COC[C@@H]1CN(CC(=O)N(CC(C)C)c2ccc(C#N)cc2)CC(C)(C)O1,0.0016119484609795334
COC[C@H]1C[C@@H](O)CN1C(=O)N1CCC(c2ccc3c(c2)OCC3)CC1,0.000535881232819345
COC(=O)[C@@H]1CN(C(=O)Nc2cc(C)ncc2C)C[C@@H](C)O1,0.00041042954181077693
COC(=O)[C@@H]1CN(C(=O)c2ccc3sccc3c2)C[C@H](C)O1,0.0007701757967837145
COC(=O)c1cc(NCC2CCN(C(=O)C3(O)CC3)CC2)cnc1C,0.2519282264863504
COC(C)(C1CCCN(c2nc(C)cc(C#N)n2)C1)C(F)(F)F,0.0016492807830652528
COC(C)C(=O)N[C@H](C)CNC(=O)c1ccc(C#N)c(Cl)c1,0.0003611455340590219
COC(C)CC(=O)NC(CNC(=O)C1CNc2ccnn2C1)C1CC1,0.0004158444273446874
COCC(CO)NC(=O)c1scnc1Cl,0.00035724665517823586
COCC(O)C(=O)N1CCC(NC(=O)C2CCOC2)C12CCCC2,0.0002498057350041474
COCC1(C(=O)O)CN(C(=O)c2cc3[nH]ncc3cc2C)CCO1,0.0005894563946312881
COCCN(Cc1nnsc1Cl)c1cccc(OC)c1,0.0007731240889460041
COCCn1cc(NCc2ccc(C(F)F)cc2)cn1,0.000806111452587696
COc1cc(F)cc(CN2CCOCC2c2nccn2C)c1,0.0006421140106887917
COc1ccc(COC(=O)CC2CSCCS2)cc1,0.0011323223092609138
COc1ccc(Cl)c(F)c1CNC(Cc1ccncn1)C(=O)O,0.0007762547547516939
COc1ccc2nc(N3CCC(C(=O)O)C(C)C3)c(C#N)cc2c1,0.0015217891719165478
COc1cccc(CC(=O)NC(CNc2ncncc2C)CC(C)C)c1,0.0013452810928248128
CS(=O)c1nc(NCC2CC(CO)C2)cc(C(F)(F)F)n1,0.0003357282396961131
CSCCC(=O)NC1CN(C(=O)C2(C)CC2(F)F)CC2(CC2)C1,0.5321057371628243
CSCc1cccc(Cc2noc([C@]3(C)CNC[C@H]3C)n2)c1,0.0009694288563701941
CSc1ccnc(C(=O)N[C@H](C)CNc2ncnc(C)c2C)n1,0.000612075040898698
CSc1ccnc(C(=O)N2C3CCCC2CNC3=O)n1,0.0005415418189128489
Cc1cc(=O)c(C(=O)N2CC(CNC(=O)C3CC(C)CC(C)C3)C2)n[nH]1,0.1026065160361217
Cc1cc(C(=O)N(C2CC2)C2CCN(CC3CCCC3)CC2)ncn1,0.0006277554309937533
Cc1cc(C(=O)N(CCN(C)C)CC2CCCO2)cc(NC(=O)C(C)C)c1,0.0012932896357804485
Cc1cc(C(=O)N2CC3COCC3(C)C2)c2cnccc2c1F,0.2995236100460343
Cc1cc(N2CCC([C@H](C)NC(=O)CO)CC2)c2cccnc2n1,0.0007314140870715479
Cc1cc(NC(=O)c2ccn(C3CCC3)n2)cnc1N(C)C,0.0003169630256203641
Cc1cc(F)ccc1C(=O)NC(CNC(=O)C1CC12CC(O)C2)C1CC1,0.00033294293709606586
Cc1cc(S(=O)(=O)N(C)C)cc(C)c1CNc1nccnc1C(C)C,0.0004496664259635692
Cc1cc2c(cn1)CCN2C(=O)N(C)C[C@@H]1[C@H]2CNC[C@H]21,0.0005259762771734166
Cc1ccc(NC(=O)C(O)C(F)(F)C(C)(C)N)c(Cl)c1Cl,0.0013446445869266276
Cc1ccc(O)c(CC(=O)N(C)Cc2ccccc2Br)c1,0.0006127868742626737
Cc1ccc(O)c2cc(C(=O)N3CCC4(C3)CS(=O)(=O)C4)[nH]c12,0.2626112387163194
Cc1ccc(F)cc1C(=O)N1CCOC(C(=O)C(C)(C)C)C1,0.0004908552741192604
Cc1ccc(Br)cc1CN1CC23CC1(C(=O)O)CC2COC3,0.0005823978747401993
Cc1ccncc1CCNC(=O)c1cnn(C)c1C1CC1,0.000766198084680737
Cc1ccoc1-c1ccc(CN2C[C@H](O)C[C@@H]2C(=O)O)cc1,0.0010935217735359869
Cc1cn2nc(NC[C@@H](C)NC(=O)C(C)C(C)(C)C)sc2n1,0.000795723044868337
Cc1cnccc1OC1CCN(C(=O)N(C)c2ccc(F)cn2)CC1,0.0007463104058795757
Cc1nc2ccc(NC(=O)[C@@H]3CC[C@H](N)C3)cc2c(=O)[nH]1,0.0010589319220685202
Cc1nn(C2CCC2)cc1NC(=O)N[C@@H](C)c1cccnc1,0.0010902984620142528
Cc1nonc1COC(=O)c1ccc(F)c(CS(C)(=O)=O)c1,0.0003859401291902199
Cn1cc(C#N)cc1C(=O)N1CCC2CCC(C1)N2C(=O)C1(C)CC1(C)C,0.0013889368229720517
Cn1nc(CNC(=O)c2cc(Br)co2)c2c1CCNC2,0.0004793627770474564
N#CC1(CN2CCn3ncc(S(=O)(=O)NC4CC4)c3C2)CCCC1,0.0006825807707839743
N#CCC1CCCN(C(=O)C2(CNC(=O)OC(C)(C)C)CCC2)C1,0.6486016886665528
N#Cc1cc(NC(=O)N2CCS(=O)(=O)CC2c2ccccc2)c[nH]1,0.0014712476332460372
N#Cc1ccc(NC(=O)NC2CCCC3(C2)OCCO3)cc1CC#N,0.0014956414495965
N#Cc1ccc(NC2(CCNC(=O)c3ccncc3)CCC2)cn1,0.001286367801845063
Nc1nc(C2CCCC2)ncc1C(=O)OCc1cc2cccnc2o1,0.00185532838518727
O=C([C@H]1C[C@@H]1c1ccccc1)N(CCNC(=O)[C@@H]1CCOC1)C1CC1,0.0005320198567022634
O=C(C1CC1)N1CCN(c2cccc(C3CC3(F)F)c2)CC(CO)C1,0.0014490034155743908
O=C(C1CN(C2CCCCC2)C1)N1CCc2ccccc2CC1,0.0012820824359865831
O=C(CC1(c2nn[nH]n2)CC1)N1CCC(C2OCCc3ccccc32)C1,0.0008608569028379317
O=C(Cc1nc2ncccn2n1)NC1COC2(CNC2)C1,0.0760701386655114
O=C(NC1CCC2C1C2(F)F)[C@H]1C[C@@]2(CCCCN2)C1,0.0015588213610642754
O=C(NCC1(F)CC1)NCc1ccc(Cl)c(F)c1,0.0004964018416948294
O=C(NCC1C2CN(Cc3cccnc3)CC12)c1cc[nH]c(=O)c1,0.0006355562829220971
O=C(NCCc1cccc(Cl)c1)[C@H]1NCC[C@@H]1c1ccccc1,0.0007065898768947403
O=C(OCc1ncn(-c2ccccc2)n1)C1CC2(CCC2)C1,0.0015555318224481666
O=C1CC(CCC(=O)NCC2CCN2C(=O)CCc2cccnc2)C1,0.0005109559189782836
O=C1CCC(CC(=O)Nc2ccc(Nc3cnccn3)cc2)N1,0.00042986539492053153
O=C1NC(c2ncc(Cc3cccc(Br)c3)s2)CCO1,0.0010697956778818007
O=C1NCCc2ccc(CN3CCC(F)(F)CC3C(F)(F)F)cc21,0.00047016781074771794
FC1(F)CC12CCC(NC(c1cccnc1)c1cnccn1)C2,0.0011387868218032898
c1cnc(CCC2CCCO2)cc1NC[C@H]1CCCO1,0.00118033013112055
C[C@@H]1C[C@@H](CN2CC3(C2)CS(=O)C3)CN(C(=O)OC(C)(C)C)C1,0.00022531676350952777
C[C@@H]1C[C@H](O)CN(C(=O)C(F)(F)c2csc(C(C)(C)C#N)n2)C1,0.0007139409100649442
C[C@H]1C[C@@H](C(=O)N2CCCC(N(C)C(=O)c3ccccc3)C2)C[C@@H](C)O1,0.0006555526684930484
C[C@H]1CCCN(c2nc(Cl)c3c(n2)CS(=O)(=O)C3)C1,0.0007246951442045253
C[C@H]1CN(C(=O)COCC2CC2)CCN1C(=O)c1cccn2nccc12,0.2427928769666788
C=C(F)C1(CC(=O)NCCN(CC(C)(C)C)C(=O)CC2CC2)CCC1,0.00046401894531570247
CC(=O)N1CC[C@@H]2CN(C(=O)CNC(=O)c3cc4ccccc4o3)C[C@@H]21,0.0005497059544587604
CC(=O)NCC1CN(C(=O)Cc2ccn[nH]2)CCC1C(F)(F)F,0.00048637450338700865
CC(=O)Nc1ccc(N(C)C(=O)CCCn2ccccc2=O)cc1C,0.34589768733778187
CC(=O)c1ccc(Cn2cc(C3(O)CCC3)nn2)c2ccccc12,0.17838804326376603
CC(C)(C#N)C(=O)N1C2CCC1CN(C(=O)[C@@H]1CCC(=O)N1)C2,0.2028113264936704
CC(C)(CCS(C)(=O)=O)CNC(=O)N1Cc2[nH]c(=O)[nH]c(=O)c2C1,0.00028114916547353154
CC(C)(Oc1ccc(Br)cc1)C(=O)N1CC2(CC2)C1,0.00084819743425686
CC(C)(F)C(=O)N1CCC(NC(=O)[C@@H]2CC2(F)F)CC1,0.0004362161850112914
CC(C)=C(F)CNC(=O)Nc1cccc(C(=O)NCC(F)(F)F)c1,0.6134512031603945
CC(C)c1oncc1C(=O)N1CC2(CCN(CC(N)=O)CC2)C1,0.1624023624144896
CC(CC(F)F)C(=O)N1CC(c2cnn(C)c2)c2ccccc21,0.001013460319942236
CC(CCNC(=O)C1CC2(CCC2)C1)N(C)C(=O)C(C)(C)n1cccn1,0.0009456588134529564
CC(CNC(=O)C1CC1C(C)O)N(C)c1cc(O)ncn1,0.00037740453858441705
CC(CF)C(=O)N1C[C@H]2[C@H](NC(=O)c3cccc4nccn334)[C@H]2C1,0.0
CC(NC[C@@H]1C[C@@H]1NC(=O)OC(C)(C)C)c1ncc(-c2ccccc2)o1,0.0019419609816705985
CC(O)[C@@H]1C[C@H]1NC(=O)c1cc(-c2c(Cl)cccc2F)sn1,0.0010329119758254784
CC(O)(Cc1ccccc1)CNS(=O)(=O)c1ccc(Cl)s1,0.0006234986446315474
CC(c1cccc(OC(F)(F)F)c1)N1CCOC2(CCNC2)C1,0.000567163331024829
CC1(C)CN(CC(=O)Nc2cnccn2)Cc2cc(F)ccc21,0.0007867121858869201
CC1(C)COCC(CS(=O)(=O)Nc2cccc3c2CCOC3)O1,0.0004435832201555002
CC1(N(C(=O)c2ccoc2)C2CCN(C(=O)C3CC3)CC2)CCCC1,0.0017264649224116794
CC12CCCC(NC(=O)NC(C(F)F)C3CCCCC3)(CO1)C2,0.000939025354932781
CC1=NC(C(=O)N[C@H]2C[C@@H](CNC(=O)c3cccc(C)c3C)C2)CS1,0.0005464493736606219
CC1CCCCC1OCC(=O)N1[C@H]2CC[C@@H]1CC(=O)N(C)C2,0.0005065419936355054
CCC(=O)N1CCC2CCC(C1)N2C(=O)Cc1ccc2c(c1)CCN2C,0.000638072753790607
CCC(=O)NC(C)C1(O)CN(c2c(C#N)c(=O)n(C)c(=O)n2C)C1,0.00032681110154856143
CCC(C)(C)C(=O)NC1CCCCC1CNC(=O)C1CC1C(=O)OC,0.14318037864930142
CCC(C)CCC(=O)NC(C)CC1CN(C(=O)Cc2ccnc(C)c2)C1,0.0003319693561896052
CCC(CC(=O)N1C[C@H](n2cc(-c3cncc(F)c3)nn2)CO1)C1CC1,0.0017340020274685495
CCC(CC)C(=O)N1CC(NC(=O)c2cc(CC(C)C)n[nH]2)CC1C,0.0005856787242932695
CCC(CN1CCCC1)NC(=O)c1ccc(COC)[nH]1,0.000334289932754681
CCC(CNC(=O)c1coc(C)c1)Nc1nc(C#N)c(Cl)s1,0.6133101099030318
CCC1CC1C(=O)N1CCC1CNC(=O)c1ncc2ccccn12,0.0004182994855723111
CCC1CCCC1C(=O)N1C[C@H]2[C@H](NC(=O)[C@H]3C[C@@H](O)C3)[C@H]2C1,0.10584199841864345
CCCCC(=O)N1CCC(CO)C(NC(=O)c2ccc(C#N)s2)CC1,0.0009114051164567901
CCCN(CCO)S(=O)(=O)N1CC(C(N(C)C(C)=O)C1,0.0
CCCn1ccc(C(=O)N2CCOC(C)(c3ccccc3)C2)n1,0.0005294715113848371
CCN(C(=O)Nc1ccccc1OC(F)F)C1CCN(C)CC1,0.0014397056457837792
CCN(C(=O)c1c[nH]cc1C)C(C)C(=O)Nc1c(C)cccc1C,0.0011922784499485669
CCN(C)CC(O)CN1CCC(c2cccc(F)c2Cl)C1,0.0005696249060453851
CCN(CC)CC(=O)N1C[C@@H]2C[C@H]1CN2C(=O)CNc1ccccc1,0.000528617928836923
CCOC(=O)CC1(NC(=O)c2ccc3cccnc3n2)CC1(C)C,0.0009758401927008829
CCOCC(=O)NCC(O)CNC(=O)CCc1ccncc1,0.0002420896107895115
CCOc1c(Cl)cccc1C(=O)N(C)CC(=O)NC1CC(C)OC1C,0.0005008161277804312
CCOc1ccc(-c2cncn2C)cc1C(O)C1(O)CCOCC1,0.0011597523393165248
CCOc1ccnc(NC2C[C@@H]3C(CCC(=O)N(C)C)[C@@H]2C3(C)C)n1,0.0008963485072660909
CCSC(C(=O)N(C)CCN(C)C(=O)c1cc(C)[nH]c1C)C(C)C,0.0005374837003456716
CCc1ccnc(CNC(=O)Nc2ncnc3c2CCCC3)c1,0.001180050212569414
CCc1cn2c(n1)CC(C(=O)N(CC1CCC1)c1ccncc1)CC2,0.0017918172374866643
CCc1nnc(NCC(C)CNC(=O)C2CN3CCC2CC3)o1,0.0004502717996735857
CCc1oncc1C(=O)NCC1C2CN(C(=O)c3c(C)noc3C)CC12,0.24696724693844127
CCn1cc(CN(CC=CBr)C2CC2)cn1,0.0004768916041462618
CCn1ncc(C(=O)N2CCC3(C2)CN(C(=O)C2CCCS2)C3)c1C,0.0005881027588428301
CN([C@@H]1CCN2CC(c3ccc(Br)cc3)NC[C@@H]21)C1CCC1,0.3536096912959023
CN(C(=O)Cc1ccon1)C1CCCN(C(=O)Cc2cccc(F)c2)C1,0.0005247303953720058
CN(CCCN(C)C(=O)c1ccc(O)cn1)C(=O)CC1CCOCC1,0.20675476127866027
CN1CC(C(=O)N(C)CCNC(=O)C(C)(C)c2ccc(F)cc2)NC1=O,0.00024045910113965017
CNc1ccc(C(=O)N(C)Cc2ccccc2OCC(=O)O)c(Cl)c1,0.5970004661822704
COC[C@]1(S(=O)(=O)N2Cc3conc3C2)C[C@@H]1C,0.0003611217172345489
COC(=O)C(CNC(=O)CSc1ccc(F)cc1)C1CCOCC1,0.00039481382032154153
COC(=O)C1(C)CC(NC(=O)c2c(F)cc(F)cc2F)C1,0.2644741948084801
COC(=O)c1cn(C2CCN(C(=O)c3cn(C)cc3C(C)(C)C)CC2)nn1,0.0006139914998759273
COC(C(=O)N1CC(CC(=O)O)OC2CCCCC21)C1CCC1,0.00046309265308287924
COC(C)CN1CCC2(CC1)CC2NC(=O)Cc1cccc(F)c1,0.0005879082375002107
COC1CCCC1C(=O)NC(C)(C)CC1CC2CCC(C2)N1,0.0010464053275441182
COCc1ccnc(NC(=O)c2cc(CN3CCCCC3)on2)c1,0.0005694489072530928
COc1cc(N2CCC2CNC(=O)c2ccc(C)c(Cl)c2)ncn1,0.001094173018032433
COc1ccc(-n2nc(C)cc2NC(=O)C2(N3CCNCC3)CC2)cc1,0.0005864040971683768
COc1ccc(C[C@H](C)NC(=O)c2ccc(C)s2)cc1,0.0010085239415588583
COc1ccc(C(=O)NCCN(c2nnc(C)s2)C2CC2)cc1,0.0005152591236824199
COc1cccc(C(=O)N2CCCC23CCN(C(=O)C2(F)CC2)C3)c1,0.34201974326291373
COc1ccccc1N1CCN(c2nnc(C3CCNC(=O)C3)n2C)CC1,0.5671995848327774
CSCC(CCO)NC(=O)c1ccn(C2CC2(F)F)n1,0.0004524275433635564
CSc1cc(C(=O)OCC2COC(c3ccccc3)C2)co1,0.0011763846370652779
Cc1[nH]ccc1C(=O)N1C[C@@H]2C[C@H]1CN2C(=O)C1CN(C)CC(C)O1,0.0002831773165302387
Cc1cc(C(=O)NC2CCC23CNC3)oc1-c1ccccc1,0.7075579893036148
Cc1cc(C(=O)NCC23CCC(CC2)O3)cc(C(=O)O)n1,0.178870398483491
Cc1cc(N[C@H]2C[C@H](NC(=O)[C@H]3CC[C@@H](N(C)C)CC3)C2)c(C#N)cn1,0.7588925953777533
Cc1cc(Br)cc(CC(=O)N[C@H]2C[C@@](F)(CN)C2)c1,0.0005777949962373995
Cc1ccc(C#N)c(N[C@H]2CCN(C(=O)C3CC4CCC(C4)C3)C2)n1,0.7886419091886393
Cc1ccc(C(=O)NC2CN(C(=O)C(C)O)CCC2(C)C)n1C,0.00041811122664027836
Cc1ccc(F)cc1NC(=O)Cn1cc(C2(C)COC2)nn1,0.0010860583162992134
Cc1ccc(S(C)(=O)=NC(=O)[C@@H]2CCCC[C@@H]2N2CCCC2=O)cc1,0.0005095773240359017
Cc1ccc2c(c1)CC(C(=O)O)N2C(=O)c1cn[nH]c(=O)c1,0.22093121434008378
Cc1ccc2cc(N3CCC(S(C)=O)CC3)ncc2c1,0.42508975799828425
Cc1cccc(C)c1-n1cc(CN2C3CCC2(C(=O)O)CC3)nn1,0.3154693808309122
Cc1ccnc(C(=O)N2CC[C@@H](NC(=O)c3cn(C)cc3C)C2)n1,0.3221907627928031
Cc1ccnc(NCC2(O)CCN(C(=O)Cc3ccnn3C)CC2)n1,0.0009504786723471277
Cc1ccnn1-c1ccc(C(=O)N[C@@H](C)C(=O)N2CCCCC2)cc1,0.0007312925378971462
Cc1cnc(C#N)nc1N1CC([C@@H](C)NC(=O)C2(C3CCC3)CC2)C1,0.6438329474153619
Cc1nc(C(=O)N2CCC3(CC2)CC(NC(=O)C(C)C2CC2)C3)c(C)[nH]1,0.24125122527029563
Cc1nc(CO)ncc1C(=O)N1CCC(C)N(C(=O)c2cnc[nH]2)CC1,0.00026166512017313675
Cc1nc(N(C)C)cc(N2CCCN(CCc3ccccc3)CC2)n1,0.0016984762764486812
Cc1nc(NC(=O)C(C#N)Cc2ccccc2)ccc1Br,0.0010604529190903012
Cc1nc2ccc(C(=O)NS(=O)(=O)CC3CCCOC3)cc2c(=O)n1C,0.0004024669427000226
Cc1ncc(C(=O)N[C@H]2CC[C@H](CNC(=O)C(C)NC(N)=O)CC2)o1,0.00023156732218119458
Cc1ncccc1C(=O)N1CCC(NC(=O)c2ccc(=O)oc2)CC1,0.22215099687556022
Cc1nccn1-c1ccccc1CCC(=O)N1C[C@@H]2CCC[C@@H]2[C@@H]1CO,0.0017065965443606515
Cc1nn(-c2cccc(Cl)c2)c(Cl)c1C(=O)OC(C)CN1CCC1,0.0010030988738207005
Cc1nsc(NC(C)(C)CN(C)C(=O)c2ccsn2)c1C#N,0.7546881838196858
Cc1nscc1C(=O)N1CC(C)(NC(=O)c2cccc3c2COC3)C1,0.00048418922747724325
Cc1sc(O)nc1C(=O)N(C)Cc1cc(-c2nn[nH]n2)cs1,0.45552663728308584
Cn1cc(-c2nn[nH]n2)c(=O)cc1C(=O)N[C@@H]1CCC[C@H](CC#N)C1,0.0011445944201025676
Cn1ccnc1C(=O)N1CC2CCC(NC(=O)c3cscn3)C2C1,0.21369811628647803
N#Cc1ccc(C(=O)N2CC3(CCOCC3)c3ccc(=O)oc32)cc1O,0.0014681562348984167
NS(=O)(=O)c1coc(CNc2ccc(C(F)F)cn2)n1,0.00043233074172322806
Nc1cccc2c1CCN(C(=O)c1ccc(Br)cc1O)C2,0.0009813770638462964
O=C(CC1(O)CCOC1)N1CC2(C1)OC(=O)Nc1ccccc12,0.000546892061840426
O=C(N[C@@H]1CCc2c(F)cccc21)C1(c2ccc(Cl)cc2)CCCCO1,0.001202563754572445
O=C(NCC1CC(NC(=O)C23CCCCC2C3)C1)C1CCCC1O,0.000773272835655163
O=C(Nc1cccc(C(=O)NCC[C@H]1N)c1ccccc1Cl,0.0
O=C(Nc1cccnc1-n1cccn1)C1CS(=O)(=O)C1,0.0006489652819636673
O=C(Nc1ccnn1C(F)(F)F)[C@@]12C[C@@H](F)[C@@H]1C2,0.00043947792766979094
O=C(O)C1CCN(c2ncncc2-c2ccccc2)C1(C2CC2)C(F)(F)F,0.0008184518443895711
O=C(c1ccc(Cn2ccccc2=O)o1)N1CCCCC12CCC2,0.38472001091521557
O=C(c1coc(Cl)c1)N1CC2CCCC2(Nc2cc(=O)[nH]c(=O)[nH]2)C1,0.0008588530185935803
O=C1CC(C(=O)N2CC(CO)(NC(=O)c3cnccc3O)C2)C1,0.0001227926515014363
O=C1CC(C2CCN(C(=O)C3(c4cccc(-c4c(F)CO)c4)CC3)C2)CN1,0.0
O=C1CC2CCC(C1)N2C(=O)c1cnn(CC2CCCC2)c1,0.5150329366804458
O=C1Cc2c(C(=O)N3CC4CCC(C4)C3)ccnc2N1,0.0003753046959470664
O=C1OC(C(=O)N(CCC#N)c2ccccn2)c2c1CCCCC2,0.0010757608978316845
OCC(Cc1ccc(C(F)(F)F)cc1)NC1CCCC1C1CNC1,0.00038533198139875094
C[C@@H]1CN(C(=O)c2cncs2)C[C@@H]1NC(=O)C1(C)CC(O)CN1C,0.00031316873679172703
C[C@@H]1CN(c2ccnc(Cl)n2)C[C@@H]1NC(=O)COc1ccon1,0.39691153327469997
C[C@H]1CC[C@H](C(=O)N2CC(NC(=O)c3c[nH]c(C4CC4)n3)C(C)(C)C2)CC1,0.0014554723491238706
CC(=O)CC1(C(=O)N2CC(C)(NC(=O)c3cn(C)nn3)C2)CCC1,0.00022086976593902792
CC(=O)N(C)CCN(C)S(=O)(=O)c1occc1Br,0.0003779358772540895
CC(=O)NC(CCC(C)C)C(=O)NC(C)(C)c1ccc(F)c(F)c1,0.0004276728860966487
CC(=O)c1csc(C(=O)NC2CN(C(=O)c3ccc(F)c(C)c3)C2)c1,0.0004801331914169531
CC(C)(C)CC1(NCCc2nc3c(s2)CCCC3)CC1,0.0015944119118130773
CC(C)(C)Oc1ccccc1CNC(=O)COc1ccsc1,0.0008702815122250431
CC(C)C(=O)N1C[C@@H]2CCCN(C(=O)c3ccc4ccccc4n3)[C@@H]2C1,0.000604805815099511
CC(C)C1=NOC(C)(C(=O)N2CC3CCCC(C2)N(C(=O)CO)C3)C1,0.0003837077740077556
CC(C)Oc1cnc(N2CCC(CN(C)C(=O)c3ncccn3)C2)nc1,0.0007453833911973515
CC(CCNC(=O)C(O)C(C)(C)C)Nc1nccc2ccc(F)cc12,0.0013010213102373734
CC(CCNc1ccc(C#N)cn1)NC(=O)c1sccc1F,0.0015449146800026654
CC(CF)C(=O)N1CCC[C@@H](NC(=O)c2occ3c2CCC3)C1,0.0006794020113322761
CC(NS(=O)(=O)c1c(F)ccc2c1OCOC2)c1ccnc(O)c1,0.001006624898155402
CC(O)C(=O)NC1CCCN(C(=O)C2(c3cccc(F)c3)CC2)C1C,0.15523846732211222
CC(O)c1cn(C2CC(C(=O)NCCc3ccc(CO)cc3)C2)nn1,0.00039197356079044115
CC(OC(=O)Cc1cccc2c1CCNC2)c1csnn1,0.00032319584931089757
CC(F)(F)C1(C(=O)N2CC3CC2CN(C(=O)C2(O)CCC2)C3)CC1,0.00047699344979406104
CC(F)CN1CCN(C(=O)[C@H]2CCCC(=O)N2C)CC1,0.0002405443680041117
CC(c1ccccc1)c1ccc(NC(=O)[C@@H]2[C@@H]3CCC(=O)[C@@H]32)nn1,0.3614873690919541
CC(c1ccccc1Cl)N1CC(CNC(=O)c2cn[nH]c2)C1,0.0005781186603767864
CC1(C(=O)N2CCN(C(=O)CC3CSC3)C(CCO)C2)CC1,0.00023386697722705237
CC1(C(F)F)CN(S(=O)(=O)c2ccc(C(F)(F)F)cc2F)C1,0.0005949622236517648
CC1(c2ccc(F)cc2)CC1NCc1cc(=O)c(O)co1,0.00047159584750620443
CC1CC(C)(C(=O)N2CCC(C(C)NC(=O)C(C)CF)C2)CCO1,0.0004307655221604837
CC1CC(CN2CC3(CCN(C(=O)c4cnco4)CC3)C2)C1,0.3048880543028334
CC1CC(c2ccccc2F)N(C(=O)C2CCOCC2)C1,0.0004926938581847655
CC1CC2(CCN(C(=O)C3CC3)CC2)CN1C(=O)c1cccnc1,0.0009984196579821253
CC1CCC(N)(C(=O)N2C[C@@H](O)[C@@H]3COC[C@@H]32)c2ccccc21,0.0003051152314124932
CC1CCC(F)(F)CN1C(=O)c1ccc2c(c1)OCCO2,0.0007824466680886171
CC1CCC2(CC1)CCN(C(=O)c1ccc3cccnn13)C2,0.6561941982281899
CCC(=O)N1CCCC(C)(C)C1CNC(=O)c1cccn2c(=O)[nH]nc12,0.17487448042180512
CCC(=O)N1CCCC(NC(=O)c2ccc(OC(F)F)c(Cl)c2)C1,0.0006503166723172152
CCC(C(=O)Nc1cc[nH]c2ccccc12)N1CCCC1,0.0
CCC(C)(C)c1nc(C(COC)(CCO)C(=O)OC)co1,0.0004857457302061789
CCC(C)CC(C)C(=O)NC[C@@H](C)Nc1cc(Cl)ncn1,0.3126062913834196
CCC(CNC(=O)C1CC1F)NC(=O)c1cccc(-n2cccO2)c1,0.0
CCC(CNC(=O)c1cc2c(cc1Cl)OCO2)OC,0.00045764187121299325
CCC(F)C(=O)NC1(C)CCN(Cc2ccc(-c3cnco3)cc2)C1,0.0012659442956237026
CCCC(C)(O)C(=O)NCC1CC(C)(C)CN1c1ncc(F)cn1,0.0007920771292508085
CCCCc1ccc(C(C)NC(=O)[C@@H]2C[C@@H](O)CN2C(C)=O)cc1,0.00047911336733358887
CCCc1ccc(CNC2CCc3[nH]nc(C)c32)s1,0.0005129800534887843
CCCc1csc(NC(=O)NCC(O)c2cccc(F)c2)n1,0.0010250909383266134
CCCc1nsc(N2CC([C@@H](C)NC(=O)c3ccc(Cl)cc3)C2)n1,0.0017245273071323116
CCN(CC(=O)N=S(C)(=O)c1ccccc1Cl)C1CC1,0.0007931723101074042
CCN(CCNC(=O)C1(C)CC1F)C(=O)c1[nH]ncc1-c1ccccc1,0.0006767519788274457
CCOC(=O)C(F)C1CN(C(=O)N(c2ccccc2)c2ccoc2C)C1,0.767795983160347
CCOC(=O)CCN(C(=O)c1cnn2c(=O)ccnc12)C1CCCC1,0.0
CCOCC(=O)N1CCC(O)(C(C)NC(=O)c2ccc(CC)nc2)CC1,0.00026245437944977766
CCS(=O)(=O)c1ccccc1NC(=O)NCC1CN(C)CCN1,0.0004865210498226605
CCc1c(C)nc2ncnn2c1NCC1(S(C)=O)CCC1,0.0008091289965629453
CCc1cccc(N(C)C(=O)NC2CC(Cn3cccn3)C2)c1,0.0014363043097562374
CCc1ncc(C(=O)NCC2(O)CN(C)C2)c(C(F)F)n1,0.13299776880268435
CCc1oc(C)cc1C(=O)N1CCN(CCOC2CCOC2)C[C@@H]1C,0.0003696622998048377
CCc1occc1C(=O)N1CCC[C@@H]1CN(C)C(=O)CNC(C)=O,0.00032835769753083386
CCc1sc(CNC(=O)N[C@]2(C(N)=O)CCC[C@@H]2C)cc1C,0.00086498890080614
CN(C)CC1CN(C(=O)NCc2ccc(-n3ccnc3)c(F)c2)C1,0.0007174867155661888
CN(C)c1ccc(-c2noc(CSC(C)(C)C)n2)cn1,0.0018867538460828417
CN(CC1CCN(C(=O)C(F)(F)CC2CC2)C1)C(=O)c1cccc(F)c1,0.48819916626519466
CN(CCNC(=O)c1cn(C)c(=O)cn1)C(=O)c1cn2c(n1)CCCC2,0.15100330244892737
CN(Cc1cccc(F)c1)C(=O)c1cccn1CC(=O)OC(C)(C)C,0.0006372808701945567
CN1C(=O)CC(C(=O)N2CC(O)C3(CC3)C2)c2ccccc21,0.001073753760264225
CN1CC(C(=O)Nc2cnoc2C2CCOCC2)Cc2ccccc21,0.0016981617334442297
CNC(=O)c1cnc(NC(=O)c2ccc(C)c(N3CCCC3=O)c2)s1,0.47965196517383646
CO[C@H](C)C(=O)N1C2CCC1CC(NC(=O)c1ccccc1CO)C2,0.00039873481183546336
CO[C@H]1C[C@@H](N(C)Cc2ccc(F)cc2-c2nnc3n2CCCC3)C1,0.0015883235715806864
COC[C@@H]1CN(c2cc(-c3ccc(OC(F)F)cc3F)ncn2)C1,0.8076131906318363
COC(=O)C1COC(CNC(=O)N2CCCc3c(C)cc(C)cc32)C1,0.0014251727323652378
COC(=O)N1CCC(NCc2nc3cc3n2C(C)(C)C)C1,0.0
COC(=O)c1cc(C(F)F)c(F)c(S(=O)(=O)N2C[C@@H](C)[C@H](N)C2)c1,0.0006190219040599282
COC(=O)c1ccc(F)c2c1CN(c1cc3c(nn1)CCC3)C2,0.5119714322318658
COC(=O)c1csc(CC2CCN(C(=O)NC[C@@H]3C[C@H]3C)C2)c1,0.00041745491910063023
COC(C(=O)N1CC(Nc2ncccn2)C2(CCC2)C1)C1CCC1,0.0011250733740670812
COC1CC2(C1)CC(C(=O)N1Cc3cnc(C4CC4)nc3C1)C2,0.000989239390268666
COCC(NC(=O)CCc1c[nH]c2cc(F)c(F)cc12)C(=O)C1CC1,0.15689573817700445
COCC1(C(=O)NC2CCC3(CC2)C(=O)NC3)CCCCC1,0.0006582798210490091
COCC1(CCNC2CCCC(C(N)=O)C2)CCCC1,0.0012437129118097127
COCc1ccccc1CN[C@@H]1COc2ccc(Cl)cc2[C@H]1OC,0.000518711210915785
COc1cc(CNC(=O)c2cnc3c(c2)NCC(=O)N3)ccc1C,0.4840297546731407
COc1ccc(C(=O)Nc2c(Cl)cc(C)cc2OC)cn1,0.6355534421892136
COc1ccc(NC(=O)c2cncc3c2CCNC3=O)cc1OCCO,0.0011769055661616115
COc1ccc(Cl)c(CC(=O)NCCN2CCCC2=O)c1,0.0003786983281860319
COc1cccc(C(=O)NC2CCN(C(=O)C3(C)CC3F)CC2)c1,0.00046985051843984326
COc1ccccc1-c1nc(C)c(C(=O)NC(C)CO)[nH]1,0.0006539717270401368
COc1ccnc(NC2CN(C(=O)c3ncccc3C(C)(C)C)C2)n1,0.0007160481672408784
COc1cncnc1N1CCC2(CC1)CC2NC(=O)C1CCC(F)(F)C1,0.0013698360193183793
CSC(C)(C)CC(=O)NCc1ccc(CN(C)C(=O)C23CC2C3)cc1,0.000457146190917335
CSCCN1CCN(C(=O)c2cc(C3CC3)ccn2)CC1,0.000376036623607143
CSc1cc(CNC[C@@H]2CCO[C@H]2c2cccnc2)ccn1,0.000527650414433284
Cc1cc(C)c(C(=O)N[C@H]2CCCN(c3ccn4ccnc4n3)C2)c(C)n1,0.7481338953217567
Cc1ccc(C(=O)N[C@@H](C)C2CCN(C(=O)c3ccsc3)CC2)n1C,0.32081198984911385
Cc1ccc(CC(=O)NC(C)Cc2ccc3c(c2)CCC3)cn1,0.0005202255367403473
Cc1ccc(NC23CCC(C(F)F)(CC2)C3)cc1-c1nn[nH]n1,0.0018409661663956946
Cc1ccc2c(c1)N(CC(=O)N1CCC(c3ccccc3)=N1)CCC2,0.8739200203162785
Cc1cccc(CC(NC(=O)C(O)C2CCC(C(C)C)CC2)C2CC2)c1,0.00028566084169593514
Cc1ccccc1-c1cncc(C(=O)N2CC(=CBr)C2)c1,0.4803423297482841
Cc1ccccc1-n1cc(O)c(C(=O)N2CC[C@]3(C(=O)O)CCC[C@H]23)n1,0.0006699369785350157
Cc1cccnc1S(C)(=O)=NC(=O)C1(C)CC2(CCOCC2)C1,0.0006269358098278621
Cc1cnc(C(=O)NCC(C)NC(=O)Cc2conc2C)c(C)c1,0.0003767077937793142
Cc1cnc(CC(=O)Nc2cnc(C3CCCC3)nc2)c(C)c1,0.0012775317385625672
Cc1cnc(N2CCC(C)(CNC(=O)c3ccccn3)CC2)cn1,0.0008248077313367345
Cc1cncc(CCC(=O)NC(Cc2ccncc2)C(=O)O)c1,0.000292607694700966
Cc1nc(-c2ccccc2NC(=O)C2CNC3(CCC3)C2)nn1C,0.0014465444640803708
Cc1nc(CNC(=O)c2cc(-c3ccc(O)cc3)no2)nc(O)c1C,0.0007704283545639134
Cc1nc2c(F)cc(NC(=O)CNCC3CC3)cc2s1,0.6384006877536216
Cc1ncc(C(=O)NC(C)C2CN(C(=O)c3coc(C#N)c3)C2)c(C)n1,0.31801066842728676
Cc1ncccc1C(=O)N1CCC(NC(=O)[C@@H](C)O)CC1,0.11941250766950016
Cc1nccn1CC(=O)N1CCCCC(NC(=O)c2ccoc2)C1,0.0011679389116377003
Cc1noc(C)c1C(=O)N1CCCC1CNC(=O)c1coc(=O)[nH]1,0.00036124966849044167
Cc1scc(C(=O)NC2CC(C)N(C(=O)CCCC(F)F)C2)c1N,0.0009730329109595968
Cn1cc(S(=O)(=O)Cc2noc(C3CC3)n2)c(C(N)=O)n1,0.0004779159505656531
N#CCC(=O)N1CC2(NC(=O)c3cocn3)CCC1CC2,0.15421787615666915
N#Cc1cscc1CN1CCNCC1c1cn(CCCF)nn1,0.0010469809035110272
O=C(C1CCCC12CCOCC2)N1C[C@@H]2CN(CCO)C[C@@H]2C1,0.0004979838333414461
O=C(COC1CCNCC1)Nc1ccc(C2(C(=O)O)CCC2)cc1,0.0007799098771779903
O=C(N[C@@H]1CCCC(F)(F)[C@H]1O)c1ccc2ncsc2c1,0.0005373941892426793
O=C(NCC(O)Cc1cccc(Cl)c1)C1(C(F)(F)F)CCCC1,0.0005566406931046198
O=C(NCC1CC(C(=O)O)CO1)NCC12CCC2(CO)C1,0.0003526587163596815
O=C(NCC1CN(C(=O)c2noc3c2CCCC3)C1)c1coc(Cl)n1,0.0006638642153444641
O=C(NCCC1(CO)CCC1)Nc1nccc2occc12,0.0014172137577820251
O=C(NCCS(=O)(=O)c1ccc(Cl)cc1)N1CC2CCC12,0.0004669751558405072
O=C(O)c1ccc(-c2nc(C3CC3C(F)(F)F)no2)cc1,0.8374010181338644
O=C(OC1CCCC2(C1)CC2(F)F)c1ccc(Cn2cnnn2)o1,0.0007417616735657133
O=C(c1cc2c(s1)CCC2)N1CCOc2ccccc21,0.0018287328002482965
O=C1CC(NC(=O)c2cc(Cl)cc3ccccc23)C2CCCCN21,0.35724720295276713
O=C1NC(C2CCN(c3cncc(Br)c3)CC2)CO1,0.406963792042912
C[C@@H](O)C(=O)N1CCCC(CNC(=O)c2cccc(=O)[nH]2)CC1,0.09604305413386977
C[C@@H]1CN(C(=O)NC(CCC#N)c2ccccc2)C[C@H]1C(F)(F)F,0.000901177900805515
C[C@H](C(=O)N1CCc2ccccc2C(O)C1)c1ccccc1,0.0005037533810440539
C[C@H](NC(=O)C1CCn2nncc2C1)c1ccc(Br)s1,0.0005529005761552636
C[C@H](O)[C@H](C)NC(=O)NCC(=O)N1CCc2ccccc2C1,0.0002862547117661448
C[C@H](O)C(=O)NC1CC(=O)N(C2CN(C(=O)c3csc(N)n3)C2)C1,0.1471989491683589
C[C@H](O)CN(C(=O)c1csc(Nc2ccccn2)n1)C1CC1,0.0007533621130038429
C[C@H]1CN(CCC(F)F)CCN1C(=O)c1ccccn1,0.00033018520741687045
CC[C@@H]1CN(c2cc(=O)[nH]c(=O)[nH]2)C[C@@H]1NC(=O)c1cccnc1C(C)C,0.0006786619886503477
CC(=O)CCC(=O)N1CC2CCC1CN2C(=O)C1CCC(F)(F)C1,0.000986635010812338
CC(=O)NC1CCN(C(=O)c2ccccc2Br)CC1(C)C,0.000495953861709561
CC(=O)c1ccc(Cl)cc1NC(=O)C(C)c1cnc(N)cn1,0.40724726018524793
CC(C(=O)N1CCC2CCC(C1)N2C1CCS(=O)(=O)C1)C1CC1,0.0003067920708566677
CC(C)(C#N)C(=O)N1CC[C@H](NC(=O)CCSc2ncccn2)C1,0.0009158195153375126
CC(C)(O)C(Cc1ccccc1)NC(=O)c1ccc(O)c2c1CCC2,0.0006373326409861198
CC(C)C(=O)N1CC2(C1)CC21CCN(c2ncnc(C(C)(C)C)n2)CC1,0.0012540959426287342
CC(C)CC1(C(=O)NCCN(C)C(=O)c2ccc(C#N)cc2)CCC1,0.001715079838587659
CC(C)CC1CC(C(=O)N2CCOc3ncccc32)CCS1,0.26328025756852885
CC(C)N(CC(=O)N(C)C)C(=O)C1CC2CC2CO1(C)C,0.0
CC(C)c1ccc(C(=O)N(C)C2C3CCCOC3C2(C)C)nn1,0.0004960443794552692
CC(C)c1nc(C(=O)Nc2cccc(OCCN(C)C)c2)no1,0.324284401376552
CC(CN(C)C(=O)OC(C)(C)C)NC(=O)c1cc(-c2ccn(C)c2)[nH]n1,0.0013619623550628881
CC(NC(=O)CSCc1ccncc1)C1=NO[C@H]2COC[C@@H]12,0.0004155794904765453
CC(NC(=O)N1CCC[C@@H]1CN1CCCC1)c1ccncc1F,0.00042019258903439825
CC(NC(=O)Nc1cccc2c1CCNC2)c1n[nH]c(=O)n1C,0.0009750243078786878
CC(Nc1ccccc1C(C)NC1[C@H]2CC(=O)N[C@@H]12)C1COCCN1C,0.0006496325183049591
CC1(C)CC(NC(=O)OC(C)(C)C)(C(=O)N(C2CC2)S(C)(=O)=O)CC1,0.0004582373325634281
CC1(CNC(=O)N2CCn3cncc3C2)CC2(C1)OCCO2,0.0006700620452632765
CC1(CNC(=O)c2cnccc2N)CCN(C(=O)c2csc(=O)[nH]2)C1,0.3121716713265095
CC1(NC(=O)C2CC2(F)F)CN(C(=O)c2ccccc2OC2CC2)C1,0.31583244747397304
CC1(c2cccc(NC(=O)c3ccnc(S(N)(=O)=O)c3)c2)CC1,0.0006714065918276025
CC1C2CCCCC2C(C)N1Cc1nc2cccnc2s1,0.0020219118941609535
CC1CCC(C(=O)N2CC(C)(NC(=O)c3nsnc3O)C2)C1,0.20300217493344638
CCC(C)(C)OCC(=O)N(CCc1ccccc1)Cc1ccncc1,0.0009442205166359244
CCC(C)(CNC[C@H](C)N(CC(CC)C)CC1CC1)COC,0.5589477593183514
CCC(C)C(=O)N1CC(O)(C2CCN(C(=O)c3cocc3C)CC2)C1,0.000626474549329227
CCC(CO)C(=O)N1CC(NC(=O)c2nccc3cccnc23)CCC1C,0.00039787833307876623
CCC(Oc1ccccc1)C(=O)Nc1cc(C)n(CC(N)=O)n1,0.0004378803390409486
CCC(F)C(=O)NCCC1(O)CCN(C(=O)c2c(C)ccn2C)CC1,0.0007479838788349104
CCC1(CO)CCCN(C(=O)[C@@H](O)CCC(=O)OC(C)(C)C)C1,0.0005028030557562923
CCC1CCCC(C(=O)N(c2cnn(C)c2)C(C)Cc2ccccc2)N1,0.0017489997102629166
CCCC(=O)N1CCC(C(=O)NC(CNC(=O)[C@@H]2C[C@H]2C)C2CC2)C1,0.09923190626579244
CCCC(n1cccn1)C(=O)NC(c1nn[nH]n1)C1CCCC1,0.0009686940465344866
CCCN(CCNC(=O)C1CC(C)C1)c1c2c(nc3ncnn13)CCC2,0.0014682534507701223
CCCc1nnc(NCC(O)CNC(=O)c2cnccc2OC)s1,0.0006379301012823862
CCN(C)CC(=O)N1CC(C)(NC(=O)CC2CC2(C)C)C1,0.00047657852326831026
CCN(C1CCCCC1)S(=O)(=O)Cc1ccc(C)nc1,0.0003959176676185124
CCOC(=O)Nc1ccc(C(=O)N[C@H]2CC[C@@H](O)C2)cc1,0.0005399631932758997
CCOc1cc2c(cc1OCC)N(C(=O)c1cscn1)CC2,0.570952745211116
CCOc1cccc(CN(C)C2C3CCC3C23CCOCC3)c1,0.0007013973612189556
CCc1cc(NC[C@H]2C[C@H](NC(=O)CO)C2)nc(-c2ccoc2)n1,0.0013058956001931181
CCc1ccc(Cl)cc1S(=O)(=O)N1C(CC2CC2)CCC1CO,0.0006385082010991206
CCc1cccc(N2CC(C(=O)N3CCCNC(C)(C)C3)CC2=O)c1,0.0012076878155204305
CCc1csc(S(=O)(=O)N2CC(F)(c3ccc(F)cc3)C2)n1,0.0006141870704381429
CN(C)c1ccc(CNC(=O)c2cnc(Cl)n2C)cc1Cl,0.0013464401817108434
CN(CCc1ncccn1)C(=O)c1sc(C2CC2)nc1Cl,0.0005817721941952436
CN1[C@@H](CO)C[C@@H]2CN(C(=O)Nc3ccc(-c4ccon4)cc3F)C[C@@H]21,0.001422161089969873
CN1CCOC2(CCN(c3nccc(C(F)F)n3)C2)C1,0.0006436236483353802
CNC(=O)C1CC12CCN(c1cc(N(C)CC(=O)OC)nc3ccccc13)CC2,0.000708870393607123
CNC(=O)c1cc(S(=O)(=O)N2CCC(C3(C)OCCO3)CC2)cn1C,0.00020511180097088476
CNC(=O)c1cccc(C(=O)N2CCc3cccc(C)c3C2)c1,0.0005049698372979552
CNc1ncccc1C(=O)NC(CNC(=O)C1(C)CC(C)=NO1)C1CC1,0.1991860772241033
COC[C@H](O)CN1CCC(F)(F)C(CNC(=O)c2coc(C)n2)C1,0.10869199490812358
COC(=O)c1c(S(=O)(=O)NCCc2cc(C)ccc2C)cnn1C,0.0004554252433373268
COC1(CCOC(=O)c2cc(C)cc(C)c2O)CCC1,0.0006979421984512914
COC1(CNC(=O)c2nnn(C)n2)CN(C(=O)Cc2ccccc2)C1,0.00024641133929302503
COC1(CNC(c2cc(F)cc(Cl)c2)c2ccccn2)CCOC1,0.0005192807189702128
COC1(CNC2=NCC3CCC(C2)N3Cc2cccnc2)CCCSC1,0.0006133306302500885
COCCn1c(C)nnc1N(C)C(C)c1cccc(OC)c1,0.0005167168868645079
COCc1cc(C(=O)N2CCCC(Nc3nccc(C)c3C#N)C2)on1,0.0015440601427435742
COc1cc(C(=O)N2CCCC(NC(=O)C3CC(C)(F)C3)C2)sn1,0.0007469947396408632
COc1cc(F)cc(S(=O)(=O)N2CC3(C2)OCC2CC23)c1,0.00039550573501153394
COc1ccc(NC(=O)c2coc3c2CSC3)cc1OC,0.0018807405830825255
COc1ccc(S(=O)(=O)N2CCO[C@H](CO)C2)s1,0.0002272946472178523
COc1ccc(S(=O)(=O)NCC[C@@H]2C[C@H]2C2CC2)c(OC)c1OC,0.0004174796938943946
COc1cccc([C@H](CO)NC(=O)C(N)Cc2ccoc2)c1,0.0005631152294442658
COc1cccc(C(=O)N[C@H]2[C@@H]3CN(C(=O)Cn4ncccc4=O)C[C@@H]32)c1,0.0003628337099564465
COc1cccc(CCC(=O)N2C[C@@H](C)[C@@H](C(=O)O)C2)c1,0.00047674412232372285
COc1cccc(NC(=O)CN2C[C@@H](N)[C@H](C3CC3)C2)c1,0.1460004870663487
COc1ccnc(CN[C@@H]2COC[C@H]2c2ccccc2Cl)c1OC,0.00047336605309378774
COc1nc(C)cc(N2[C@H]3CC[C@@H]2C[C@@H](CNC(C)=O)C3)n1,0.0008562978341878618
CSC1(C(=O)N2CC[C@H](CNC(=O)c3cc(F)ccc3C)C2)CC1,0.0007533336918566914
CSCCC(O)C(=O)N1CCN(c2ccc(C(F)(F)F)nn2)CC1,0.00039455877378848737
Cc1c(CN2CC(CO)C(c3ccccc3)C2)ccn2c(=O)[nH]nc12,0.000731616187984344
Cc1cc(C(=O)N[C@H](C)CNC(=O)CN2CCCCC2)nn1C(C)(C)C,0.000325077563793395
Cc1cc(C(=O)N(C)C[C@@H]2CCCN2c2ncc(F)cn2)cn1C,0.0014917135323746042
Cc1cc(C(=O)N(C)CCNc2cnc(C#N)cn2)c(=O)[nH]c1C,0.0007763020212318822
Cc1cc(C(=O)NC2(CNC(=O)CCc3c[nH]nn3)CC2)[nH]c1C,0.00019182606211970419
Cc1cc(C(=O)NC2(CF)CCN(C(=O)Cn3cccc3)C2)on1,0.00037293461710197505
Cc1cc(C(F)(F)F)cc(NCc2cnn3c2CNCC3)n1,0.0005164850787730604
Cc1cc(C)c(O)c(C(=O)N2CCc3ncncc3C2)c1,0.000471633471945037
Cc1cc(C)cc(OCC(=O)NCc2ccnc(C(=O)O)c2)c1,0.0005147294383651837
Cc1cc(CC(=O)NCCC2CSCCN2C(=O)C(C)C)n(C)n1,0.0002564427179214481
Cc1cc(N2CCC(C)(CN3CCN(C)CC3)CC2)c(C#N)cn1,0.0015656734374140775
Cc1cc(NC(=O)NC(c2ccc(Cl)cc2)C2CC2)nn1C1CC1,0.0020218330113746636
Cc1cc(NC(=O)c2cc(Cl)sc2-n2cccn2)ccc1O,0.0018642453192911487
Cc1ccc(C(=O)N(CCN(C)C(=O)C2CC2F)C(C)C)c(Cl)c1,0.000493273947250081
Cc1ccc(C(=O)Nc2cn(C)nc2C2CCC2)c2c1CCCN2,0.0019408679390822965
Cc1ccc(CCCn2cc(C(=O)N3CCCC3)cn2)cc1,0.0007149018405885853
Cc1ccc(OC(C)C(=O)N(C)C2CCC(=O)N(C)C2)cc1C,0.0004257449726767859
Cc1ccc2c(c1F)N(C(=O)CCCn1nc(C)cc1C)CC(=O)N2C1CC1,0.001285862094426566
Cc1cccc(-c2cn(C(C)C(=O)N(C)C3(CO)CCOCC3)nn2)c1,0.0005844517826455675
Cc1cccc(N2CCCC(NC3C[C@H]4C[C@@H]3C[C@H]4O)C2)c1,0.0007235863257040999
Cc1cccc2ccc(C3=CCCN(C(=O)C4CCOCC4F)CC3)n12,0.0008684326092851672
Cc1cccc2nc(CC(=O)N3CCC(C(C)O)C3)cn12,0.00041959809498768273
Cc1cccnc1-n1cc(C2(O)CN(C(=O)C3CC(C(C)C)C3)C2)nn1,0.2574392003618896
Cc1n[nH]c(Cl)c1C(=O)N(C)C1(c2cccc(Cl)c2)CC1,0.0009526401600072758
Cc1ncc(C(=O)N2CC2CNC(=O)CCCC2CCOCC2)o1,0.22031244586411064
Cc1ncc(C(=O)NCCC2CC(F)(F)C2)cc1-c1nn[nH]n1,0.2823009068450527
Cc1ncccc1C(=O)N1CC2CC1CN(C(=O)C1CC1F)C2,0.00028295314006530496
Cc1ncnc(NC2CC(OC(F)F)C2)c1-c1ccccc1,0.5982231845986266
Cc1nnc2c(NCC(C3CCOC3)N3CCOCC3)cccn12,0.0006193586708127679
Cn1cc(C(=O)N2CC(NC(=O)Cc3cnco3)CC23CCC3)nn1,0.0004519503044673917
N#Cc1ccc(C(=O)NCC(=O)C2CC3CC3C2)c(Br)c1,0.6852096295489291
N#Cc1ccc(CN(C2CC2)[C@@H]2C[C@@H]3CC[C@H](C2)N3)cc1F,0.0017430119294996776
N#Cc1ccc2cc(C(=O)N3CCOC(C4(O)CC4)C3)ccc2n1,0.4953011866271776
Nc1ncc(C(=O)NC2CCCCCc3ccccc32)s1,0.0013562707688127018
O=C(CC1CC(C(F)F)C1)Nc1cc(C(F)(F)F)[nH]n1,0.000945044731546023
O=C(CC1CCC(c2ccccc2)CC1)N1C[C@@H]2CCC[C@]2(C(=O)O)C1,0.0015829969372190078
O=C(CN(CCCn1cccn1)C1CCCNC1)c1cccs1,0.0005324231036717478
O=C(Cc1ccsc1-c1ccccc1)NC1CC(OC(F)F)C1,0.0015131427380576784
O=C(NC1=Nc2ncccc2S(=O)(=O)N1)c1cc2c(s1)CCC2,0.00030024567844699843
O=C(NC1CCCC2OCCC12)c1nnc(-c2ccccc2)o1,0.0016705698838876094
O=C(Nc1ccccc1N1CCOCC1)c1ccc2c(c1)C(=O)OCC2,0.0013217195573368213
O=C(c1ccc(-c2ccc(F)cc2)c(F)c1)N1C[C@H]2CC[C@@H](O)[C@H]2C1,0.0008054493383986167
O=C1CC(CC(=O)NC2(c3ccccc3)COC2)CCCN1,0.00038808246669319645
O=C1NCc2ccc(CNCc3cnn(C(F)(F)F)c3)cc21,0.00048479827337484315
O=c1cccc(N2CCN(c3ncc(C(F)F)s3)CC2)n1C1CC1,0.3193068309807677
C[C@@H](c1cccnc1)n1cc(CNC2CCc3ccccc3C2=O)nn1,0.24305866037632776
C[C@@H]1CN(C(=O)CNC(=O)N2CCc3ccccc3C2)[C@H](C(=O)O)CO1,0.00023609424986021832
C[C@@H]1CN(CCO)CCN1C(=O)c1cccc(Cl)c1-n1cccc1,0.0006197246903773308
C[C@H](CNc1ncccc1C#N)NC(=O)c1n[nH]c2c1CSCC2,0.0006072647393657675
C[C@H](O)c1cccc(NC(=O)c2cn(C)c(=O)c3c2CCCC3)c1,0.0010629104584934162
C[C@H]1CN(c2nccnc2F)CCN1C(=O)c1ccc(CN(C)C)cc1,0.0012469813026798296
CC(=O)N[C@H]1CCCN(C(=O)c2ccc3c(c2)CCN3C)C1,0.0005897616290831559
CC(=O)N(C)c1ccc(COC(=O)C2(C#N)CC23CCOCC3)cc1,0.6352072325437293
CC(=O)N(CC1CCN(c2ccncc2C#N)C1)C1CC1,0.5971887532255302
CC(C#N)C(=O)NCC(NC(=O)c1cscc1C(F)F)C1CC1,0.000607331817724048
CC(C)(C)N1CC(CNC(=O)c2ccn3cc(C(F)(F)F)nc3c2)C1,0.0006581400426466116
CC(C)(C)c1ccc2c(c1)CCN(CC(=O)N1CCCC1)CC2,0.000512182410654117
CC(C)(F)CS(=O)(=O)NC(=O)[C@H]1CCC(=O)N1Cc1ccccc1,0.0003903830684087198
CC(C)N1CCC(CNC(=O)Cn2cc(Cn3cccn3)nn2)CC1,0.0006253011877540054
CC(CC(=O)c1ccccc1)NC(=O)c1cnn(C2CCNCC2)c1,0.00020637127217932097
CC(CC1CN(C(=O)c2ccc[nH]2)C1)NC(=O)C1CC2(CCCCC2)C1,0.0012429382461161024
CC(CCC(=O)N1CC(CNC(=O)CCC2CCC2)C1)N(C)C,0.0003073171635790482
CC(CCN(C)C)C(=O)N1C[C@@H](F)C[C@H]1CNC(=O)c1cnc[nH]1,0.00033590790736493057
CC(CN(C)C(=O)CS(=O)(=O)NC(C)=O)NC(=O)c1ccsc1,0.00024137489256358048
CC(NC(=O)N1CC(C#N)(CO)C1)c1ccc(C(C)(C)C(=O)O)cc1,0.0008643938536574252
CC(NC(=O)c1ccccc1)C1CCN(C(=O)c2cccc(=O)[nH]2)C1,0.16574143272309463
CC(NCCN1CCc2ccccc2C1=O)c1ccccc1,0.00041785590254254864
CC(Nc1nnccc1C#N)C1(O)CCN(C(=O)[C@@H]2[C@H]3COC[C@H]32)C1,0.0007754031494719249
CC(c1nnc(C2CC2)o1)N1[C@@H](C)CN(C)C[C@@H]1C(=O)O,0.0002530910997381219
CC1(C(=O)N2CCN(C(=O)c3csnc3Cl)CC2)CCC1,0.0007668802968010062
CC1(C)C[C@@H]1C(=O)N1CCC(NC(=O)C2CCOC2)C(CCC1=O)C1,0.0
CC1(C)CN(C(=O)[C@H]2C[C@@H]2c2ccccc2)Cc2c[nH]nc21,0.0007699258913529045
CC1(C)CN(CC(=O)NC(=O)NCc2ccc3c(c2)CCO3)CCO1,0.0002803316537654898
CC1(C)CNC(=O)CN1S(=O)(=O)NCc1cccc2ccccc12,0.2664110793883412
CC1(C)COC(CN2C3CCC2CN(C(=O)CC2(C#N)CC2)CC3)C1,0.0016620224805946023
CC1(F)CCN(S(=O)(=O)C[C@@H]2C[C@H]2C(F)(F)F)C1,0.0004984383645416249
CC1=C(CNCc2cnc(C(=O)OC(C)(C)C)cc2C)SCCO1,0.0006451912902539488
CC1CC1CC(=O)N1CC(NC(=O)CCc2ccncn2)CC2(CC2)C1,0.0009769277406168734
CC1CCC(Nc2ccc(C(=O)NCC(F)F)c3cscc23)CN1,0.4153361942646924
CC1CN(C(=O)CCc2nnc(-c3ccccn3)o2)CC1O,0.0008688318932980268
CCC(=O)N1CC(CC(C)NC(=O)C(O)c2cccc(Cl)c2)C1,0.000538879711951417
CCC(=O)NCC(=O)N(C)CCC(NC(=O)c1cncn1C)C(C)C,0.0005126981105047592
CCC(CC)c1cn(CCC2CN(C(=O)CC(O)C(C)C)C2)nn1,0.0005227868298031881
CCC1(c2ccc(C)cc2)CCCN1Cc1ccnc(N)c1,0.0006042903694884189
CCC1=C(C(=O)NCc2cncc(-c3n[nH]c(CC)n3)c2)CCCC1,0.8390814167059116
CCN(CC)S(=O)(=O)Nc1cc(-c2cccc(C#N)c2C)ccn1,0.0017218485655534235
CCN(CCOc1ccccc1C)C(=O)CCCc1ccc2c(c1)CC(=O)N2,0.000899403868107463
CCN(Cc1ccccc1OCC(=O)NC(C)(C)C)CC(C)C,0.0004443989060600008
CCN1CC(CN2CCc3c(ccc(F)c3OC)C2)OC1=O,0.0004543460682813844
CCN1CCCC1CNS(=O)(=O)c1c(C)cc(F)cc1F,0.0005052012253982936
CCOC(=O)CN(C(=O)CCC(=O)c1cccs1)C1CC1,0.000323820148590136
CCOc1nc(C(=O)N2CC(CO)(NC(=O)C(O)COC)C2)co1,0.00033933449571486667
CCS(=O)(=O)NC(=O)c1nc(-c2ccccc2)oc1C,0.0013096438019197009
CCSCC(=O)NC1CN(C(=O)C23COC(CCO2)C3)CC1C,0.0004637601856186932
CCc1ccc(S(=O)(=O)Nc2cc(C(N)=O)ccc2C)c(Cl)c1,0.0009196780825662283
CCc1ocnc1-c1noc([C@H](O)CCCc2ccccc2)n1,0.001852491155763778
CCn1cccc1C(=O)N1CCN(c2nc(C3CC3)ns2)C(C)C1,0.0003972311778432788
CCn1nc(C)cc1CNC(=O)C1CCCC12CCNCC2,0.0005364795951001594
CN(C)Cc1cc(Cl)cc(NC(=O)CC23CCC(C2)S(=O)(=O)C3)c1,0.0013990236299586138
CN(C)Cc1ccc(-c2cn(CCC(F)(F)C(=O)O)nn2)cc1,0.0010524321301819514
CN(CCNC(=O)CC1CCC(C)(C)CO1)CC1CC12CCOC2,0.0007965760190788377
CNC(=O)CCC(=O)N(C)CC(C)NC(=O)c1cnccc1N(C)C,0.0004022733906735675
CNC(=O)N1CCC(CNC(=O)N2CC(S(C)=O)C2)CC1,0.00022598127431918864
CNC(=O)N1CCC(N2CCOC3(CC3)C(NC(=O)OC(C)(C)C)C2)C1,0.15357343527097356
COC(=O)C(C)CN(C(=O)N1CCC(C)(C)CC1)c1ccc(F)cc1,0.001493880553433747
COC(=O)CC1CN(Cc2csc(-c3ccccc3)n2)C2(CC2)CO1,0.0007233557768389343
COC(C)CCN1C(=O)CC(c2ccc3c(c2)CCCC3,0.0
COC1CC2(C1)CC(C(=O)NCc1ncnn1-c1ccccc1)C2,0.29557612303178454
COC1CCN(Cc2ccn(-c3ccc(C,0.0
CON1CCC(NS(=O)(=O)N2C[C@H](C)O[C@H](C)C2)CC1,0.00023578836003468277
COc1cc(C)nc(NCC2(OC)CCSCC2)c1,0.001722140065441788
COc1ccc(OCCC(=O)Nc2c(C)cc(C)c(F)c2OC)cc1,0.0009673060391543652
COc1ccc(S(=O)(=O)CCC2CCCC2(F)F)nc1,0.0006047244575241029
COc1ccc(S(=O)(=O)N2CCN(C[C@H]3OCC[C@H]3C)CC2)c(F)c1,0.00034746474342736423
COc1cncnc1NC(=O)N(C)C1CC(OC)(C(F)(F)F)C1,0.00040610102074051767
CS(=O)(=O)C1(c2noc(-c3cc(C#N)ccc3Cl)n2)CCCC1,0.8614601994925658
CS(=O)(=O)Cc1ccc(CN(CC(F)F)c2ccc(O)cc2)cc1,0.0009812381691565912
CS(=O)(=O)c1ccc2c(c1)CCN2CCc1conc1Cl,0.0011942317926578465
CS(=O)Cc1ccc(C(=O)N2C3CCC2C(=O)NC3)cc1,0.0002671202852614588
CSC(C)c1noc(COc2ccc(Cl)c(S(C)(=O)=O)c2)n1,0.0007127855345436601
CSCC(C)C(=O)N1CC2(CC(NC(=O)c3ncccn3)CC2)C1,0.0006249948675135607
CSc1ccc(C3CCCN2C(=O)C(C)NC(=O)C3CC)cc1,0.0
Cc1cc[nH]c1C(=O)N[C@@H](C)CCNC(=O)COc1ccon1,0.0004014921744506489
Cc1cc(=O)c(C(=O)N(C)C)cn1CC(=O)NCc1cccc(Cl)c1,0.0003955034361988011
Cc1cc(C(=O)N(C)C[C@H]2CCCN(C(=O)c3coc(C#N)c3)C2)[nH]n1,0.693133350871725
Cc1cc(C(=O)N2CC(NC(=O)c3cccn(C4CC4)c3=O)C2)ccn1,0.0003888986700654037
Cc1cc(C(N)=O)cc(C(=O)N(C)Cc2cc(Cl)cn2C)c1,0.000602471933815498
Cc1cc(CCC(=O)N(C)Cc2ccc(CN)cc2)no1,0.0005107179144735627
Cc1cc(N2CCN(C(=O)c3cn[nH]c3C)CC2)cc2[nH]ccc12,0.001051522478949475
Cc1cc(OCc2cccc(C(=O)NCC34CCC(CO3)C4)c2)no1,0.0011253583032114016
Cc1ccc(C#N)cc1N1C[C@@H]2CCS(=O)(=O)[C@@H]2C1,0.6272760117386782
Cc1ccc(C(=O)N[C@H]2C[C@@H](NC(=O)c3cnoc3C3CCC3)C2)cc1F,0.16260849836286345
Cc1ccc(C(=O)NCC2COC(CNc3nc(C)ns3)C2)nc1C,0.0009208336909120023
Cc1ccc(N2CCC(N3CCc4c(ncn4C)C3)C2=O)cc1,0.0011412719162507835
Cc1ccc(O)cc1C(=O)N1CC2CCC1CN2C(=O)C1CC(C)C1,0.0004890332644767206
Cc1cccc2c(C(=O)N(C)CCCN(C)CCCO)coc12,0.0009608374993410926
Cc1ccccc1CNC(=O)N[C@H]1C[C@H]2C[C@@H]1CC21CCC1,0.001743703414656965
Cc1ccn(-c2ccc(NC(C)C(=O)NC3CCCCC3)cc2)n1,0.0017993384042221598
Cc1ccnc(NC[C@@H]2CC(C)(C)CN2C(=O)CCCN2CCCC2)n1,0.001518697730290406
Cc1cnc(NCC2(C)CCCN(C(=O)CCC(F)F)C2)nc1,0.00111972754719008
Cc1csc(CN2CCC3(CC2)CCN(C(=O)C(C)(F)F)CC3)n1,0.567599657170175
Cc1nc(C)c2n1CC(C(=O)NC(C1CCC1)C1CCCO1)CC2,0.0009884139871998525
Cc1nc(N2CCC[C@@H](NC(=O)Cc3ccc(=O)[nH]c3)C2)ccc1C#N,0.0006634555479917679
Cc1nccc(NC2CC23CCC(NC(=O)C2(CF)CC2)CC3)n1,0.0012073281428412162
Cc1nnc(N[C@H]2CCCC[C@@H]2NC(=O)[C@@H](O)Cc2ccccc2)s1,0.37233701366220656
Cc1nnc(N[C@H]2CCN(C(=O)c3cc4c(cn3)OCCO4)C2)s1,0.24339624193902415
Cc1nnsc1C(=O)N[C@@H]1Cc2ccccc2[C@H]1NC(=O)C(C)(C)O,0.00033473526045991016
Cc1noc(CC(C)NS(=O)(=O)c2cc(C(C)(C)C)ns2)n1,0.000496762978781573
Cc1noc(CCC(=O)OCc2csc(Cl)c2Cl)n1,0.0006969542084868013
Cn1c(C(=O)OCc2ccccc2S(N)(=O)=O)cc(Cl)c1Cl,0.0005288319015414986
Cn1cc(CN2CCC(Oc3ccccc3F)CC2)nn1,0.0008972383483434508
Cn1cncc1CN(CC1CCOC1)C(=O)c1ccc2c(c1)CCCC2,0.0011606507168502808
N#Cc1ccccc1N1CC2(CCC2)N(C(=O)Cc2ccc(F)cn2)CC1,0.5599810621228992
N#Cc1ccccc1N1CCC(NC(=O)c2cc(F)co2)CC1,0.7505651822860065
N#Cc1cnc(NC[C@]2(F)C[C@@H](NC(=O)Cn3cccnc3=O)C2)cn1,0.000649442941691217
O=C(C1CCc2nncn2C1)N1CCOC12CCOCC2,0.00022712954991879584
O=C(CC1CC1)NC1CC12CCN(C(=O)CC1(CO)CC1)CC2,0.3221852918668477
O=C(CC1OCCc2sccc21)Nc1cc(C2CC2)n(CCO)n1,0.0005683657561020196
O=C(CCC1CC1)N1CCN(C(=O)C2CCc3[nH]c(O)nc3C2)CC1,0.0004750347215042133
O=C(CCC1CCCO1)NCc1cccc2ccc(=O)[nH]c12,0.0006051293717401962
O=C(CCc1ccccc1)NCC1CC2(CC2)CN1c1ccncn1,0.0016521850722697338
O=C(N[C@@H]1C[C@H]1c1ccccc1)c1ccc(CN2CCOCC2)cc1,0.00037744055524432046
O=C(NC[C@H]1CCCN1C(=O)[C@@H]1C[C@@H]2C[C@@H]2C1)c1cnoc1,0.3371004527990868
O=C(NC1CCCN(Cc2cc(Cl)cs2)C1)c1ncccn1,0.00046763149837292147
O=C(NC1CN(C(=O)C23CCCC2CCC3)C1)c1ccc2c(c1)CCC2,0.0008319593623786613
O=C(NCC1C2CCOCC21)C1CCC2(C1)CC2(F)F,0.0006303712884331684
O=C(NCC1CCN1C(=O)C1CC2(CC(O)C2)C1)c1ccccc1Cl,0.0005837242013254668
O=C(O)(C(=O)N1CCC2CCCC21)c1ccc(C(F)(F)F)cc1,0.0
O=C(c1cc(Cl)c[nH]1)N1CCN(C2CCCC2)C(=O)C1,0.0007508700365687342
O=C(c1cn(C2CCCCC2)nn1)N(CC1CC1)C1COC1,0.0007551283289141882
O=C1CN(CC(=O)NCC(O)CNC(=O)c2ccc(=O)oc2)CCN1,0.05058658938480235
O=C1CN(c2cccc3ccccc23)CC2(CC2)N1,0.5427632779840621
O=c1[nH]c2ccc(CN(CC3CC3)C3=NCC(C(F)(F)F)N3CC3)cc2[nH]1,0.0
C[C@]1(CNC(=O)c2ccc(=O)oc2)CCCN1C(=O)CCc1c[nH]cn1,0.0004875538260761143
C[C@@H]1CC[C@@H](NC(=O)c2c(F)cccc2Br)C1,0.0008196941065555765
C[C@@H]1CC[C@H](C(=O)OCc2cc-c(Br)c(F)cn2)C1,0.0
C[C@@H]1CN(C(=O)CC2OCCCO2)CCN1C(=O)c1ccccc1CO,0.0003229362306011894
C[C@H]1CC[C@H](C(=O)NC2(CNC(=O)c3ccc[nH]3)CCCC2)CC1,0.0008945909816290293
CC,0.13372095241104626
CC[C@H](C)NC(=O)N1CCc2c(nc(-c3ccccc3OC)n2CC)C1,0.0013937938344107702
CC(=O)N[C@H]1CC[C@@H](C(=O)Nc2ccccc2Oc2cccnc2)CC1,0.6977082314409124
CC(=O)N1CCCC(C(=O)NC[C@@H]2CCCN2C(=O)c2cnn(C)c2)C1,0.00028137916483839804
CC(=O)N1CCCC1(C)CCNC(=O)COc1cccc(Cl)c1C,0.0004379748693780809
CC(=O)c1cnc(C)cc1NC(=O)NC1Cc2ccccc2C1,0.35189972925040486
CC(C)C(NCC1(C)COCCN1C(=O)OC(C)(C)C)c1c[nH]cn1,0.0005608910016005384
CC(C)CC(CC(C)C)NC(=O)NCCc1cn2nccc2c1,0.0
CC(C)Cc1cc(NC2(CNC(=O)[C@@H]3C[C@@H]4C[C@@H]4C3)COC2)ncn1,0.0008945665364648675
CC(C)c1cc(C(=O)NC(CO)c2nncs2)ccn1,0.00048816881859352237
CC(NCc1cncc(-c2ccc(F)cc2)c1)C1(O)CCC1,0.0007170128288689024
CC(F)CCN1CCC2(CC1)CN(C(=O)c1c[nH]c(C(C)(C)C)n1)C2,0.0008299014717221405
CC1(C)CN(C(=O)c2cccnc2N2CCOCC2)C1C1CC1,0.0006031783102212956
CC1(c2ccccc2)CCC(CNC(=O)c2ccccc2S(C)=O)O1,0.0006030546143146131
CC1=C(C(=O)N2CC(C3CN(C(=O)[C@H]4CNC(=O)N4)C3)C2)CCO1,9.25916941097559e-05
CC1=C(C(=O)N2CCCOC(C)C2)CN(C(=O)OC(C)(C)C)CC1,0.00047643157131042847
CC1CCC(NC(=O)c2coc(C#N)c2)CN1C(=O)C1=C(Cl)CC1,0.3931227536889214
CC1CN(C(=O)c2ccc3c4c(cccc24)N2CCC3)CCS1=O,0.0
CC1CN(C(=O)c2ccco2)CC1CNC(=O)c1ccc(=O)oc1,0.0003678647315629072
CC1Cc2cc(CNC(=O)C(F)C3CNC3)ccc2O1,0.0004097377840690905
CCC(C)(O)C(=O)N1CC(C)(NC(=O)c2cccc(NC)n2)C1,0.12919915796196335
CCC(CC(=O)NC1CCN(CC(=O)N2CCCC2)CC1(C)C)C1CC1,0.2784438899830733
CCC(NC(=O)c1c[nH]nc1-c1ccsc1)C1CCCCO1,0.0009507448858915625
CCC(O)CC(=O)NCC1(NC(=O)c2conc2C)CCOCC1,0.14035247333128065
CCC1(C(=O)NC2CCN(C(=O)c3ccc(C#N)c(C)n3)CC2)CC1,0.7470510422953751
CCCCN(C(=O)CNC(CC)c1ccco1)C1CCS(=O)(=O)C1,0.0006236863094613876
CCCNC(=O)C1CCN(Cc2ccc(F)c(F)c2F)CC1,0.0005934038524294592
CCN(C(=O)C1CC1)C1CCN(c2ncc(-c3ccccc3)s2)C1,0.7764198579250888
CCN(C(=O)Nc1cc(O)ccc1C)c1ccccc1,0.0008079983898943617
CCN(CC)C(=O)CN1CCC(C)(NC(=O)c2c(C)nn(C)c2C)C1,0.00040805769980972696
CCN1CN(C(=O)CCc2cccc(Br)c2C)CC1=O,0.0003654944500267033
CCOC(=O)c1nc(NC(=O)C2(OC)CCS(=O)(=O)C2)c[nH]1,0.0006503051540118059
CCOC1CC1C(=O)NC1(C)CCN(c2ccn3nc(N)cc3n2)C1,0.0009509404063661434
CCOc1c(F)cc(NC(=O)N(CCO)CCCC(C)C)cc1F,0.0017339042987033972
CCOc1cc(CN[C@@H]2COC[C@@H]2Oc2ccccc2)ccn1,0.00036478440131397624
CCOc1ccc(CNC(=O)c2cccnc2NCC(C)(C)C)cn1,0.0006673966001770863
CCOc1ccc(N2C3CCC2CN(C(=O)c2cocn2)C3)nn1,0.23309657756099625
CCS(=O)(=O)c1cc(S(=O)(=O)N2CC(O)(CC#N)C2)ccc1Cl,0.0004791678488312017
CCSCC(=O)N(C)CC(C)CNC(=O)C1CC(F)(F)C1,0.00045683993196004967
CCc1cc(C#N)c(NC(=O)N[C@@H](C)c2ccc3c(c2)CCO3)nc1C,0.0018114123593864038
CCc1cc(N2CC(CN(C)C(=O)C3(SC)CC3)C2)ncn1,0.0007643281467720263
CCc1ccc(C(=O)C(C)OC(=O)[C@H](C)CC(F)(F)F)cc1,0.0007130758738924873
CCc1ccc(C(=O)N2CCC(C3CCCCN3C(C)=O)CC2)c(F)c1,0.0011657391123462415
CCc1cccc(C(=O)N2CCN(C(=O)c3ccc(C)cn3)[C@@H](C)C2)n1,0.0003938446362710869
CCc1cnc(CCNC(=O)Cn2ccc(C3CC3)n2)s1,0.0004727879464746613
CCn1ncc(C(=O)NCC2CCCC2NC(=O)C2(CC)CCCC2)n1,0.0008518072326356896
CN(C[C@H]1C[C@@H](OCc2ccccc2)C1)C(=O)C1C2CC(N)CC21,0.00035453759871291614
CN(C)C(=O)c1ccc(CNS(=O)(=O)CC=CCl)cn1,0.00026550049321738577
CN(CCN1CCCS1(=O)=O)c1cc(Cc2ccccc2)ccc1O,0.0009706637672680985
CN1C(=O)CCc2ccc(C(=O)Nn3cccn3)cc21,0.000416013920286132
COC(=O)[C@@]12CCCC[C@@H]1CN(c1nccc3cccnc13)C2,0.6539111825690659
COC(=O)c1cc(CCC(=O)N(CC(C)(C)C)C2(CO)CC2)c[nH]1,0.0006552081052977043
COC(=O)c1cc(N2CCC3CS(=O)(=O)CC3C2)cnc1C,0.29820310786857607
COC(=O)c1cccn2c(=O)c(C)nc(NC(=O)[C@H](C)OC)c12,0.2123801697237203
COc1cc(C)ccc1C(C)NCc1ccc2c(c1)OCC(=O)N2C,0.0012539766882185223
COc1cc(COC(=O)Cn2cccc(C#N)c2=O)ccc1Cl,0.0012283666006690974
COc1cc(NC(C)=O)ccc1NC(=O)C1CCC2CCC(=O)N21,0.47985470102766503
COc1cc(F)c(C(C)NC(=O)c2cccc(=O)n2)cc1OC,0.0
COc1cc(F)cc(CNC(=O)N2CCOC(F)(F)C2)c1,0.00044310480389158
COc1ccc(OC)c(C(F)(F)C(=O)N[C@H]2CC(C)(C)NC2=O)c1,0.0008885802378107261
COc1cccc(CNc2cccc(OC(C)(C)C#N)c2)n1,0.0014754384607383157
COc1ccccc1CC(=O)NC1(C(=O)N(C)C)CCCC1,0.0004137451869204116
CSCC1(CCNC(=O)NC(CO)c2ccco2)CC1,0.00043618606746714176
CSc1c(F)cccc1C(=O)N1CC[C@H](Oc2ccc(F)cn2)C1,0.000667760734752535
Cc1c(C(=O)N2CC(Nc3ccccc3)C2)ccc3c1CCCC2,0.0
Cc1c(N)c(C(=O)N2CCCC(NC(=O)C3CCC3(C)C)C2)nn1C,0.0004840048754505986
Cc1cc(=O)c2ccc(N3CCCC4(CC(C#N)C4)C3)nc2[nH]1,0.0017216026542691127
Cc1cc(C(=O)N2CCOC(CNC(=O)c3cnn(C)c3N)C2)n(C)n1,0.00040210354332533937
Cc1cc(C(=O)Nc2oncc2C)ccc1N1CCNC1=O,0.4097987546631958
Cc1cc(C)nc(N2CC(C)(NC(=O)c3cc(O)cc(=O)o3)C2)n1,0.0006275522971168124
Cc1cc(O)cc(=O)n1CCC(=O)NC1CNCc2ccccc21,0.00028079116241028733
Cc1cc(OC(F)F)ccc1NC(=O)C(C)(C)c1nn[nH]n1,0.0006890989147293616
Cc1ccc(C(=O)NC2CCN(C(=O)c3nonc3N)CC2C)nc1,0.22295294382916062
Cc1ccc(C2CC2)c(C(=O)NC2(C(N)=O)CCN(C(C)C)CC2)c1,0.0007798110490276277
Cc1ccc(N2CCCC(C)S2(=O)=O)c2c1CCCN2,0.0007729244238470224
Cc1ccc(OC2CCN(C(=O)c3cccc(N=S(C)(C)=O)c3)C2)nc1,0.0006612412335580619
Cc1ccc(S(=O)(=O)NC2CN(C(=O)c3ccn(C)c(=O)c3)C2)nc1,0.00022194875515445288
Cc1cccc(C2(F)CCN(C(=O)C3(N)CCS(=O)(=O)C3)C2)c1,0.0002914956870872761
Cc1cccc(OCc2ccnc(C(C)C3CCCNC3)n2)n1,0.0004549216139399426
Cc1cccc(F)c1C(=O)N[C@H]1C[C@H](CNC(=O)Cc2nonc2C)C1,0.000381525079131757
Cc1cccc2oc(NC3CN(C(=O)CC(C)(C)C4CC4)C3)nc12,0.001102887083934658
Cc1ccccc1C(C)CN1CCC(CC(F)(F)C(=O)O)C1,0.000485023021929397
Cc1ccccc1CC(=O)NC1CCN(C(=O)c2ncc[nH]2)C1,0.00027306238718960234
Cc1ccnc(C)c1NC(=O)NCC1CC2(CCOCC2)O1,0.0009182373875319265
Cc1ccnc(CN2CCN(C(=O)C(C)C(C)C)[C@@H](C)C2)n1,0.0005416570293368359
Cc1ccnc2ccc(C(=O)NC3(CN(C)C)COC3)cn12,0.0
Cc1cn(C)cc1C(=O)N1[C@H]2CC[C@@H]1C[C@@H](CNc1ccnc(C#N)n1)C2,0.77546256824323
Cc1cnc(C(=O)N2CC3CC2CCC3NC(=O)c2ccc[nH]2)c(C)c1,0.2234332508163971
Cc1cnc(CNC(=O)N2CC3(CNCC(=O)N3)C2)s1,0.0004957643880047628
Cc1cnc2n1CCN(C(=O)c1cc(Br)cc(Cl)c1O)C2,0.0006647966605747988
Cc1nc(C)c(C(=O)N2CCCC(CO)(CO)C2)c2ccccc12,0.0005086615674056965
Cc1nc2c(C(=O)N3CCC(OC(F)(F)F)CC3)ccnc2[nH]1,0.0007124483953113498
Cc1ncc(N)cc1C(=O)N1CCC(N(C)C(=O)c2nc(C)c(C)[nH]2)C1,0.36823942696939593
Cc1nccnc1C(C)OC(=O)[C@@H]1CCC[C@H](OC(F)(F)F)C1,0.000597993570568265
Cc1noc(-c2ccccc2C(=O)N2CCNC(=O)CC23CCC3)n1,0.543596031635982
Cc1occc1C(=O)N1CCC[C@@H]1CCNC(=O)c1cscn1,0.0005641504119884492
Cc1ocnc1C(=O)N1CC(O)(CCNC(=O)Cc2ccc(F)cc2)C1,0.00026548068852420874
Cn1cc(C(C)(C)NC(=O)c2cscc2Cl)cn1,0.000750823243685626
Cn1cccc1C(=O)N1CC2(CCN(C(=O)c3cn(C)nc3Cl)C2)C1,0.23191311543282297
Cn1cccc1C(=O)NC(CNC(=O)c1cc2n(n1)CCC2)C1CC1,0.0004425103763158851
Cn1nc(-c2ccco2)cc1NC(=O)C1CC2CC(N)C2C1,0.0014927597301803602
Cn1nc2c(cc1=O)CN(C(=O)c1cnc3n1CCC3)CC2,0.13009033140390971
Cn1ncc(C2CC2)c1C(=O)N1CC2(CCCN(C(=O)[C@H](O)CC#N)C2)C1,0.0011030809749992623
Cn1nccc1C(=O)N1C2CCCC1c1cnc(C(C)(C)C)nc1N2,0.001182587569615105
Cn1nccc1CC(=O)N1CC2CC1CN(C(=O)c1ccccc1)C2,0.0005295091091351567
N#Cc1c(NCC2(NC(=O)c3ccccn3)CCCC2)cccc1=O,0.0
N#Cc1ccc(C2(c3cnc(N4CCCCCC4)nc3)CCNC2)cn1,0.0016032546454626735
N#Cc1ccc(Cn2cc(NC(=O)C34CC3COC4)cn2)cc1,0.0013003736820353907
N#Cc1ccc(Cl)cc1N1CCCN(C(=O)c2ccc(C#N)cn2)CC1,0.0014635310842425644
O=C(CC1(CC(=O)NC2CC2)CCNCC1)Nc1cc2occc2cn1,0.7513375683333066
O=C(Cc1ccccc1)N1CCN(C(=O)c2nncs2)CC(O)C1,0.00027356430704500033
O=C(N[C@H]1C(c2ccccc2)[C@@H](c2ccccc2)C1)C1(F)CC1,0.0007447453998444752
O=C(NC1CC1)c1ccc(CNc2ncccc2F)cc1,0.0007642481837620314
O=C(NCC(=O)N1CC(CN2CCC2)C1)c1ccc(Cl)cc1,0.0004244032830465861
O=C(Nc1ccc(F)c(CO)c1)N1Cc2ccccc2CC1C1CC1,0.0017695499159025374
O=C(O)Cc1ccccc1S(=O)(=O)NC1CC[C@H]2CC[C@@H]1O2,0.000277129750348942
O=C(OCC(F)(F)c1cccnc1)c1cccc(OCC2CC2)n1,0.0009280258257387744
O=C(c1cc2c(Cl)cccc2[nH]1)N1CCCC1C1CCNC1CO,0.0007837345915181204
O=C(c1snc(Cl)c1Cl)N1CCCC1C1CCOC1,0.0008135039802274769
O=C1OCC(C(=O)N2CC[C@H](CNC(=O)c3cc4occc4s3)C2)O1,0.0005773444591117005
Fc1ccc2c(c1Br)CN(c1ncnc(Cl)c1F)CC2,0.00124492149906827
c1cc(-c2ncc3c(n2)CCNC3)cc(CNCC2CC2)c1,0.7488356166304846
c1cc(-c2nsc(NC3CCCC4CCC3N4)n2)n[nH]1,0.001518597008938134
C[C@H]1C[C@@H]1NC(=O)N(Cc1ccccc1)C1(C(=O)O)CCOC1,0.0006051265269794979
CC[C@H]1CCCN1CC(=O)N1CCN(c2ccc(C#N)cc2F)CC1,0.0013907730040310148
CC(=O)C1CNC(C(=O)N2CC=C(c3ccccc3C)CC2)C1,0.2318364422103772
CC(=O)N1CC2CCCC(C1)N(c1cc(CCc3ccccc3)ccn1)C2,0.0015125127332135863
CC(=O)N1c2ccccc2C[C@@H]1C(=O)Nc1cc(CO)cc(CO)c1,0.000529091206475732
CC(=O)NCc1cn(-c2ccc(C(=O)N[C@@H](C)CC#N)cc2)nn1,0.0007323210849980967
CC(=O)c1ccc(OCc2nnc(C3CCOCC3)o2)c(C)c1,0.21318741017493406
CC(C(=O)O)N1CCN(c2ncc(Br)s2)CC1(C)C,0.6413657710084378
CC(C)C(O)CCN1C(=O)CCN(CC[C@@H]2CCC(=O)N2)C1=O,0.17803017405977442
CC(C)N1CC(C(=O)N(C)CCNC(=O)C23CCCN2CCC3)CC1=O,0.1965095918258058
CC(CCNC(=O)c1cnn(C)c1)NC(=O)c1cc[nH]c1CC1CCCC1,0.0006073384303163915
CC(CF)NC(=O)N1CCN(C(=O)c2cc(F)cc(F)c2)CC1,0.0004600857147281804
CC(Cc1ccccc1Cl)C(=O)NC1CNCCC1C#N,0.0009207119571171297
CC(NC(=O)c1ccc(F)c(O)c1)C1CCN(C(=O)c2cc(Cl)c[nH]2)C1,0.0008013088528272238
CC(Nc1cc(Cl)c2c(c1)OCCO2)c1cncn1C,0.8291254753748768
CC(Nc1ccc(Br)cc1CO)C(=O)c1ccc(F)cc1,0.0009169695026398786
CC(O)C(=O)N1C[C@H](C)[C@H](NC(=O)c2cccc3c2OC(C)(C)C3)C1,0.0004327647781557697
CC(O)C1CC1C(=O)NCC1(c2ccc(C(F)F)cc2)CCCCC1,0.0004855264554489598
CC1(C(=O)N2Cc3ccc(Br)cc3C2)COC1,0.0005870787401096176
CC1(C(=O)Nc2n[nH]c3cccnc23)CCN(C(=O)OC(C)(C)C)C1,0.001635049213889211
CC1(C)CC2(CC(NC(=O)N3CC(C(=O)c4ccc(F)cc4)C3)C2)C1,0.00026495289457118936
CC1(C)CCN(CCN2CCN(C3(C(N)=O)CCCCC3)CC2)C1,0.0008456984031906682
CC1(Nc2ncc(F)cn2)CCC(NC(=O)c2cc(C#N)c[nH]2)CC1,0.0009277506344346293
CC1=C(CNc2ccc(C(N)=O)cn2)S(=O)(=O)CCO1,0.0003674369382412512
CC1CC(C(=O)N2CCC[C@H](NC(=O)c3ccc(Cl)c(O)c3)C2)C1,0.000523178572373972
CC1CC(C(=O)O)CN(c2nc3ccccc3cc2C)C1,0.0006135697334538932
CC1CC(C)CC(-n2nnnc2N2CCN(CC(F)F)CC2)C1,0.00040459189766100563
CC1CCC(CC(=O)N2CC(CNC(=O)CN3CCCCC3)C2)CC1,0.000886826991249042
CC1CCc2cc(-c3ccc(OCCN)cc3)oc2C1C,0.0012519706547882115
CC1CN(C(=O)C2CC3(C2)CC3(F)F)CCC1Nc1cc(O)ncn1,0.21896206080537794
CC1CN(c2ccccc2)CCN1Cc1cnoc1C1CC1,0.0004427211966852053
CC1CNCC(NC(=O)CCCc2sccc2Br)C1,0.0006326778050365104
CCC(CC)(CNS(=O)(=O)c1cc(C(C)(C)C)no1)N(C)C,0.0005727815605929466
CCC(F)C(=O)N1CC(F)(F)CC1CNC(=O)c1ccc(CC)cn1,0.24180525374824013
CCCC(=O)NC1CC12CCN(C(=O)c1cc3cnccc3[nH]1)CC2,0.7768485999214043
CCCCN(CCO)C(=O)c1ccc(OCC2CCCCO2)cc1Cl,0.001144199734492071
CCCN(C(=O)c1ccc(-n2cc(Cl)cn2)cc1OC)C(C)C(=O)O,0.0007479002031083423
CCCn1cc(CN2C[C@@H]3OC(=O)O[C@]3(C)C2)c(=O)[nH]c1=O,0.00030130803640253346
CCCn1nnnc1CNCc1noc2c1CCCCC2,0.0004236656854774338
CCN(C(=O)C(F)(F)CCn1ccnn1)c1ccc(C#N)cc1,0.0014104541128995675
CCN(CCNC(=O)C1(C)CC1)Cc1cc(Cl)cc(-c2nn[nH]n2)c1,0.0011366845963951028
CCOCc1cccc(NC(=O)Nc2cc(C)nc(C(=O)OC)c2)c1,0.3058208306849762
CCOCc1cccc2c1OCC(C(=O)Nc1cn(C)nc1Cl)C2,0.0007049563932104344
CCOc1ccc(N2CCN(C(=O)C3CCCC3)CC2=O)cc1,0.0007079274893197875
CCS(=O)(=O)c1ccc(CC(=O)N2CCC(CO)(NC)CC2)cc1,0.00038080056918725705
CCc1ccc(C(=O)N[C@H]2C[C@@H](NC(=O)c3ccc(F)cc3C)C2)cc1,0.29683097574771083
CCc1ccc(C(=O)N2CCC(F)(C(=O)OC(C)(C)C)C2)cc1C#N,0.0009016803035577609
CCc1ccc(S(C)(=O)=O)cc1C(=O)N1C[C@@H](O)[C@H](O)C1,0.00024809459684179476
CCc1nc(C#N)cc(N[C@@H]2CCN(C(=O)c3cc(F)cnc3O)C2)n1,0.000986377271231338
CCc1ncc(S(=O)(=O)NC(C)C2(O)CCCCC2)n1CC1CC1,0.0006973577365631254
CCc1noc(C(=O)NC2Cc3cccc(OC)c3C2)n1,0.00038849977281260953
CCc1sc(C(=O)NC2CC(NC(=O)CC#N)C23CCC3)nc1C,0.001077621239740806
CCn1c(-c2ccoc2C)nnc1N1CCC(C2CCC2)C1,0.8298467964775591
CCn1nc(C)c(C(=O)N2CCN(C(=O)Cc3ccc(C)o3)[C@H](C)C2)n1,0.00024850373939902754
CN(C)C1(C(=O)N2CC(Nc3nnc(-c4ccccc4)[nH]3)C(C)(C)C2)CC1,0.0012819200809638376
CN(Cc1cc(C#N)cs1)C(=O)C(C1CC1)C1CCCO1,0.0015391570090564242
CN(Cc1ccn(C)c1)C(=O)c1c[nH]c(=O)c(Br)c1,0.00048487337795093756
CNCc1cn(-c2ccc(C(=O)NCC[C@H]3C[C@@H](N(C)C)C3)cc2)nn1,0.000601114634799337
CO[C@H](C)[C@@H](CO)NC(=O)c1conc1C1CCNCC1,0.0002723230432262923
COC(=O)C(NC(=O)c1ccnc2c1ncn2C)C(C)(C)O,0.0002957704492970876
COC(=O)C1((c2cccc(NC(=O)NC(CCN)C(C)C)c2)CC1,0.0
COC(=O)CN1CCCC(N2CCC(C(F)(F)F)C2CO)C1=O,0.0002479429002036784
COC(CN1CC2(CCCN(C(=O)c3ncc[nH]3)C2)C1)C1CCOC1,0.0004078266837734842
COC1(C(=O)N2CC(CN(C)C(=O)Cc3occc3C)C2)CCCCC1,0.0007869265058849719
COC1(C(=O)N2CC(F)(c3cn(-c4ncccc4C)nn3)C2)CCOC1,0.2879884083130018
COCC(N)(C(=O)NC1CCc2cn(C)nc2C1)c1ccccc1,0.00034194681209417867
COc1cc(CC(=O)N2CCOCC23CC3)cc(OC)c1OC(C)C,0.0006213808477717641
COc1ccc(C(=O)NC[C@@H]2C[C@H]2c2cocn2)c(C)c1OC,0.0006461124724596653
COc1ccc(C(C)(C)NCC(O)c2ccc(F)cc2)cc1,0.0006287259837916787
COc1ccc(C)c(S(=O)(=O)NCC2(CF)CC3(CCC3)C2)c1,0.0004498065920300853
COc1ccc(C)cc1C(=O)N[C@H](C)CNC(=O)C1(N(C)C)CCCC1,0.0004431828724569974
COc1ccc(CC(=O)N[C@@H](C)C2CN(C(=O)c3ncoc3C)C2)cc1,0.0006087420724132599
COc1ccc2nccc(NC(=O)NC34CCC(CN)(CC3)OC4)c2c1,0.3796452812258988
COc1ccccc1C(=O)N(C)C(CNC(=O)c1coc(C)c1)C1CC1,0.3016614659905489
COc1ncccc1CC(=O)N1CCCCC1C1(CN)CCC1,0.0008061779660447724
CSC(C)(C)C(=O)N1CCOC(CNC(=O)C2(C#N)CC23CCC3)C1,0.16671581789335185
Cc1c[nH]cc1C(=O)N1C[C@@H](C)[C@@H](NC(=O)c2coc(C(C)(C)C)n2)C1,0.26219787824751783
Cc1c(C(=O)NCC2(CCNC(=O)c3ccncn3)CCC2)cnn1C,0.27487460647243467
Cc1cc([C@H](CO)NC(=O)[C@@H]2C[C@@H]3CCCCC(=O)N3C2)no1,0.16243276213303737
Cc1cc(C(=O)N2CC[C@@H](NC(=O)C34CCCC(CO3)C4)C2)on1,0.2791059596848695
Cc1cc(C(=O)N2CCC[C@H]2CN(C)C(=O)c2cccc(Cl)c2)[nH]n1,0.000876466506735237
Cc1cc(S(=O)(=O)N(CC(N)=O)CC2CC2)cc(C#N)c1Cl,0.0006681769750202101
Cc1ccc(-c2cn(C[C@H](C)NC(=O)CC3CCCCC3)nn2)c(C)c1,0.0019839365586375715
Cc1ccc(C(=O)N(C)C(C)CCNC(=O)c2ccc(F)cc2F)nn1,0.17752954076344016
Cc1ccc(C)c(S(=O)(=O)N2CCC3CCC(=O)C2C3)c1,0.0006909081518682058
Cc1ccc(CC(=O)N(C)C(C)CNC(=O)c2ccc(C)[nH]2)cc1,0.00045059903552950467
Cc1ccc(F)c(C(=O)N(C)C2CCN(C(=O)C3COC(C)(C)C3)C2)c1,0.000686048745877677
Cc1cccc(C(=O)NC2(C)CN(C(=O)c3csc(C#N)c3)C2)c1Cl,0.5507515490501922
Cc1cccc(C(NC2CN(C(=O)OC(C)(C)C)C2)C(=O)N2CC[C@@H]3CC2)c1,0.0
Cc1ccccc1C(=O)N(C)C1CCCN(C(=O)C(C)n2cncn2)C1,0.00046575856707862975
Cc1ccccc1CC(NC(=O)N1CCn2c(nnc2C)C1)C(=O)O,0.00033857317650750235
Cc1ccnn1CC(=O)NCC1(C)CCCN(C(=O)CCC(C)(C)C)C1,0.0005135082656824706
Cc1ccoc1CC(=O)NCC1C(C)CCN1c1ncc(Cl)cn1,0.0012157036750472584
Cc1ccsc1-c1nnc(N2CCC(OCC(F)F)CC2)n1C,0.0010890600345479047
Cc1cnc(C(=O)N2CC(NC(=O)c3cocc3C)CC3(CC3)C2)cn1,0.44514509242487044
Cc1cncc(S(=O)(=O)N2CC(S(=O)(=O)CC3CC3)C2)c1,0.14663346932020419
Cc1cocc1C(=O)N1CCC(F)(CNC(=O)C23CCC(C2)OC3)CC1,0.0009003142312877901
Cc1csc(CCNc2ncc(S(N)(=O)=O)cc2Cl)n1,0.000528361856640617
Cc1n[nH]cc1C1CCCN(C(=O)C2CC3(CC(CN)C3)C2)C1,0.0013603725949532287
Cc1nc(C(=O)N2CCC[C@@H]2CCNC(=O)c2cc[nH]n2)co1,0.15141710236407474
Cc1nc(C(=O)N2CCN(C(=O)c3cc(C#N)c[nH]3)C[C@@H]2C)co1,0.4288538261917621
Cc1nc(C)c(C(=O)N2CCC2CNC(=O)CCc2nc(=O)[nH][nH]2)s1,0.000349914723619773
Cc1nc2n(c1C(C)C)CCCC2C(=O)N1CC(CO)(N(C)C)C1,0.0003032200729447933
Cc1nccc(CCC(=O)N2CCN([C@@H]3CCCC[C@H]3O)CC2)n1,0.00038446666878471926
Cc1ncoc1CNC(=O)N1CC(C)Oc2ncccc21,0.0010082239880697158
Cc1nn(C)c2cc(C(=O)OCCC(=O)NC(C)(C)C)ccc12,0.0008174608418558413
Cc1nn(C)c2ncc(S(=O)(=O)NC3CCN4CCCCC34)cc12,0.00027305534940705604
Cc1nnc(C(C)N(C)C2CCCN(CC3CCC3)CC2)o1,0.0008382473767963972
Cc1nnc2ccc(NC(=O)N3CC4CC(O)CC4C3)cc2c1C,0.000701903301801176
Cn1cc(Br)c(=O)nc1NCc1ccc(F)s1,0.0011549758657323037
Cn1ncc(NC(=O)CCC2CC3CCC2C3)c1-c1nccs1,0.0019599883008168425
NC1(CNc2ccnc(C(=O)N3CCCCC3)c2)CC2CCC1C2,0.33653632898020497
Nc1cc2nc(C(=O)N3[C@@H]4CC[C@@H](O)[C@H]3CC[C@H]4O)ccc2o1,0.000520481992403017
O=C(C1CCc2cc(Br)ccc2C1)N1CCC12CC2,0.000508513940717431
O=C(CS(=O)(=O)C1CCCC1)NC(C1CC(F)(F)C1)C(F)(F)F,0.0006410007431138864
O=C(Cc1cc(Cl)ccc1O)N1CC2(CCC2)c2ccncc21,0.0011114356237142482
O=C(N[C@H]1C[C@@H](CNC(=O)C2CC23CCOCC3)C1)c1cccc(F)c1,0.0004096391013808477
O=C(NC1CCC2(CCNC2)CC1)c1sccc1-n1cccn1,0.580166647547308
O=C(NCC1CN(C(=O)C2(CF)CCC2)C1)c1ccc2[nH]ccc2n1,0.3561086694744669
O=C(Nc1ccc(-c2ccoc2)cc1)N[C@@H]1C[C@H]1C1CCNCC1,0.0005151679802663686
O=C(c1cc2n(n1)CCC2)N1CCN(c2cc(=O)[nH]c(=O)[nH]2)CC(O)C1,0.15529816968811166
O=C(c1ccn2cncc2c1)N1CC[C@H](CNC(=O)[C@H]2C[C@@H](O)C2)C1,0.37592621879657595
O=C1CCC(F)(C(=O)N2CCn3c(Cc4ccc(F)cc4)nnc3C2)CN1,0.164005705437397
O=C1CCc2cc(C(=O)Nc3cnc(Cl)cn3)ccc2N1,0.0006425204346170397
O=C1COC(C(=O)N2CC3CC2CN(C(=O)Cn2ccc(=O)[nH]c2=O)C3)C1,0.00031529385430711444
O=C1OC(C(=O)NCC2(O)CCSC2)Cc2c(F)cccc21,0.00042979805009343613
O=c1[nH]nc2ccc(S(=O)(=O)NC3CCCC34CCCC4)cc2c1Cl,0.0016063557512507889
OCC1C[C@H]2C(NC3CCCc4ccccc4C3)C[C@H]2O1,0.0007899340332668839
C[C@@H](Cn1cc([C@@H](O)C2CC2)nn1)NC(=O)C1CCN1C1CCCC1,0.000718225636415757
C[C@@H]1CN(Cc2nc(C3Cc4cc(Cl)cc(Cl)c4C2)=NO2)[C@H](C)C1=O,0.0
CC(=O)[C@@H]1C[C@H](C(=O)NC2CN(C(=O)C(F)C3CCOC3)C2)C1(C)C,0.12130407388737198
CC(=O)CCCC(=O)N(C)CC1CCN(C(=O)C23COC(C2)C3)CC1,0.0004963769982133232
CC(=O)N1CC(C(=O)OCC(C)c2ccc(Br)cc2)C1,0.000475666079439988
CC(=O)NCC(=O)N1CCC(C(C)NC(=O)c2ccc(C#N)[nH]2)C1,0.20942438040511935
CC(=O)c1[nH]c2ccccc2c1C(=O)N1CCCC12CCOC2,0.35316759912373646
CC(C(=O)N1CC2(CCN(C(=O)C3CC3(F)F)C2)C1)N1CCC1,0.14320962117261304
CC(C(=O)N1CCN(C(=O)c2cccc(N)n2)C[C@H]1C)N1CCC1,0.0006177807242008108
CC(C(N)=O)N(Cc1ccc2c(c1)OCC2)Cc1cccs1,0.0006315434771780942
CC(C)(C)c1nc(C(=O)NCC2(Nc3ncccn3)CCCCC2)c[nH]1,0.001360405821332821
CC(C)CC(=O)NCC1CC(C)N(C(=O)C2CCc3[nH]ncc3C2)C1,0.00039577463228433914
CC(C)Cn1cccc(-c2noc(COC(=O)[C@@H]3C[C@H]3C3CC3)n2)c1=O,0.0013299027036770537
CC(C)N(C)C(=O)NCC1CCCCN(c2cccc(C#N)c2)C1,0.0018804783480337833
CC(C)S(=O)(=O)CCCS(=O)(=O)Cc1cc(C#N)nn1C,0.0006891494133081305
CC(CCNC(=O)COc1ccccc1C#N)NC(=O)COC1CC1,0.0007689745748611294
CC(CNC(=O)CCC1CCCN1C)CNC(=O)c1ccc(O)cc1,0.0005175393775025902
CC(NC(=O)C1(C#N)CCC1)C1CCN(C(=O)c2ccnn2CCF)C1,0.0005499939092949335
CC(NC(=O)CCC1CCCO1)c1cc2ccccc2o1,0.0006628086239119899
CC(c1cccc(F)c1)N(C)C(=O)N1CCN(S(=O)(=O)C2CC2)CC1,0.00032202023910178087
CC1(C)CC(C(=O)NC2(c3ccccc3)CN(C(=O)CC#N)C2)CO1,0.0007359256487723552
CC1(C)CN(c2cc(F)ncn2)CC(CNC(=O)C2(C3CC3)CC2)O1,0.00046955943248945845
CC1(CNC(=O)c2ccccc2)CN(CC=CCl)CCO1,0.0003797877507813484
CC1C(NC2CC(CO)(CO)C2)CCN1C(=O)OC(C)(C)C,0.00043180170340172195
CC1COCCC1NC(=O)C1=C(C(=O)N2CCCCC2)CCC1,0.2993978072769626
CC1N(C(=O)c2cc3c(nn2)CCOC3)CCC12CCCC2,0.0007237805413831647
CCC(C(=O)N[C@H]1CCCCN(C(=O)c2cscn2)C1)N1CCCC1=O,0.23626277759366654
CCC(C)(C)c1cn(-c2ccccc2C(=O)NCC[C@H]2CCCO2)nn1,0.0008579291062745218
CCC(C)(C)c1nnc(NC(=O)C(Sc2nccn2C)C(F)C)s1,0.001091616245135119
CCC(C)NC(=O)c1ccc(CNCc2ncc[nH]2)cc1,0.00038742767904636826
CCC(CC)(NC(=O)Cn1cc(-c2c(C)noc2C)nn1)C1CC1,0.0007951342509020125
CCC(CSc1ccc(-c2noc(COC(C)C)n3ncnc23)n1)OC,0.0
CCCC(=O)N1CC(CC(C)NC(=O)c2cnc3sccn3c2=O)C1,0.20976567302809793
CCCC1(C(=O)N2CC(NC(=O)c3cccn4ncc(C#N)c34)C2)CC1,0.0011041541221033845
CCCS(=O)(=O)c1ccc(Cl)cc1CN1CC2(C1)CC(C)(C)C2,0.0006008588736153878
CCCn1cc(C(=O)N2CCN(c3ccnc(C#N)n3)C(CC)C2)nn1,0.0011881497685384533
CCN(CC)C(=O)CCC(=O)Nc1ccc(F)c(NC(=O)N(C)C)c1,0.000679870983666127
CCN(CCNC(=O)c1ccccc1C(C)(C)C)c1cc(C)c(C#N)cn1,0.0017184584985064767
CCN1CCOCC1C(=O)N1CCN(Cc2coc(C)n2)CC(C)C1,0.000487301543401024
CCOC1CN(S(=O)(=O)c2c(C)cccc2C(=O)N(C)C)CCC1=O,0.22728498732574784
CCOc1ccncc1S(=O)(=O)NC1(C)CCc2ccccc21,0.0005226802001857414
CCc1c[nH]c(C(=O)N2CCN(C(=O)c3ccncc3OC)C(C)C2)c1,0.00032656032965238925
CCc1c[nH]cc1C(=O)N1CC(CNC(=O)c2ccncn2)CC1CC,0.0006103069782166713
CCc1cccc(CC)c1CN1CC(C(=O)OC)C2(CCOC2)C1,0.0005118834023128247
CCn1nccc1C(=O)NC1CCN(C2CN(C(C)=O)C2)CC1(C)C,0.0004208539394404147
CN(C)c1ccncc1C(=O)N1CCCC[C@]12C[C@H](N)C2,0.3328636295098233
CN(Cc1ncccc1O)C(=O)NCc1nccc2c1CCCC2,0.0007772017285549618
CN1CC(=O)N(C(=O)c2csc(Cl)c2)CC1=O,0.1805618915514364
CNS(=O)(=O)c1cccc(C(=O)N2C3CCC2c2cnc(C)s2C3)c1,0.0
COC(=O)N1CC2CCC1C(C(=O)N1CC(OC(C)C)C1)C2,0.000342628935257771
COC(=O)c1cc(C(NC(=O)NC2CCCN(C(C)C)C2)c[nH]1,0.0
COC(=O)c1cc(S(=O)(=O)N[C@@H]2C[C@@H]3COC[C@@H]32)cc(C)c1C,0.00032002271025156236
COC(C(=O)NCC(OCCO)C(C)(C)C)C1CCOC1,0.00044901228451486684
COC1(CNC(=O)c2nccn3c(C(=O)O)cnc23)CCCC1,0.5679287584835846
COC1CCC2(CC1)CC2NC(=O)N1[C@@H](CO)C[C@H]2OCC[C@H]21,0.3171897393570888
COCc1cc(C(=O)N[C@@H](C)CNC(=O)c2cn(C)nc2N)on1,0.0007396709060520741
COc1c(C)cc2c(c1CNC1=NCC(c3ccccc3)N1C)CCS2,0.6469674001548176
COc1c(C)cccc1CNC(=O)N(C)CC1CC2CC2C1,0.0005901063168691839
COc1cc(C(=O)N2C3C=CC(c4nccn4C)C2CC3)ncn1,0.0009895475900998294
COc1cc(C)cc(C(=O)N(C)c2cccc(C#N)n2)c1C,0.0015486531955378488
COc1cc(C)ccc1NC(=O)NCC1(CO)CC2(CCC2)C1,0.0009292394138838033
COc1cc(NCCN(C)C(=O)C(C)(O)C2CC2)ncn1,0.0004355985727565361
COc1ccc(C(=O)NC2(CNc3ccncn3)COC2)c(OC)c1,0.0009144579667838936
COc1ccc(CNc2nc(C#N)ccc2NC2CC2)cc1C#N,0.43205285635087765
COc1ccc(OC(C)C(=O)NC[C@@H](C)Nc2nnnn2C)cc1,0.0004876253750908199
COc1ccc2c(NCC(O)CC(C)(C)OC)cc(C)nc2c1,0.3492912232968437
COc1cccc(N2CCC(NCC3(F)CC3)CC2)c1,0.000592495816874721
COc1cccc(NC(=O)NCc2ccc3c(c2)CCCO3)c1C,0.0013186007980543711
COc1cnc(C(=O)NCC2C3CN(C(=O)[C@H]4C[C@@H](O)C4)CC23)nc1,0.00024485625458281604
CS[C@H]1C[C@H](NC(=O)N2CCc3cc(O)cc(Br)c3C2)C1,0.23615514704578247
Cc1[nH]ccc1C(=O)N1CC2(CC2)CC1CNC(=O)Cc1cccnc1,0.0013329227551760084
Cc1c(Cl)ccnc1C(=O)N1CCC2(C=C(C(=O)O)CO2)C1,0.0005664132868429338
Cc1cc(C(=O)NC[C@H](C)NC(=O)c2ccco2)c(C)cc1Cl,0.0006294307755104329
Cc1cc(C(=O)Nc2cc(CC3CC3)nn2C)c(C)n1C1CC1,0.000575803515686838
Cc1cc(C(=O)Nc2ccccc2NC(=O)C2CCCN2)nn1C(C)C,0.0014264334126122622
Cc1cc(C)n(-c2cccc(CNC(=O)N3CCCC(C#N)C3)c2)n1,0.0017288412363259315
Cc1cc(CC(=O)N2C[C@H](C3CC3)C[C@@H]2C2CC2)nn1C,0.00022110134547202872
Cc1cc(CCC(=O)N2CCCC(N3CCCCC3=O)C2)cc(C)c1Cl,0.0007998826334149222
Cc1cc(N[C@H]2CCN(C(=O)Cn3nnc(C4CC4)n3)C2)nc(C)c1C#N,0.0006534180921566098
Cc1cc(N2CCC(c3cc(C(F)(F)F)[nH]n3)CC2)nc(C)n1,0.0005911973062567102
Cc1cc(N2CCCN(C(=O)C3CCC3c3ccccc3)CC2)ncn1,0.0010776448448691811
Cc1cc(N2CCOCC(NC(=O)c3cccc4c3CCCC4)C2)ncn1,0.0005715861995721169
Cc1cc(NCC2CC(F)(F)CN2C(=O)Cc2cncs2)ncn1,0.0009967019521936555
Cc1ccc([C@@H]2CC[C@H](C(=O)Nc3cnn(CCO)c3)C2)cc1,0.0014662403107599327
Cc1ccc(C(=O)N(C)CCNC(=O)C2(CC(C)C)CCC2)cc1,0.0007756529976859005
Cc1ccc(C(=O)N2CC(C(=O)NCC3CC4(CC4)C3)C2)cc1C,0.0009646432493971831
Cc1ccc(C(=O)NCc2ccc(SC(F)F)o2)cc1C(=O)N(C)C,0.2624697042717536
Cc1ccc(C2(C(=O)NC3CC(C)(N)C3)CCCO2)cc1,0.0006554118015115987
Cc1ccc2ncc(C(=O)N(C)CC3(O)CCC3)cc2c1,0.3001220131053137
Cc1cccc(C(=O)N(C)C(C)CNC(=O)CC2CCC2)c1Cl,0.0006767953728300855
Cc1ccccc1C(=O)N(C)CC1CCN(C(=O)c2ccc(O)cc2)C1,0.29082453598096103
Cc1ccnc(N(C)CC(C)NC(=O)CN2CCSC2)n1,0.0008669743182004135
Cc1ccncc1CC(=O)NCCC1CCN(Cc2ccccc2C#N)C1,0.0016329911049715767
Cc1ccoc1C(=O)NC1CCN(c2ccccc2F)C1=O,0.000992025543908134
Cc1ccsc1-c1cc(C(=O)NC(C)CN2CC(C)CC(C)C2)[nH]n1,0.30430253735798685
Cc1cnsc1C(=O)N1CCC(C(=O)Nc2ccc(C#N)cc2)CC1,0.7916026760577044
Cc1n[nH]c(C(=O)NCC(C)(NC(=O)c2cc[nH]c2)C2CC2)c1Cl,0.22439958415312794
Cc1nc([C@@H]2CNC[C@H]2C)sc1C(=O)NCc1ccc(N(C)C)nc1,0.000961073195438328
Cc1nc(-c2cccc(NC(=O)[C@@H]3Nc4ccccc4CO3)c2)n[nH]1,0.0015747189837816
Cc1nc(C(=O)COc2ccc(N3CCCC(N(C)C)CC3)cc2)[nH]c1C,0.6078507374675901
Cc1nc(N2CCOCC2)ccc1NC(=O)CCn1cccc1,0.0009158426605928979
Cc1nc(O)ccc1C(=O)N1CCC2CCC(C1)N2C(=O)c1cnco1,0.0003250876949066798
Cc1nc(Cl)nc(N2CCC(C)(NC(=O)C(C)C(C)O)C2)c1C,0.0004537649367822591
Cc1nc2n(n1)CCN(C(=O)C1CC(c3ccccc3F)=NO1)C2,0.18660564183777226
Cc1ncc(C(=O)N2CC[C@@H](NC(=O)c3ncccc3Cl)C2)cc1C#N,0.6822737133779319
Cc1nccc(CCC(=O)NC2CCN(C3CCNC3=O)C(C)C2)n1,0.14387347634792969
Cc1nccc(N2CCC3(CCCN(C(=O)CCCC(F)F)C3)C2)n1,0.00153297910299793
Cc1nn(-c2ccccn2)c(C)c1NC(=O)C1CCC2CCC(=O)N21,0.0006989184675369311
Cc1nn(C)c(-n2cncn2)c1C(=O)N1CC(O)(C(F)(F)C(N)=O)C1,0.21629162799486887
Cc1nocc1NC(=O)N[C@H]1CCCN(Cc2ccccc2)C1,0.0009141846243542168
Cc1ocnc1-c1cn(C2CCCN(C(=O)COCC3CC3)C2)nn1,0.6921138844466528
Cc1oncc1C(=O)N1CCN(C(=O)c2cnoc2C2CCC2)C(C)C1,0.16419745444188028
Cn1cc(N(CCO)Cc2csc(Br)c2)c(=O)n(C)c1=O,0.0009913452739973097
N#Cc1cc(-c2nc(CN(CCN)CC3CC3)no2)co1,0.0013469048768902207
N#Cc1cc(N2CCN(CC(2)O)CC2CC2)nc(C2CC2)n1,0.0
N#Cc1ccc(N2CCCC23CCN(C(=O)CC(F)(F)F)C3)cn1,0.0013955788611389477
N#Cc1cccc2c1CC(NC(=O)[C@H]1C[C@@]3(CC3(F)F)C1)C2,0.0008253037945640546
N#Cc1cnccc1NC(=O)N1CC2CCC(N)CC2C1,0.0013664422661778064
N#Cc1cncnc1NC1C2CCC1(c1ccccc1)CC2,0.0018973642057417332
Nc1cnccc1C(=O)Nc1ccccc1COC1CCCNC1=O,0.3443589755363899
O=C(COC(=O)c1ccc(-c2ccccc2F)n1CC1(O)CC1)NC1CC1,0.4570691444499807
O=C(N[C@@H]1CCCN(C(=O)C2COC(=O)O2)C1)c1ccnc(OC2CC2)c1,0.00031727983729864823
O=C(N1CCC(CO)CN1)C1(F)CNCC1C1CC1,0.0001899895962781092
O=C(NC1CCC(C(=O)O)CC1)C1CC1c1cccc(Cl)c1,0.0003566948552130504
O=C(Nc1scnc1-c1ccccc1)C1(O)CCNC1,0.48514595475633443
O=C(c1occ2c1CCCC2)N1CCCC(c2ccncn2)C1,0.0009411799339197845
O=C1CC(C(=O)N[C@H]2CCN(C(=O)c3ccc4c(c3)CCC=C4)C2)C1,0.674243055401367
O=c1cc(N2CCC[C@@H]3C[C@@]3(CO)C2)cnn1-c1ccc(F)cc1,0.0005342590574684847
C[C@@H]1CCO[C@@H]1C(=O)N1CC2(C1)CN(C(=O)OC(C)(C)C)C2,0.0003003929666323663
C[C@H]1C[C@@H]1C(=O)N1CCCC1(C)CCNC(=O)COC1(C)CCCC1,0.3693949139011503
C=C(CNC(=O)N(C)C(c1ccc(OC)cc1)C(C)C)c1ccnn1C,0.0006800176684781065
C=C(Cl)CCC(=O)N1CC(NC(=O)c2cn(C(F)F)nc2C)C1,0.0004608830148137003
C=C(Cl)CCC(=O)NCC(NC(=O)c1ccc(C(N)=O)o1)C(C)C,0.00040557064826242926
CC[C@@H]1CN[C@H](C(=O)NC(c2ccccc2)c2cccc(O)c2)C1,0.0006863912956509225
CC(=O)C1(C)CCCN1C(=O)C1CCCN(c2ccc(C#N)cn2)C1,0.6957703083709841
CC(=O)CCc1ccc(OCC2CC(C(=O)O)CO2)cc1,0.0005583412264482348
CC(=O)N(C)CC(=O)N(C)C(CNc1ccnc(C#N)n1)C1CC1,0.0008524178563677291
CC(=O)N1Cc2ccccc2C(CNC(=O)c2c(F)cccc2F)C1,0.0005295242929314692
CC(=O)c1ccc(C(=O)OCC(O)c2ccc(Br)cc2)cc1,0.27085901465535656
CC(=O)c1cccc(NC(=O)c2cc(N3CCCC3)ccn2)c1C,0.0007154362899859352
CC(C(=O)N1C2CCC1C(C)C(CNC(=O)c1cccn1C)C2)C1CC1,0.0008052339085078199
CC(C)(C)CCNS(=O)(=O)c1ccc(OC2CC2)cc1F,0.0006281559753456272
CC(C)CCCC(=O)NC(CNC(=O)C1CCc2cn[nH]c21)C1CC1,0.000837997964809834
CC(C)c1ccc(N2CCC(SC3CC4OCCC4NC3=O)CC2)nn1,0.0006865756729763682
CC(CC(=O)N1CCCN(c2cccc(F)c2C#N)CC1)n1cccn1,0.0017106042280019952
CC(CCNc1ccc(C#N)cn1)NC(=O)[C@H](C)Cn1cnnn1,0.0008889648638372354
CC(CN(C)C(=O)c1cc2c(cn1)OCCC2)Nc1ncncc1Cl,0.0007944636701642597
CC(NC(=O)C12CC1C2)C1(O)CCN(C(=O)C(F)c2ccnn2C)CC1,0.00024766566179849295
CC(NC(=O)C12CC1C2)C1(O)CCN(C(=O)C2(C#N)CC23CCC3)CC1,0.48564005676163413
CC(NC(=O)CC[C@@H]1CCCO1)(c1ccccc1F)c1nccn1C,0.0005453720130699138
CC(O)c1ccc(CNC(=O)Cc2cccc(OCC3CC3)c2)cc1,0.0006854773653269564
CC(F)(F)c1ccc(C(=O)Nc2ccc(CN3CCNCC3)cc2)cc1,0.0011169946195777034
CC1(C)CCCC(C(=O)OCCN2CCOC(C)(C)C2)C1(F)F,0.0005680178521125188
CC1CC(=O)NCC1C(=O)N1CC2CC(C1)N(C(=O)c1ccc[nH]1)C2,0.20973582429126988
CC1CN(C)CCC12CCN(Cc1nc(Cl)cs1)CC2,0.0007013608918455814
CC1CN(c2nccc(C#N)n2)CCC1NC(=O)Cc1cnccn1,0.0010755592650115733
CCC1(C)CC1C(=O)N1CCC(CF)(NC(=O)c2cccc(F)c2)C1,0.0004131669304456173
CCC1(C)CC1Nc1ccc(OCc2ccccn2)cn1,0.0012260346308947537
CCCCC(C)(F)C(=O)NC(C)CC(O)c1ccc(OC)cc1,0.0006035994328053052
CCCCC(NC(C)=O)C(=O)NC1COc2ccccc21,0.00046109754062848143
CCCN(CCNC(=O)CC1CN(C)C1)C(=O)c1cnc2[nH]ncc2c1,0.14217417891857845
CCN(C(=O)CC1C[C@@H]2COC[C@H]12)C1CCCc2ccccc21,0.0005999622257155553
CCN(CC)C(=O)C1CSCN1C(=O)C1(CC(=O)NC)CCC1,0.1102924924710979
CCN(CCNC(=O)C1(C#N)CC(=O)C1)C(=O)c1ccc(C)c(Cl)c1,0.0006827292749981992
CCOC(=O)Cc1cn(Cc2ccc(C(F)(F)F)o2)cn1,0.0009049723554764855
CCOC(=O)c1cc(CC(C)NC2CC(c3ncc[nH]3)C2)n[nH]1,0.0003021599698577988
CCOC(=O)c1ccc(CSc2ccc(C(N)=O)cc2C#N)cc1,0.502542456418759
CCOc1ccc(C)cc1S(=O)(=O)N1CCC(O)C(F)C1,0.0003242419861110497
CCc1[nH]ccc1C(=O)NCC1CCCN(C(=O)C2(C)CNC(=O)C2)C1,0.0003421799325177653
CCc1ccc(C(=O)NC(C)C2CCCN(C(=O)C3(C#N)CC3C)C2)o1,0.0016560942233753626
CCc1cncc(C(=O)NC(CNc2cc(OC)ncn2)CC(C)C)c1,0.001436484051675222
CCc1nc(C)c(NC(=O)N[C@@H](C)C(=O)N2Cc3ccccc3C2)s1,0.0011431257456095537
CCc1ncoc1C(=O)N1CCC(C)C1CNC(=O)C1CN(C)C(=O)N1,0.0002926986664470122
CCc1nnc2n1CCCC2C(=O)N1CCC(c2nnc(N)n2C)CC1,0.0009568638565315888
CCn1cnc(C(=O)NC(CNc2cc(O)ncn2)CC(C)C)n1,0.0005389510192706469
CCn1nccc1C(=O)N1CCN(C(=O)C2CCCC2OC)C(C)C1,0.0005131920140909209
CCn1nccc1CN1CC(NC(=O)OC(C)(C)C)C(F)(F)C1,0.0005167925665097285
CN(C(=O)OC(C)(C)C)[C@H]1CC[C@H](Nc2cncc(Cl)n2)CC1,0.0005893823592004869
CN(C)c1cc(C#N)cc(C(=O)N2CCC2C2CC2)c1,0.7581318118263949
CN(CC=Cc1cccnc1)C(=O)C1(c2nn[nH]n2)CC2(CC2)C1,0.0013905732669418174
CN(Cc1ccon1)C1CCN(C(=O)Cc2cccc(O)c2)C1,0.00038976327098652174
CN(Cc1nnc2n1CCC2)CC1(c2nn[nH]n2)CC1C(F)(F)F,0.0003756719287632419
CN(c1nc2ccccc2s1)S(=O)(=O)N1CCNCC1(C)C,0.3148114409143703
CN1CC(NC(=O)c2ccn3c2CSCC3)C2CCCCC21,0.0009051469825542201
CN1CCC[C@H]1CNC(=O)Cn1cc(-c2ccccc2C#N)nn1,0.0009725872555051506
CNC(=O)C(F)(F)C1(O)CCN(C(=O)C2CN(C)CCO2)CC1,0.11214180343560527
CNc1nccc(NC[C@@H]2CCO[C@H]2c2cccc(Cl)c2)n1,0.0017662646051952787
COC(=O)C12CC1CCC2NC(=O)N1CCC12CCOCC2,0.0004255969824341464
COC(=O)C12CCC(C(=O)N3CC(=O)NCC3c3ccccc3)(C1)C2,0.00030109668168580464
COC(=O)Cc1cccc(NC(=O)c2cccc(=O)n2CC(C)C)n1,0.0005782885415218015
COC(=O)c1cnc(C)nc1NC1C[C@H](O)[C@H](OC)C1,0.0002456430961297325
COC1CC2(CC(NC(=O)NC3CCCc4ccccc43)C2)C1,0.0011337383014348931
COCC(=O)N1CCN(C(=O)c2ccc(C3(F)COC3)cc2)C[C@@H]1C,0.00037075071055294964
COCC(=O)NC1(C2(OC)CCN(C(=O)c3ccccc3)CC2)CC1,0.16680730014130465
COCC1(C(=O)Nc2ccc(-n3cccn3)cc2)CCCCC1,0.0019192484225322576
COCCC1CCCN(C(=O)c2cc(C)c(Br)[nH]2)C1,0.00046373443769888217
COc1cc(-c2cn(CCO)nc2C2(C#N)CC2)ncc1F,0.0012972595389121678
COc1cc(C)ccc1C(=O)N1CC[C@H](NC(=O)c2cccnc2O)C1,0.2067734688547934
COc1cc(C2(C)CC2C(=O)N2CC[C@@H]3OCCO[C@H]23)ccc1C,0.0009135421392856774
COc1cc(N2CCN(C(=O)C(C)(C)CF)CC2)nc(C2CC2)n1,0.0006386753071493382
COc1ccc(-n2cc(O)c(C(=O)N3CCC4CCC(C4)C3)n2)cc1,0.0007090154438204392
COc1ccc(C(=O)NCC(C)(O)c2ccc(F)cc2F)cc1C#N,0.0006407542762335809
COc1ccc(NC(=O)C23CCCC(CN2)C3)cc1N1CCN(C)C1=O,0.0011468781930547634
COc1ccc2nc(N3CC(CNC(=O)C4(F)CCCC4)C3)sc2c1,0.0016268124061519845
COc1cccc(C(O)C(=O)N2CCN(c3cccc(F)c3C#N)CC2)c1,0.7210407804852998
COc1cccc(C2=NOC(CNC(=O)COCc3cc(C)on3)C2)c1,0.00038870089613308784
COc1cccc(NC2CCN(C(=O)C34COC(C(C)=O)(C3)C4)CC2)c1,0.0014334938306553562
CSC1(CNC(=O)c2cc3n(n2)CC(F)C3)CCC1,0.0003753662171340165
CSCCC(=O)N[C@@H]1CN(C(=O)C2(C#N)CC3CC3C2)C[C@@H]1C,0.49162240384920547
Cc1c[nH]nc1C(=O)NC1CCC(C)(Nc2cc(O)nc(C3CC3)n2)CC1,0.24019765064980442
Cc1c(NC(=O)c2cnc(C3CCOCC3)nc2N)nn2c1CCC2,0.22371832748253626
Cc1cc(-c2nnc(N3CCCNC(=O)[C@@H]3C)n2C)[nH]c1C,0.001237983129590701
Cc1cc(-n2c(C)cc(C(=O)NCC3CCNC4(CC4)C3)c2C)no1,0.3499164813697721
Cc1cc(C(=O)N[C@@H]2CCCN(c3ncncc3C)C2)ccc1O,0.0013874400202499666
Cc1cc(C(=O)N[C@H]2C[C@H](NC(=O)CCC3(C)CC3)C2)c2ncccc2c1,0.8388278300352622
Cc1cc(C(=O)NC[C@H](C)NC(=O)c2ccnn2C2CCC2)co1,0.14430785990945735
Cc1cc(C(=O)NC2CC(CCNc3ccncc3C#N)C2)[nH]c1C,0.001810734656093055
Cc1cc(C(=O)NCc2cnn(C(F)F)c2)cc(N2CCCCC2)n1,0.0005980071897794746
Cc1cc(C)n2cc(CNC3CCC(=O)N(C)CC3)nc2n1,0.000392648157362645
Cc1cc(N2CCC[C@@H]2CN(C)C(=O)C2CC23CC(O)C3)nc(CO)n1,0.000299333816627572
Cc1cc(F)cc(C)c1C(=O)N1CC2CC1CN(C(=O)c1cocn1)C2,0.0009501574188923497
Cc1ccc(-c2cncc(C(=O)N(C)CC3(F)CNCCOC3)c2)cc1F,0.0012040788596607125
Cc1ccc(CN2C3CCC2CC(C(F)(F)F)C3)c(-c2nn[nH]n2)c1,0.00131626553581744
Cc1ccc(NCc2ccccc2NC(=O)[C@@H]2CC(F)(F)C[C@H]2N)cc1,0.0007452377159991447
Cc1cccc(C2(C(=O)N3CCC[C@H]4CN(C(=O)CO)C[C@H]43)CC2)c1,0.23105268704888882
Cc1ccncc1C(=O)OCc1ccc(OC2CCC2)cn1,0.0005304659809728627
Cc1ccncc1CC(=O)Nc1cc(Cl)c2c(c1)OCO2,0.0014298191056582473
Cc1cnc(C(=O)N2CCC[C@@H]2CNC(=O)CC(C)(C)O)c(C)c1,0.21771795455152274
Cc1cncc(C(=O)NC[C@H](C)NC(=O)c2c[nH]nc2C2CC2)c1O,0.16018909943605722
Cc1cncc(CCC(=O)NCC2(NC(=O)COC3CC3)CCCC2)c1,0.0011070867675366863
Cc1coc(C(=O)N2CCn3c(C(F)(F)F)ccc3C2)c1C#N,0.0005666054591540432
Cc1n[nH]c(C)c1NC(=O)N1CCN(c2cnn(C)c2)C(=O)C1(C)C,0.0012914029123726049
Cc1nc(C(=O)NC2CN(C(=O)c3snnc3C(C)C)C2)c[nH]1,0.1978710183170028
Cc1nc(CN)[nH]c1C(=O)N1CC(C(=O)N2CCOCC2)C1,0.00019736837416509993
Cc1nc(N)nc(N2CC(NC(=O)c3ccc(C)s3)CC(C)(C)C2)n1,0.3557063694255109
Cc1nc(NC2CN(C(=O)C3(C)CC3F)CC2C)c2cn[nH]c2n1,0.0005357566672657563
Cc1ncccc1CC(=O)NC1(C)CN(C(=O)c2ccc(C(C)C)cc2)C1,0.00034709583852481264
Cc1ncn(C)c1C(=O)N1CCC(Cc2ccccn2)CC1,0.0005153178181773599
Cc1nsc(C)c1C(=O)NC(C)CN(C)C(=O)c1ccn(C)c1C,0.0009809172487712005
Cn1nccc1COCC(=O)N1CCN(C(=O)C2CCCC2)CC1,0.0003651760751543867
N#CC1CCC(CNC(=O)c2ccccc2-n2cccn2)CC1,0.8419149677335663
N#CCc1ccc(COC(=O)c2coc3c2COC3)cc1,0.000669837766352438
Nc1ncnc(NC2(C3CCN(C(=O)c4ccncc4)CC3)CC2)c1Cl,0.4252132810626531
O=C(COc1ccccc1C(F)(F)F)NC1C2(CC2)C12CC2,0.00037112512816028407
O=C(NC[C@H]1CCN(C(=O)CCn2cccn2)C1)c1cccc(Cl)c1,0.000905313799294419
O=C(NC1CCN(c2cncc(Cl)n2)CC1)c1ccsc1,0.0004939672350114391
O=C(NCC1CN(C(=O)C2(F)CCC2)C1)c1cncc(-n2ccnn2)c1,0.0008976945694049815
O=C(NCCN(c1ncc2cc[nH]c2n1)C1CC1)C(F)C1CCC1,0.0011336065707544991
O=C(NCc1ccc2c(c1)OCO2)c1cc2n(n1)CC1(CC1)C2,0.0010430075766462764
O=C(Nc1cnc2c(c1)CNC2)N[C@H]1CCOc2c(F)ccc(F)c21,0.0013857982816218304
O=C(Nc1nccc2[nH]c(=O)[nH]c12)N1C[C@@H]2CC[C@]2(C(F)(F)F)C1,0.0005767223224017226
O=C(c1ccc2cc(O)ccc2c1)N1CC(SC(F)F)C1,0.3844558176898942
O=C1CCc2c(cccc2C(=O)Nc2ccc3c(c2F)CCNC3)N1,0.6698858857814811
O=C1NCC[C@@H]2CN(C(=O)c3ccc(-c4ccco4)s3)C[C@H]12,0.0005899361599388455
O=C1NCC2CCC1N2c1cccc(Cn2ccnc2)c1,0.0005920458218181831
OC(CN1C[C@@H]2CN[C@@H](C2)C1)c1ccc(Br)cc1F,0.0003842775502256055
C[C@@H]1C[C@H]1C(=O)N1CC2(C1)C(C)(-c1cn(-c3ccccc3F)nn1)CCC2=O,0.000377733956700332
C[C@H](CNC(=O)c1ccc2occc2n1)NC(=O)C1(C#N)CCC1,0.6533161399882871
C1CC2(C1)CC21CCOC2CN1CCCC1C1CCOCC1,0.0
CC(=O)CCCC(=O)N1CCN(C(=O)c2ccno2)CCC1C,0.00021732227244342924
CC(=O)N1C2CCC1CN(C(=O)C1(C3CCCO3)CC1)CC2,0.0005357102181353987
CC(C(=O)N1C[C@H]2C(=O)OC[C@H]2C1)N1CCCC(N(C)C)CC1,0.00028335612253975836
CC(C)(C#N)CC(=O)N1CC(CNC(=O)C2CCS(=O)(=O)CC2)C1,0.24221255943286044
CC(C)(O)CC(=O)N1CCC2(C1)CN(C(=O)C1CCOC1)C2,0.00020918386173996605
CC(C)C1CC(Cc2nc(-c3ccccn3)no2)CCO1,0.0017797038093628121
CC(C)NC(=O)C1CCN(C(=O)Nc2cncc(-c3cn[nH]c3)c2)CC1,0.74810584301506
CC(C)c1cc(NCC2CCC3CC32C(=O)O)nc(-c2ccccn2)n1,0.8769179885337479
CC(C)c1ccc(C(=O)NC[C@@H](C)Nc2cc(C(F)F)ncn2)nc1,0.0005395927327778165
CC(CN(C)C(=O)[C@@H]1CC1(F)F)Nc1ncc2ncncc2n1,0.00043614417567996284
CC(NC(=O)Cc1cc[nH]c1)C1CCCN(C(=O)CCc2ccoc2)C1,0.0011164555200411516
CC(NC(=O)Cc1ccc(C(F)F)cc1)(C(=O)O)c1ccccc1,0.0005621829484568105
CC(NC(=O)N1CCc2cc(Cl)nnc2C1)c1ncno1,0.0003580109718414197
CC(O)C(=O)N1CC2(CC(Nc3cncc(C#N)n3)C2)C1,0.0009234339499507882
CC(c1nncn1C)N1CCN(CCNC(=O)c2ccc(F)cc2)CC1,0.0005376464507270513
CC1(C)C(O)[C@@H]2CCN(Cc3ccc4c(c3)CCCC4)[C@@H]21,0.0005636838351009878
CC1(C)CC(C2CN(C(=O)c3nc4c(s3)CCC4)C2)=NO1,0.0006380137647643545
CC1(C)CN(C(=O)C2(n3cccn3)CCNCC2)C(C)(C)C1O,0.0006645962210551317
CC1(C)CN(C(=O)CO)CC1CNc1nc2cc(Cl)ccc2s1,0.000744000605211498
CC1(C)CN(C(=O)c2cc(N=S3(=O)CCC(C)(C)CC3)ccn2)C1,0.2806461819657419
CC1(C)COCC(CNC(=O)NCc2ccc(OCc3ccccc3)cc2)O1,0.0005447061414553917
CC1(CNC(=O)C2(C3CC3)CCCC2)CCCN1C(=O)c1ccncc1,0.001685832668942036
CC1(F)CC(C(=O)NCC2CCCN(c3nc4cccnc4s3)C2)C1,0.0008052376031801418
CC1(c2cn(CC(=O)N3CCCC3c3nccc(C#N)n3)nn2)CC1,0.0008141186874035804
CC12CC(CCNC(=O)c3cc(-n4cccc4)ccc3Cl)(CO1)C2,0.8078358513524166
CC1CCC(N(C)c2nnc(-c3cc(C#N)on3)n2CC2CC2)CC1,0.8763194898914383
CC1CCOC1CC(=O)NC1(C)CCCN(C(=O)[C@H](C)n2cnnn2)C1,0.00037354471189074054
CC1CCc2cc(C#N)c(NCc3cnc(C(C)C)s3)nc21,0.0016671292877997457
CC1CN(C(=O)C2(F)CC2)CC(C)N(C(=O)CCc2cnoc2)C1,0.0004774971477052686
CCC(=O)N1CCC2(C1)CN(c1nc(C3CC3)ccc1C#N)C2,0.49920291093464864
CCC(CC)C(O)CNC(=O)c1nc(Br)c2ccccn12,0.0004555213637250099
CCC(CO)C(=O)NC[C@H]1C[C@H](NC(=O)c2ccc(Cl)o2)C1,0.00036180480936170376
CCC(O)C(CC)NC(=O)c1cccc(C(=O)N-c2ccc(C#N)cc2)c1,0.0011165656778277802
CCC(F)(F)CC(=O)NC[C@]1(F)C[C@H](Nc2nnc(C(F)F)o2)C1,0.0010410665764456963
CCC1(C)CC(C(=O)N2CC[C@H](NC(=O)c3ccccn3)C2)C1,0.0006026828840726889
CCC1CCN(C(=O)c2nc3ccccc3nc2C)C1C(=O)O,0.0012641325945813324
CCCC1CC(C(=O)N(CC(=O)Nc2cccnc2)c2ccccc2)C1,0.0005179465200509518
CCCN(CCNC(=O)C1SCCc2ccccc21)CC1CCC1,0.000723035496790218
CCCN(CCNC(=O)c1cc(C)oc1C)C(=O)c1ccc(C)cc1F,0.0005071105070086012
CCCc1c(C(=O)Nc2ccn(CC(F)F)n2)nnn1CC,0.0005584206200915946
CCN(C)CCNC(=O)[C@@H]1[C@@H](c2ccccc2)C1(F)F,0.0005055321641436762
CCOC(=O)c1cnc(C(C)C)nc1N1CC(C(=O)N2CCOCC2)C1,0.41897488001866856
CCOc1cc(NC(=O)N2CC3(CC(C(F)F)=NO3)C2)ccc1C,0.0017093249372954471
CCc1[nH]ccc1C(=O)N[C@H]1C[C@@H](CNC(=O)C2CC(C)(C)C2)C1,0.00033061048427468536
CCc1occ(C(F)(F)F)c1CNC(=O)NC1C2CCC1C2,0.00027056355631394606
CCn1ccc(=O)c(NC(=O)Cc2c(C)nn(C)c2Cl)c1,0.0009855252614839856
CN(C(=O)c1ccc(Cl)c2c1OCC2)c1ccc2c(c1)OCCO2,0.667275150130304
CN(C)C1CCN(Cc2ccccc2CNC(=O)C2CCCNC2)C1,0.00040563503083674993
CN(C)c1ccc(CNC(=O)C(N)Cc2cccc(F)c2)cc1F,0.000769802357717209
CN1C[C@@H]2CCN(C(=O)CN3C(=O)c4ccccc4C3=O)[C@@H]2C1(C)C,0.0004682266487478495
CN1CCC(c2cn(-c3ccccc3CNC(=O)[C@H]3CCCN3C)nn2)C1,0.0006377156568166081
CN1CCC2CN(c3ncccc3Br)CC2C1,0.0006647294501276865
CO[C@@H]1CCN(CC(=O)N2CCN(c3ccccc3F)CC2)C1,0.0008004515298122034
CO[C@H]1C[C@@H](NC(=O)NCc2ccccc2-c2cnccn2)C1,0.000542444347417576
COC(=O)C1(CO)CCN(C(=O)Cn2ncc3ccccc32)C1,0.00045217141993951975
COC(=O)C1(OC(=O)Cc2ccc(-n3cccc3)cc2)CCOCC1,0.0006919974124820533
COC(=O)C1N(C(=O)c2ccc3cnnn3c2C)CCC1(C)C,0.13555928617657942
COC(=O)c1cc(CN2CCOc3ccccc3C2)c(C2CC2)o1,0.0008184553197159973
COCC(=O)N1CC2(CCC(CNC(=O)c3c[nH]c4ccccc34)O2)C1,0.18864945226092186
COCC1(CC(=O)N(C)CC(O)c2ccc(Cl)cc2)CC1,0.0008709408879132118
COCCC(=O)N[C@@H]1CCCN(C(=O)c2ccc(OC)cc2C)C1,0.0003215641257550082
COCCC(=O)N1CC(CNC(=O)Cc2ccc3c(c2)COC3)C1,0.00027789233927097293
COCCC(=O)N1CC2(CC2)CC1CNC(=O)c1c(C2CC2)cnn1C,0.0008853336713832556
COCCC(NC(=O)c1ccn2ccnc2c1)C1CC2CCC1C2,0.8068709737684591
COc1ccc(C(C)=O)cc1COC(=O)c1cc(C)nn1C1CC1,0.00045194612003828763
COc1ccc(CN2CC(CNC(=O)Cc3cccc(F)c3)C2)nn1,0.00027207480900746814
COc1ccc2c(c1)CCC(C(=O)NCC13CCC(CC1)C3)C2,0.0010807317561787732
COc1ccc2ncc(Cl)c(N3CCC34COC4)c2c1,0.51145988370287
COc1cccc(C(C)NC(=O)N2CCOC3(CCOCC3)CC2)n1,0.000572267805937931
COc1cccc(N2CCC[C@H]2C(=O)Nc2cn(C)nc2OC2CC2)c1,0.0016020626653553464
COc1cccc(OC)c1COC(=O)c1ccccc1Cl,0.0007810347028540454
COc1ccccc1C(CN(C)C)NC(=O)CCn1ccc(=O)[nH]c1=O,0.0002709605529800879
COc1cncc(C(=O)N2C[C@H](C)[C@H](NC(=O)C3(O)CCSC3)C2)c1,0.1048774873677167
COc1ncccc1C(=O)NS(=O)(=O)c1ccccc1C(C)(F)F,0.00047710900097332095
COc1ncccc1C(F)(F)CNC(=O)C1(F)CCC(=O)CC1,0.00044712219599315497
CS(=O)(=O)c1cccc(CNC(=O)N2CCC[C@@H]3[C@H]2CCCN3)c1,0.00031631133093932624
CSC1(C(=O)N[C@H]2C[C@H](NC(=O)C3CSc4ccccc43)C2)CC1,0.14137631830604055
Cc1c(C(=O)N(C)C2CCCCC2c2nn[nH]n2)c2ccccc2n1C,0.0008685635435995791
Cc1cc(C(=O)N2CCC(Nc3nccc(C#N)n3)C(C)C2)ccc1F,0.001425230669734279
Cc1cc(C(=O)NC(C)C2CCCN(C(=O)C3(F)CC3)C2)ncc1N,0.0006515182830978636
Cc1cc(C(=O)NC2(C)CCN(C(=O)[C@H]3C[C@H](N(C)C)C3)CC2)ncn1,0.31834631299520283
Cc1cc(C(=O)NCc2cc(F)ccc2C(F)(F)F)c(C)nN1,0.0
Cc1cc(C)c2nc(NC3(CNC(=O)CCC4CCC4)COC3)sc2c1,0.0019204364089661114
Cc1cc(C)nc(N2CCN(C(=O)c3ncccn3)C[C@@H]2C)n1,0.0004999515516111924
Cc1cc(COC(=O)c2ccc(CC3CCCOC3)cc2)nN1C,0.0006866618602304383
Cc1cc(N)ncc1C(=O)NCC1CCCC1NC(=O)C1(C)CCC1,0.0012573567539493644
Cc1cc(N2C[C@@H](F)C[C@H]2CNC(=O)C2CC2)ncn1,0.0007979603458206919
Cc1cc(N2CCN(C(=O)c3cc(C)ccc3O)C[C@H]2C)ncc1C#N,0.7791920685623558
Cc1cc(Cl)ccc1N1CCC(OC(=O)[C@@H]2CCC(=O)O2)C1=O,0.0010469138955826462
Cc1ccc(-c2n[nH]cc2CNCC2CCS2(=O)=O)cc1,0.0006304096394547931
Cc1ccc(C(=O)NC(C)CN(C)c2ncc(F)cn2)c2c1CCC2,0.0009886323953622524
Cc1ccc(NC(=O)N2CCCc3ccncc32)c(F)c1,0.0007273435896053321
Cc1ccc(SC2CCN(C(=O)[C@@H]3C[C@H](C)N(C)C3)C2)cc1C,0.0008610774204680482
Cc1cccc(C2(CNC(=O)NCC3CS(=O)(=O)C3)CCCC2)c1C,0.0006486769746096133
Cc1cccc2cc(C(=O)N3C(C)CC4CCCCC4C3=O)ncc12,0.0010280042599952602
Cc1ccnn1CC(=O)N1CCCC(NC(=O)CCC3CCOC3)CC1,0.0004995979327885971
Cc1cnc(C(=O)N[C@@H](C)C2CCN(CC3CCCOC3)CC2)c(C)c1,0.21002366387758176
Cc1cnc(CNC(=O)c2ccc3c(c2)OCCCO3)cn1,0.000544054405101943
Cc1cnc(N(C)C2CCN(C(=O)C3CCC(C)C3)CC2)s1,0.0007037077812954727
Cc1cnc(N2CCC[C@@H](NC(=O)C3CCC(=O)N(C4CC4)C3)C2)nc1,0.36221891316936305
Cc1cocc1C(=O)N1CCN(C(=O)C2CCC2F)CC12CCC2,0.0009400090908972459
Cc1csc(CC(=O)N2CCN(c3nccc(CC#N)n3)[C@H](C)C2)c1,0.001292346316185348
Cc1nnc([C@@H]2CCCN2C(=O)NCc2conc2C2CC2)o1,0.1348612145066939
Cc1nsc(N(C)C(CNC(=O)Cn2cccn2)CC(C)C)c1C#N,0.0015738320249269256
Cn1c(Cl)cnc1C(=O)NCC1(O)CN(Cc2ccccc2F)C1,0.000462377864641947
Cn1ncc2cc(C#N)cc(C(=O)N3CCCC4COCCC43)c21,0.0015670940907884221
N#Cc1ccc(NC2CCC(NC(=O)C3(O)CCC3)CC2)c(Cl)c1,0.5965009115204923
N#Cc1ccc(Cl)c(-c2nnc(CCC3(N)CCCC3)o2)c1,0.0019347487779033036
N#Cc1cncc(N[C@@H]2CCN(C(=O)c3nc4c(s3)CCCC4)C2)n1,0.0014433606592796921
NC(=O)c1cc(N[C@@H]2CCN(C(=O)c3cccc(Cl)c3)C2)ncn1,0.4287809516716037
NC(=O)c1cc(F)ccc1N1CCC(NCC(F)C2CCOCC2)C1,0.0009467656585423384
Nc1cnn(CC2CCCN(C(=O)c3[nH]ncc3C(F)(F)F)C2)c1,0.0011121178031924576
O=C(CC1CCN(C(=O)c2cnco2)CC1)c1ccc2c(c1)CCO2,0.0004476713034524508
O=C(CCn1cccn1)N[C@H]1CCCCN(c2cc(Cl)ncn2)C1,0.0012330396263684719
O=C(Cc1ncc[nH]1)Nc1ccc(N=S(C)(=O)C2CCOC2)cc1,0.001227825420209628
O=C(N1CCCCC12CCN(c1ncncc1Cl)C2)C1(CF)CC1,0.0015846285118637706
O=C(NC[C@@H]1C[C@H]1c1ccco1)NC[C@@]12COC[C@@H]1C2(F)F,0.00033636392762687305
O=C(NC[C@@H]1CCCCN1C(=O)CC(F)(F)F)c1cccc2cc[nH]c12,0.0005267369309905274
O=C(NC1c2ccccc2OC12CCCC2)c1ccnn1C(F)(F)F,0.0005963383548323241
O=C(NCc1ccccc1F)c1cn(CCCF)nn1,0.00047620181318749883
O=C(Nc1cncc(C(F)F)c1)c1cncc(Br)c1,0.39631057032263367
O=C(Nc1cnn(Cc2cccnc2)c1)N1CCC(F)CC12CC2,0.0011980234479359658
O=C(O)c1ncoc1CCC(=O)N1CCC(c2nnc[nH]2)CC1,0.00028295760562627815
O=C1Cc2ccc(C(=O)N3CCc4cccc(Cl)c4C3)cc21,0.0007154223956604279
O=C1NC2CCCCC2C12CCN(CCOC1CCOCC1)CC1,0.0
C[C@@H](CNC(=O)c1ccnc2ccsc12)NC(=O)C1(C2CCC2)CC1,0.0017019940829268478
C[C@@H](Cn1cc(C=Cc2ccc(C#N)cc2)nn1)NC(=O)[C@@H]1COC(=O)N1,0.0011964053577279048
C[C@@H]1C[C@H]1C(=O)N(C)Cc1ccccc1CNC(=O)c1cscn1,0.00040003461567963673
C[C@@H]1OCCN(Cc2nc(-c3ccc(Cl)cc3)no2)[C@H]1C(=O)N(C)C,0.0006475039021490406
CC[C@@H]1CN(C(=O)c2ccc3c(c2)CC3)C[C@@H]1NC(=O)C1(OC)CC1,0.00064771885591819
CC(=O)Nc1cccc(C(=O)N2CCN3C(=O)OCCC3C2)c1F,0.0005642129850569754
CC(=O)c1c[nH]c(C(=O)N(C)CCN(C)C(=O)C2(CF)CCC2)c1,0.0003552023975727466
CC(C(=O)N1CC2(CC(NC(=O)C3CC3)C2)C1)c1cccc(F)c1,0.00036679118738584045
CC(C(=O)OCC1CC2(C1)C(F)(F)C21CCOCC1)n1cccn1,0.0017020422478519145
CC(C)(C)C(=O)N1CCCOC(CNC(=O)CC2CCCCC2(C)C)C1,0.0004162423779557126
CC(C)(C)C(C(=O)Nc1nc2ccsc2s1)n1cc([C@@H](O)C2)nn1,0.0
CC(C)(C)OC(=O)N1CC2(CC(Nc3ccc(C#N)nn3)C2)C1,0.5701693315634606
CC(C)(CC(=O)N1CCCC(c2ncc[nH]2)C1)C(=O)c1ccc(F)cc1,0.4501947648991118
CC(C)(F)C(=O)NCC1(NC(=O)c2cnc3ccc(F)cc3c2)CCC1,0.0006481500233720698
CC(C)C(F)(F)COC(=O)c1ccnc(C2CC2)n1,0.0008662344549915591
CC(C)OCC(=O)N1CC(CC(=O)O)c2ccccc2C1,0.0004220349083067378
CC(C)c1cccc(COC(=O)c2cc3c(nn2)CCOC3)c1,0.00044067564433362673
CC(C)c1conc1C(=O)N1CCN(C(C)c2nccs2)CC1,0.000666826738883629
CC(CC(=O)N[C@H]1[C@@H]2CN(C(=O)[C@H]3CNC(=O)N3)C[C@@H]21)c1ccccc1F,0.0002885116439907373
CC(CCNC(=O)CNC(=O)CC(C)(C)C)Nc1cccc(C#N)n1,0.0010024100427276045
CC(NC(=O)Cc1ccon1)C1CCN(c2ccc(C#N)cn2)C1,0.0010653406906172742
CC(O)COc1ccccc1CNC(=O)N1CCC2(C1)CC2(F)F,0.0006737661064221023
CC1(C(=O)N(C2CC2)C2(C(=O)O)CCC2)CCn2ccnc2C1,0.0009743320141136675
CC1(C)OCC2CNCC21C(=O)NC1CCCc2ccccc2C1,0.0005175418577305682
CC1(CO)CCCN(c2ccc(-c3csnn3)cn2)C1,0.0006087792673680501
CC1(NC(=O)C(F)C2CCOC2)CCN(C(=O)C2COC(=O)C2)CC1,0.00027331304569128676
CC1(c2cc(C(=O)NC3CN(C(=O)c4c[nH]nc4N)CC3(C)C)[nH]n2)CC1,0.30006000364460933
CC1=NC(C(=O)N(C)C(CNC(=O)Cc2cn[nH]c2)C2CC2)CS1,0.00028517916621013673
CC1CC1N1CC(Nc2ccc(C(F)(F)F)c(C#N)c2)CC1=O,0.0012522508821084175
CC1CC2CC2CC1C(=O)N1CCCC(CNC(=O)c2ccoc2)C1,0.001628352399900298
CC1CN(c2ccc(C(F)(F)F)c(C#N)n2)Cc2c[nH]nc21,0.0008864972277603558
CCC(C)(O)c1cn(CCC(=O)N2Cc3cccnc3C2)nn1,0.00037584486323069614
CCC(F)(F)CC(=O)NC1CCC2CN(C(=O)CC#N)CC21,0.42730386982550755
CCC1(C(=O)N2CCCC2CNc2ncnc3c2ncn3C)CC1,0.0014834840412648448
CCC1(C(=O)NCC2C3CCCCC3C2OC)CCCCN1,0.0009157622925074615
CCC1(CC)C(NC(=O)c2cc[nH]c2C2CC2)CC1OC,0.000811714202342312
CCCC(C)CC(=O)N1CC2(CC(Nc3cc4nncn4cn3)C2)C1,0.6888450063093415
CCCCC(=O)NCC1CCN(C(=O)C23CC(C(=O)OC)(C2)C3)C12CC2,0.0010006914790695652
CCCN(C(=O)[C@H]1C[C@@H]1C)C1CCN(C(=O)c2ccoc2Cl)CC1,0.22054513681782043
CCCn1cc(C(=O)N(CC)C2CCN(c3nnc(C)s3)C2)nn1,0.0009872059059169095
CCN(C(=O)C1CC(c2ccccc2)=NO1)C1CCN(c2ccccc2)C1,0.0017011047683092662
CCN(CC(=O)N1CC[C@H](OC(F)F)[C@H]1[C@@H](C)C(=O)OC)c1ccccc1,0.000966989849152317
CCN(CCNC(=O)c1cc[nH]c1)C(=O)C12CCCCC1C2,0.0010437910073164333
CCN1CC2(C1)CN(C(=O)c1cccc(-n3cnc(C)n3)c1)CCO2,0.0006080947629518415
CCN1CCN(C(=O)NC(CC(=O)OC(C)C)C(C)(C)C)CC1=O,0.2115080916644766
CCN1CCN(S(=O)(=O)c2cccc(OC)c2C#N)c2ccccc21,0.0015196426404763845
CCNC(=O)C(C)(C)NC(=O)NC1CCc2c(Cl)ccc(C)c21,0.0006740816867786203
CCOC(=O)[C@H]1CC[C@H](Nc2ccc(C3CCC(=O)N3)cc2)CC1,0.0015797472039784193
CCOC(=O)c1ncc(CSc2nnc(NC(C)(C)C)s2)o1,0.0007052712099922082
CCc1c(C(=O)Nc2cc(O)n(C)n2)nnn1CC1CCC1,0.0006877089704583279
CCc1occc1C(=O)NCC1CCC(NC(=O)C(OC)C2CC2)C1,0.0006240285984178427
CCn1cc(CN(C)C(=O)C2CC(c3cccc(OC)c3)=NO2)nn1,0.0005163349327778262
CN(C)CCOc1cc(CNC(=O)Nc2cn(C)nc2C2CC2)ccn1,0.0012373797029204305
CN(C)c1ccncc1C(=O)Nc1ccccc1OC(CC#N)C(F)F,0.7764084290500528
CN(CC1(O)CCOCC1)C1CCC2(CC1)OCCO2,0.00042665144006951225
CN(c1ccccc1CC(=O)(C1CC1)C1CC1)C1(CO)CCC1,0.0
CN1C(=O)CC[C@@H]1C(=O)NCC1(C2CCC2)CCNCC1,0.0004881913758708219
CN1CCC[C@H]1C(=O)NCc1cccc(C2(C)CCOC(C)(C)C2)c1,0.0007959910947456866
CNC(=O)C(CC(C)C)NC(=O)C1Nc2ccccc2C1(C)C,0.0005993424371084374
CNC(=O)C(Cc1nccc2ccccc12)NC(C)(C)C(C)OC,0.0005291553179469899
CNC(=O)CCC(=O)N1CCCCC1CNC(=O)C(C)c1ccco1,0.0003525834896365459
CNC(=O)c1cc(C)nc(NCc2ccc(Cl)cc2OC)n1,0.000550847324891576
CNc1ccc(C(=O)N2CC(F)((F)CC2C(=O)OC)cc1,0.0
COC(=O)C1(NC[C@H](O)CN2CCCC2=O)CCC(F)(F)CC1,0.0003548388946579748
COC(=O)C1CCCC(C(=O)Nc2ccc(NC(=O)C3CC3C)cc2)C1,0.0007571778041281934
COC(=O)COc1ccc(CNC[C@]2(S(C)(=O)=O)C[C@@H]2C)cc1,0.00041483133807016843
COC(=O)c1csc(CC(=O)N(CCO)C2CCOC2C)c1,0.00033440851602328727
COC(C)C(=O)N[C@@H](C)C1CCN(Cc2cc(C(C)(C)C)on2)CC1,0.000745453940728949
COCC(=O)N1CCC(N2CC(C)(c3cccc(C)c3)C2)CC1,0.000480796148020273
COCC1CC(NC(=O)C23COC(C2)(c2nn[nH]n2)C3)C1,0.0002556963147082123
COCCC(=O)N1CCCN(C(=O)c2cc3c([nH]2)CCCC3=O)CC1,0.00039095420912030717
COCc1ocnc1CN1CCc2cc(C(=O)OC)c(C(C)C)cc2C1,0.0006008290139869861
COc1ccc(C2(C(=O)N(C)CC(=O)NC3CC(C4CCC4)C3)CC2)cc1,0.28006560058817237
COc1ccc(NC(=O)CN(C)C(=O)C2(C(C)C)CC2)cc1OC,0.0006460109272030058
COc1ccc2c(c1)C(CCNC(=O)C1CCC2(CC1)CC(=O)O,0.0
COc1cccc(C(C)NC(=O)c2ccc(OC3CC3(F)F)cc2)n1,0.0011470120699190668
COc1cccc(CN(C)C(=O)c2ccccc2O)c1OC,0.0008083506762131589
COc1cccc(N2CCCN(C(=O)c3cccc(CC#N)c3)CC2)c1,0.8584669003472968
COc1cccc(F)c1CN1C[C@@]2(C)C[C@@]2(CO)C1,0.0003768023621706532
COc1ccccc1-c1ccc(C(=O)O[C@H]2C[C@H]1C(F)F)nn1,0.0
COc1ccccc1NC1CC2CCC1(C(=O)O)C2(F)F,0.001423697380105007
COc1cncc(S(=O)(=O)N[C@@H](C)c2nccnc2C)c1,0.0003697628847910444
Cc1[nH]ccc1C(=O)N1CCN(C(=O)c2cc(O)nn2C)[C@@H](C(C)C)C1,0.18321571149435073
Cc1c(NC(=O)C(F)(F)F)cc(-c2nn[nH]n2)cc1OC(F)F,0.0014355254940182777
Cc1cc(=O)[nH]cc1C(=O)N1CCCC(C2CC2NC(=O)[C@H](C)O)C1,0.13284716074606848
Cc1cc(C#N)nc(N2CCCC[C@H](NC(=O)C(F)(F)CC(C)C)C2)n1,0.0016391702183779322
Cc1cc(C(=O)N(C)C[C@H]2CCCN2C(=O)CC2(C#N)CC2)ccn1,0.48712712690412824
Cc1cc(C(=O)NC2(CN(C)C)CCC2)nc2ccccc12,0.306937738394943
Cc1cc(C)c(C#N)c(N2C[C@@H]3CC[C@@H]2[C@@H](O)[C@H]3C(F)(F)F)n1,0.0013183075613317395
Cc1cc(C)c(CNC(=O)N(C)CC(=O)N2CCCC2)cn1,0.00029779404666009575
Cc1ccc(C(=O)N(C)CCNC(=O)c2cccc3c2NC(=O)CO3)cc1,0.5308637924828841
Cc1ccc(C)c(-n2ccnc2SNC(=O)[C@]23CNC[C@H]2CCOC3)c1,0.2578193237327711
Cc1ccccc1-c1ncc(C(=O)NC2CCS(=O)C2)cn1,0.001180462199799693
Cc1ccccc1CC(C)C(=O)NC(C)CN(C)c1ncc(Cl)cn1,0.0013583618883795901
Cc1cnc(N(C)CCN(C)C(=O)c2nc4c(s2)CCCC3)nc1C,0.0
Cc1cnc2c(c1)N(C(=O)c1cccc(C(=O)N(C)C)n1)CC2(C)C,0.33669529636330275
Cc1cncc(COC(=O)C(C)(C)NS(C)(=O)=O)c1,0.0003800444334837216
Cc1coc(-c2ccc(F)cc2NC(=O)[C@@H]2C[C@H]2CC(=O)CN)n1,0.0014812766257627304
Cc1csc(C)c1S(=O)(=O)Nc1ccc2c(c1)CC(=O)N2C,0.0006621435361376551
Cc1n[nH]nc1C(=O)N1CCC(c2cc(=O)[nH]c(=O)[nH]2)CC1,0.0002800708300183169
Cc1nccn1CCCN(C)C(=O)NCc1nc(C#N)cs1,0.0013130313572403635
Cc1noc(-c2ccc(CNC(=O)NC(C#N)C3CCOCC3)cc2)n1,0.001605866017531133
Cn1ccc(CC(=O)NCC2(O)CCN(C(=O)c3cc[nH]n3)C2)n1,0.0002221571552068628
Cn1ccc2ccc(NC(=O)CS(=O)(=O)CC3CCCO3)cc21,0.0012794339279816238
Cn1ccc2ccnc(C(=O)NC[C@H]3C[C@@H](NC(=O)C4(C#N)CC4)C3)c21,0.0013911717648998582
Cn1cccc1C(=O)N1CCC(C)(NC(=O)c2cc3n(n2)CCC3)CC1,0.0007400362439575933
Cn1nc(N)cc1C(=O)NC1CC2CCC1N(C(=O)c1ccco1)C2,0.2900786288708046
N#CCc1ccc(S(=O)(=O)Nc2cccc(C#N)n2)c(F)c1,0.0006064578938028483
N#Cc1ccc(NC(=O)c2ccc(=O)[nH]n2)cc1Cl,0.28298152180312486
N#Cc1ccsc1C(=O)N1C2CCC1CN(C(=O)C(F)C1CCC1)C2,0.6079521823515883
N[C@H]1CC[C@H](NC(=O)c2ccc(NS(=O)(=O)C(F)F)cc2F)CC1,0.0006955455298064489
O=C(C1CCC(O)(c2ccccc2)C1)N1CC2CCC(C2)C1,0.00044514659827216927
O=C(CCOc1ccc(F)c(F)c1)NCC1(OCCO)CCOCC1,0.00045371741977767385
O=C(Cc1ccc2c(c1)OCCCO2)N1CC2(CCCNC2)C1,0.0005991231241361792
O=C(Cc1ccoc1)NC[C@@]1(CNC(=O)C2Cc3ccccc3C2)CC1,0.0003682407088999486
O=C(Cc1ccon1)N1CCOc2c(Br)cccc2C1,0.0005695013880386825
O=C(N[C@H]1C[C@@H](NC(=O)C(F)C(F)(F)F)C1)c1cncc(Cl)c1O,0.0004703378612719145
O=C(NC1CCN(Cc2sncc2Br)C1)c1ccco1,0.0004476653657424482
O=C(NC1CCn2ccnc2C1)c1c(O)cccc1Cl,0.00045531003376713845
O=C(NCC(C1CC1)N(C(=O)c1ccc[nH]1)C1CC1)c1ccc(CO)o1,0.1679756587987728
O=C(O)c1cncc(NC(=O)c2cc(F)ccc2C(F)(F)F)n1,0.336050546814048
O=C1CC2(CC2)C(C(=O)N[C@H]2C[C@H](NC(=O)CC3CSC3)C2)C1,0.07797472518471939
O=C1CCCc2occ(C(=O)NC3CC(O)c4ccccc43)c21,0.2426686580679293
O=C1CCN(Cc2ccccc2C2CC2)C(=O)C(CC2CC2)N1,0.0003983438437458876
O=C1NCc2ccnc(N3CCN(Cc4cc[nH]c(=O)c4)CC3)c21,0.00021514525180569769
O=S(=O)(NC1Cc2ccccc2NC1)c1ccsc1C(F)(F)F,0.0007721341525134768
O=S(=O)(c1c[nH]c2ccccc12)N1CCN(C2=NCCCN2)CC1,0.0009858022425340276
O=c1c2c((ncn1CC1CC1)CN1CCC[C@H]1c1ccon1,0.0
C[C@@H](C(=O)N(C)C1CCN(C(=O)C2CC(=O)C2)CC1)n1cnnn1,0.00021105399959676436
C[C@@H]1CC[C@H](C(=O)NS(=O)(=O)Cc2ccccc2Cl)O1,0.0004841635468704255
C[C@H]1CN(c2nccc(CC#N)n2)C[C@H]1NC(=O)c1cc2n(n1)CC(F)C2,0.26607343348780177
CC(=O)N1C[C@@H]2C[C@H]1CN2CCSc1c(C#N)cccc1C#N,0.0007240838222536331
CC(C)[C@@H](O)C(=O)NC1CCC(O)(C(F)(F)F)CC1,0.0005271936503171088
CC(C)(F)C(=O)NC1CCN(C(=O)C(C)(C)n2cnnn2)C1(C)C,0.17466686778088988
CC(C)NS(=O)(=O)c1cccc(C(=O)NCC(C)c2ccco2)c1,0.0005592673554545151
CC(C)c1[nH]ccc1C(=O)NC1CC(CNC(=O)c2cccnn2)C1,0.22753622511298954
CC(C)c1cc(C(=O)N2CC(NC(=O)CC(C)(O)C3CC3)C2)nn1C,0.00035921390636905397
CC(CNC(=O)Cc1ccn[nH]1)NC(=O)c1cccc2c1OCC2,0.00027561427988120635
CC(CNC(=O)c1cccnc1N1CCOCC1)N(C)c1ccncn1,0.25670626099651056
CC(NC(=O)Cc1cnco1)C1(O)CN(c2nccc(C#N)n2)C1,0.000590734002236222
CC(Nc1cc(CC2CC2)ncn1)C1CCN(C(=O)C[C@H]2CCOC2)C1,0.0010224925696280024
CC(O)C(C)CNc1cnc(-c2ccccc2)c(C#N)n1,0.761861728115019
CC(Oc1cccc(Cl)c1)C(=O)Nc1nnc2n1CCCC2,0.0006053029952497005
CC(F)C1CCCN1C(=O)NCC1(c2ccccc2)CCCO1,0.0005526061023036757
CC1(C)CCN(C(=O)c2ccno2)CC1NC(=O)C(O)c1cccnc1,0.000332957932472633
CC1(CNCc2cccnc2C2CC2)CC2(C1)OCCO2,0.00036595882215210344
CC1(NC(=O)CC(O)C2CC2)CN(c2ccn3nccc3n2)C1,0.0006925550451496549
CC1(F)CN(C(=O)c2ccc(-c3ccco3)s2)CC1C(=O)O,0.5187105162828273
CC1CC(C(=O)NC(C)(C)C2CC2)CCC1NC(=O)c1ccccc1F,0.00036931967413128243
CC1CC(NS(=O)(=O)c2ccc(Br)cn2)c2ccccc21,0.0004800573959934655
CC1CC(Nc2ncccn2)CN1C(=O)c1ccc(F)c(F)c1,0.001089007749877108
CC1CCCc2nc(=NC(=O)CC(F)(F)CC(=O)O)sc21,0.0
CC1CCN(C(=O)[C@H]2CC2(C)C)C1CNC(=O)CCC(C)(C)F,0.0004580043703744517
CC1CCN(C(=O)c2ccc(C#N)[nH]2)C1CNC(=O)Cc1ccn[nH]1,0.0005538508691412045
CC1CCN(C(=O)c2ncnc(Cl)c2F)CC1NC(=O)CO,0.0003643185671581234
CC1CN(C(=O)C2Cc3cccc3S2(=O)=O)CC2(CCOC2)O1,0.0
CC1CN(C(=O)c2cccc3c2N(C)C(=O)CS3)C2(CC2)C#N,0.0
CC1OCCC1CS(=O)(=O)NC1CCC2(CCCC2)C1,0.4035317468846028
CCC(=O)N1C[C@@H]2CN(C(=O)c3ccc(N)cn3)C[C@@H]2C1,0.00048392101306954247
CCC(=O)NCC(=O)N1CC[C@@H](NC(=O)C2CC2(F)F)C1,0.08906699631267084
CCC(=O)OC1CN(Cc2c(F)cccc2Cl)C1,0.0005369706199998823
CCC(C)(CNC(=O)c1ccc(Br)o1)C(C)(C)O,0.0005089304647353988
CCC(C)(O)C(=O)N1CC(CNc2ncnc3onc(C)c23)C(C)(C)C1,0.5151077129578006
CCC(CNC(=O)c1csnc1C)NC(=O)c1sccc1C#N,0.0009031004246195437
CCC(Cc1ccccc1)N(CC1CN(C)CCO1)CC1=NCCO1,0.000886289979825683
CCC(O)C(F)(F)C(=O)NC1CCN(C(=O)c2ccco2)C12CCC2,0.0005141276350784261
CCC1(C(=O)N2C3CCC2CN(c2ncc4ccccc4n2)CC3)CC1,0.0018932908975259372
CCCC(=O)NCC1(C)CCCN1c1ncc2ccccc2n1,0.001598778181975022
CCCC(O)CN(C)C(=O)c1cccc(S(N)(=O)=O)c1Cl,0.0003171431948688615
CCCC1C(=O)NCCN1Cc1n[nH]c(c2cccc(Cl)c2)n1,0.0009905724463074898
CCCN(C(=O)C1(CN)CCC1)C1CCc2ccccc21,0.0004913715363330911
CCCN(CCNC(=O)[C@H](C)n1cnnn1)c1cc(=O)[nH]c(=O)n1C,0.000503862384365188
CCN(C)CCc1cn([C@@H]2CON(C(=O)COC3CC3)C2)nn1,0.0001929578747059477
CCN(CC(F)(F)F)C(=O)CN1CCCc2ccc(Cl)cc21,0.0010435369707101662
CCN(CC)C(=O)COC(=O)c1n[nH]c2c1COC2(C)C,0.00033609511291684304
CCN(CCNC(=O)c1c(N)c2ccccc2n1C)C(=O)C1(OC)CC1,0.4905991308729791
CCN(CCNC(=O)c1ccnc(C)c1)CCN1CCNC1=O,0.1670096247524058
CCNC(=O)c1ccc(NC2(c3cccc(OC)c3)CC2)nc1,0.0007728394587727473
CCNc1cccnc1C(=O)N[C@H]1[C@@H]2CN(C(=O)c3nc(CC)n[nH]3)C[C@@H]21,0.0005619256880191214
CCOC(=O)C1(F)CCCN(C(=O)Nc2c(C)cccc2C#N)C1,0.001742215044026809
CCOC1CC(CN(C)C2CCCN(C(=O)c3ccccc3OC)C2)C1,0.0009019613760176605
CCOC1CC1C(=O)N1CCN(c2cccc3cc[nH]c23)C(C)C1,0.0013679587965406406
CCOCC(=O)N1CC(Cc2cn([C@H]3C[C@H](O)CC3=O)nn2)C1,0.0002181880882333069
CCOCc1nc(C)cc(N2CCN([C@@H]3C[C@@H]4CC[C@H]3C4)CC2)n1,0.0016120055607712193
CCOc1ccc(C(C)NC(=O)NCC2CC3(C2)CC3(F)F)cc1,0.0008312917547528218
CCOc1cccc(C(=O)c2cn(CC(=O)C3C4CCCC43)nn2)c1,0.00033987127656826487
CCc1ccc(C(=O)N2CCC(CCN(C)c3ccccc3)CC2)[nH]1,0.9055103046929333
CCc1ccc(O)c(C(=O)N(C)Cc2ncn(C)n2)c1,0.0005288463149570352
CCc1cnoc1C(=O)N1CC(NC(=O)c2cc(C(=O)OC)c[nH]2)C1,0.17608568345335343
CCc1nc(C)c(C(=O)N(CCOC)c2ccccn2)s1,0.0005363822252936509
CCn1ncc(C(=O)N(C)CC(O)CN(C)C(=O)c2cc(C#N)c[nH]2)n1,0.0005145672769365266
CN(C)C(=O)OC1CN(C(=O)c2cnn3c(N)ccnc23)C1,0.0003980608780673775
CN(C)CCn1cc(C(=O)NC2(C)CN(C(=O)CC3(C#N)CC3)C2)nn1,0.0005352452162547968
CN1CC(C(=O)N2CCC2CNC(=O)c2csnn2)CC1=O,0.00022627547885809964
CN1CCC[C@@H](N(C)C(=O)CCc2c(Cl)cc(Cl)cc2Cl)C1,0.0009323352634823661
CN1CCN(S(=O)(=O)c2ccc(C(N)=O)c(Cl)c2)C(C)(C)C1,0.00038890266791489494
CN1CCN(c2cc(OC(F)F)ccn2)C(CNC(=O)C[C@H]2CC[C@@H]2c2c[nH]cn2)C1,0.0008311857390326051
CN1CCc2ccc(-c3ccccc3CC(=O)O)cc2CC1,0.0007099389683388648
COC(=O)c1cc2cc(C(=O)N(C)C(C)C(F)(F)F)sc2[nH]1,0.41896691343613174
COC(=O)c1cccc(C2(CNC(=O)N[C@@H]3COC[C@H]3C)CC2)c1,0.0005931994612527474
COC(C(=O)N1CC(C(C)Nc2nc(C#N)ncc2Cl)C1)C(C)C,0.6453718169834668
COc1cc([C@@H]2C[C@H]2C(=O)NCc2cc(=O)cc[nH]2)c(OC)cc1C,0.00041627051520728634
COc1cc(C(=O)NC2CN(C(=O)c3c(C)ncn3C)C2)ccc1C#N,0.5374610873244529
COc1cc(Cl)ccc1-c1ccc2c(c1)N(CCC1COC1)CCO2,0.9061206705598867
COc1ccc(-c2cnc(CCC(=O)NC3CCC3)o2)c(C)c1,0.000918171823951793
COc1ccc(C(=O)N2CCN(C)CC2CNC(=O)[C@@H]2C[C@H]2C)c(F)c1,0.0003453292538671136
COc1cccc(-c2nc(C(=O)NCC3CC34CCNCC4)c(C)[nH]2)c1,0.7354133506846672
COc1cccc(C(=O)N2CCN(c3cnn(C)c3)C[C@H]2C)c1F,0.0015175784219740411
COc1nccc(NC(=O)N2CCCCc3ccccc3C2)n1,0.0010937338705734833
Cc1cc(C(=O)N2CCN(c3cncnc3)CC2)ns1,0.000640076079516079
Cc1cc(C(=O)NC2(CF)CCN(C(=O)c3ccsc3)C2)ccn1,0.00045492958280775016
Cc1cc(C)cc(COC(=O)C2Cc3ccccc3O2)c1,0.000502453679900181
Cc1cc(CC(=O)Nc2cnc(C#N)c(Cl)c2)c(C)s1,0.0018410362223305668
Cc1cc(COC(=O)c2ccc(N3CCCNC3=O)cc2Cl)n(C)n1,0.7127319765507367
Cc1ccc(-c2cccc(C(=O)N(C)CCc3ncc(C)s3)n2)cn1,0.0012683909593289614
Cc1ccc(C(=O)N2C[C@H]3[C@H](NC(=O)c4ccnnc4)[C@H]3C2)nc1C,0.2180450986214888
Cc1ccc(C)c(OC(C)C(=O)OC[C@@H]2C[C@H]3COC[C@H]3O2)c1,0.0005432352030715809
Cc1ccc(CCC(=O)NC(C)C2CCCN(c3ccc(C)nn3)C2)o1,0.00148608324303109
Cc1ccc(S(=O)(=O)NC2(c3nncn3C)CCNC2)c(Cl)c1,0.00037539738790542693
Cc1cccc(C(=O)N2CCC(Nc3cccc(C#N)c3)CC2C)n1,0.0018461899174785227
Cc1cccc(C(=O)NC2CN(C(=O)Cc3ccccc3CO)CC2C)n1,0.0003211027975932293
Cc1ccccc1-c1ccc(CNCC2CC3CCC(C2)N3)c(=O)[nH]1,0.0015534164479038826
Cc1ccccc1C(C)CC(=O)NC(C)c1ncc(C(=O)O)c(=O)[nH]1,0.0005366575975488151
Cc1ccncc1C(=O)N1CCC2(CC1)CN(CCO)CCO2,0.000339179965568045
Cc1cnc(N(C)S(=O)(=O)c2c(C)cc(Cl)cc2C)cn1,0.0006334186048815365
Cc1cnc(NC[C@H]2C[C@H](NC(=O)c3coc4c3NCCC4)C2)nc1,0.0015521945593784292
Cc1cncc(CCNC(=O)N2CCC2(C)c2ccc(F)cc2F)n1,0.0005019031216400271
Cc1coc(C(=O)NC2CC3(C2)CN(C(=O)C(C)(C)CN(C)C)C3)c1,0.0003891790525823177
Cc1n[nH]c2c1CN(C(=O)c1cc3c(o1)CCCN(C)C3=O)CC2,0.00040482757490290633
Cc1nc(C(=O)NC2CCC(F)(F)C(C(=O)O)C2)ccc1C#N,0.2691330059832545
Cc1nc(C(=O)NCC2CCN2C(=O)C2(C#N)CC2(C)C)c(C)s1,0.0009926105884833075
Cc1nc(C)c(-c2ccc(O)c(Br)c2)cn1,0.0011386669197392546
Cc1nc(C)c(F)c(NC[C@]2(F)C[C@H](CNC(=O)c3ccn(C)c3)C2)n1,0.2728877615382279
Cc1nc(CN)ccc1C(=O)NC(C)c1cccc2c1OCC2,0.0005250662547259546
Cc1nc2ccccc2cc1C(C)NS(=O)(=O)NCC1CC1,0.36407257310790625
Cc1ncc(C)c(N(C)CC2CCN(C(=O)c3cc(C)nc(C)c3)C2)n1,0.5133307032987194
Cc1nccn1-c1ccnc(C(=O)NCC2(C)CC2(F)F)c1,0.27336687664484954
Cc1ncnc(N[C@@H]2CCN(C(=O)c3cc(C(F)(F)F)n[nH]3)C2)c1C,0.0007640347467271294
Cc1nsc(N2CC(OC3CCN(C(=O)C(C)CF)CC3)C2)c1C#N,0.0015491062702677348
Cn1ccnc1C(=O)NCc1ccc(C(=O)N2CCNCC2)nc1,0.0003567689751086653
Cn1nc(C2CC2)nc1C(=O)Nc1cc(CO)ccc1Br,0.001194015415912689
N#CCc1ccnc(N2CCOC(Cc3ccccc3)C2)n1,0.0014821240478313528
Nc1ccc(C(=O)N[C@@H]2CCN(C(=O)CC3CCC4CC4C3)C2)nc1,0.5287278084928163
O=C([C@@H]1CC1)N1CCC(Cc2ccc(NCc3ccc(CO)cc3)cc2)C1,0.0006549893857965602
O=C(CCc1ccccc1Br)N1CCC(Cc2nnn[nH]2)C1,0.00043605784547738076
O=C(Cc1ccsc1Cl)N1CC2(CCN(C(=O)c3ccoc3)C2)C1,0.0008766105713908424
O=C(NCC1(n2cccn2)CC1)c1cnccc1Br,0.0003762375965056339
O=C(NCC1CN(c2ccccc2)CCO1)c1ccc2c(c1)COC2,0.0009056623399905242
O=C(NCc1cccnn1)N1CC(c2cccc(Cl)c2)C1,0.0004900468359841811
O=C(O)C1c2cncnc2CN1C(=O)C1CCC1c1ccccc1,0.0004831945648963891
O=C(OC1CN2CCCC1C2)c1cccn1Cc1ccccc1Cl,0.0008233708841375861
O=C(c1cccc(SCC2CC2)c1)N1CCc2c(nc[nH]c2=O)C1,0.2571711770124236
O=C1C[C@H](C(=O)Nc2ccc3ncc(Br)cc3c2)CN1,0.5335495285927617
O=S(=O)(Cc1ccc(-n2cccn2)cc1)N1CC2CCC(O)CC2C1,0.00046594654958426234
OCCN(Cc1ccc(Oc2ccncc2)cc1)C1COC1,0.00043805730797491597
c1ccc2c(c1)n2CCN1CCCC(N2CCCS2(=O)=O)C1,0.000522040677413451
[C@H](CNC(=O)c1ccno1)NC(=O)c1cc2n(n1)CC(F)C2,0.00030623006216808947
C[C@@H](OCc1ccccc1)C(=O)NCc1ccc(N2CCOCC2)c(F)c1,0.0010794969853783368
C[C@@H]1[C@H](NC2CCC(2C2CC2)C2CC2)CCN1C(=O)OC(C)(C)C,0.0
C[C@@H]1CN(C(=O)c2ccncn2)CCN1c1ccc2c(n1)CCC2=O,0.1733069224683956
C[C@H](C(=O)NCC1CCCN1C(=O)c1c[nH]c(C2CC2)n1)N(C)C,0.0003734975405629695
C[C@H](Oc1ccc2ccccc2c1)C(=O)NCC1=NO[C@@H]2COC[C@H]12,0.0005560894776639986
C[C@H]1CN(C(=O)c2ccc(N3CCC(c4cccnc4)C3)nn2)CC[C@@H]1N,0.16964248604638124
C=Cc1ccc(C(=O)O)cc1,0.0009959269855200612
CC(=O)Nc1ccc(CC(O)C(=O)NCC2CC3(CCC3)CO2)cc1,0.2749533364904386
CC(C#N)C(=O)NCC1CC(C)N(C(=O)CCC(C)N(C)C)C1,0.39106403074945334
CC(C(=O)N1CCCC1CNC(=O)c1cncc(F)c1)n1cccn1,0.0008433898835839904
CC(C(=O)OC(C)(C)C)N1CC(COc2ccccc2C(N)=O)C1,0.0005201862431759415
CC(C)(C)c1ccc(C(=O)N2CCC2C2CCOC2)cc1O,0.000693466782994686
CC(C)(C)n1cc(C#N)cc1NC(=O)N1CCC(c2ccsc2)CC1,0.0020339523878703776
CC(C)(CNc1ccnc(Cl)n1)NC(=O)CCc1ccsc1,0.0006506459451679698
CC(C)C[C@@H](NC(=O)CCc1nc(-c2cccc(F)c2)no1)C(=O)O,0.0013169014802722216
CC(Cn1cccn1)C(=O)N1CC(NC(=O)c2ccccc2Cl)C1,0.0004938617329514804
CC(O)c1cn([C@H]2CON(C(=O)c3ccc(C4CC4(C)C)cc3)C2)nn1,0.0009470441932988545
CC1(C)C[C@@H]1C(=O)NC1CCC(NC(=O)C(C)(C)c2ccc(F)cc2)CC1,0.16654944922922918
CC1(C)C(=O)CC1C(=O)NCC1CCNC(c2ccccc2)C1,0.00048731541766791414
CC1(C)C(NC(=O)c2cnc3[nH]ncc3c2)CC1Nc1ncccn1,0.0014393265755836457
CC1(C)C2CCC1(C)C(NC(=O)C1CCC3(CCSC3)O1)C2,0.0004935148023101396
CC1(NC(=O)Cc2ccco2)CCCN(C(=O)Cc2ccoc2)C1,0.00036328895754764504
CC1CCC(C(=O)NCC2C3CN(C(=O)c4ccc(C#N)s4)CC23)O1,0.0014195325400464382
CC1CN(C(=O)CN(C)C(C)c2ccc(Cl)cc2)CCCO1,0.0004118214344417511
CCC(C(=O)N1CCC(c2ncco2)C2(CC2)C1)n1ccnc1,0.0016074733330683586
CCC(C(=O)NC1CC(Nc2cc3nncn3cn2)C12CCC2)N(C)C,0.0012964145006491515
CCC(C)(C)NC(=O)C(C)N1C2CCC1CN(C(=O)c1ccc(C)o1)C2,0.00037164395043013813
CCC(CC)CC(=O)N[C@@H]1CCN(C(=O)c2cccc(C(=O)OC)c2)C1,0.0005803267485908983
CCC(CC)N(CC)C(=O)c1cccc(-n2cc(C(=O)O)cn2)c1,0.0004972572240887291
CCC(CN1CC2(CCN(C(=O)c3occc3C)CC2)C1)OC,0.0006747930048481771
CCC(CO)(CNc1cc(N2CCCC(O)C2)ncn1)c1ccccc1,0.00084383206522579
CCC(OC(=O)c1ccc(S(=O)(=O)CC)cc1)C(=O)NC,0.00035707597187507287
CCC1(C(=O)N2CC(NC(=O)c3cc(-c4ccc(C)cc4)[nH]n3)C2)CC1,0.6043600583970352
CCCC(C)(O)C(=O)N1CC2CCCC(C1)N2c1ccncn1,0.0005229617450496068
CCCC(Nc1cc(C(=O)N(CCC#N)c2ccccc2)ccn1)C(=O)O,0.8476380638999299
CCOC(=O)c1cnc(N(CC(C)(C)F)S(=O)(=O)N(C)C)s1,0.0008989173384681531
CCOC(C(=O)N1CCC(C)N(c2cc(C)nc(C3CC3)n2)CC1)C1CC1,0.0013292194714751274
CCOc1nc(C)ccc1C(=O)N(C)CCNC(=O)c1ccccc1,0.0003651216653356018
CCc1ccc(NC(=O)CS(=O)(=O)CC2CC(OC)C2)cc1Cl,0.0011962526088849603
CCc1nc(-c2ccc(C(=O)OCCC34CCC(C3)OC4)cc2)no1,0.0015701941065843228
CCc1nccnc1NC(=O)N1CC(CF)C2(CCOCC2)C1,0.0009857354839331383
CCc1nocc1C(=O)N1CCC[C@@H]1CCNC(=O)C1CC12CC2,0.0013042529369104595
CCn1c(C(=O)N2CCC(F)(F)C2)cc2ccc(Cl)cc21,0.3824186048104802
CCn1cnc(C(=O)NC[C@H]2CCN(C(=O)c3nn(CC)cc3C)C2)c1,0.0005490452906544563
CN(C)C(=O)CC1CCN(c2nc(CC3CC3)ns2)CC1,0.0002721761182877757
CN(C)C1CCC(C(=O)N2CC(C)(c3cn(-c4ccccc4)nn3)C2)CC1,0.0008749144143897325
CN(C)S(=O)(=O)CCC(=O)N1CC2(CC2)CC1CNC(=O)CO,0.08344556190661696
CN(CC1CC1(C)C)C(=O)c1cnn2c1CN(C(=O)OC(C)(C)C)C2,0.00047812061521263584
CN(CCN1CCNC(=O)C1)C(=O)C12CCC(C=CC1)C2,0.23207972536362653
CN(Cc1ncnn1CC(F)F)C(=O)Nc1cccnc1OC1CCC1,0.0010786388165931965
CN1CCC(C(=O)NCc2ccc(-c3nnco3)cc2)S1(=O)=O,0.0005155068715421888
CNC(=O)C(C)CN(C)C(=O)CC[C@@H]1CCCNC(=O)[C@@H]1Cc1ccco1,0.0004676721790253917
CNC(=O)c1cccc(C(=O)OCc2ccnn2C(F)(F)F)c1,0.0005265933810946992
COC(=O)Cc1ccc(C(=O)N2CCc3cnccc3C2)cc1,0.0003859738552564763
COC(=O)N[C@H]1CCN(C(=O)c2ncnc3sccc23)C1,0.0004870500714174018
COC(=O)c1ccccc1-c1ccc2c(c1)CCO2,0.0009498396340252676
COC(C)(C)C(=O)NC1CCN(C(=O)C(C)(C)CC(F)F)CC1C,0.000665096458902423
COC(C)(C)CC(=O)NCC1(C)CN(C(=O)c2ccccc2)CCO1,0.00032411338667950315
COC(CCNC(=O)C1Cc2ccccc21)C(F)(F)F,0.0004329134323655774
COC1(CC(=O)N2CC(NC3CCc4ccccc4C(C(=O)O)C3)C2)CC1,0.0005976805466939584
COC1(CC(=O)NC[C@@H]2CCCN2C(=O)C23CCCN(CC2)C3)CC1,0.27998619656150936
COC1CN2CCCC2(C(=O)N2CC[C@H](OC(F)F)C2)C1,0.00028734602193089656
COCC1(C(=O)N2CC[C@@H](NC(=O)C(C)n3ccnc3)C2)CC1,0.23353749449544514
COc1cc(OC)cc(-c2ccc(C(=O)N(C)1CCCO)cc1,0.0
COc1ccc(CCC(=O)NCC(C)NC(=O)C2=C(C)OCC2)cc1C,0.0003719377163784018
COc1ccc2c(c1OC)C(NC1C3CCOCC31)CC2,0.0006418904215104368
COc1ccc2cc(C(=O)N3CCOC(F)(F)C3)nnc2c1,0.0005834523699319512
COc1cccc(F)c1CNC(=O)c1c(C)nsc1C,0.0006819793629205078
COc1ccccc1-c1cn(CCC(=O)N2CC3(C2)CC3(F)F)nn1,0.001007044647073969
COc1ccccc1C(=O)NC1CC2CC1CN2C(=O)c1cnccn1,0.2684808223315074
COc1ccccc1C(F)(F)C(=O)Nc1cc(CO)nn1C,0.0007254617625871031
COc1ccccc1CC1(C(=O)N2CC(Nc3ncccn3)C2)CC1,0.0007487215492714104
CS(=O)(=O)c1csc(C(=O)N2CC3(CCCO3)C2C2CC2)c1,0.00042159459116151553
Cc1[nH]c(C#N)cc1C(=O)N1CCC(NC(=O)c2cn(C)nc2C)C1,0.37053989045556235
Cc1c(CC(=O)Nc2ccc(OC(F)F)cc2F)cnn1C,0.0013354951513531446
Cc1cc(=O)[nH]c(CNC(=O)c2cc(OCC(F)F)ccn2)n1,0.0003843747306808766
Cc1cc(=O)c(C(=O)N2CCC(NC(=O)c3cnn(C)c3)CC2C)c[nH]1,0.000354759686603462
Cc1cc(C)c(C(=O)N[C@H]2C[C@H](CNC(=O)CCN3CCOC3=O)C2)[nH]1,0.22119983088542844
Cc1cc(C)cc([C@H](CC(=O)N2C[C@@H]3[C@H](C2)[C@H]3c2c(C)n[nH]c2C)c1,0.0
Cc1cc(Cl)ccc1C(=O)N1CCN(c2cccc(=O)n2C)CC1,0.5243511538826955
Cc1cc(Br)c2ncc(CNC3CC(C(=O)O)C3)n2c1,0.000514245139528597
Cc1ccc(C(=O)NC[C@@]23CCC[C@@H]2C3)cc1-n1cccn1,0.0015264775253436785
Cc1ccc(CC2CCCN(C(=O)COCC3CCOC3)C2)cc1,0.0004844396914949083
Cc1ccc(OC(C)(C)C(=O)N2Cc3cccc(C#N)c3C2)cc1,0.00047904477405392537
Cc1ccc(F)c(C(=O)N2CCN(C(=O)C(C)(C)C#N)CC23CCC3)c1,0.5903293851254723
Cc1cccc(C2=NOC(CNC(=O)[C@@H]3C[C@@H]3c3ccncc3)C2)c1,0.0004930787784349094
Cc1cccc(S(=O)(=O)N2CCC=C(Br)C2)c1Cl,0.0004698401465964443
Cc1ccccc1COC1CCN(C(=O)c2cc(C#N)no2)CC1,0.0009268652329888234
Cc1ccnn1-c1ccc(C#N)cc1NC(=O)N1CC(C)C1C,0.0017893913668199884
Cc1cncc(NC(=O)NCc2ccc(F)c(F)c2)c1,0.0006523922361736361
Cc1cncnc1N1CCOC(CNC(=O)c2cccc(C(N)=O)c2)C1,0.40410331721206166
Cc1nc(C(=O)N[C@H]2C[C@@H](NC(=O)C(CO)c3ccccc3)C2)cc(=O)[nH]1,0.1302172309124594
Cc1nc(C2C(NC(=O)C3CN(C4CC(F)(F)C4)C3)CCN2C)[nH]c1C,0.0005485054281303198
Cc1nc(C2CCCC2)sc1C(=O)NCCc1cccc(C(N)=O)c1,0.18287759854705973
Cc1nc(N(C)C)sc1CCNC1CCc2cc3c(cc21)NCCC3,0.0011460008064792869
Cc1nc(N2CC(CC(C)NC(=O)CCC3CC3)C2)ccc1C#N,0.8118662281502035
Cc1nc2c(s1)CCCC2C(=O)N(C)C[C@H]1CCCN1C(=O)C1CC1,0.0005685595897544987
Cc1ncc(C(=O)N[C@H]2C[C@@H](Nc3nccc(CO)n3)C2)c(C2CC2)n1,0.0002603311730082745
Cc1nn(C)c(C)c1NC(=O)CN1CC[C@@H]2[C@H](F)[C@@H](O)C(C)(C)[C@@H]21,0.0004401041937409877
Cc1nnc2n1CC(CNC(=O)Nc1ccc3c(c1)N(C)CCO3)CC2,0.6864563895824713
Cc1noc(Cl)c1Cc1noc(C=C(C#N)C(C)(C)C)n1,0.8402430676013979
Cc1ocnc1C(=O)NCC1(O)CN(C(=O)c2sc(C(C)C)nc2C)C1,0.19897517057228695
Cn1cnc2ccc(C(=O)O[C@H]3C[C@@H]3C(F)F)nc2c1=O,0.4352176420152881
Cn1ncc(N)c1C(=O)N1CC(CNC(=O)C2(F)CC2)C1,0.0003132161747690658
N#CC1(CN2CC3(CCC(C(F)(F)F)CC3)C2)CCCC1,0.001435762962121486
N#Cc1ccc(F)c(-c2cnc(CN=S3(=O)CCCN3)cn2)c1,0.001566768924723913
N#Cc1ccc2cc(C(=O)N[C@@H]3CCNC[C@H]3O)ccc2c1,0.0008752458461734725
N#Cc1ccnc(N2CC3(CCN(C(=O)c4cccnc4)C3)C2)n1,0.0011993787360263656
NC(=O)[C@@H]1[C@H]2CCC[C@H]2CN1CC(=O)NCc1ccccc1Cl,0.00036697433058857735
Nc1cccnc1C(=O)NCc1nc(Cl)cs1,0.0006577950450732368
O=C(CC1CC2CC2C1)N1CCC(CCCN(Cc2ccccc2)C2CC2)1,0.0013707842679993813
O=C(CCc1ccc2ccccc2n1)NC1(CC(F)(F)F)CC1,0.00079480651970959
O=C(CCc1ccn[nH]1)N1Cc2ccccc2C1CNC(=O)C1CC1,0.0005950098469162953
O=C(N1CCOc2ccc(CO)cc21)[C@]12C[C@H]1CCC(F)(F)C2,0.00046907090018870627
O=C(NC1(c2ncc[nH]2)CC1)c1ccccc1N1CCOCC1,0.00028476916647807344
O=C(Nc1ccc2c(=O)[nH](CC3CCC3)ccc2c1)N1CCOC(CO)C1,0.0
O=C(Nc1ccccc1)[C@H]1CCCN1Cc1noc2c1CCC2,0.0006206951217778616
O=C(Nc1ccnc(COc2ccccc2)n1)N[C@H]1CCC[C@@H](CO)C1,0.0016440994538469463
O=C(c1ccon1)N1CC(N2CCN(C(=O)C3(O)CCCC3)CC2)C1,0.09217537512187007
O=C1CCC(CCC(=O)Nc2nnc3c(c2Cl)NCCC3)CC1,0.7508683898852876
O=C1CN(C2CN(C(=O)c3cc4(CCOCC4)ncn3)C2)CCN1,0.0
O=C1N[C@H](C(=O)N2c3cccc(Cl)c3CCC2C2CCC2)CCO1,0.0014038451813308654
O=C1NCCCN1c1cccc(C(=O)N2CCC(c3ccon3)CC2)c1,0.42792044074250923
O=C1NCCN1C1CCN(C(=O)C2(C3CCOCC3)CC2(F)F)CC1,0.20406468538721995
O=C1OC2CCN(CC=Cc3cccc(Cl)c3)CC2O1,0.0006960773520411095
O=S(=O)(NCC1CC2(CC2)SC1)c1cccc2c1OCC2,0.0007705183114728682
c1ccc([C@H]2COCCN2Cc2ccc3c(c2)CCOC3)nc1,0.0004187900029237742
C[C@@H]1CN(C(=O)c2c[nH]cc2Br)C[C@H]1C(=O)OC(C)(C)C,0.0006943383130448699
C[C@H](Cn1cc(-c2ccnn2C)nn1)NC(=O)C(C)(C)C1(O)CCC1,0.0010633882131431624
C=C(Cl)CN1C[C@@H]2C[C@H]1CN2C(=O)c1sc2ccccc2c1C,0.5311696668108643
CC[C@@H]1C[C@H]1C(=O)N1CC(CN(C)C(=O)c2ccnc3c2nnn3C)C1,0.0006322487142154065
CC[C@@H]1OCC[C@H]1C(=O)NCc1ccc(NC(C)=O)c(OCC2CC2)c1,0.0004493101767421829
CC[C@H](CC(=O)N1CCN(C(=O)c2cc(C)on2)CC12CCC2)C(C)C,0.0004777840799600889
CC(=O)CCCC(=O)NC1CCN(C(=O)C2CCc3ccnn3C2)CC1,0.00031925529593490473
CC(=O)NCC(=O)N1C[C@H]2[C@H](NC(=O)c3nscc3C)[C@H]2C1,0.00022790134264548037
CC(C#N)CN(C(=O)Cn1cccc(NC(=O)OC(C)(C)C)c1=O)C1CC1,0.0013521338764356126
CC(C(=O)N1CCC(C)(NC(=O)Cn2cccn2)C1)c1cnn(C)c1,0.0003716557777189893
CC(C(=O)O)N(C)C(=O)c1nccc(Cl)c1C(F)F,0.0005175523657291371
CC(C)c1nc(C(=O)N2CCC(F)(c3ccccc3)CC2)co1,0.000805735936787234
CC(C)n1ccc(C(=O)N2CC(CO)(NC(=O)c3ccccc3)C2)cc1=O,0.11406780521096058
CC(CN(C)Cc1nnn(C)n1)NC(=O)c1ccc2c(c1F)CCCC2,0.0006415975015987553
CC(CN(C)c1cc2nncn2cn1)NC(=O)C1(C)CCN(C(C)=O)C1,0.0005036737000930828
CC(NC(=O)COC1CC1)C1(O)CN(C(=O)CSc2ccccc2)C1,0.00020104194170854502
CC(NC(=O)c1cccn1C)C1CCN(C(=O)[C@H]2CC2(C)C)C1,0.0003632157007045882
CC1(c2ccccc2F)CC1NC(=O)c1cn2c(n1)COCC2,0.0005761821278818355
CC1CC(C)(C(=O)NC2CC(CNC(=O)c3ccc(O)cc3F)C2)C1,0.24614563353707627
CC1CCC(NC(=O)C(C)N2CCC2)CN1c1cc2onc(=O)c(C)c2(C)n1,0.0
CC1CCCN1CC(=O)NCc1cc2ccccc2nc1N1CCCC1,0.0007263485074646425
CC1CN(C(=O)c2ccc3ncccc3c2)C(C)(C)C(=O)N1,0.3367676272756151
CC1OCCC1C(=O)N1CCN(C(=O)c2cc3sccc3[nH]2)C[C@H]1C,0.0007236687974219801
CCC(=O)N1CCN(c2ccccc2-c2nc(CC)cs2)CC1,0.0015291430868657114
CCC(C(=O)N1C2CCC1CN(CC1CCOCC1)CC2)N(C)C,0.00042486875389073436
CCC(C)(O)C(=O)N(C)CC1CCCN1c1ccc2ncc(C#N)cc2n1,0.001408225587916528
CCC1(C)CC(C(=O)NC[C@H]2CCCN(c3nnn(C)n3)C2)C1,0.0004220100695341863
CCN(C(=O)Cc1ccc[nH]1)C1CCN(C(=O)c2cc(C#N)oc2C)C1,0.0006766784424152089
CCN(C)c1cccnc1CNCC(C)(O)c1cccc(Cl)c1,0.0011061274272160997
CCN(CC(N)=O)C(=O)c1ccc(S(=O)(=O)N2CCCC2)cc1,0.000486824793098949
CCN(CC)CCOc1cccc(NC(=O)C2(C)CC(C)OCC2)c1,0.0015692808108947688
CCN(CCNC(=O)c1c[nH]c2cccc(OC)c12)C(=O)CCCC(C)C,0.0008267237314086923
CCN(Cc1ccc2c(c1)OCO2)C(=O)NC1CC2(CNC(=O)O2)C1,0.23235359952449153
CCN(Cc1ccccc1C(F)(F)F)C(CO)Cc1ccccc1,0.0006166862385472488
CCOC(=O)c1c(C)nc(N2CC(OC)(C(C)NC(C)=O)C2)n1CC,0.00037914354436890946
CCOC(=O)c1ccc(C(=O)NCc2ccnc(OC)c2Cl)cc1,0.0006128789689964565
CCOc1ccc(C(=O)N2CC3(CC33)CO2)cc1OC,0.0
CCc1cc(C)nc(NCC2(CNC(=O)c3ccc(C(N)=O)o3)CC2)n1,0.23848016051444726
CCc1ccccc1C(=O)NC1CCN(Cc2coc(C(C)(C)C)n2)C1,0.0009387131055325187
CCc1nc(Cn2cc(C3(O)CCCNCC3)nn2)cs1,0.00042665351093518054
CCc1occc1C(=O)N1CCCN(C(=O)[C@@H](C)O)c2ccccc21,0.0008291948289798393
CCn1c(=O)c(CNc2nccnc2CC#N)c2ccccc21,0.0
CN(CC1CCCN1C(=O)c1cn(C)cn1)c1ncnc(Cl)c1F,0.0012823360551680017
CN(CCNC(=O)c1cnc2sccn2c1=O)C(=O)C1CC1,0.13024787703071347
CN(Cc1ccc(C#N)cc1)S(=O)(=O)c1ncccc1Cl,0.0010425691353085778
CN1CCCC(CCNC(=O)NC2CCC(F)C2)C1,0.0005410138082604257
CO[C@@H]1COCC[C@H]1NC(=O)c1ccc2ccccc2c1C#N,0.0013109226097600243
COC(=O)CC1CS(=O)(=O)CCN1C(=O)C12CCC1CCO2,0.00032314270929513413
COC(=O)c1cccc(CN2CCC3(CC2)CC3C(N)=O)c1Cl,0.00044049487741163097
COC(=O)c1coc(CNC(=O)c2cnc(C3CCOC3)nc2C)c1,0.0004502975892175208
COC(C)c1nc(CS(=O)C(C)c2ccc(F)cc2)cs1,0.0007261091651656922
COC1(C(=O)NCC2CCN(c3ccc(C#N)nc3)C(C)C2)CCC1,0.7194068515537284
COC1CC(C(=O)NCC2CC(F)(F)CN2c2ncns2)C1,0.0006202000863250665
COC1Cc2ccc(NC(=O)N3CC(C4CCC(O)CC4)C3)cc2C1,0.0009844700133529788
COCC(=O)NC1CC2CN(C(=O)c3sccc3C3CC3)CC2C1,0.0006006713954687877
COCCC(CC1CCCC(C)C1)NC(=O)C1(F)CC1,0.0007816461337729651
COCCN(C(=O)Nc1ccc2c(c1)N(C)CC2C)C1CC2CC2C1,0.0008068186001281744
COCCN1CCN=C1N1CC[C@@H](c2nnc3n2CCCC3)CC1,0.0007413979020064785
COCc1ccccc1CC(=O)NC[C@H]1CCCN1C(=O)C(C)C1CC1,0.0004963134849291418
COc1cc(C)c(CNC[C@@]23CC[C@@H](CC2)[C@H]3O)cc1OC,0.0004869516031661805
COc1cc(CN(C)C2CCN(OC)CC2)cc2ccccc12,0.0007843605689724897
COc1cc(NC(C)CCNC(=O)c2ccc(Cl)c(C)n2)ncn1,0.0010373646200265271
COc1cc(Cl)c(F)c(NC(=O)Nn2c(C)ccc2C)c1,0.0012226295510684327
COc1cc(Cl)c(Cl)cc1NC(C)C(=O)N1CCC1,0.0008435783188244919
COc1ccc([C@@H]2CN(C(=O)c3cncc4c3CCCC4)C[C@H]2N)cc1,0.0005291954493035603
COc1ccc(OC)c(CCC(=O)NCc2nc(Cl)cs2)c1,0.000655917121882127
COc1ccc(OCC(=O)OCc2cc(C#N)co2)c(C)c1,0.0008344858889659538
COc1cccc(O)c1S(=O)(=O)N(C)CCc1ccccc1,0.0006966872882422319
COc1cccc2c(C(=O)NC[C@H]3CNCC(C)(C)C3)c(C)[nH]c12,0.4091631377782702
COc1cccc2cc(CN3CCN(C)C(C)C3=O)oc12,0.0006407737073679109
COc1cnnc(C(=O)Nc2cccc(S(C)(=O)=O)c2Cl)c1,0.0006731790251267262
COc1coc(C)c1C(=O)N1CC(Nc2ncc(C#N)cc2F)CC1C,0.0017499346073716396
COc1ncc(C)cc1S(=O)(=O)N1CCN(C(C)(C)C(N)=O)CC1,0.0002531062728274046
CS(=O)(=CCNC(=O)c1ccc2cccc(F)c2c1O)=O,0.0
CSCC1(CC(=O)NC(CNC(=O)c2cnn(C)c2)C2CC2)CC1,0.0009668522994805518
Cc1cc(=O)c(C(=O)N2CC(C)(NC(=O)c3cncnc3C)C2)c[nH]1,0.1391032697285857
Cc1cc(C(=O)N2CC3(CC(NC(=O)c4cccc(=O)[nH]4)C3)C2)n(C)n1,0.20047873214929213
Cc1cc(C(=O)N2CCCN(c3ccccc3C#N)CC2)cnc1C(F)F,0.7973386175104791
Cc1cc(C(=O)NC(C)C(C)N2CCOCC2)cc(C)c1F,0.0005071382371863496
Cc1cc(C(C)NC[C@@H](C)c2cccc(=O)[nH]2)ccc1F,0.0005876783312273991
Cc1cc(C)c(C)c(S(=O)(=O)N(C)C2CC3CCC(C2)N3C)c1C,0.0005229381697938043
Cc1cc(N)c(C)nc1C(=O)NCC1CCc2ccc(F)cc21,0.000947138445405088
Cc1cc(NC23CC(CNC(=O)CCCN(C)C)(C2)C3)c(C#N)cn1,0.7307253675557271
Cc1cc(NCC(C2CC2)N(C)C(=O)[C@@H]2CCCO2)c(C#N)cn1,0.0015228806462706964
Cc1ccc(C#N)c(NC2CN(C(=O)c3ccc(OC(F)F)cc3)C2)n1,0.001185581250712306
Cc1ccc(C(=O)N[C@@H]2CCN(c3nc(C#N)c(Cl)s3)C2)s1,0.6374163161634705
Cc1ccc(CCC2CCN(C(=O)[C@@H](O)Cc3c[nH]cn3)CC2)cn1,0.0007871487775487192
Cc1ccc(N(C)C(=O)C23CC(C(C)(C)C)(C2)C(C)(C)O3)cn1,0.000884790624696985
Cc1ccc(NC2CCCCN(C(=O)Cc3ccc(F)cc3)C2)nn1,0.0007449663276895095
Cc1ccc2cc(N3CC(C)(C)N(C)CC3C(N)=O)ncc2c1,0.4069976162232231
Cc1cccc(C(NCc2ccc(C)n(C)c2=O)C(C)C)c1C,0.000617746172913512
Cc1cccc(CN2CCCN(CCC(F)(F)c3nn[nH]n3)CC2)c1,0.0004699971914973414
Cc1cccc(NC(=O)CNc2cn(C)nc2C(F)(F)F)c1,0.0015008001687029527
Cc1ccccc1-c1cc(C(=O)N(C)CC2CCN(C)C2)[nH]n1,0.0008413590635528138
Cc1ccccc1CN1CCC(N(CCO)C(=O)Cc2cnco2)CC1,0.0005845973135569962
Cc1cnc(C(=O)N2CCC(c3ccccc3C)CC2C(=O)O)cc1C,0.0005850235665694105
Cc1cnc(O)cc1N1CCO[C@]2(CC(=O)N[C@H]3CCNC[C@@H]2C)C2,0.0
Cc1cnc(Sc2cccc(CN3CCCCCC3)c2=O)[nH]c1=O,0.0
Cc1nc(C(=O)NCC2CCN(C(=O)c3c[nH]cc3C)C2)cc(=O)[nH]1,0.16062722195616633
Cc1nc(CN(C)C(=O)C2CN(C(C)c3ccccc3)CCO2)cs1,0.0004947534591500448
Cc1nc(CN2CCC[C@@H]2CCNC(=O)c2ccc(C(C)(C)C)cn2)co1,0.0004399517549810661
Cc1nc(Cl)sc1C(=O)N1CCCc2ccccc2C1,0.0005582844218656385
Cc1ncc(CC(=O)N2C3CCC2CN(c2ccncn2)C3)o1,0.0003411409114017382
Cc1nccc(NC(=O)NC23CC(F)(CNC(=O)OC(C)(C)C)(C2)C3)c1C#N,0.0
Cc1nccnc1CN1C2CCC1CN(C(=O)Cc1cccc(F)c1)C2,0.0005345621026334138
Cc1ncoc1C(=O)N[C@H](C)C1CN(c2nc3c(cnn3C)cc2C#N)C1,0.41791576762779914
Cc1nn(C)cc1CCC(=O)N1CC(NC(=O)C2(OC(C)C)CCC2)C1,0.34968651544087076
Cc1nn2cc(C(=O)O[C@@H](C)C3CCCO3)ccc2c1C#N,0.0011214524497700224
Cc1nnc(NC(CNC(=O)c2ccccc2OC(C)C)C2CC2)o1,0.00146775107191564
Cc1nnnn1CC(=O)N1CC(CNC(=O)C[C@H](C)c2ccccc2)C1,0.00022714270434931948
Cc1nsc(C)c1C(=O)NCC1COCCN(C(=O)c2ccc[nH]2)C1,0.0008853390994247944
Cc1oc(C#N)cc1C(=O)N1CC(CO)(NC(=O)c2ccc(=O)[nH]c2)C1,0.16200419706758468
N#CC1CCN(C(=O)Nc2ccc(OCC(=O)C3CC3)cc2F)C1,0.7840364261790057
N#Cc1cccc(C2(CNC(=O)NC[C@]34CCC[C@H]3NCC4)CC2)c1,0.0014931597846917937
N#Cc1cncc(NCc2ccc(CC#N)cc2Cl)n1,0.001744860919009943
N#Cc1cncnc1N1CC[C@H](NC(=O)c2ccc3c(c2)CCC3=O)C1,0.44454388901691794
N[C@H]1CC[C@@H](Nc2ncnc(-c3ccccc3Cl)c2F)C1,0.001590959862430538
NC(=O)c1ccc(-c2ccccc2OC(F)(F)F)s1,0.5714622821063138
NCc1occc1C(=O)NCc1cc2c(s1)CCCC2,0.0005087915598720965
O=C(C[C@H]1COC(=O)N1)NC1CCN(CC(=O)c2c[nH]nn2)CC1,0.06585407972519128
O=C(C1CC2(CC3CC2C2)C1)N1CCOC(CNc2nncs2)C1,0.0
O=C(NC1CCN(C(=O)c2cccnn2)C1)c1ccn(C2CCCC2)n1,0.2628312934941795
O=C(NC1CCS(=O)(=O)c2ccccc21)c1ccc2c(n1)CCC2,0.0006249704762317375
O=C(NCC1(c2ccccc2)CC1)c1ccc(N2CCOCC2)nc1,0.18177164880825605
O=C(Nc1cn(C2CCOC2)nn1)c1cc(C2CCNCC2)no1,0.29386985516596464
O=C(O)C1(CN1Cc2cnc(-c3ccsc3)nc2)CCCO1,0.0
O=C(c1ccccc1C1CCC1)N1CCN(c2ncc(O)cn2)CC1,0.2203731888710793
c1c(CNC2CCN(Cc3cccc(Cl)c3)CC2)noc1C1CC1,0.0009995652074890834
C[C@H](NC(=O)CSc1ccccc1Cl)[C@@]1(C)CCCN1,0.0006103971197452566
C[C@H](c1cc(Cl)cc(Cl)c1)N(C)C(=O)c1cn(CC2CC2)nn1,0.0010863784570509228
C[C@H]1C[C@@H](C(=O)NC2(CNC(=O)c3csnn3)CC2)C[C@@H](C)O1,0.0004844799959498189
CC(=O)N1CCC(Nc2ccc(N(C)C)cc2C(C)=O)C1,0.21928398949455505
CC(=O)NC(C(=O)Nc1nc(C)c2c(C)cccc2n1)C1CCCC1,0.6449882664464172
CC(C)(C#N)C(=O)N1CC(NC(=O)Cc2c[nH]c3ccccc23)CC1C,0.0013133810976985144
CC(C)(C(=O)N1CCN2C(=O)NCC2C1)c1ccccc1Cl,0.00041276093060856663
CC(C)(C(=O)NCC1(CF)CCC1)c1ccc(-c2nn[nH]n2)cc1,0.5112676269022501
CC(C)(C)C(=O)N1CCC[C@@H](NC(=O)c2cnccc2O)C1,0.20680763405460845
CC(C)(C)C(F)(F)C(=O)N1CC(CNC(=O)c2ccc(Cl)[nH]2)C1,0.0005812713549346985
CC(C)(C)OC(=O)NC1CN(C(=O)c2cc(C3CCCOC3)n[nH]2)C1,0.1806244319377403
CC(C)(CNc1ccc2c(n1)CCC(=O)N2)N1CCc2ccccc2C1,0.0007498112308211934
CC(C)C(=O)NC1(C)CN(c2nc3ccc(F)cc3s2)C1,0.44057272595792074
CC(C)CC1(C(=O)N2CCC3(CC2)CN(C(=O)C(C)C#N)C3)CCCC1,0.0012184367750596387
CC(C)N(C1CC1)S(=O)(=O)N1C(C)(C)CCC1c1ccccc1,0.000709597651129088
CC(C)Oc1cccc(CNC(=O)NC2COc3ccc(F)cc32)c1,0.0005858905788525545
CC(C)Oc1cccc(OC2(C(=O)O)CCS(=O)(=O)C2)c1,0.0007283542128957125
CC(C)Oc1ncccc1-c1noc([C@@H]2[C@H]3CC(=O)[C@H]32)n1,0.0010983374812366996
CC(C)c1nc([C@@]2CCCN2C(=O)c2ncc3c(n2)CCCC3)no1,0.0006927546137744829
CC(CC(N)=O)N(C)C(=O)NC[C@]1(F)CC[C@H](CO)CC1,0.00029045323401892043
CC(CCO)C(=O)N1CCN(C(=O)c2cc(-c3ccccc3)on2)CC1,0.4467922180335087
CC(CN(C)C(=O)CC1(O)CCCC1)NC(=O)CCc1cnoc1,0.00035208894924274227
CC(NC(=O)N1CCN(c2cc(C#N)ccn2)CC1)c1ccn[nH]1,0.0010591101390279975
CC(NCc1cc2c([nH]c1=O)CCC2)c1cccc(N2CCNC2=O)c1,0.0007849055479445574
CC(NS(=O)(=O)c1ccccc1Cl)c1ccc(Cl)cn1,0.0007168368668263565
CC(O)C12CCC(CC1)N2S(=O)(=O)CC1CC2CCC1O2,0.21711117758600262
CC(c1nc(-c2cnccn2)no1)N(CC(=O)O)C(=O)OC(C)(C)C,0.0015195623288258412
CC1(C(=O)NCC2(c3ccccc3)CCCO2)CCCCN1,0.000726554453636147
CC1(C(N)C(=O)Nc2ccc(-c3cccc(Cl)c3)cc2F)CNC1,0.0006996577336849133
CC1(CC(=O)N[C@H]2C[C@@H](NC(=O)c3cccc4ncccc34)C2)CCCO1,0.0008060006975130303
CC1(NC(=O)CCc2ccc(Cl)c(Cl)c2)CCC2(C1)OCCO2,0.0010368577040064245
CC12COC(C(=O)NCC3CCN(C(=O)c4ccn(C)c4)C3)(C1)C2,0.0006137359929103459
CC1=NOC(C)(C(=O)NC2CN(C(=O)c3[nH]cnc3C(C)(C)C)C2)C1,0.336907354458594
CC1CC(C(=O)N2CCC[C@H]2CN(C)C(=O)c2nsnc2O)CO1,0.14089551044210588
CC1CN(C(=O)C(C)(C)F)CCN1c1ccc(-c2cccnc2)cn1,0.0007891269819371877
CC1CN(C(=O)C2C3CCN(C(=O)OC(C)(C)C)C2C3)CC1O,0.00030542497630120394
CC1Cc2cccc(C(=O)N3CC4(CC(NC(=O)CO)CO4)C3)c2O1,0.0002666669967579922
CCC(O)c1cccnc1N1CCc2c(F)cc(F)cc2C1,0.0007452378076749194
CCC1(C)CC1C(=O)N1CC[C@H](Nc2ccnc3ncnc(C)c23)C1,0.0007863633447344847
CCC1(CC)COCCN1C(=O)Cn1ncc2ncccc21,0.0005669039728428512
CCCCS(=O)(=O)Cc1noc([C@@H]2C[C@H]2c2ccco2)n1,0.00039721196642291437
CCCCn1cc(C(=O)N[C@H](C)c2cccs2)c(=O)cc1C,0.0007426971202947166
CCCc1[nH]ncc1C(=O)N1CCN(C(=O)c2cccnc2C)C(C)C1,0.0003679868921369411
CCCc1cccc(COC(=O)C2(n3cccn3)CCC2)n1,0.0005273076281003332
CCN(C(=O)Cc1ccon1)C1CCN(C(=O)C(C)c2ccco2)C1,0.00044808428599932363
CCN(C(=O)c1ccccc1NCc1nc[nH]n1)N1CCOC1=O,0.0005742520905670166
CCN(CC)CC(=O)Nc1ccc(NC(=O)N2CCCC3CNCCC32)cc1,0.0015898719016008013
CCN(c1cccc2ccccc12)S(=O)(=O)N1CCOCC1C,0.43168636598343096
CCOC(C)C(=O)N1CC(N2CC(NC(=O)C3CC3)CC2=O)C1,0.15908981868579317
CCOC(C)C(=O)N1CCC(C2CCN(c3cc(F)ncn3)C2)CC1,0.0008476870823021718
CCOCc1cc(CNS(=O)(=O)Cc2ccccc2OC)ccc1OC,0.0004971930530410928
CCOc1ccccc1C(=O)N[C@H]1CCN(CCCN2CCCC2=O)C1,0.000560290053572212
CCOc1ncccc1S(=O)(=O)NC1CC12C(=O)Nc1ccccc12,0.0008673966354404343
CCOc1sccc1C(=O)N1CC[C@@H](Nc2nccnc2C#N)C1,0.0015578927959864033
CCc1[nH]ccc1C(=O)N1C[C@@H]2C[C@H]1CN2C(=O)C1(C)CCNC(=O)C1,0.0004819491373314113
CCc1ccc(C(=O)N2CCN(c3nc(COC)ns3)CC2)c(C)c1,0.001112438810992053
CCc1ccc(S(C)(=O)=O)cc1C(=O)N1CCC2CCN(CC2)CC1,0.0009440712849126126
CCc1cccc(NC(=O)N2CCOC3(CCC3)C2)c1F,0.0009734061373697082
CCc1nc(N)nc(N2C[C@H](C)[C@H](NC(=O)c3cncs3)C2)n1,0.0006500511207574934
CCc1nccn1CCNC(=O)c1cc(Cl)cc(S(N)(=O)=O)c1,0.0003490962478259521
CCc1noc(C)c1C(=O)NC[C@@H]1CCCN1C(=O)CC(C)(F)F,0.0005030160470523809
CCn1cc(CCNC(=O)N2CCCC(Nc3ncccn3)C2)cn1,0.0011915122550561308
CN(C)CCN(CC1CCCO1)C(=O)c1coc2c1N(C)C(=O)CCC2,0.0005854009285740829
CN(CC1CCN(C(=O)Cc2cc4ccccc3o2)C1)C(=O)CC#N,0.0
CN1CC(CC(=O)N2CCC[C@@H]2CN(C)C(=O)c2cnccc2O)C1,0.2436251078381573
CN1CCC[C@@H]1C(=O)NC[C@H]1C[C@H](Nc2nccc(-c3ccccc3)n2)C1,0.7052577269565834
CN1CCCCC1C(=O)N(CCNC(=O)c1ncccc1F)C1CC1,0.17599944137446413
CN1CCN(C(=O)c2cc3c(Cl)cccn3n2)CC1CF,0.0005468158274095202
CNc1ccccc1C(=O)Nc1ccn(CC2CC2)n1,0.6977978986942355
COC[C@@H](C)n1nnnc1N1CCC(n2cc(Br)cn2)C1,0.0007869243788244256
COC(C)(C)CN(C)C(C(=O)O)c1cccc2ccccc12,0.3189443562474986
COC1(C2(c3nccn3C)CC2)CN(S(=O)(=O)N[C@H]2C[C@H](N)C2)C1,0.0003586017622835789
COc1c(NS(=O)(=O)c2cccc(Cl)c2)ccnc1C,0.001007704160225561
COc1cc(CN2c3ccccc3CC2CSC)cc2n1,0.0
COc1cc(NC(=O)C(OC2CCC2)c2ccc(C#N)cc2)ccc1C#N,0.532544276952884
COc1cc2c(cc1C)CN(Cc1cccc(C(=O)N3CCCC3)c1)CC2,0.0010034943022672698
COc1ccc(C(C#N)C(=O)N2CCCN(C)CC2)cc1C,0.0011907889098517507
COc1ccccc1[C@@H]1C[C@H]1CNC(=O)NCC(C)(O)C1CC1,0.00032220158445949397
Cc1c(C(=O)N2Cc3nccc(Cl)c3C2)noc1C1CC1,0.0003824434042002732
Cc1cc(C(=O)N(C)CC2CC(C)N(c3cnc(C#N)cn3)C2)ncn1,0.6327380448868227
Cc1cc(C(=O)N2CCc3c(nn(C)c3O)C2)nn1C(C)C1CC1,0.0005098134626163755
Cc1cc(C)c(NC(=O)CC2(C#N)CC2)cc1NS(C)(=O)=O,0.0015737912023589607
Cc1cc(C)cc(CC(=O)NCC2CCN2C(=O)c2c[nH]cc2C)c1,0.0005079136897046143
Cc1ccc(C(=O)C2CCCN2C(=O)c2occc2C)c(O)c1,0.3092581481914685
Cc1ccc(C(=O)NC2(C)CCN(c3ncnc(C)c3F)C2)cc1F,0.0012647586455545121
Cc1ccc(C)n1-c1scc(C(=O)NC2(C(=O)O)CCCC2)c1C,0.4495467431814453
Cc1ccc(N(C)C(=O)c2cncc(Br)c2)nn1,0.0005989131331295463
Cc1ccc(O)c(S(=O)(=O)N2CC(C(=O)Nc3ccccc3)C2)c1,0.0011873126776201167
Cc1ccc(F)cc1NC(=O)Cc1cccc2nsnc12,0.0009428489594871317
Cc1ccccc1C(=O)NCC(C)OC(=O)CC1(C)CC1(C)CC(=O)O,0.0004578584699951587
Cc1ccn(CC(=O)N2CCc3ccc(N(C(C)=O)cc)cc32)c1,0.0
Cc1cncc(C(=O)N2CCC(NC(=O)c3csc(=O)[nH]3)C(C)C2)c1,0.00034787802665921046
Cc1cscc1C(=O)NC[C@@H](C)NC(=O)c1ccn(C2CCCC2)n1,0.00040467125330030375
Cc1nc(C)c(CC(=O)N(C)CC2CN(C(=O)c3ncc[nH]3)C2)s1,0.0005511084972485616
Cc1nc2ccccc2c(CC(=O)N2CC[C@H]3CC[C@@H](O)[C@H]32)c1C,0.0007399646758194187
Cc1ncc(C(=O)N(C)CCNC(=O)c2ccccc2C(C)O)c(N)n1,0.1925174547954116
Cc1ncc(C(=O)N2CC(NC(=O)[C@H]3CCCO3)CCC2C)c(O)c1C,0.2335848089718369
Cc1ncc(CN2CCC(NC(=O)c3ccc(F)c(F)c3)C2)o1,0.0005360959134460073
Cc1ncc(Cl)c(C(=O)N2C[C@@H](OC(F)F)C[C@H]2C(=O)O)n1,0.00046228222310643735
Cc1nnc2n1CC(C(=O)N1CCC[C@@H]1c1ccon1)CC2,0.00040066803253298506
Cn1c(-c2cccc(C#N)n2)nnc1N1C[C@H]2CCC[C@H](CO)[C@H]2C1,0.0014219758765325627
Cn1ccnc1CCC(=O)N[C@H]1CCN(C(=O)CCc2ccon2)C1,0.000666819135238495
Cn1nccc1[C@@H]1OCCC[C@H]1NC(=O)NC1CC(OC(C)(C)C)C1,0.0007469457649697388
Cn1nncc1-c1ccc(C(=O)N2CC3CCC2(C)C3)cc1,0.0007988654456137256
N#CC1(c2ccc(F)cc2)CCN(c2ccnc(Cl)n2)C1,0.001496924440817479
N#Cc1cc(N2CCC[C@H]2c2ccncc2)nc(N)n1,0.0013162843953284527
N#Cc1ccc2oc(N(CC(=O)C3CC3)C3CC3)nc2c1,0.0017446334380463273
N#Cc1ncc(N2CCC[C@@H](O)[C@H]2c2ccccc2)n1CC1CC1,0.0017974662367399872
Nc1ncc(C(=O)N2CCC[C@@H]2CNC(=O)c2occ3c2CCC3)cn1,0.44982535492001535
O=C(CCc1ccc2c(c1)CCCC2)NCC1CC(Nc2ccncn2)C1,0.001712239696231352
O=C(N[C@@H]1c2ccccc2C[C@H]1O)c1ccc(C2CCOCC2)nc1,0.0006745178529295768
O=C(NC(CCO)c1cccc(F)c1)c1ccc(Cl)o1,0.0005730712896112724
O=C(NC(CNc1nc2ccccc2s1)C1CC1)C1(CC2CC2)CC1,0.9051640720000885
O=C(NC1CC1)c1cccc(N2CCCOC3(CCSC3)C2)c1,0.0005316546148776168
O=C(NCC(=O)N1CCC[C@H](NC(=O)C2Cc3ccccc32)C1)C1CC1,0.3570790936806384
O=C(NCC1CC2(CC2)CO1)[C@H](O)c1ccccc1Cl,0.0007903812409595026
O=C(NCc1cccc2c1CCOC2)c1ccc(=O)n(C2CC2)c1,0.0004023749308159081
O=C(c1ccc[nH]1)N1CCC(F)(CNc2cc(O)ncn2)CC1,0.0006297011580884178
O=C(c1ccc(-c2ccc(Cl)s2)o1)N1CCC2OCCCC2C1,0.5096792603964938
O=C(c1ccc2c(c1)CNCCO2)N1CC2CCCCC2(C(=O)O)C1,0.000628569491890137
O=C(c1cccc2cccn12)N1CC2(C1)CS(=O)(=O)C2,0.21834268715369703
O=C(c1cccn(C2CC2)c1=O)N1CC(Nc2cc(O)ncn2)C1,0.14572086265931586
O=C(c1ccnc(C2CCCC2)n1)N1CCc2ccc(O)cc21,0.5006085454329426
O=C(c1coc(Cl)c1)N1CCC(F)(c2ccccn2)C1,0.0006645893199866321
O=C1CC(C(=O)NCC2CN(C(=O)Cn3cnnc3)CCC23CCC2)C1,0.0
O=c1cc(C2CC2)nnn1CCN1CCC(C2CCCO2)C1,0.00034565057834030634
c1ccc(C(CN2CCC(N3CCCC3)CC2)cc1-c1cncnc1,0.0
c1ccccc1OC2CCC(N[C@@H]1CCC[C@H]1NC1CCC1)CC2,0.001776886177145935
C[C@@H](CNC(=O)C1CCC1(C)C)NC(=O)c1cc2cnccc2cc1F,0.0005853544949276704
C[C@@H](NC(=O)N[C@@H](C(F)F)C1CCC1)c1ccoc1,0.0006219260308413041
C[C@@H](NC(=O)c1cc(CN2CCC(=O)NC2=O)on1)c1cccc(Cl)c1,0.00041093833801002737
C[C@@H]1CN(Cc2ccc3cc(Br)ccc3c2)CC[C@H]1C(=O)O,0.0005132828950454578
C[C@H](NC(=O)c1ccccc1CC#N)c1ccc(C#N)cc1,0.0007039229017319972
CC[C@@H](C(=O)N[C@H]1[C@@H]2CN(C(=O)c3ccncc3F)C[C@@H]21)N(C)C,0.0002374654111376516
CC(=O)CCC(=O)N1CCC(N2CCCC2(C)C(=O)O)CC1,0.00034069996714447087
CC(=O)N(C)c1ccc(SC(C)C(=O)Nc2ccc(C#N)cc2)cc1,0.5332052377910423
CC(=O)N1CC2(CCC2)CC1CNC(=O)c1ccc2ccc(=O)[nH]c2c1,0.25289916012994573
CC(=O)N1CCOC2CN(C(=O)N(c3ccccc3)C(C)C3CC3)CC21,0.0011277781348764898
CC(=O)N1Cc2c(cccc2NC(=O)C2CC(C3CNC3)C2)C1,0.0004989900473728106
CC(=O)NC1CC1C1CCCN(C(=O)COc2ccccn2)C1,0.00022933951875702565
CC(=O)NCC(=O)N1CC(C2CC2)C(F)(C(=O)O)C1,0.000314108692257521
CC(=O)c1csc(C(=O)N[C@H](C)CNC(=O)C23CC(CO2)C3)c1,0.00044457466072181026
CC(C(=O)N(C)CCN1CCN(c2ncccn2)CC1)c1ccncc1,0.0006133216068513638
CC(C)(C)c1ccc(OC2CCC(Nc3cnsn3)CC2)nn1,0.000841607721212745
CC(C)(O)C(=O)N1CC2(NC(=O)Cc3ccoc3)CCC1CC2,0.0005421447867129809
CC(C)CC(C)CC(=O)N1CCCC2CN(C(=O)c3c[nH]nn3)CC21,0.13927267901394863
CC(C)COc1ccc(C2(C(=O)N(C)Cc3cnnn3C)CC2)cc1,0.2420144672686308
CC(CNc1ncc(Cl)c(C(C)c2cccnc2)n1)N1CCOCC1,0.0011162875164028347
CC(Cc1c[nH]cn1)NC(=O)c1cnc(OC(C)(C)C)cn1,0.00043587905523312587
CC(O)C(NC(=O)c1cnn(C2CCOCC2(C)C)c1N)C(=O)O,0.0005968691956823924
CC1(C(=O)N2CCC(NC(=O)C(C)(C)n3cccn3)C2)CCC1,0.0004328711040509067
CC1(C)CC2(CCC2)CN1c1ccc(S(N)(=O)=O)cc1,0.0005671850631904485
CC1(C)CCN(C(=O)c2ccc3c(c2)CC(=O)CC3C(N)=O)CCO1,0.0003968999383946464
CC1=C(C(=O)N2CC3CC(C2)N(C(=O)c2ccsc2)C3)CCC1,0.0006395881113782067
CC1=NOC(C)(C(=O)N2CC(NC(=O)c3cc(O)no3)C(C)(C)C2)C1,0.0003122232578486108
CC1=NOC(C)(C(=O)N2CCCC(O)(CNc3nccc(C#N)n3)C2)C1,0.5164153386837772
CC1CC(=O)NC1C(=O)N(C)C(C)CNc1ncc2ccccc2n1,0.0006919887178832446
CC1CC(NC(=O)c2cc(F)ccc2C#N)CN1C(=O)Cc1cnccn1,0.0013681805738813455
CC1CCCC(C)N1C(=O)CCNc1ncnc2cccc(C(N)=O)c12,0.0011247597749266761
CC1CCN(C(=O)C(C)(C)F)C1CNC(=O)c1ccnc2ccnn12,0.0004543548464772512
CC1CCN(C(=O)c2ccc(CO)cc2)CC1NC(=O)c1ccccc1,0.0007249761758425391
CC1CN(C(=O)OC(C)(C)C)CC1C(=O)N1C(CO)Cc2ccccc21,0.0008915768722379586
CC=Cc1cn(CC(=O)N[C@H](C)c2ccccc2Br)nn1,0.0007854724645807255
CCC(=O)NC(C)C(=O)NC(C)CC(C)Nc1nc(C#N)c(Cl)s1,0.6534613033895962
CCC(C)(C)C1CCCN1C(=O)Nc1ccc2c(c1)n(C)c(=O)n2C,0.0012597500638088775
CCC(C)CCC(=O)NC[C@H]1CCN(C(=O)c2ccc3cnsc3c2)C1,0.0007277830318583687
CCC(C)OCC(=O)N1CCC1CNC(=O)c1ccc(F)cc1C1CC1,0.0005991216605472597
CCC(CC(=O)NCc1cccnc1-c1cnn(C)c1)C1CC1,0.001740181092080449
CCC(CC(C)CO)NC(=O)Nc1ccccc1OCCNC(=O)CN,0.0010662731142286916
CCC(CC)C(=O)NCC1(C(N)=O)CN(C(=O)c2cccc(Cl)c2)C1,0.000495939192774416
CCC1CCCC1(C)C(=O)N1CCN(c2cc(C)nc3ncnn23)CC1,0.0005631659293904293
CCC1CN(c2cccc(C(=O)O)c2C#N)C(CC)CO1,0.7911721703603456
CCCCC(=O)NCC1CC(NC(=O)C(O)c2cccnc2)C1,0.10872584627560788
CCCCn1ncc(C(=O)NCc2cscc2C(F)F)c1C,0.0008524795232978479
CCCN(CC(=O)OC(C)(C)C)C(=O)c1cc(C#N)ccc1F,0.0007616927401564582
CCCn1cccc1C(=O)N1CCN(C)C(CNC(=O)c2c[nH]nn2)C1,0.0002530086520574379
CCN(CC1CCN(C(=O)C2CC2C(=O)OC)C1)c1ncnc(C)c1C,0.0004315366248852482
CCN(CCNc1nnc(C)o1)C(=O)c1cccc(F)c1Cl,0.35327281697780427
CCN1CCCCC1C(=O)NCCc1csc(Cl)c1Cl,0.0012470588534881047
CCOC1C2CCC1CC(C(=O)NC(C)C(=O)Nc1cc(C)no1)C2,0.0007235952101018124
CCc1[nH]c(C)nc1C(=O)N1CCCC[C@H]1CNC(=O)c1cc(C)on1,0.24841014113084553
CCc1cc(NC(=O)N(CC)Cc2cccc(C#N)c2)ccc1C(=O)OC,0.0018653068616680739
CCc1ccc(C(=O)N(CC)C[C@H](C)O)cc1Br,0.00040092943807680124
CCn1ccc(CC(=O)Nc2cccc3c2OC(C)CC3)n1,0.0007971452394767599
CN(C)C1CC(C(=O)NCC2CCNc3ccccc32)C1,0.0009164873506039576
CN(CCCc1ccccc1)C(=O)CN1CCN(Cc2ccccn2)CC1,0.0009526497225739713
CN(CCNC(=O)C1CCCCC1(C)C)C(=O)C1CC2(CSC2)C1,0.14702414868957617
CN1C(=O)CC(C(=O)NCc2cnn(C)c2)(c2ccccc2)C1C1CC1,0.00040837686259280313
CN1CC2CN(C(=O)Nc3ccc(Br)c(Cl)c3)CC2C1,0.0010029203644790138
CNC(=O)c1cnc(NCc2ccc(S(C)=O)cc2)cn1,0.0004271265927328198
COC(=O)C[C@@H]1CC2(CC2)CN1C(=O)c1snc(Cl)c1Cl,0.0007298587695995144
COC(=O)C1(CNC(=O)N(C2CC2)C2COC2)CC2CCC1CC2,0.372677943869006
COC(=O)C1(O)C2CCCC2C1N1CC(CC2CC2)C1,0.0006132963195104146
COC(=O)Cc1cccc(C(=O)NC(C)c2c(C)cc(C)c(OC)c2C)c1,0.0007324684578268742
COC(=O)Nc1ccc(CNC(=O)NC2CCC2O)cc1,0.00046430127319968783
COC(=O)c1cc(O)cc(C(=O)NC[C@H]2OCC[C@H]2C(C)C)c1,0.00046779575460285635
COC1CCC(N(C)C(=O)NCc2cc(C(=O)OC)cs2)CC1,0.0004924973662752552
COCC(=O)N1CC2(CN(C(=O)C(c3cccnc3)C3CC3)CCO2)C1,0.00027149384060642484
COCC(C)CC(=O)N(C)C(C)CNC(=O)C1(c2ccc(N)cn2)CC1,0.16951355400613155
COCC1CCC(Nc2cccc3c2CCNC3=O)CC1,0.001309508922627804
COc1c(C)ncnc1N1CCC(NC(=O)[C@@H]2C[C@@H]3C[C@@H]3C2)C1(C)C,0.0009101027615834961
COc1cc(N2CCNCC3(CC3)C2)nc(C2CC2)n1,0.0007896405520990969
COc1ccc(C(=O)NCc2ccc(NC(C)=O)nc2)c(F)c1,0.0008374026664854265
COc1ccc(F)c(NC(=O)N2CCSC3(CCOCC3)CC2)n1,0.001463464829683483
COc1ccc2c(c1)OC(C(=O)O[C@@H]1C[C@H]3C(=O)NCC23)C2)C2,0.0
COc1cccc(C(O)CN2CCC(O)(c3ccc(OC)cc3)CC2)c1,0.0005827426720291991
COc1cccc(NC(=O)c2c(C)noc2CC(C)C)c1,0.0010168789477197826
COc1ccccc1-c1ncc(CNC2C3CNC(C3)C2(C)C)cn1,0.4431017926913514
COc1ccnc(OC)c1C(=O)N1CC(CNC(=O)CC2CN(C)C2)C1,0.11708014019741458
Cc1c[nH]cc1C(=O)N1CCCC(CCNC(=O)Cc2ccco2)C1,0.001224804010586844
Cc1c(C2CCC2)n[nH]c1NS(=O)(=O)c1ccc2c(c1)C(=O)CCC2,0.0011839183351897598
Cc1cc(C(=O)N2CCN(C(=O)C3(C#N)CCOCC3)CC(O)C2)co1,0.0008782612130876403
Cc1cc(C(=O)NC[C@@H]2C[C@H]2C2CCCO2)nc2ccccc12,0.29527948879185617
Cc1cc(C(=O)NCC(C)(C)c2cccc3ccccc23)c(C)n1NC(N)=O,0.0010223321320606876
Cc1cc(C)cc(C(=O)N(C)CC(C)NC(=O)c2oc(C)cc2C)c1,0.0005770951669914472
Cc1cc(Cn2c(C)c(C)n(CCO)c2=O)cc(C)c1C(F)F,0.0004568175474368785
Cc1cc(NC2(CNC(=O)[C@H]3CC3(C)C)CC2)c(C#N)cn1,0.0015384285683518962
Cc1cc(O)ccc1CC(=O)N1CC(O)(C2CC2)CC12CCOCC2,0.00071045495566769
Cc1cc(S(=O)(=O)N2CCNCC2c2cccn2C)ccc1F,0.0006806217543348696
Cc1cc2ccccc2n1CC(=O)N1CCC2(CC1)CNC(=O)C2(C)C,0.001449946735305352
Cc1ccc(-c2ncc(C(=O)N3CC(O)C(F)(F)C3)c(C)n2)c(C)c1,0.7226976291303505
Cc1ccc(=O)oc1NC(=O)c1ccc2c(c1O)CC(C)(C)C2,0.00119426590077853
Cc1ccc(C(=O)N[C@@H](C)C2CN(c3ncc4c(n3)CCOC4)C2)[nH]1,0.0009754433999096969
Cc1ccc(C(=O)N2CC(C)(NC(=O)c3nnc(C)s3)C2)s1,0.000547358683295833
Cc1ccc(C(=O)N2CCCC[C@@H]2CNC(=O)c2cccc(=O)[nH]2)c(=O)[nH]1,0.2143458991115679
Cc1ccc(C(=O)NC[C@H]2CCCCN2C(=O)c2cc(C#N)oc2C)[nH]1,0.3881196761515595
Cc1ccc(N2CCC(N(C)C(=O)CCc3cc(C)on3)C2=O)cc1,0.0008155045609068226
Cc1ccc(F)cc1-c1noc(C2(C)CCOC2C)n1,0.0013593977897328998
Cc1cccc2oc(NC3CCN(C(=O)C(C)(C)F)CC3C)nc12,0.6297661550185056
Cc1ccnc(N(C)C2CCN(c3cc(N)ncn3)C2)c1Cl,0.0010930533883524815
Cc1coc(C(=O)OC(C)(C)C)c1NC(=O)c1c(C)noc1C,0.0011010119321161421
Cc1conc1C(=O)N1C[C@@H]2C[C@H]1CN2C(=O)C1(n2cccc2)CCCC1,0.0012910776731642453
Cc1conc1CC(=O)N1CCN(C(=O)CC2(C#N)CC2)[C@@H](C(C)C)C1,0.001262032467706749
Cc1nc(C2CCN(c3ccc(NC(=O)[C@H]4CCCN4C)cc3)C2)n[nH]1,0.0006243299366930082
Cc1nc(N)nc(NC2(CNC(=O)c3cnc(C)c(C#N)c3)CC(C)C2)n1,0.6068451891681101
Cc1nc2c(C#N)cnn2c(C)c1CCC(=O)NC[C@H]1C[C@@H](N(C)C)C1,0.0013061829901550705
Cc1ncc(C(=O)NCc2csc(C(=O)O)c2)c2c1CCC2,0.00033081235770303076
Cc1ncc(Cl)c(C(=O)N3CC(NC(=O)c3csnn3)C2)n1,0.0
Cc1nnc(-c2cccc(NC(=O)C3(F)CCC(=O)CC3)c2)o1,0.001265917465908453
Cn1cc(C(=O)N2CCCC23C2CC(NC(=O)[C@H](C)(C)O)CC3)cn1,0.0
Cn1ccnc1-c1cccc(C(=O)N2CCN3C(=O)C(N)CC3C2)c1,0.0010282284764911525
Cn1cncc1CC(=O)N1CCCCC1C1CCCN1,0.0011372372247675057
Cn1ncc2c1CCC(F)C2NCc1ccc(Br)o1,0.000664624156858604
N#Cc1c[nH]c(C(=O)NC(CCNC(=O)NCc2ccccc2)C2CC2)c1,0.0011752257432738318
NC[C@@]1(F)C[C@@H]2CC[C@H](C1)N2C(=O)c1ccc(OC2CCC2)cc1F,0.0008276917921180444
O=C(C2CC(C2)C1)N1CCN(C(=O)[C@@H]2CCC3(CC3)CN2)CC1,0.0
O=C(CC(O)c1nc2ccccc2[nH]1)OC[C@H](O)C(F)(F)F,0.0008868707292985136
O=C(CN1CCOC1=O)NCC(=O)c1cccc2ccccc12,0.16382585166376243
O=C(NC(CCC(F)(F)F)C(=O)O)c1cccc2sccc12,0.0009338835723852673
O=C(NC(CNc1nnco1)C1CC1)c1ccc(C2CC2)s1,0.588598912152311
O=C(NCc1ccc(F)cc1)c1cc(F)c(CO)c(F)c1,0.0005505765920362444
O=C(Nc1cccc2c1C1CCC2N1)N1CCOCC1C1CC1,0.0013445624358433526
O=C(Nc1ccccc1C(F)(F)F)N1CC2(C[C@@H]1CO)OCCO2,0.0009121649525512493
O=C(c1cnc(N2CCOCC2)cn1)N1CC(c2ccc(F)cc2)C1,0.26104939935525245
O=C1C[C@@H]2C[C@H]1N[C@@H]2C(=O)Nc1ccc2nccnc2c1Br,0.0006986185744285037
Sc1ccc2c(c1)CC(C1CNC3COCC3O1)CO2,0.0005445681160126333
C[C@@H](CCNC(=O)C1=C(Cl)CC1)NC(=O)c1cccc2nccn12,0.2214767118213456
C[C@@H]1CCCC[C@@H]1Nc1cn(C2CC2)nc1-c1ccccc1,0.9698934252684394
C[C@H](CNC(=O)OC(C)(C)C)NC(=O)CN1CCN(C)CC1,0.000298997477821246
C[C@H]1c2ccccc2C[C@H]1NC(=O)Cn1ccc(=O)c2ccccc21,0.0009209150794741559
C=C1c2ccccc2N2CC(C3=NNC(=C)CN3CC)C12,0.2214603591018816
CC[C@@H](NC(=O)NCc1cccnc1-n1cncn1)C(=O)N(C)C,0.0006303592946240537
CC[C@@H]1CN(c2nnco2)C[C@@H]1NC(=O)CCCC(N)=O,0.0003971817094244226
CC(=O)C(NC(=O)C(C)(CO)c1ccccc1)c1ccc(Cl)cc1,0.00042584292967847917
CC(C#N)C(=O)NC1(CNC(=O)CCC(C)c2cccnc2)CCCCC1,0.000948689724243802
CC(C)(C)OC(=O)N1CC(NCC(O)Cc2ccc(Cl)cc2)C1(C)C,0.0006186994431777511
CC(C)(C)Oc1ccnc(N2CCc3cc(Br)ccc32)n1,0.0009425589464918469
CC(C)(CC(=O)N1C[C@]2(C)CNC[C@]2(C)C1)C(=O)NCC1(C#N)CCCCC1,0.33546975562461073
CC(C)(NS(C)(=O)=O)C(=O)N1CC(C)(NC(=O)c2ccsn2)C1,0.00020758968816846036
CC(C)(O)C1CCCN(c2cc(NCC3CC4CCCC4O3)ncn2)C1,0.0008011377543483109
CC(C)C(CNC(=O)COc1cccc(F)c1)Nc1cc(=O)[nH]c(=O)[nH]1,0.0007151677389753854
CC(C)Oc1cccc(NC(=O)NC[C@H]2C[C@@H](n3cccn3)C2)c1,0.0018362150826484625
CC(C)n1cc(C(=O)OC2CCCC(=O)N(C)c3ccccc32)ccc1=O,0.0007701276997597799
CC(C)n1ccc(CC(=O)NCC2CCCCN2Cc2cnon2)n1,0.0004941420386350362
CC(C)n1ccnc1C(=O)NC1CCN(C(=O)[C@@H]2[C@H]3COC[C@H]32)CC1F,0.0007231815848192959
CC(CCC#N)N(C)S(=O)(=O)N1CCC[C@@H](C(=O)OC(C)(C)C)C1,0.0012880332387788039
CC(CN(C)Cc1nnnn1C1CC1)NC(=O)c1n[nH]c(=O)[nH]c1=O,0.00015888047663504572
CC(CN1CCC(=O)N(Cc2cccs2)C1=O)CC1(C)OCCO1,0.000739853151337401
CC(CNC(=O)c1cccc(F)c1F)c1ccc(S(C)(=O)=O)cc1,0.0005128715148205162
CC(Cn1cccn1)C(=O)NCC1CCN1C(=O)Cc1ccccc1,0.00042931922049851653
CC(O)CC(C)(C)CNC(=O)c1ncc(-c2ccccc2)[nH]c1=O,0.0012742550268404476
CC(F)(C(=O)NCC12CCCCC1C2)c1cccc(Cl)c1,0.0005822587901204237
CC1(C)C2CCC(C2)C1C(=O)N1CC[C@@H](O)[C@H]1c1ccc(=O)[nH]n1,0.0002831904457373983
CC1(NCc2ccc3cc[nH]c3c2Cl)CN(C(=O)C(F)(F)F)C1,0.0006761727459720027
CC1=C(C(=O)N2CCC2CNC(=O)CC23CCC(CC2)C3)CCCC1,0.5550185317087855
CC1=C(C(=O)N2CCN(c3ccc(F)c(C#N)c3)[C@H](C)C2)CC1,0.001534037694179919
CC1CC(Nc2nc(-c3ccc(OC(F)(F)F)cc3)ns2)=NN1C,0.9025232038821528
CC1CN(C(=O)[C@@H]2CC2(F)F)CCN1C(=O)C(F)(F)c1ccccn1,0.00036223249875232865
CCC(=O)N1CCC(Nc2ccc(S(C)(=O)=O)cc2@H](C)O)C1,0.0
CCC(C(=O)N[C@H]1C[C@@H](Nc2nccc(-c3cnccn3)n2)C1)N(C)C,0.6170908275971405
CCC(CC(=O)N1CCC[C@H]1c1n[nH]cc1C)c1ccccc1C,0.0007507254654657685
CCC(CCOC)C(=O)NCC(C)NC(=O)c1cccc(NC)n1,0.0007677060669987978
CCC(O)CC(=O)NCCN1CCN(C(=O)c2cncc(C)c2)CC1,0.10788926323451203
CCC(OC(=O)C1CON(C(=O)OC(C)(C)C)C1)C(F)F,0.0007094088723148757
CCC1(C(=O)N2CC(CNC(=O)c3ccc(C)nc3C3CC3)C2)COC1,0.23916630940188371
CCC1CC1C(=O)NCCC1(CNC(=O)C2(C(F)F)CCCC2)CC1,0.000430234484750118
CCC1CCCN(c2nc3c(c(=O)[nH]c3-c2c2ccccn2)CC1,0.0
CCC1CN(C(=O)C2(CO)CCC2)CCC1NC(=O)c1ccccc1,0.0004628021546334888
CCCC1CN(c2cc(Br)cc(C#N)n2)C1,0.0015853003208531468
CCCNC(=O)NC(=O)CNC(C)Cc1ccc2ccccc2c1F,0.000597878375854209
CCCc1cc(C(=O)N2CCC(NC(=O)CC(C)(F)F)C23CCC3)c(C)o1,0.0015583664967984163
CCCc1cccc2c1CN(C(=O)c1ncccc1OC)CC2,0.0006120066409622941
CCN(C[C@@H](C)O)C(=O)Nc1c(C)cc2cnn(C)c2c1Cl,0.0013003123745406176
CCN(C(=O)CC1CC1C)C1CCN(CCc2ccns2)C1,0.0005536951589719895
CCN(CC(C)O)C(=O)Nc1ccccc1-c1nnc(NC)o1,0.0014057867411916515
CCN(CC)C(=O)c1cccc(N2CCn3c2nnc3CC(C)(C)C)n1,0.0008149154262195203
CCN(CCNc1nnc(C)o1)C(=O)c1cc(C)nc(C)c1,0.0003817278917967492
CCNS(=O)(=O)c1ccc(C(C)NC2CCn3ccnc32)cc1,0.0003088493595410121
CCOC(C)C(=O)NC1CN(C(=O)c2ccc3c(c2)CC=CC3)CC1C,0.0008861005040174753
CCOC(CNc1ncnc2c(C(=O)OC)cccc12)C(C)C,0.5208297572280804
CCOc1cccc(-n2ccc(NC(=O)C3CCOC3)n2)c1,0.0013241189030973725
CCOc1cccc(CNC(=O)c2cc3c([nH]2)CCCCC3)c1,0.0006877555447099693
CCn1cc(C(=O)NC2(CF)CCN(C(=O)c3cc(C)ccn3)C2)c(C)n1,0.00042484218287696757
CN(C(=O)CCc1ccon1)C(CNc1cc(C#N)nc(C2CC2)n1)C1CC1,0.0016494802185506958
CN(C)[C@H]1CCN(C(=O)[C@H]2CN3CCC[C@H]3CC(=O)N2)C1,0.00023417068578602868
CN(C)C(=O)OC1CCN(Cc2cnn3c(=O)cccc23)C1,0.0
CN(CC1CN(C(=O)CCc2ccco2)C1)C(=O)CC1COC(C)(C)C1,0.0005248461643214367
CN1CC[C@@H]2CCN(Cc3c(Br)cnc(C(F)(F)F)c3)[C@@H]2C1,0.00043620969633354373
CN1CCOC(c2noc(-c3ccc(SC4CCOC4=O)cc3)n2)C1,0.6847738039980859
CNC(=O)NC(=O)C(C)OC(=O)c1ccc(Oc2ccccc2Cl)cc1,0.0007914784500846675
CNC(=O)c1cccc(C(=O)Nc2ccc3c(c2)C=CCCC3)c1,0.0018926713913668177
COC(=O)[C@H](Cc1cn(C)cn1)NC(=O)c1ccc2c(c1)OC(C)CC2,0.0005291616878230455
COC(=O)C1(C(F)c2ccc(Oc3ccc(OC)cc3)nc2)CC1,0.0006869944185762752
COC(=O)c1ccc(Cl)cc1S(=O)(=O)N1CCCC(=O)CC1,0.16891171424493592
COC1(C(=O)NCC[C@H](C)NC(=O)Cn2ccc(C(F)(F)F)n2)CC1,0.0003758664994753913
COC1CC(C(=O)N(C)C(C)CCNC(=O)c2cc3ccsc3[nH]2)C1,0.0008718679367017894
COC1CCOc2ccc(OC3CCS(=O)CC3)cc21,0.0009682078267425949
COCCn1cc(NC(=O)c2cc(CC3CCNCC3)on2)cn1,0.0009477625091454374
COc1cc(N[C@H]2[C@@H]3CN(C(=O)c4ccc(C)[nH]c4=O)C[C@@H]32)ncn1,0.139188295561328
COc1ccc(C(=O)NC2C3CCCC2COCC3)c(O)c1,0.0006157182745309744
COc1ccc(O)c(CC(C)NS(=O)(=O)c2cc(Cl)cnc2N)c1,0.0009785084595737206
COc1ccc2c(c1)CCC2(CO)NC(=O)c1ccc2c(c1C)CCCN2,0.0009667096167930664
COc1ccc2cc(C(=O)COCC(F)F)ccc2c1O,0.3243772472006064
COc1ccnc(C2(C(=O)NC3(C)CCNC34CC4)CC2)c1,0.00047315739565687286
CSC(C)C(=O)N(CCNC(=O)c1ccc(CNC(C)=O)o1)C1CC1,0.00033788881715370684
CSCC(C)C(=O)N[C@H](C)C1CN(c2nnc(CO)s2)C1,0.0004440440594811436
Cc1cc(-c2cn(CCC3CCCC4CC(NC(C)=O)C43)nn2)ccn1,0.0018310797125627401
Cc1cc(-c2ncc[nH]2)ccc1NC(=O)C1(C(F)F)CCOCC1,0.0018570896045799127
Cc1cc(C#N)cc(-c2ccc2N2CC(=O)NC3(CC3)C2)c1,0.0015929120281989464
Cc1cc(C(=O)N2CCCC[C@H]2CNC(=O)c2cnccc2N)n(C)n1,0.0009154928121924481
Cc1cc(C(=O)O)cc(C(=O)Nc2ccc(N3CCc4ccccc43)cc2)c1,0.8015100954858168
Cc1cc(CN2CCCC(c3nc(C(C)(C)C)n(C)n3)C2)oc(=O)c1,0.0007305394345235209
Cc1cc(N2CCN(C3CCN(C(=O)c4ccoc4)CC3)CC2)c(C#N)cn1,0.7635943296036517
Cc1cc(NC(=O)[C@@H]2OCCO[C@@H]2C(=O)O)c(C)c(N2CCOCC2)c1,0.0006374043872445897
Cc1cc(S(=O)(=O)N2CC3(COCCO3)C2)sc1C,0.0004567252397819623
Cc1ccc(C(=O)N(C)CCC2CCN(C(=O)C(C)C#N)CC2)nc1C,0.4532294248605679
Cc1ccc(C(=O)NC2CN(C(=O)c3ccc4c(c3)OCC4)C2)cc1F,0.0006433856936935285
Cc1ccc(C(=O)NCC(=O)NCCc2nncn2C)s1,0.0004140998904271728
Cc1ccc(C2(C(=O)NCC34CCCCC3C4)CCC(=O)C2)cc1,0.4001911123135249
Cc1ccc(CC(=O)OC2CC(=O)c3ccccc32)s1,0.17444562992616672
Cc1ccc(NC(=O)N2C3CCC2CNC3)c(Cl)c1Cl,0.0009570952637742496
Cc1ccc(Cl)cc1C(=O)N1CCN(C(=O)[C@@H](C)O)C(CCO)C1,0.0003454842459172691
Cc1cccc(C#N)c1S(=O)(=O)N1CCCCC1C(F)F,0.000416257482991165
Cc1ccnn1CCN1CCC=C(c2nccn2C(C)(C)C)C1,0.0012607666762968104
Cc1cncc(C(=O)NC2CN(C(=O)c3cn(C)cn3)C2)c1O,0.12038111212368138
Cc1cnoc1C(=O)N1CCN(C(=O)C2CC2(F)F)C[C@@H]1C,0.19971162074442353
Cc1cnoc1C(=O)NCC1(O)CN(C(=O)CNC(=O)c2ccco2)C1,0.09890532218690933
Cc1coc(-c2ccccc2NC(=O)N2CCS[C@H](C)C2)n1,0.895696780449423
Cc1n[nH]c(C)c1C(C)C(=O)NC1CC2NC(=O)CC12,0.13009817355101683
Cc1nc(=O)[nH]c(C)c1C(=O)N1CCC(O)(CNC(=O)c2ccoc2)C1,0.13036416509826618
Cc1nc(C(=O)N2CC(NC(=O)c3nn(C)cc3Cl)C2)c(C)[nH]1,0.25220639985046633
Cc1ncccc1CC(=O)N1C[C@H]2[C@H](Nc3nccc(C#N)n3)[C@H]2C1,0.001263064649477565
Cn1cc(C#N)cc1C(=O)N1CCC[C@H](NC(=O)C23CC2C3)C1,0.0011568253084646956
Cn1cc2c(n1)CCCC2NC(=O)NCC1CCCN1CC(F)F,0.0007855588206996533
Cn1cccc1C1CN(C(=O)Nc2cnoc2C2CC2)C1,0.0011369708545814344
Cn1nc(CN2CC(C)(C)c3cc(C(=O)O)sc3C2)c2c1CCC2,0.0009898629939756563
N#C[C@@H]1CN(C(=O)Nc2cc(C#N)ccc2F)CCN1C(=O)C1CCC1,0.6962013023795105
NC(=O)c1cccc([C@H](NCc2nc(C3CCC3)no2)C2CC2)c1,0.12819011392622617
NC(=O)c1cccc(N2CCNC(=O)C23CCOCC3)c1,0.263357628703327
Nc1c(-c2ccccc2)n[nH]c1C(=O)NCC[C@H]1CCCN1,0.0008754527082451832
Nc1ccccc1-c1cn(Cc2csc(C3OCCO3)c2)nn1,0.7565451895153658
O=C(CC(C1CC1)C1CC1)N1C[C@@H]2C[C@H]1CN2c1ncc(O)cn1,0.47438643054373203
O=C(CCn1ccnc1)N[C@H]1C[C@](F)(CNc2cc(C(F)F)ncn2)C1,0.0005917347460779862
O=C(Cn1cc2c(cc1=O)OCC2)NCCc1ccc(O)cc1,0.0005496642798785455
O=C(N[C@H]1C[C@]2(CCCCN2C(=O)CCC2CC2)C1)c1cnccc1O,0.42872047850037837
O=C(NC1(c2ccccc2C(F)(F)F)CC1)C1CCn2ncnc2C1,0.000494851985263603
O=C(c1ccc2c(c1)OCCN2)N1CCCC12CCSCC2,0.8245400882553963
O=C(c1ccc2scnc2c1Cl)N1CCCCC12CC2,0.553380720466653
O=C(c1cccc(-n2cc(C3(O)CCCC3)nn2)c1)N1CCC1(CF)CO,0.0005066686920877227
O=C(c1cccc(-n2cncn2)n1)N1CCC1C1CCC1,0.0013511785049725392
O=C(c1cccnc1N1CCCCC1)N1CC2CC2C1,0.17092979896991334
O=C(c1occc1Cl)N1CCC(Nc2ncnc3c2CCCC3)C1,0.001430562225380187
O=C1CC2(CCC2)C(C(=O)Nc2cccc(CC(F)(F)F)c2)CCN1,0.0007312209320971923
O=C1CC2(CCC2)NC1C(=O)NC1(C2CCCC2)CCC1,0.3100151175793788
C[C@@H](Nc1cnc(C#N)c(Cl)n1)c1cccc(OC(F)(F)F)c1,0.5099106961888986
C[C@@H]1[C@H](NC(=O)C(C)(C)c2ccc(-c3nn[nH]n3)cc2)CCN1C,0.0004057391589797262
C[C@H](O)C(=O)N1CC(C2CCCCN(C(=O)c3ccccc3)C2)C1,0.17998301956786397
C[C@H]1C(=O)NCC[C@H]1NC(=O)c1cn(-c2cccc(C(F)(F)F)c2)cn1,0.0006725353174261715
C=C(Cl)CC(NC(=O)C(C)(C)NC(=O)c1ccccc1)C(=O)O,0.0003974074425124006
CC(=O)N1CCc2cc(C(=O)N3CC(F)(c4cc(F)ccc4C)C3)ccc21,0.5683056288823959
CC(C#N)Oc1ccccc1NC(=O)Cc1cc(Cl)n(C)n1,0.0010259429190666166
CC(C(=O)N1CCC2(CC1)CN(C)c1ccccc12)n1ccc(N)n1,0.0006380448678996886
CC(C)N(CCNC(=O)C1(C)C(C)C1(C)C)c1ccc(F)c(F)c1,0.0005392901514850012
CC(CCC(C)(C)C)C(=O)N[C@H]1C[C@H](NC(=O)CC2CCCOC2)C1,0.00033407193712446014
CC(CCO2ccccc2)OC(=O)Cc1ccncc1Cl,0.0
CC(CN(C)C(=O)C1CC(C2CC2)=NO1)NC(=O)CC1CCN(C)C1=O,0.0003955161610049103
CC(CNC(=O)C(F)(F)CCN)N(C)Cc1sccc1Cl,0.000709814347445434
CC(NC(=O)c1cscn1)C1CN(C(=O)c2ccoc2)CCO1,0.00047839044022387773
CC(F)(F)CCC(=O)NC1(CNC(=O)Cc2ccc)CCCCC1,0.0
CC1(C)C(C)(C)C1(F)C(=O)NCC1C2CN(C(=O)c3ncc[nH]3)CC12,0.0006875538610600529
CC1(C)C2CCC1(F)C(NC(=O)C1(F)C3CCCCC31)C2,0.0006077780771435868
CC1(C)CC(C)(C(=O)N2CC3CC2CN(C(=O)[C@@H]2CNC(=O)C2)C3)C1,0.2935608224331191
CC1(C)CC(NC(=O)c2[nH]ncc2OCC(F)F)(C(=O)O)CC(C)(C)C1,0.2623045871958881
CC1(C)CN(C(=O)c2ccc(=O)[nH]c2)CC1CNc1nnc(C2CC2)s1,0.00032277492929463225
CC1(CC(=O)NC2CC2c2ccccc2Cl)CCS(=O)(=O)N1,0.0003474635795321243
CC12CC(C(=O)N[C@H]3CC[C@H](NC(=O)CC#N)CC3)(C1)C(C)(C)O2,0.001284897026339296
CC1C(NC(=O)[C@H](C)n2cnnn2)CCCN1C(=O)c1c[nH]c(=O)cn1,0.0001553183322600128
CC1CCC(CNC(=O)c2ccc(-c3cnccn3)c(Cl)c2)O1,0.0006914749882412479
CC1CCN(S(=O)(=O)c2ccccc2-c2ccccc2)C1,0.0008746646751824122
CC1OC(C)(C)N(CCNC(=O)c2cc(C(C)(C)C)ccn2)C1=O,0.2229877282903643
CCC(C)(C)CC(=O)NC1CN(C(=O)C23CCC(CO2)C3)CC1C,0.00047373714029595726
CCC(CC)(CO)C(=O)N1C[C@H](n2cc(-c3cccc(NC)n3)nn2)CO1,0.0008821997017348492
CCC(CCNC(=O)CCc1cccc(OC)c1F)N1CCCC1=O,0.0005450867947721105
CCC(F)C(=O)N1CC(C)C(CNc2ncc(C)c(C)n2)C1,0.000684633269297544
CCCC(C(=O)NCCN(C)c1nc2c(cc1C#N)CCC2)N(C)C,0.0014491919253241845
CCCC(C)C(=O)NC1CCN(C(=O)[C@H]2C[C@@](F)(CO)C2)CC1(C)C,0.0005207565992474915
CCCC(C)C1CCCN1c1ncnc2c1cnn2CC1CC1,0.0013672752065087843
CCCn1ccc2cc(NC(=O)[C@@H](O)CC(C)C)ccc21,0.0014506463995369008
CCN(C(=O)[C@@H]1C[C@@H]1CF)c1ccc(Br)c(OC)c1,0.1858711425588847
CCN(C)c1ccc(C(=O)NC2CCC3C2C3(F)F)cc1,0.36584442911717147
CCN(CC)CCn1cc(NC2CCOC23CCC3)cn1,0.0007415899860885946
CCOC(=O)Cc1csc(NC(=O)C2(F)CCCC2)n1,0.0007478305827060597
CCOC(=O)N(C)C1CCCN(C(=O)CN2CCNCC2=O)C1,0.15593606393863835
CCOC1CC1C(=O)NCCC(C)N(C)C(=O)CCC1CCCO1,0.0004210591956625237
CCc1nc(C(C)NC(=O)C2CC3(C2)CS(=O)(=O)C3)cs1,0.00044349063922237224
CCc1nnc(NC2CN(C(=O)C(F)c3ccccc3)CC2CC)o1,0.0009825825517117527
CCc1nocc1C(=O)N1C[C@H]2[C@H](NC(=O)c3cncs3)[C@H]2C1,0.2593651494326413
CCc1nocc1C(=O)NC1(C)CCN(C(=O)C2CCC2(C)C)C1,0.000636078541431418
CCn1cccc1C(=O)N(C)CCNC(=O)c1cncc2c1CCCC2,0.000712941216279718
CCn1nc(C)nc1NCc1cc(=O)c(OC(C)(CC)CC)cn1,0.0
CN(C(=O)C1(C)CC1)C1CCCN(C(=O)c2ncccc2O)C1,0.21069347843091857
CN(C(=O)N(Cc1ccc2ccn(C)c2c1)C1CCCC1)C1CCOC1,0.001950102751074702
CN(C)C(=O)c1ccc(NC(=O)N2CCCc3n[nH]cc32)cc1Cl,0.000759910811125142
CN(C)c1ccc(C(=O)N2C[C@H]3[C@H](Nc4ccccn4)[C@H]3C2)c(F)c1,0.0011139036165143876
CN(CC(O)CN(C)C(=O)C1CC1(F)F)C(=O)c1cc[nH]n1,0.00024457285525081253
CN(CCNc1cc(=O)[nH]c2cccnc12)C(=O)[C@@H]1CC[C@H]2C[C@@H]2C1,0.0006235950955794098
CN(Cc1cccc(C(F)(F)F)n1)C(=O)CNc1cnn(C)c1,0.0008310097943740414
CN1CC(C(=O)N2CCC3(CC2)CCN(C(=O)c2cn[nH]c2)C3)NC1=O,0.23952587542361306
CNC1(CNS(=O)(=O)CC=CBr)CC1,0.0002731220632790924
CNCCc1cccc(C#N)c1,0.0005422560935051465
CNCc1ccc(C(=O)N2CC(C)(c3ccc(F)cc3)C2)cn1,0.0004126752986684881
COC(=O)[C@]1(NC(=O)c2oc3c(c2C)CCCC3)C[C@@H]1C(F)(F)F,0.0004862640336421721
COC(=O)N1CCCN(Cc2cc3cn[nH]c3o2)CC1,0.0006364301731522565
COC(=O)c1ccc(C)c(C(=O)N[C@H]2CCc3ccccc32)c1,0.0006958427102629087
COC(C)(C)CN(Cc1ccc(C#N)cn1)C1CCCC1,0.0008087274456427847
COCC1(CC(=O)N(C)CCN(C)C(=O)c2nccnc2SC)CC1,0.0011912752471599766
COCCN(C)C1CCCN(C(=O)NC2CCCC2S(C)=O)C1,0.0004396715523784946
COCCc1ccccc1NC(=O)NC12CC(CC(=O)O)(C1)C2(C)C,0.28321771640567306
COc1cc(C(=O)Nc2nc(C)ccc2F)ccc1F,0.0009459488373086396
COc1cc(C2CCN(Cc3cnc(Cl)s3)C2)cc(F)c1F,0.0013888753610547314
COc1ccc(C(=O)N(C)CC(=O)N2C[C@H](OC)[C@H](N)C2)c(C)c1,0.0002904767140451286
COc1ccc(CC2CCCN2CC(=O)N2CCOCC2)cc1F,0.00044942266198303566
COc1ccc(CN(C)c2nnc(C3CCC(=O)N3)n2C)cn1,0.0007337160649668173
COc1ccc(NC(=O)C2CC23CC3)cc1OCc1coc(C)n1,0.0008208604491177881
COc1cccc(O)c1C(=O)NCC(C)N(C)C(=O)c1ccccc1C,0.0007474785906649741
COc1ccccc1C1(NCC2=NC[C@H](C)N2C(=O)OC(C)(C)C)CC1,0.0015001466563833582
COc1cnc(N2CC(CNC(=O)c3ccnc(OC)c3)(OC)C2)nc1,0.2587421007466433
COc1cncnc1N1C2CCC1(CNC(=O)c1cc(O)n(C)n1)CC2,0.4276314880924396
COc1ncccc1C(=O)NCCN(C(=O)CS(N)(=O)=O)C1CC1,0.00019438014381212908
CS(=O)(=O)CCCC(=O)N1C[C@@H]2CCCN2c2ccccc21,0.0009820163538338175
Cc1c[nH]nc1C(=O)NCC1CCCN(c2ccc(C#N)nc2)CC1,0.7074671033967979
Cc1c(F)cccc1C(=O)N1CCC(C(=O)N(C)C(C)C)CC1,0.31246043739994744
Cc1c(Cl)cccc1NC(=O)c1ccc(OC(F)F)nc1,0.5613503711027747
Cc1cc(C(=O)N2CCOCC2CN(C)C(=O)C(C)(C)O)ccn1,0.13608127580404078
Cc1cc(C)c(C)nc1C(=O)Nc1nc(C(C)(C)C(=O)O)cs1,0.0007592931858452476
Cc1cc(CCC(=O)NC[C@H]2C[C@H](NC(=O)c3cc(O)n(C)n3)C2)on1,0.0002618853741479724
Cc1cc(CN2CCN(C3=NC(C)(C)CN3C)CC2)ccc1F,0.0008982243174359276
Cc1cc(N2CCCCC2CCNC(=O)CC2CC2(C)C)ncc1C#N,0.8735157299872829
Cc1cc(NC(=O)c2ccc(=O)n(C3CC3)c2)c(OC2CCOC2)cn1,0.15081870892288168
Cc1cc(NC(C)CN(C)C(=O)C2(F)CCC(F)(F)C2)ncc1C#N,0.42709232308766587
Cc1ccc(C(=O)N[C@H]2CCN(c3cc(C)c(C#N)c(C)n3)C2)s1,0.5654766947080798
Cc1ccc(CNC(=O)N2CCC(OC3CN(C)C3)CC2)c(C)c1,0.0005404554735875458
Cc1cccc(C(O)C(=O)N2CC(NC(=O)CC(O)C3CC3)C2)c1,0.0002945363771833145
Cc1cccc(Cl)c1OCC(=O)OCc1nnn(C(C)(C)C)n1,0.0005757984772969666
Cc1ccccc1C(=O)N(CCC(C)C)C(=O)c1ccc2c(c1)CNC2,0.3961981243035376
Cc1ccn(C)c1C(=O)N(C)C[C@H]1CCCN1C(=O)c1ccc(F)s1,0.31083793692440886
Cc1ccnc(-n2ccc(C(=O)N3CC(CCF)C3)n2)c1,0.0005112703405933967
Cc1ccnc(C)c1C(=O)N1CCOC2(CCC(F)(F)CC2)C1,0.00051719108955343
Cc1cnc(N2CCCC3(CN(C(=O)C(C)OCC4CC4)C3)C2)nc1O,0.16415810538112516
Cc1cnn(-c2cc(C(=O)N3CCOC(C(C)O)C3)ccc2F)c1,0.0005007375844378894
Cc1cnn2ccc(C(=O)N3CCC(C(N)=O)(N4CCOCC4)CC3)cc12,0.00022845838169861498
Cc1cnsc1NC(=O)N1C[C@@H]2Oc3c(F)ccc(F)c3(C)c2C1,0.0
Cc1coc(C(=O)N2CCC(NC(=O)C(F)CC3CC3)C23CCC3)c1,0.2109107853853895
Cc1cocc1C(=O)N1CCC(C2(O)CN(c3ncncc3C#N)C2)CC1,0.0013310646475875325
Cc1nn(C)cc1CN1CCCC1CC1CC2(CCC2)CO1,0.0010291192890819856
Cc1nnc(NC(C)(C)CN(C)C(=O)C2CC3(C2)CC(F)(F)C3)s1,0.0004674987512847052
Cc1noc(C2(NC(=O)C3CCN(c4ccc(F)cn4)CC3)CC2)n1,0.0005047281230476549
Cn1c(Cl)cnc1CNC(c1ccccc1)C1CC1C(=O)O,0.0006155993153985717
Cn1cc(C(=O)Cn2ccc(Br)cc2=O)c(C(F)F)n1,0.2017121706068
Cn1cc(C(=O)N2CCC(COC(F)F)C2)c(-c2ccoc2)n1,0.0008720845228936371
Cn1ccc(-c2cc(C(=O)N3CCN([C@@H]4COC[C@H]4O)CC3)no2)n1,0.0006711034197853556
Cn1cccc(C(=O)N2CCN(C(=O)c3cccnn3)C3(CCC3)C2)c1=O,0.12610235926173577
Cn1cnc(C(=O)NC2(CNC(=O)c3cccc(C(F)F)c3)CC2)c1,0.5064340327562221
Cn1nc(C2CC2)cc1CNC(=O)N1CC(CO)Oc2ccccc21,0.0014279891637900626
Cn1ncnc1C1(O)CN(C(=O)c2ccc(-c3ccccc3)cc2F)C1,0.0010493665444996454
N[C@H]1CCCC[C@@H]1C(=O)N1CCc2cccc(Cl)c2C1,0.00036566556572741537
NC(=O)N[C@@H](Cc1ccc(Oc2cccc(F)c2)cc1)C(=O)CN1CCC1,0.000704594689217391
O=C(C[C@H](O)c1ccccc1)NC1(CNc2ccncn2)CCC1,0.0005772909784088979
O=C(CC1CCOCC1)N1CCC(c2ccc(O)cc2)C1,0.000605422909305288
O=C(CN1CCCCCC1)N1CCC(NC(=O)[C@H]2C[C@@H](O)C2)C(F)C1,0.1427983302360268
O=C(Cc1cc(-c2ccccc2)on1)N1CC[C@@H]2[C@H]1C2(F)F,0.0012730329515041115
O=C(Cc1cccnc1)NCCc1cnn2c1CCCC2,0.0010305983054291893
O=C(NC1(CNc2ncnc3c2CCCC3)CCCC1)c1ccon1,0.0012324846202698334
O=C(NC1CC2(C1)CN(C(=O)CCF)C2)c1cc(-c2cccnc2)no1,0.24762079103275136
O=C(NCC1(O)CN(C2CCCc3ccccc32)C1)c1ccc(F)cc1,0.0009705855866690084
O=C(NCc1cc(Br)cc2cccnc12)C1CCCS1,0.0005145869572170177
O=C(OC1CCCSC1)c1ccc(OC2CCOCC2)cc1,0.0012521508586506571
O=C(c1ccc(-c2cnco2)cc1)N1C[C@@H](C(F)(F)F)C[C@@H](O)C1,0.001529982603754101
O=C(c1n[nH]c2ccc(OCC3CC3)cc12)N1CCC[C@@H](F)C1,0.4563867308408699
O=C1CC2CCC(C1)N2CC(=O)N1CCc2ccccc2C1,0.00024194224881807908
O=C1CCc2cc(C(=O)OC3CN(C(=O)C4CC4)C3)c(Cl)cc2N1,0.0013843609510412532
O=C1CCc2cc(NC(=O)N3CCC[C@@H]3CCCO)c(F)cc2N1,0.0011912512917811578
C[C@@H]1CN(c2ncnc(N)n2)C[C@@H]1NC(=O)COC(C)(C)C,0.0004972108605219409
C[C@H](Cc1ccnn1C)NC(=O)NC12CC(C1)c1ccccc1OC2,0.000825046479005845
C[C@H]1CC2(CCC2)CN1c1ccc(-c2nncn2C)cn1,0.0016077449304090455
CC[C@@H]1CN(C(=O)C2CCNC(=O)C2)C[C@@H]1NC(=O)CCc1ccn[nH]1,0.00041578660376056543
CC(=O)N1CCC(CCNC(=O)c2cc(Cl)cc3ccccc23)CC1,0.4079993055013912
CC(=O)NCc1ccc(CNC(=O)c2nccc3c2CNCC3)cc1,0.0003407395927243111
CC(C(=O)N1CCOC(C)c2ccccc21)n1cc(C2(F)COC2)nn1,0.0012120275816853254
CC(C)(C#N)CCNC(=O)c1nn(-c2ccccc2)c2c1CCC2,0.0015383955424510853
CC(C)(NC(=O)c1ccc(Nc2ccncc2)cc1)C(F)F,0.0008333040779081565
CC(C)C(=O)N1CCc2ccccc2C1CNC(=O)[C@H](O)C(C)C,0.0004862837534191304
CC(C)C(=O)NC(CNc1ncnc2nccc2n1)C1CCCCC1,0.7871891057363746
CC(C)CCC(=O)NC1CCN(C(=O)c2cccc(N)n2)CC1(C)C,0.0008348391211315013
CC(C)c1nsc(CN2CC3(CC(SC(F)F)C3)C2)n1,0.6212542538546013
CC(CF)C(=O)NC1CCCN(C(=O)c2cc(C3(C)CC3)on2)CC1,0.0006796968402321507
CC(Nc1ccc(C#N)cn1)(C(=O)NCCC1CCC1)C1CC1,0.8159905810974758
CC1(C(F)F)CN(Cc2nnc3c(Cl)cccn23)CCO1,0.0004494290451602804
CC1(C)CCC1C(=O)N1C[C@@H]2C[C@H]1CN2C(=O)c1cc(O)cnc1N,0.0005390014947432472
CC1(F)CC(COC(=O)[C@@H]2C[C@H]2c2ccc(F)cc2F)C1,0.0005269874124070569
CC1C(=O)N(C)CCN1C(=O)Nc1cnn2ccc(C#N)cc12,0.3921338322684715
CC1C(NC(=O)c2cncc(Cl)c2O)CCCN1Cc1ccccc1,0.0006965012769799069
CC1CC1C(=O)N1CC(C2CN(C(=O)c3ccccc3)C2)C1,0.0002708723215893246
CC1CC1CC(=O)N1CCC(N2CCN(c3cc(=O)[nH]cn3)CC2)CC1,0.00047878562089390673
CCC(C)(CC)CNC(=O)N1CCN(c2cncc(OC)c2)CC1,0.001727871529980313
CCC(C)(OC)C(=O)NC1CCC(Nc2cncc(C#N)n2)CC1,0.0010815078427145906
CCC(C)N1CCC(n2cc(-c3ccc(C#N)cc3)cn2)C1,0.0018217371112313628
CCC1CN(C(=O)C(C)C)CCC1NC(=O)c1cc2occc2[nH]1,0.0005786358128646298
CCCC(=O)N1CCCC[C@@H]1CN(C)C(=O)c1ccc(C2(OC)CC2)cc1,0.0011750896067609824
CCCC(=O)N1CCCC(NC(=O)c2ccccn2)C1C,0.00030478773437636744
CCCC(C)(C)Cn1nnnc1N1CCC2(CC(C#N)C2)C1,0.0016399888410718697
CCCN(CC)CC1CCN(CC(=O)N2CCOc3ccccc32)CC1,0.0016106514045177455
CCCc1cc(C(=O)N2CCN(C(=O)c3ccncc3N)C[C@@H]2C)no1,0.2801042516771106
CCN(C(=O)C[C@@H](C)N(C)C(=O)OC(C)(C)C)C1CCN(C)C1,0.00047907006290667467
CCN(C(=O)CO)C1CCN(Cc2sccc2Cl)C1,0.000355641751902376
CCN(C(=O)c1cc(C)no1)C1CCN(C(=O)c2cn(CC)cc2C)C1,0.0006039524552915686
CCN(CC)CC(=O)N1CCC[C@H]1CNC(=O)C(C)N(C)C(C)=O,0.0007249876962461514
CCNS(=O)(=O)c1cccc(C(=O)N2CCc3ccccc32)c1,0.0008209515284541929
CCOc1cccc(N2CCc3ccc(OC)cc3CC2)n1,0.001844218842613143
CCc1cc(N2CCC(CN(CC)C(=O)C3(C)CC3F)CC2)ncn1,0.0005536985351667796
CCc1cccc(N2CCC(NC(=O)C3(OC)CCC(C)CC3)CC2)n1,0.0007308217734849991
CCc1ccccc1C(=O)NC[C@H](C)NC(=O)C(CC(C)C)n1ccnc1,0.00044737382178895333
CCc1nc(C(=O)N[C@H](CC(F)(F)F)C(=O)OC(C)C)cs1,0.0007239418803813409
CCc1nc(N)sc1C(=O)N1CCC(Nc2ccon2)CC1,0.0008360954599055768
CCc1ncnc(N2CCC3(CCN(C(=O)c4ccccc4)C3)C2)c1F,0.803970059399814
CCn1ccc(C(=O)N(C)C(C)CNC(=O)c2cc(C)no2)cc1=O,0.0003555468072687797
CCn1cnc(C(=O)N2CCN(C(=O)c3ccncc3C(C)C)CC2)n1,0.13473237440623909
CN(C[C@@H]1CCCN1C(=O)c1cccc(C#N)c1)C(=O)c1cnccn1,0.5639653283510129
CN(C)C(C)(C)C(=O)N1CC(Nc2cnc(F)cn2)C2(CCOCC2)C1,0.001055341207190022
CN(C)c1ccc(C(=O)NCC23CC(C(C)(C)C)(C2)C3)nn1,0.24448488319334194
CN(C1CC2=NOC(C2)C1)S(=O)(=O)c1cccnc1C#N,0.0008741254444153358
CN(CC1CCOCC1)S(=O)(=O)c1c(C#N)cnn1C,0.0009917543870193758
CNc1ccc(C(=O)N2CCC[C@H](NC(=O)c3cc(OC)[nH]n3)C2)cc1,0.2766212918324793
COC(=O)N1CC(NC(=O)C(C(C)C)C(C)c2ccccc2C)C1,0.00046491918152037295
COC(=O)c1cccc2c1CN(C(=O)c1ccn(CC#N)n1)CC2,0.000536871474820173
COC(=O)c1cccc2c1N(C(=O)C1CC3(CCC3)CCN1)CCC2,0.0016526880811551393
COCC(O)C(=O)NCC12CCC(Nc3ncnc(C)c3C)(CO1)C2,0.0003720379802866499
COc1c(C)cc(Cl)cc1NC(=O)C(C)OC1CCCCNC1,0.0011004195250404847
COc1c(C)ncnc1N1CC2(CCC2)CC1CNC(=O)c1cncnc1,0.4652487118699593
COc1cc(CNC2=NC(C(F)(F)F)CC(C)(C)C2)ccc1C#N,0.0009008672675185193
COc1cc(OC)c(NC(=O)c2cc(NC(C)=O)ccc2F)cc1F,0.0011869530182501995
COc1ccc([C@H](C)NC(=O)NCCc2ccc(C#N)cc2C)c(OC)c1,0.000956645095875726
COc1ccc(C2(F)CCN(CC3CC(C(F)F)=NC3)C2)cc1,0.0005379283522535472
COc1ccc(CCC(=O)N2CCc3cccc(C(C)=O)c3C2)cc1O,0.2470867935681164
COc1cccc(C(CC(C)NC(=O)c2ccc3c(c2)CCO3)OC)c1,0.0007645759087890419
COc1cccc(C(CNC(=O)NC23CCC(C2)OC3)N2CCCC2)c1,0.0007611366662925664
COc1cccc(C2(CN3C(=O)CCN(C)c4ccccc43)CC2)c1,0.001645917525879941
COc1cccc(NC(=O)C(C)NC2CCCOC23CCC3)c1,0.000594604050716256
COc1ccccc1-c1nnc(CN2CC[C@@H](C(F)F)C2)o1,0.0015923132674573288
COc1ccccc1C[C@@H]1CCCN1c1nc(C)cnc1F,0.0011739588632687053
COc1ccccc1C1CCCN1C(=O)Nc1cnn(C(F)(F)F)c1,0.001234487363711741
Cc1[nH]nc(C(F)(F)F)c1C(=O)N1CC[C@]2(C1)C[C@@H](O)C2,0.0005984897427709315
Cc1c(C(=O)N2CCCOCC2(C)C)c(=O)[nH]c2ccccc12,0.24847805148179342
Cc1cc[nH]c1C(=O)N1CC2(CC(NC(=O)C(C)C3CCOC3)C2)C1,0.0005858667677107168
Cc1cc(C(=O)N2C3CCCC2CN(C(=O)c2ncccn2)C3)ns1,0.1857872070792779
Cc1cc(C(=O)N2CCC3(CC(NC(=O)Cc4ccn[nH]4)C3)C2)c[nH]1,0.0006848358517294969
Cc1cc(C(=O)NCC2(F)CC(Nc3cccc(C#N)n3)C2)cc(F)c1C,0.43515863619788836
Cc1cc(C(F)(F)F)ncc1NCc1cn2c(n1)CCCCC2,0.0007287829648043758
Cc1cc(C)c2cc(C(=O)OCC3CCCN3C)sc2c1,0.0010461784411938653
Cc1cc(CN2Cc3ccccc3C2CNC(=O)C2(C)COC2)sn1,0.0005641189466996657
Cc1cc(N(C)CCCN(C)C(=O)CCC2CC2(F)F)n2nccc2n1,0.0015329728321528079
Cc1cc(N2[C@H]3CC[C@@H]2C[C@H](NC(=O)Cn2ccsc2=N)C3)ncn1,0.0012256175207019783
Cc1ccc(C(=O)N(C)CC2CCCN(C(=O)[C@@H](C)O)C2)cn1,0.10038594752949559
Cc1ccc(C(=O)N2CC[C@H](NC(=O)c3cnc(Cl)[nH]3)C2)cc1,0.00049863515881682
Cc1ccc(CN(C)c2ccnc(C(=O)N3C[C@@H]4C[C@]4(C)C3)c2)nc1,0.0005657671810556377
Cc1ccc(OCC(=O)N2CC3C(C2)C2(C)C3(C)C)cc1F,0.0
Cc1ccc2cc(CN[C@@H]3CC[C@H]3N(C)C)cnc2c1Br,0.0006553696257776819
Cc1cccc(N(CCC#N)Cc2ccc(C(=O)O)cn2)c1,0.0017810187148076149
Cc1cccc(OC2CCN(c3cc(C)c(C)nn3)CC2)n1,0.0006844714710344807
Cc1ccccc1CCC(=O)N1C[C@@H](O)CC[C@H]1C1CC1,0.0003816599262363925
Cc1ccccc1Cn1ccc(NC(=O)NC2(C)CCC2)n1,0.0005963405863473383
Cc1ccoc1CC(=O)NC1CCCN(C(=O)c2ccc(C)nc2)CC1,0.0005211839149879563
Cc1cnc(C2(NC(=O)c3[nH]ncc3C(F)(F)F)CCC2)s1,0.0006033663267095017
Cc1cnsc1C(=O)N[C@H]1[C@@H]2CN(C(=O)c3cccc(Cl)c3)C[C@@H]21,0.0006808050550423228
Cc1n[nH]c2cc(NC(=O)C3CC(=O)NC3(C)C)ccc12,0.0007212176776204673
Cc1nc(C(=O)N[C@@H]2CN(C(=O)c3ccc4c(c3)CC(C)O4)C[C@@H]2C)n[nH]1,0.0004342181634000053
Cc1nc(C)c(C)c(NCC(C)N(C)C(=O)C23CCC(C2)OC3)n1,0.0009391432701957397
Cc1nc(C)n(CCC(=O)Nc2ccc(C(=O)NC3CC3)cc2)n1,0.22672036793171071
Cc1nccc(C(=O)NC(CCC#N)C(=O)NC2(C)CCNC2=O)c1C,0.15615589223674983
Cc1nccnc1C(=O)N1CCC(CN(C)c2nnc(C3CC3)o2)CC1,0.38603623564420736
Cc1nn(C(F)F)c(C)c1CNCc1ccc2c(c1)CN(C)C(=O)N2,0.0009216160625583093
Cc1nonc1CC(=O)N1CC(NC(=O)c2ccccc2)C2CCCCC21,0.00048503182407540055
Cc1nscc1NC(=O)N1CC2(CCC2)c2ccncc21,0.5053888878720403
Cc1ocnc1-c1cn(CC2CN(C(=O)C(F)F)CCO2)nn1,0.0008481074326205919
Cn1c(NCC(C)(C)Cc2cccs2)c(C#N)c(=O)n(C)c1=O,0.0011752486077906282
Cn1cc(-c2ccccc2-c2ccsc2C#N)nc1C#N,0.900087392960975
Cn1cc(C(F)(F)C(=O)NC2CCN(C(=O)c3cnsn3)C2)cn1,0.00048361980275477104
Cn1cccc(NC(=O)c2cc(Cl)cc(Br)c2)c1=O,0.5207826913556554
N#Cc1c[nH]c(C(=O)NCC2CCN2C(=O)C2CC23CCOCC3)c1,0.0012329752982677444
N#Cc1ccc(N2C[C@]3(CO)CCC)CCC[C@]3(F)C2)c(Br)c1,0.0
N#Cc1ccc(OC2CCN(C(=O)N[C@H]3CCNC[C@@H]3N)CC2)cc1,0.0008579584193894986
N#Cc1ccc2cc(C(=O)N3CCN(C4CNCCC4)CC3)cnc2c1,0.6623247619390115
N#Cc1ccnnc1NC1CN(C(=O)c2cc3c(s2)CCCC3)C1,0.0015181744337498405
N#Cc1ccoc1S(=O)(=O)Cc1cc(Cl)cc2c1OCC2,0.0004388040338976297
N#Cc1cnc(N2CCC(NC(=O)c3cncc4c3CCCC4)C2)c(F)c1,0.0014496822722817448
N#Cc1cncc(CC(=O)NCc2ccc(C3CC3)cc2)c1,0.5927254620308033
NCCC1CN(C(=O)C2(S(C)(=O)=O)CCC2)C2(CCC2)CO1,0.19505306825152227
O=C(C[C@H](O)c1ccccc1)N1CC(NC(=O)C23CCC(CC2)C3)C1,0.0003376304367627204
O=C(Cc1ccc2c(c1)NC(=O)C2)NC1(c2ncccn2)CC1,0.1564614309715001
O=C(N[C@@H]1CCNC[C@H]1O)c1sccc1Cl,0.00041469472365524826
O=C(N1CCCC(c2nnc(N3CCCCC3)o2)C1)C1(O)CCOC1,0.000766047220728401
O=C(NC1C2CCCOC2C12CCNCC2)c1cncc2ccccc12,0.001451313885909665
O=C(NC1CCN(c2nnco2)CC1O)c1cscc1Cl,0.0007130218954722113
O=C(NCc1cc2ccccc2[nH]1)NC[C@@]12COC[C@@H]1C2,0.0009046919217033135
O=C(NCc1ccccc1OC1CC1)N1CC2(C1)CC2(F)F,0.0010119809663519616
O=C(OCc1ccc(F)c(Cl)c1C(F)(F)F)c1cccnn1,0.0006000319566778996
O=C1CCC2(CN1)CC(NC(=O)c1cc(-c3ccccn3)n[nH]1)C2,0.546885350312505
O=C1CCOc2cccc(NC(=O)N3CCC=C(F)C3)c21,0.5112903098919379
O=C1CN2CCCN1CC(c1ccc3c(c1)COCC3)C2,0.0003988032824621423
O=C1OC2(COc3ccc(-c4ccccc4Cl)cc32)CC1C(F)(F)F,0.001174017060642643
