smiles,score_UV_FILTER
C[C@@H](CCNC(=O)C1(C)CCC1)NC(=O)c1c2c(nn1C)CCCC2,0.0008937346313922912
C[C@@H](CNC(=O)CC(C)(C)C1CC1)NC(=O)C(C)(C)CN(C)C,0.0005453386974768621
C[C@@H]1CC[C@H](O)CN1C(=O)CCn1cc(CCO)nn1,0.0002063912827759956
C[C@H](CNC(=O)c1cn(C)nn1)NC(=O)[C@H]1C[C@@H]1Cc1ccccc1,0.00031353654476126973
CC[C@@H](NC(=O)NC1CCN(CCF)C1)c1ccccc1,0.0008457522196928164
CC[C@@H](NC(=O)OC(C)(C)C)C(=O)N1CC(=O)N(CC2CC2)C1,0.16339087057819435
CC(=O)c1cc(C(=O)NC(C)(COC(N)=O)C(C)C)ncc1C,0.0004720819362013688
CC(C)[C@H]1CN(C(=O)[C@@H]2CCC(=O)N2C)CCN1C(=O)c1ccco1,0.00039143102072356205
CC(C)(C(=O)NC1C(=O)OCC1C(=O)O)c1ccc2ccccc2c1,0.0006665077691273434
CC(C)(C)OC(=O)N1CCc2c(C#N)cc(=O)n(CC3CCOC3)c21,0.0015218347683563906
CC(C)(C)OC(=O)NC1CN(C(=O)COC2CC2)C(C)(C)C1,0.0003221964141803039
CC(C)(NC(=O)c1cncn1C(F)(F)F)CC(C)(C)CO,0.0006279421873233787
CC(C)C(CCO)NC(=O)c1coc(OCC(F)(F)F)n1,0.0005348137239958851
CC(C)CCN1CC[C@@H](NC(=O)CCc2cccc3ocnc23)C1,0.0008885979007438763
CC(C)N(C)S(=O)(=O)NC1CCN(S(C)(=O)=O)CC1,0.12959255374888842
CC(C)OCC(=O)N(C)C[C@H]1CCCN1C(=O)c1cccn2nnnc12,0.00023427017309740508
CC(C)Oc1cncc(Cl)c1CNCc1ncc(C2CC2)o1,0.000887774457858638
CC(C)SCC(=O)N1CCCC1CN(C)C(=O)c1cccnc1N,0.0005210162747502629
CC(C)c1ncc(C(=O)NC(CO)Cc2ccc(Cl)cc2)s1,0.0006397245273588729
CC(C)n1ncc2c(NC(=O)N3CCC4(CCO4)CC3)ncnc21,0.49158092845132423
CC(C1CC1)N(C)CC(=O)Nc1ccc(N2CCCC2=O)cc1,0.0012214111785405534
CC(C1CC1)N(CCC#N)C(=O)CC1(c2nn[nH]n2)CCOCC1,0.0010561621150871514
CC(CC(=O)NC(C)C1CCN(C(=O)c2cocn2)C1)CC(C)(C)C,0.3133427029776541
CC(CCNC(=O)Cc1cnn2c1CCCC2)N(C)C(=O)CO,0.00016015408503473666
CC(CN(C)C(=O)CCCn1cncn1)Nc1ccnc(Cl)n1,0.00032342614370040675
CC(CNC(=O)COC(F)F)N(C)C(=O)c1cc2cc(F)ccc2[nH]1,0.0006611261707331215
CC(O)C(O)CNC(=O)C(NC(=O)c1ccccc1)C(C)(C)C,0.00030023599219837857
CC1(CNCC2CCCN(C(=O)[C@H]3CC[C@H](C)CC3)C2)COC1,0.000487148219319133
CC1CC(C(=O)NCC2(O)CN(C(=O)c3ccsn3)C2)C1,0.00041905307850232076
CC1CC(NC(=O)C(N)C2CCOC2)CN(Cc2ccccc2)C1,0.0003307959870775223
CC1CCC(CO)(NC(=O)c2cc3sccc3cn2)CC1,0.2758686616911684
CC1CCC(OCC(=O)N(C)CCCN(C)C(=O)CC#N)CC1,0.0011351169971475508
CC1CN(C(=O)CO)CC1CNC(=O)C[C@H]1CCOC1,0.00031758196275331353
CCC(=O)N1CCC(CN(C)C(=O)C(C)c2cccc(C)c2)C1,0.0004429938455043241
CCC(=O)NC1CCC2CN(C(=O)c3cnn(CCOC)c3C)CC21,0.00038736069105137395
CCC(C)(NC(=O)CN1CCCNS1(=O)=O)C1CC1,0.0002929559103764161
CCC(C)CN1CCC(CNC(=O)c2c(C)cc(C)nc2C)C1,0.17340901745062837
CCC(CC)N(C)C(=O)c1nnc2ccccn12,0.00030154131535348465
CCC(CC)c1cn(CCNC(=O)C2CN(S(C)(=O)=O)C2)nn1,0.00035242357621979625
CCC(CNC(=O)Cn1nccn1)NC(=O)Cc1n[nH]c(C2CC2)n1,0.06017003587408265
CCC(CO)C(=O)N1CC(C[C@H](C)NC(=O)[C@H]2CCCN2C)C1,0.00031876054606673585
CCC(Cc1ccc(Br)cc1)N1CC(C(N)=O)C1,0.0004937085532425122
CCC(F)C(=O)N1C2CCC1CN(CC1CC1)C2,0.0005202751130004411
CCC(F)C(=O)N1CCCC1CNc1ncc(C(C)(C)O)cn1,0.0005421812750208255
CCC1(C)CC1C(=O)N[C@H]1C[C@H](Nc2nnn(C)n2)C1,0.00034883055874806047
CCCC(=O)NCC1CCN(C(=O)Cn2nccn2)CC1C,0.00037009729141196916
CCCC(C)(C)CN1C(=O)CCN(CCc2nc(C3CC3)no2)C1=O,0.21104702385422458
CCCC(C)C(=O)NS(=O)(=O)c1c(C)nn(C)c1Cl,0.0005637131895701387
CCCC(OC)C(=O)N1CC[C@H](CNC(=O)C2CCCS2)C1,0.0005324433048565369
CCCCC(CNC(=O)[C@@H]1C[C@H]1CC)NC(=O)c1cn(C(C)C)nn1,0.00039783573704729475
CCCc1ccc(C(C)NC(=O)CNC(=O)C2CCOCC2)cc1,0.0005086796259898878
CCCc1nnc(N2CCC(N3CC(O)C3)CC2)n1CCOC,0.0003246002171219375
CCN(C(=O)C1CC1)C1CCN(C(=O)[C@@H]2CNC(=O)N2)C1,0.12663945744503174
CCN1CC(C(=O)NC(C)CN(C)c2nc(C)cc(OC)n2)CC1=O,0.0004345210955260669
CCNC(=O)NCC(=O)NC1C2CC3CSC1C22CO,0.0
CCNC(=O)OC1CN(C(=O)CC(C)C2CCCO2)C1,0.00036387900782107745
CCNc1ccnc(CN[C@H]2C[C@H](CS(C)(=O)=O)C2)n1,0.0004359348108301478
CCOC(=O)[C@@H]1CCCC[C@@H]1NC(=O)C1(O)CN(C)C1,0.00023713909034221457
CCOC(=O)CCC(=O)N1CC[C@H](NC(=O)C2(n3cnnn3)CC2)C1,0.07338748425216202
CCOC(=O)c1cnc(NC(=O)CC(C2CC2)C2CC2)[nH]1,0.0006272757497435327
CCS(=O)CC(=O)NCC[C@H](C)NC(=O)c1cc(C)ccn1,0.00024181892971777603
CCc1cc(CNC(=O)[C@@H]2C[C@H]2c2nn(C)cc2O)=NO1,0.00043674800703010934
CCn1cnc(C(=O)NC(C)C2CCN(C(=O)CN(C)C)CC2)c1,0.0006146298701003253
CCn1cnnc1C(=O)N[C@@H](C)C1CCN(C(=O)CC(C)C)CC1,0.0002938353470246629
CCn1nnc(C)c1COC(=O)C(NC(=O)c1ccccc1)C(C)C,0.0004777461200327145
CN(C(=O)OC(C)(C)C)c1cc(C(=O)NC2(CF)COC2)ccn1,0.0006366977732962299
CN(C)c1ccc(CNC(=O)CC2CCC(=O)NC2)cn1,0.00037015491869553423
CN(CC1CCN=C(N2CCOCC2)C1)C1CCNC1,0.00024812991354785995
CN(CCc1cnccn1)C(=O)CN(C)c1ccc(C#N)cc1F,0.0014325294660122935
CN(Cc1cnon1)CC1CC12CCN(C(=O)OC(C)(C)C)CC2,0.0004341928185490009
CN1C(=O)CC(C(=O)OCC(N)=O)C1c1c(F)ccc2c1OCO2,0.0003803161693275245
CN1CCC(N2C3CCCC2CN(C(=O)C(C)(C)C)C3)C1=O,0.2323969361897553
CN1CCCc2nc(NCc3nncn3C3CC3)ccc21,0.000392089910477663
CO[C@H](C)C(=O)N1CCN(C(=O)c2ccc(C)nc2)CC1,0.11208440480237539
COC(=O)C1CN(C(=O)c2cccc(C(F)(F)F)n2)CC1(C)C,0.00047001226425045703
COC(=O)CCC(=O)N1C[C@H]2CN(C(=O)c3c(C)ccn3C)C[C@H]2C1,0.00027206851522915506
COC(=O)COC1CN(Cc2nc(-c3cccnc3)no2)C1,0.0003237041540627698
COC(=O)c1ccnc(C(=O)OCCC(C)c2ccccc2)c1,0.00047865099811364556
COC(CN(C)CCN(C)C(=O)c1nn(C)c2c1CCCC2)C1CCC1,0.0007467065282607748
COC1(CC(=O)N[C@H](C)CNC(=O)CCCn2ccnc2)CC1,0.0005349062432877052
COC1CCCC1C(=O)NCC1CN(CC(C)CCCC(C)C)C1,0.0004569989217352787
COCC(=O)NCC(C)N(C)C(=O)c1n[nH]c2c1CCCCC2,0.00032535693738451404
COCC(C)(C)CC(=O)N[C@H](C)CNC(=O)C1(c2ccccn2)CC1,0.2060619230005999
COCC(C)C(=O)N1CC(CN(C)C(=O)c2c[nH]nn2)C1,0.00020480151625585518
COCC(C)c1noc(CCNC(=O)c2ccc(F)cc2)n1,0.0004591056731781512
COCC1(C)CCN(C(=O)c2nnc(C3CC3)o2)CC1,0.0006261464832496724
COCC1(O)CCCN(C(=O)C2CC2C)CC1OC,0.22570510633090776
COCCC(=O)NCC(NC(=O)CCc1c[nH]cn1)c1ccccc1,0.0003086939810877341
COCCC(C)Cn1c(CO)nnc1C1CCOCC1,0.00030994901741000037
COc1cc(=O)[nH]cc1C(=O)NCC1CC(C)N(Cc2ccccc2)C1,0.0003625180609880494
COc1cc(OC)c(C(=O)Nc2cnn3c2N(C)CCCC3)cn1,0.0014570699805816327
COc1ccc(C)nc1C(=O)N1CCOC(CN)C1,0.0002863298467288268
COc1ccc(CCN2CCC(CNS(N)(=O)=O)CC2)cc1,0.00025796375856982815
COc1ccc(CNC(=O)c2cccN3c(=O)[nH]nc23)cc1F,0.0005395425175452008
COc1ccc(Cc2noc(C3=NC4CCCCC4C3)n2)nc1,0.001377265074760035
COc1ccc(NC(=O)N(C)CC(C)NC(=O)OC(C)(C)C)cn1,0.0008986275372447663
COc1ccc(S(=O)(=O)N2CCc3[nH]c(=O)cc(C)c3C2)c(C)n1,0.00019267147959249722
Cc1cc(C(=O)N[C@H](C)CNC(=O)C(C)Cc2ccc(C)cc2)[nH]n1,0.0004688150327650347
Cc1cc(CC(=O)N2CC3(CCCN(C(=O)C(C)O)C3)C2)ncn1,0.0003464085988495916
Cc1cc(N)cnc1C(=O)NCC1CC(NC(=O)c2ccncn2)C1,0.0005595587393101872
Cc1ccc(C(=O)N2CCC(C(C)(C)CNC(=O)C3CCO3)CC2)[nH]1,0.00039015313977535363
Cc1ccc(C(=O)NC2(C3CCCN3C(=O)c3cscn3)CC2)o1,0.0003810127984158263
Cc1cccc([C@H](CC(=O)O)NC(=O)c2cnn3c2CCC3)c1,0.0004862374979613278
Cc1cccc(S(=O)(=O)NC(C)c2ccnc(O)c2)c1Cl,0.0006375701026953637
Cc1ccncc1CC(=O)NC(C)CNC(=O)c1cnn(C)c1Cl,0.0002266561739694251
Cc1cncc(C)c1NC(=O)CNS(=O)(=O)C1CC1,0.0003216753597876786
Cc1nc(C(=O)N[C@H]2C[C@H](CNC(=O)C3(F)CCC3)C2)[nH]c1C,0.0004652178188050697
Cc1nc(C(=O)NCC2CCCN(Cc3conc3C)C2)co1,0.0005152127067166835
Cc1ncc(CO)c(CNC(=O)C2CCC23CCOCC3)c1C,0.0006122888599611663
Cc1nn(C(C)C)c(C)c1C(=O)NS(=O)(=O)c1cc(C)c(=O)[nH]c1C,0.00045791227004630323
Cc1nn(Cc2ccc(F)cc2)c(C)c1C(=O)OC1CCN(C)C1=O,0.0005920263548963741
Cc1nnc(N[C@H]2C[C@H](CNC(=O)C3Cc4ccn(C)c4N3)C2)o1,0.19264672751849246
Cn1c(NS(=O)(=O)c2ccnn2C)nc2c1CCCC2,0.0006298183431186885
Cn1ccnc1CC(=O)NCC1CCN1C(=O)c1cncn1C,0.0006006212426116703
Cn1cncc1C1CCN(C(=O)N2CC(N)C(C)(C)C2)CC1,0.00035289047087397806
Cn1ncc(C(=O)N[C@H]2C[C@H](NC(=O)c3nncn3C3CC3)C2)n1,0.21313074135621704
N#CC1(CC(O)CN2CCN(C3CC3)C(=O)C2)CCOCC1,0.001017889361178258
N#Cc1ccc(C(=O)N2CCN(C(=O)c3ccco3)CC2)cn1,0.3380624332637714
Nc1ncc(CNC(=O)c2ccc(OC3CCOCC3)cc2Cl)o1,0.0010292578708828695
O=C(CCn1ncn2cccc12)N1CCCC1C1CCCCO1,0.001455391071839776
O=C(CO)NCc1cccc(CNc2ccnc(Cl)n2)c1,0.0005542316331548041
O=C(NC(CO)c1ccc(F)cc1)C(F)(F)CCC1CC1,0.0006958542510397108
O=C(NCC1CCCC12CCC2)N1CCC(CN2CCOCC2)C1,0.0003614272249080561
O=C(NCCc1nc(Cc2ccccc2)no1)N1CC[C@@H](C(F)F)C1,0.0004187895139132711
O=S(=O)(C1CCC2(CCOCC2)C1)N1CCOC(CO)C1,0.00028062466288886065
O=S(=O)(Cc1ccccc1C(F)(F)F)NCc1ccncn1,0.00048712582739127684
O=S1(=O)C[C@H]2CCCN(c3nnc(-c4cccnc4)s3)[C@H]2C1,0.0005560304569039729
c1cnc(N2CCCN(CCCc3nnc[nH]3)CC2)c2c1CCOC2,0.0005873865548748616
C[C@@H]1C[C@H]1C(=O)NC1CC2(CCN(C(=O)[C@H]3CCCC(=O)N3)C2)C1,0.14549625453650725
C[C@H](F)[C@@H](NC(=O)Cn1cc(-c2cncc(Cl)c2)nn1)C(=O)O,0.000592433606998413
CC[C@@H](O)CN(C)C(=O)c1cc(CC2CCCCN2)on1,0.000369392719467425
CC[C@@H]1C[C@H](NS(=O)(=O)c2ccc(C#N)c(OC)c2)CCO1,0.00035593913369524525
CC[C@H](C)[C@@H](CC(=O)O)NCc1cccc(CN2CCOCC2)c1,0.0005814848085515769
CC(=O)NC(C)(C(=O)OCC(=O)c1ccc(F)cc1)C(C)C,0.000399841870284827
CC(=O)c1ccc(OC(C)C)c(NC(=O)c2nonc2C)c1,0.0007602098520929423
CC(C)(C)n1cnc(NS(=O)(=O)c2ccc(C(=O)O)c(F)c2)n1,0.0004921303432356847
CC(C)C(CO)C(=O)NC[C@@H]1CC(C)(C)CN1C(=O)C1CCCO1,0.0003363679853320963
CC(C)CC(C)C(=O)N1CC(C)(C)CC1CNC(=O)C1CCC1,0.00039668009458018494
CC(C)N1CCC(CNC(=O)CNc2ccc(C(N)=O)cn2)C1,0.00039574259334077336
CC(C)c1nn(C)cc1CN1CCC(F)(F)C(C)C1,0.0006392118623791659
CC(NS(C)(=O)=O)C(=O)NCC1(Nc2nnco2)CC1,0.00017715878937115718
CC(O)C(C)C(=O)NCC1CC(Nc2ncc3ccsc3n2)C1,0.001171916937509633
CC1(C)CCN(C(=O)[C@H]2C[C@@H](n3cnnc3)C2)CC1C(F)(F)F,0.00044256568879622916
CC1(C)CN(C(=O)CO)CC1NC(=O)C1CCc2nccn2C1,0.00022564050679947298
CC12CCC(C(=O)N[C@@H]3CCCC[C@@H]3Nc3nncs3)(CO1)C2,0.0012058373208600713
CC1CC(NC(=O)c2ccc(CO)cc2)CCN1C(=O)C1CCCC1,0.000361273719161673
CC1CCCN(C(=O)c2ccncn2)C1CNc1ccnc(Cl)n1,0.0012311242827372482
CC1CCN(C(=O)[C@@H]2CCOC2)CC1CNC(=O)[C@H]1C[C@@H]1C,0.00019491396393701317
CC1CCN(CC2(O)CCN(Cc3ccccc3)CC2)CC1,0.0007532133258074083
CCC(C(=O)NCCN(CCc1ccccc1)C1CC1)n1ccnc1,0.0013491544530831012
CCC(C)(OC)C(=O)N1CCN(C(=O)C(C)(C)CO)CC(O)C1,0.0002907329342071143
CCC(C)C(=O)NC[C@@H](C)NC(=O)c1cc(C)nc(NC)c1,0.0005485609069694511
CCC(CC)N1CCN=C1N1C[C@H]2CC3CCCN3[C@H]2C1,0.0004418907508960005
CCC(CO)C(=O)N1CCCC(C)C1CCNC(=O)C12CC1C2,0.15270291220031745
CCC(F)(F)C(C)(C)C(=O)N=S1(=O)CCCC(C(=O)OC)C1,0.0006819067367557996
CCCC(O)(CNC1COc2c(Cl)cccc21)C(=O)O,0.00047298883834126986
CCCC(OCC)C(=O)NC1CN(C(=O)COC)CC2(CCC2)C1,0.0006041410497323148
CCCCC(=O)N1CC2(CCC2)CC1CNC(=O)C(F)C(C)CC,0.0005765564882547859
CCCNC(=O)Cc1noc(C=CCc2ccc(C)cc2)n1,0.0007100891004518545
CCCOC1CCN(C(=O)c2ncnc3c(C)csc23)CC1,0.0007157466528296243
CCCc1c(C(=O)N2CCN(C(=O)C(C)C)[C@@H](C)C2)nnn1CC,0.0006690142837571313
CCN(C(=O)NCC1CCN(CC2CC2)C1)C1CCNC1=O,0.00030583627023280963
CCN(C(=O)c1cc(C)n(C(C)(C)C)n1)C(C)(C)CN(C)C,0.0005672175163809268
CCN(Cc1ccc(OC(F)(F)F)cc1)C1CCNC(=O)C1,0.0006025220000646954
CCOC(=O)C1CCN(C(=O)Nc2c(C)cc(Cl)cc2C)C1,0.5977936945123699
CCOC(=O)c1cc(N2CCC(F)C(F)(F)C2)nc(C)n1,0.0008172041148126011
CCOCC(C)(C)NC(=O)C1(CN(C)C)CCCCC1,0.0010819068577819228
CCc1cnc(CCNc2cnn(C)c(=O)c2Cl)s1,0.0010078305501393325
CCc1ncnc(N[C@H]2C[C@](C)(CO)C2)c1C(F)(F)F,0.0010100570505677652
CCc1nn(C)c(NCCC(C)NC(=O)OC(C)(C)C)c1C#N,0.0016538464220028331
CCn1cccc1C(=O)N1[C@H]2CC[C@@H]1C[C@H](CNC(=O)CN(C)C)C2,0.0004981833392976178
CCn1cncc1CN(C)c1nccc(N(C)C2CNC2)n1,0.0006180395272345755
CN[C@@H](C)C(=O)N1CCC(Oc2ccc(Cl)cc2Cl)C1,0.0004101919758588439
CN(C[C@@H]1CCCN1)S(=O)(=O)c1cc(C(=O)O)ccc1F,0.0005866044314817611
CN(C[C@@H]1CCCN1c1nnnn1C)C(=O)c1cn(C)nc1Cl,0.31688432626106877
CN(C)C1(C(N)=O)CN(C(=O)NCC2(c3ccccn3)CCC2)C1,0.0003010551705015462
CN(CC1CN(C(=O)CC(C)(C)C)CCO1)C(=O)Cc1ccoc1,0.0007758232077828994
CN(CC1COC(C)(C)OC1)C(=O)C1C[C@@H]2COC[C@H]2C1,0.15955059610177505
CN(CCN(C)C(=O)c1cccnc1)CC1CCCOC1,0.0003484244760282977
CN(Cc1ccccc1CNC(=O)C1(O)CC1)C(=O)c1cc(O)no1,0.21638865164192364
CN(Cc1nc2c(n1C)CCCC2)C(=O)C1(C)CC(C(F)F)C1,0.00032621092288432767
CN1C(=O)CC[C@@H]1C(=O)N[C@H]1CC[C@@H](Nc2ncncc2C#N)CC1,0.0005475838420498134
CN1C(C)(C)C(NC(=O)N[C@H]2CCc3cc(F)ccc32)CS1(=O)=O,0.0002855406159797135
CN1CCC(Nc2ncnc3c2CCCCN3)CC1=O,0.0005223883338078101
CNC(=O)c1ccccc1NC(=O)CN1CCC(O)(c2ccccc2)C1,0.0008485953786514733
CNCCN(CC(F)(F)F)Cc1nc2cc(Cl)ccc2c(=O)[nH]1,0.000793266535421227
CO[C@H]1C[C@]2(CCCN2C(=O)NCc2nnn(C)c2C(F)F)C1,0.0005502968688688969
COC[C@@H](OC(=O)C1CNC(=O)CC12CCOCC2)c1ccccn1,0.0004646807642555348
COC(=O)C(C)NC(=O)c1ncnn1C(C)(C)C,0.00029798657237830266
COC(=O)NCC(=O)N1CCc2cc(OC)c(OC)cc2CC1,0.0005642828895220692
COC(C)C(=O)N1CCC2(CC1)CN(CC(OC)C(C)C)C2,0.0005349501916449834
COC(C)CC(=O)NC[C@H](C)NC(=O)c1cc2ncccc2o1,0.0010210880185010888
COC1(CNC(=O)C2=C(Cl)CC2)CN(C(=O)CC2(O)CCC2)C1,0.1378692756055135
COC1(CNC(=O)CCN2CCCC2=O)CN(C(=O)C2CC2)C1,0.00028629636684685927
COC1(CNC(=O)N(C)CCc2cccs2)CCOCC1,0.00046132214335286984
COC1CC2CC1CC2NCC(C)(O)C(F)(F)F,0.0003207535023651355
COCC(C)(O)CC(=O)NCC1(NC(=O)c2n[nH]c(C)n2)CCC1,0.00017117439934378648
COCC1(CNC(=O)N(C)CC(C)(C)C)CCCN1,0.0004415813012008677
COCCC(=O)NC1CCCCN(C(=O)CCn2cnnn2)C1,0.00021444347974058936
COCc1cccc(CNC(=O)C(C)(F)c2ccccc2)c1,0.0006435277172067107
COc1cc(NCC2(CNC(=O)CC(F)(F)F)CCC2)ncn1,0.24846000575092506
COc1ccc(C)cc1CC(=O)N1CCC(c2cc(O)n[nH]2)CC1,0.00048205277239491654
COc1ccc2c(c1)NC(=O)C2OC(=O)C(C)Oc1ccccc1,0.0010548847378211719
COc1cccc(OC)c1C(=O)N1CC2CCC(N2)C1,0.0003699254026113493
COc1cnc(N(C)CC2CCN(C(=O)CCc3ccon3)C2)nc1,0.0010668503772452193
COc1ncc(Cl)c(NCC(NC(=O)C(C)OC)C2CC2)n1,0.00042040932644136695
CSC(C)(C)C(=O)NCC1CCC(NC(=O)C2CC(C)(F)C2)C1,0.18606331993670955
Cc1[nH]cnc1C(=O)N[C@@H](C)CNC(=O)Cc1c(F)cccc1F,0.0003577146916086157
Cc1cc(C(=O)NC[C@H]2C[C@H](NC(=O)CC3CCCC(=O)N3)C2)no1,0.0003253715752249717
Cc1cc(C)c(CC(=O)OC[C@@H]2C[C@H]2c2cnn(C)c2)c(C)c1,0.00047214249555383424
Cc1cc(F)c2c(c1)NC(C(=O)N=S1(=O)CCC(C)(O)CC1)CC2,0.001029801513143388
Cc1cc(F)cc2[nH]c(C(=O)N3CC(C)(NC(=O)[C@@H]4CCOC4)C3)cc12,0.0006521908052566615
Cc1ccc(C(=O)NC(CC(C)C)C(=O)NC[C@H](C)N)c(O)c1Cl,0.00046147127113365895
Cc1ccc(C(C)C(=O)N2CCC[C@@H](NC(=O)c3cnnn3C)C2)o1,0.0004433619242016444
Cc1ccc(CC(=O)COc2ccc(N3CCOC3=O)cc2)cc1,0.42361415542488445
Cc1ccc(N2CCN(C(=O)c3[nH]nc(C)c3Cl)CC2C)nc1,0.001079431035598356
Cc1ccc(O)c(C(=O)N2CCCC(C(=O)c3ccccc3)C2)n1,0.0005011395639268627
Cc1ccn(C)c1C(=O)N[C@H]1CN(C(=O)[C@@H]2CCCN2C)C[C@H]1C,0.00041608013463436175
Cc1cn(C)cc1C(=O)NCCC(C)NC(=O)C(F)(F)C(O)C1CC1,0.0005521341551284162
Cc1cnccc1CNC(=O)c1cncc(Cl)c1C,0.0002809088414525185
Cc1cnn(C(C)C(=O)NCCC(C)NC(=O)C(C)C)c1,0.2011099004379455
Cc1cnn(CC(=O)NC(C)C2CCCN(CCCO)C2)c1,0.0005351141179763126
Cc1nc(N)nc(NCCN(C)C(=O)CC2CCCO2)n1,0.00026130626700934486
Cc1nc(S(=O)(=O)N2CCC(O)C23CC3)cn1-c1ccccc1,0.00045441026492214665
Cc1nn(C(C)C)cc1CNS(=O)(=O)Cc1cc(C)n(C)n1,0.00042087968385851613
Cc1nnc(N2CCN(C(=O)[C@@H](O)C(C)C)C[C@H]2C)s1,0.1644102558232024
Cc1nnsc1CNC(=O)N1CCN(c2cccs2)CC1,0.0009006516763170561
Cc1noc(C(=O)NCC2CN(C(=O)CCC3CCCOC3)C2)n1,0.0004718801290316619
Cc1oc(CO)cc1C(=O)N1CCC[C@@H]1CN(C)C(=O)c1ccco1,0.22622961670939923
Cc1sncc1C(=O)N1C[C@H](C)[C@H](NC(=O)C2CC2(F)F)C1,0.0004921340021105943
Cn1cc(C(=O)N[C@H]2CCCCNC2)c(C(F)(F)F)cc1=O,0.0004652506853583734
Cn1cnc(-c2nc(CC(=O)N(C3CCCC3)C3CC3)no2)n1,0.0013072940493186918
Cn1cnc(C(=O)NCC2(Nc3ncc(O)cn3)CC2)c1,0.0009352650566680942
Cn1nc(NC(=O)C2CCN(C3CC3)CC2)cc1C(F)(F)F,0.0005231663759193094
N#Cc1ccc(CNCc2c(Cl)nc(Cl)n2C2CC2)cn1,0.0012547664632934416
N#Cc1cccc(C(F)(F)C(=O)NC[C@H]2C[C@@H](n3ccnn3)C2)c1,0.001490369492209649
NC[C@]12CCC[C@H]1CN(C(=O)c1sc3nccn3c1Cl)C2,0.32344738539534296
NC[C@@H]1C[C@H]1c1ccc(-c2cccc(Br)c2)nn1,0.0008588970400440848
O=C([C@@H]1NCCC[C@@H]1C(F)(F)F)N1CCCC(c2nccs2)C1,0.0005576771076134903
O=C(CC1CCC(C(F)(F)F)CC1)NC[C@@H]1C[C@H]1C(=O)O,0.0004514571193858646
O=C(CC1CNC2(CCC2)CO1)N1CC2(CCOC2)C1,0.0005270546559012247
O=C(CCc1c[nH]cn1)NC(CO)Cc1ccccc1F,0.0003223467512441264
O=C(CN1CCCCC1=O)NCC1(F)CCCC1,0.0002451572348622048
O=C(CO)NCCC1(O)CN(C(=O)c2ccnc(C(F)(F)F)c2)C1,0.00023328823602970477
O=C(N[C@@H]1CCN(C(=O)C23CCC(CC2)O3)C1)C1CCCS1,0.0003380220362555264
O=C(N[C@H]1C[C@@H](Nc2ncc(O)cn2)C1)c1ccc(Cl)cn1,0.12706035816204142
O=C(NC1C[C@H](O)[C@H](O)C1)c1ccc(COc2ccccc2)s1,0.000440430480617415
O=C(NC1CCOc2ccccc21)C1CCC2(CCOC2)O1,0.0004229108732006607
O=C(NCC(F)(F)c1ccccc1)C1(n2cccn2)CCOCC1,0.0009882886317012915
O=C(O)c1nc(CNCc2csc(Br)c2)ccc1Cl,0.0005593709113147932
O=C(c1c[nH]nn1)N1CCC(N(CC2CC2)C(=O)CC2CC2)CC1,0.0007024541466311699
O=C(c1cc(O)ccc1OC(F)F)N1CCCc2nncn21,0.0005241966151971452
O=C(c1cnc[nH]1)N1CCC2(CCCN(Cc3ccon3)C2)CC1,0.43438199711274694
O=C(c1coc(Cl)n1)N1CCOC2(C1)CN(C(=O)C1CCO1)C2,0.00046088346266322385
O=C1OCC(C(=O)N[C@H]2C[C@H](CNC(=O)c3ccc(Cl)o3)C2)N1,0.00045245188199326974
Fc1ccc(C(NCc2nccn2C(F)F)C2CC2)cc1,0.0006736041509840232
C[C@@H](NC(=O)C1CN(C(N)=O)C1)C1CN(C(=O)CC2OCCO2)C1,0.00019319392452098066
C[C@@H](O)C(=O)N1CC2CCCC(Nc3ncccc3C#N)C2C1,0.613572911287244
C[C@@H]1[C@H](O)CCCN1C(=O)NC1CCN(c2cccc(Cl)c2)C1,0.001055869127006423
C[C@H]1C[C@@H]1C(=O)N1CC2(CC(NC(=O)c3coc(CO)c3)CO2)C1,0.00040232774115231553
CC[C@@H]1CN(C(=O)c2ccco2)C[C@@H]1NC(=O)c1cnoc1,0.000556546010991011
CC(=O)N1CCN(C(=O)COC(=O)c2nccnc2F)C(C)(C)C1,0.0002505153687089935
CC(=O)N1CCN(CC2CCN(Cc3ncccc3C)CC2)CC1,0.0004332687291932266
CC(C#N)C(=O)NC1(CNC(=O)Cn2nnnc2C2CC2)CCC1,0.00030598576577288943
CC(C#N)CN(C(=O)c1ccc2c(c1)OCC2)C1CC1,0.7205804837346373
CC(C(=O)NC1(c2nn[nH]n2)CCN(C)C1)n1cc(Cl)cn1,0.0002353104934266334
CC(C(=O)NCCC1SCCS1)N1CCC(O)CC1,0.00038689434812123376
CC(C)(C(=O)NCC1(NC(=O)c2ccnn2CC#N)CC1)C1CC1,0.000952710979106309
CC(C)(C)C(O)C(=O)N[C@H]1C[C@H](NC(=O)CCc2ccn[nH]2)C1,0.0003472318355625991
CC(C)(CC#N)C(=O)N1CCCCC(NC(=O)C[C@H]2CCOC2)C1,0.4332245468461128
CC(C)CCN1CCCC2C(NC(=O)CCS(C)=O)C21,0.00034496710801864547
CC(C)COC(C)C(=O)NCCN(C(=O)Cn1nccn1)C1CC1,0.12836772653662468
CC(C)c1nnc(NC(CNC(=O)COC2CCCC2)C(C)C)o1,0.0010382419661795546
CC(CC(C)Nc1nnnn1C)NC(=O)C1CCC2CC2C1,0.00038245844441092046
CC(CNC(=O)C12CCC(C1)OC2)NC(=O)c1ccn2ccnc2n1,0.0010457709690655857
CC(CNC(=O)CCc1cnn(C)c1)NC(=O)C1OCC1(C)C,0.00029666774693674517
CC(CO)C(=O)NC[C@]1(C)CCCN1C(=O)c1cc(CO)[nH]n1,0.0002497307983086055
CC(CO)CN(C)C(=O)Nc1ccc(-n2ccnn2)cc1,0.000660204330218312
CC(COc1ccc(F)c(F)c1)NC(=O)NCCc1ccc(O)cc1,0.0006777186095279583
CC(NC(=O)C1(C)CC(=O)C1)C1CCCCN1C(=O)c1cnccn1,0.0004073730549618921
CC(NC(=O)CC1(O)CC1)C1CCN(C(=O)CC(C)(C)O)CC1,0.00037394487324329806
CC(NC(=O)N[C@]1(C2CC2)C[C@H]1C)C1CCOCC1,0.000329338090504193
CC(NC(=O)N(C)Cc1cc(F)cc(F)c1)C(F)F,0.0005862026475478624
CC(NC(=O)N(CC1Cc2ccccc2O1)C1CC1)c1nnnn1C,0.0005682592822129028
CC(O)CCC(=O)N1CC(NC(=O)[C@@H]2CNC(=O)O2)CC(C)(C)C1,0.1325133747659342
CC(OCC1CC1)C(=O)NC1CC2CCC1(Nc1nnc(CO)o1)C2,0.0006185315694507559
CC(OCC1CCCO1)C(=O)N1CCC2CC(C(=O)O)CCC2C1,0.00044002519120087125
CC1(NC(=O)c2cC(F)(F)C2)CCCN(C(=O)c2cscn2)C1,0.0005787756515375708
CC1(F)CNCCN(c2cc3cnn(Cc4cccnc4)c3cn2)C1,0.0004245195118182531
CC1C(=O)CC2CCC1N2C(=O)N1CCN(C(C)C(N)=O)CC1,0.07052815048901942
CC1CC1C1CC1C(=O)NC1(C)CN(C(=O)[C@@H]2CCOC2)C1,0.0004012768897342237
CC1OCC2[C@@H]CC(C1)N2c1nnc2c(c1C(F)(F)F)CCC2,0.0008193820244158749
CCC(=O)N1CCN(c2ccncc2Br)CC(C)(F)C1,0.000711760548966315
CCC(C)CCC(=O)NCC1CCN1C(=O)C12CCC(CC1)O2,0.000625297972683338
CCC(CC)(CN)NC(=O)Cc1cc(Cl)ccc1O,0.0005717743164292275
CCC(NC(=O)C1CCN(C(=O)CN2CCCCC2)CC1)C1CCC1,0.0007434602206654021
CCCC[C@@H](NC(=O)c1cc(C)sc1CC)C(=O)OC,0.0006556694969555362
CCCC(=O)N1CCC(NC(=O)Cc2cccn2C)C2(CCC2)C1,0.0009576326836906295
CCCC(NC(N)=O)C(=O)N1CC(CNC(=O)C(C)(C#N)CC)C1,0.0009554573859798672
CCCN(Cc1cnn(C)c1)S(=O)(=O)C[C@@H]1C[C@H]1C(=O)OCC,0.0002895209625439972
CCN1CCCC(NC(=O)N2C[C@@H](C)OC[C@@H]2c2ccccc2)C1,0.0004841937446561333
CCOC1CC(C(=O)N2CC3CC2CN(C(=O)c2ccn(C)c2)C3)C1,0.0005955850586711949
CCOC1CC1C(=O)NC1(C)CCN(C(=O)C(C)OCC)C1,0.0003579817790830634
CCOc1nc(N[C@@H]2C[C@@H]3C4CCC(C4)[C@H]23)ncc1Cl,0.0006127176988950659
CCc1nc(C#N)cc(N2CCCN(C(=O)c3n[nH]c(C)c3C)CC2)n1,0.0013077883574139292
CCc1ncc(Cl)c(C(=O)N2CCCCC2C2OCCO2)n1,0.0005042785927643287
CCn1cnc(C(=O)NC2(CNc3nccnc3C#N)COC2)n1,0.0007973247188578084
CN(CC1CN(C(=O)CSC2CC2)C1)C(=O)C1COCCO1,0.0003154096057897145
CN(c1ncnc(N)n1)C1CCCN(C(=O)C(F)(F)CC2CC2)C1,0.33124769768901946
CNC[C@@H]1C[C@H](F)CN1C(=O)Cc1ccc(CN)cc1,0.0003206721227135583
CNC(=O)CN(Cc1nnc(C2CCC2)o1)Cc1ccccc1,0.16942631162394073
CNC(=O)c1cc(OC)ccc1NC(=O)COCC1CCCC1,0.0009549288682523604
CNC(=O)c1ccc(CN2CCOC(C(F)(F)F)C2)cc1,0.00041933534863513623
CNC(=O)c1ccc(NC(=O)CC2CSCCN2)cc1Cl,0.00037283295041161104
CNc1ccc(C(=O)NC2CCC(NC(=O)[C@H](C)O)CC2)cn1,0.0002087413854857089
CNc1nc(C)ccc1C(=O)N[C@H]1CCN(C(=O)Cc2ccco2)C1,0.0005843107284584189
COC(=O)[C@@H](N)C(=O)NCc1ccc(Br)cc1C,0.00028741370284953935
COC(=O)C(C)C(C)NC(=O)CNC(=O)C1CCCC1,0.000327834841095329
COC(=O)CC1CC2(C1)CN(C(=O)NCc1ccc(C)c(C#N)c1)C2,0.001134434016430512
COC(=O)c1cc(N2CCCCC2CNC(=O)c2ccc[nH]2)ncn1,0.2940772038150512
COC(C)CC(=O)N[C@H]1CCN(C(=O)c2cnn3cccnc23)C1,0.00026273004289404
COC(C)CCC(=O)NC(C)CNC(=O)c1coc(Cl)c1,0.0004236200499897388
COC(Cn1nnc(-c2ccccc2)n1)C1CC(F)(F)C1,0.3880390424699878
COC1(C(=O)N[C@H]2C[C@@H](NC(=O)Cc3cnco3)C2)CCCC1,0.3873962447227996
COC1C[C@@H]2CC(C(=O)NCC(C)(OC)C3CC3)C[C@H]12,0.00034601929803815544
COCC1(C(=O)N2CCC3(CCCCN(C(=O)CO)C3)C2)CCC1,0.0003289366848185202
COCCN(C)CC(=O)N[C@H](C)C1CN(C(=O)c2cc(C)c(C)cn2)C1,0.27068823956024396
COCCN1CCC(CNC(=O)c2ncc(C)cc2C)CC1,0.00039690642083203283
COCc1cnc(NC(=O)NC(C(N)=O)C(C)(O)C(F)(F)F)s1,0.0006070897992003772
COc1cc(-c2nc(CC3CS(=O)(=O)C3)no2)ncn1,0.0007170007163146923
COc1ccc(-n2cc(C(C)(C)NC(=O)C(C)OC)nn2)cc1,0.0006832663531813028
COc1ccc(CCN(C)C(=O)c2nnn3c2C(=O)NCC3)cn1,0.08082415180783484
COc1cccc(CC(OC(=O)C(C)n2ccc(C)n2)C(=O)OC)c1,0.00048255126999538977
COc1nc(C)ccc1C(=O)N1CC(=O)Nc2ccc(C#N)cc21,0.5651861820361279
CSC(C)(C)C(=O)N1CCCC1Cn1nnnc1C,0.0005237331690569969
Cc1c(CN(C)C(=O)c2cn(C)nc2C2CC2)cnn1C,0.0005273781698911771
Cc1cc(C#N)nc(N2CC3(CCC3)CC2CNC(=O)CN(C)C)n1,0.5552628680795761
Cc1cc(C(=O)N(C)CCN(C)C(=O)c2cc(C)c(C)o2)on1,0.0003916605128713069
Cc1cc(C(=O)N2CC(O)(C(C)NC(=O)[C@@H]3CC3(F)F)C2)on1,0.15842854978305476
Cc1cc(CCNC(=O)c2scnc2C(C)C)on1,0.0005754513537775941
Cc1cc(N)nc(C)c1CNC(=O)[C@@H]1CC[C@H](C(=O)O)C1,0.0007316129547677158
Cc1cc(F)cc(S(=O)(=O)N2CCCC2C)c1F,0.00048506523833044096
Cc1ccc(C(=O)N[C@@H]2Cc3ccccc3[C@H]2NC(C)=O)cc1C,0.000588932405199772
Cc1ccc(C(=O)N2C[C@H](C)[C@H](NC(=O)C3CN(C)CCO3)C2)n1C,0.00028883930504609016
Cc1ccc(C(O)CNC(=O)c2cnccc2N)cc1,0.0004585291277903675
Cc1ccc(CCN2CC(OC(=O)N(C)[C@H]3C[C@H](O)C3)C2)cc1,0.0004927828234327836
Cc1ccc(CNC(=O)COC(=O)c2cc(C)cc(C(N)=O)c2)cc1,0.0004550217049987054
Cc1ccc(NC2CCC(N(C)C(=O)COC(F)F)CC2)nn1,0.0002879434025327603
Cc1ccc2[nH]c(NC(=O)C(C)(C)CN(C)C)nc2c1,0.0010068162217873238
Cc1cccc2ncc(C(=O)NCC3(CO)CC4CC4C3)cc12,0.2571985356581325
Cc1ccccc1C(=O)NC1CCN(C(=O)Cc2cncn2C)CC1,0.000744974642942719
Cc1ccoc1CC(=O)NC1(CNC(=O)c2cn(C)nn2)CCCC1,0.0003098819532380453
Cc1nc(C(=O)NCC(C)CNC(=O)CC2(C#N)CC2)c(C)[nH]1,0.4548730153098364
Cc1nc(CN2CC(CNC(=O)CCCc3cccnc3)C2)co1,0.00040895036979731044
Cc1nc(Cn2c(C3CCCCC3)nnc2N2CCCC2)sc1C,0.0018141521721384262
Cc1nnc(CCNC(=O)c2ccnc(OC3CC3)c2)s1,0.00048021074940476265
Cc1nnc(N2CC3C(CNC(=O)c4cc[nH]n4)C3C2)o1,0.2508485501355633
Cc1nnccc1C(=O)N1CCCN(C(=O)OCc2ccccc2)CC1,0.0005713679588063476
Cn1ccc(C(=O)NC[C@@H]2CCCN2C(=O)Cc2n[nH]c(C3CC3)n2)n1,0.0003902729950238447
Cn1nc2c(c1CN1CC3(CCOCC3)CC1CO)CCCC2,0.000818970014169251
N#Cc1ccc(C(F)(F)F)cc1CN1CCSCC1CO,0.0009122355850931369
N#Cc1ccc2c(c1)CCCC2NC(=O)C1CN(C(N)=O)C1,0.0004985195031503382
N#Cc1cncc(NCCC2CCN(C(=O)c3ccoc3Cl)C2)n1,0.7959866841378544
NC[C@H]1CC[C@H](CNC(=O)C2CCC(O)(c3ccccc3)CC2)CC1,0.0006976755838786419
NC(CCN)C(=O)N1CCCC(C(F)(F)F)(C(F)(F)F)C1,0.0004223436614364139
NCc1nc(C(=O)Nc2c(Cl)ccc3c2CCO3)cs1,0.0013379101342117573
NS(=O)(=O)CCC1CCCCN1S(=O)(=O)c1cscn1,0.0003976515795868116
Nc1nnc(C(=O)N2C[C@@H]3C[C@H]2CN3C(=O)C2CC2(F)F)s1,0.0005957623563058137
O[C@@H](CNC1CCC2(CCOC2)C1)Cc1ccccc1,0.000641111249170192
O=C(C1CCCN(C(=O)C2(O)CCC2)C1)N1CCC(CCF)C1,0.0005566574796490941
O=C(C1CNCc2c1ccc(=O)n2C1CC1)N1CCNCC1,0.00022195945420992285
O=C(CCC1CCCO1)NC[C@H]1CCCCN1C(=O)C1CC12CC2,0.3688103913390492
O=C(CCc1cccnc1)N1CCc2c(c(=O)[nH][nH]c2=O)C1,0.0001509941308547331
O=C(Cn1nc(C(F)F)c2c1CCC2)NCC1CCOC1=O,0.00038116516685092174
O=C(NC[C@H]1C[C@@H]2CC[C@H](C1)N2C(=O)[C@H]1CCCO1)C1CCO1,0.0005229945689625119
O=C(NC1CCC(NC(=O)c2cnc(Cl)[nH]2)CC1)c1c[nH]nn1,0.09761201363735439
O=C(NCc1ccc(N2CCOCC2)c(F)c1)C(F)(F)CO,0.0004511756997136864
O=C(NCc1nc2c(cnn2C(F)F)o1)N(CC1CC1)C1COC1,0.0007650556145705899
O=C(Nc1nnc2c(=O)[nH]ccn12)N(CC1CC1)C1CC1,0.5274078169038974
O=C(O[C@@H]1COC[C@H]1n1ccnn1)c1coc(C2CCCCC2)n1,0.0005057319312676795
O=C(O)CNC(=O)C1CCN(C(=O)[C@@H]2C[C@H]2c2ccc(F)cc2)CC1,0.0004966443893211122
O=C(c1ccc(=O)[nH]c1)N1C[C@@H]2CN(CC3CCC3)C[C@@H]2C1,0.1910648930993164
O=C(c1ncc[nH]1)N1CCOC(c2ccc(Br)cc2)C1,0.000570951939090876
O=C1N[C@@H](C(=O)N2CC[C@H](CNC(=O)C(F)(F)CO)C2)CO1,0.08782189661059356
C[C@@H]1[C@H](NS(=O)(=O)CC2(CC(F)F)CCC2)CCN1C,0.0005835110846611515
C[C@@H]1C[C@H]1C(=O)NC1CCCN(C(=O)c2ncnc3c2cnn3C)C1,0.0006642095676911409
C[C@H]1C[C@@H]1C(=O)N1CC2(CCOCC2)CC1CNC(=O)[C@H]1CCCN1C,0.15199784244144007
C=C(F)C1(CC(=O)NC(C)CNC(=O)CC(C)COC)CCC1,0.0004256263218398222
CC[C@@H]1CN(C(=O)c2ccc(N3CCNCC3)nc2)CCO1,0.0005890778279467025
CC[C@H](C)[C@@H]1NC(=O)CCN(CC2CCC(S(C)(=O)=O)CC2)C1=O,0.1892801157904937
CC(=O)N1CCCCC1CCNC(=O)c1c(Cl)cnn1C(C)C,0.0006681885000769913
CC(C(=O)Nc1cc(C#N)nn1C)n1cc(COC2CCOC2)nn1,0.0009187420166193682
CC(C)(C)CCC(=O)NC1COC2(C1)CN(CC1CC1)C2,0.0005273079201855224
CC(C)CC1(C)CCN(S(=O)(=O)N(C)C2CCC2)CC1,0.0005226602831408222
CC(CC1CN(C(=O)C(C)(C)CO)C1)NC(=O)c1ccc2c(c1)CC2,0.0004416599293638228
CC(CN1CCCCC1)N(C)C(=O)c1ccc(OC(F)F)cn1,0.0006278707820467585
CC(CNC(=O)OC(C)(C)C)CC(=O)NC(C)(C)c1cn[nH]c1,0.0005726150187224644
CC(CNC(C)C1(S(C)(=O)=O)CC1)CN1CCN(C)CC1,0.00032506953023367846
CC(N1CCN(C(=O)c2cc(C3CNC3)no2)CC1)C(F)(F)F,0.00044194656241744343
CC(O)C(=O)NC(C)C1CCCN(C(=O)c2cnco2)C1,0.1811470837472091
CC1(C)C(O)C(C)(C)C1NC(=O)N1CCC[C@@H]1C(=O)O,0.0007030116425099606
CC1(CNC(=O)COC(=O)C2CCOC(C)(C)C2)CCOCC1,0.00032956526351436455
CC1CN(C(=O)Cn2cc(C#N)cn2)CC2(CCC2)O1,0.0011958655538667606
CC1OCCCC1C(=O)N1CCC[C@@H](Nc2cc(=O)[nH]c(=O)[nH]2)C1,0.0006880711179584415
CC1OCCN(C(=O)OC(C)(C)C)C1C(=O)NCc1cscn1,0.0004849463567322589
CCC[C@@H](NC(=O)CN)C(=O)N(C)c1nc2ccccc2n1C,0.0009223181456961809
CCC(=O)CCC(=O)N1C[C@@H](O)[C@H](N(C)C)C1,0.00024447554179809816
CCC(C)(OC)C(=O)N1CCOCC(C(C)(C)C)C1,0.27926598277624104
CCC(C)C(=O)N1CCC(C)(NC(=O)Cc2nccn2C)C1,0.0003617237515876236
CCC(C)CC(C)C(=O)N[C@@H](C)C1CN(C(=O)c2cnc(C)o2)C1,0.1781861487393491
CCC(C)CCC(=O)N1CCc2c(c(CNC(C)=O)nn2C)C1,0.0004358803386821449
CCC(CC)(CO)C(=O)NCc1cn[nH]c1C(C)(C)C,0.00046873483633548253
CCC(CC)CC(=O)NC[C@H](C)NC(=O)c1cccnn1,0.0004346823026708048
CCC(CS(C)(=O)=O)NC(=O)Cc1c(Cl)cnn1C,0.00034582199152501504
CCC(O)CC(=O)N1CC(CNC(=O)CC(F)(F)CC)C1,0.00037551950668067636
CCCC(NC(=O)N(CC)CC(O)c1ccc(C)cc1)C(=O)N(C)C,0.0004717728842845124
CCCC(O)CC(=O)N[C@H]1C[C@H](CNC(=O)C2(SC)CC2)C1,0.000400816432319384
CCCN(CC(=O)OC)c1nc(C(F)(F)F)ccc1C#N,0.0016110229083924814
CCCN(CCC)C(=O)CNC(C)(COC)c1ccccc1,0.0007426394327637688
CCCNC(=O)C(C)N1CCCC(NC(=O)CC)C1C,0.00037200836301247046
CCCn1cccc1C(=O)NC(C)CNC(=O)c1nocc1C,0.0004914685889720252
CCN(CC(=O)NC(C)CNC(=O)CC(C)C)c1ccccc1,0.00048016384579861173
CCN(CC)C(CNC1CCN(C(=O)C2CC2)CC1C)CC(C)C,0.0005106442259747663
CCN(CC1CCN(C(=O)c2cn[nH]c2)CC1)C(=O)[C@H]1CCC(=O)N1,0.1222516734661452
CCN(CCNC(=O)CCc1ccc(OC)cc1)C(=O)CSC,0.0005081763987018554
CCNC(=O)CCC(=O)NCc1nc(-c2ccc(Cl)cc2)n[nH]1,0.3690738873948921
CCNC(=O)COc1ccccc1CNc1cccc(C(=O)NC)c1,0.0008142394138707217
CCOC(=O)C1(CC(=O)N[C@](C)(CO)C(=O)O)CCOCC1,0.0003527163350760768
CCOc1ccc(CCNC(=O)[C@H]2C[C@@H](CC(=O)O)C2)cc1,0.0004085840611011068
CCOc1cccc(CC(=O)Nc2cncc(C(=O)N(C)C)c2)n1,0.00033329462740470527
CCSC(C)C(=O)N1CC[C@@H](C(F)F)C[C@H]1CN,0.0002919753631208969
CCSCC(=O)N1CC(NC(=O)CCCC2CCCC(=O)N2)C1,0.0002163397781329134
CCc1c(Cl)ncnc1N1CC(CNC(=O)CC2(C)CC2)C1,0.0006436782668886557
CCc1ccc(C(=O)N[C@H]2C[C@H](NC(=O)CC3OCCC3C)C2)o1,0.00041575287304380026
CN(C)[C@H]1CC[C@@H](C(=O)NC2(CCF)COC2)CC1,0.0006819796557947588
CN(C)CC1CN(S(=O)(=O)N2CCC2)C2(CCC2)CO1,0.19958655275628137
CN(CC(O)CN(C)c1nnn(C(C)(C)C)n1)C(=O)Cc1ccon1,0.000359031667170093
CN(CC1CN(c2ncns2)C1)C(=O)[C@H]1CNC(=O)N1,0.2594361852578828
CN1CC(N2CCN(C(=O)C3COC4COCC43)CC2)C1,0.00018850416769855877
CN1CCN(CCNC(=O)c2cc3c(nc2N)CCC3)CC1(C)C,0.0004152427713752394
CNc1ccc(CNc2ccc(C(=O)N3CCN(C)CC3)nn2)cc1,0.19263860609486624
CNc1ncccc1C(=O)N1CCCC(CN(C)C(=O)C(C)OC)C1,0.2809101249425041
COC(=O)[C@H]1C[C@@H](S(=O)(=O)NCC2CCCC(C(F)(F)F)C2)C1,0.00033306575850277953
COC(=O)C(C)CCOC(=O)c1cnc2cc(OC)ccn2c1=O,0.16119747743240648
COC(=O)NC1CN(C(=O)Nc2nncc3ccccc23)C1,0.0006252904522704047
COC(=O)c1ccc(CCNC(=O)C(C)(F)F)c(OC)c1,0.0005400177208802836
COC(=O)c1nccnc1C(=O)N[C@H](C)CNC(=O)Cn1ccnn1,0.00019217016055492477
COC(C(=O)N1CC[C@@H](NC(=O)c2ccc3c(c2)COC3)C1)C(C)C,0.00038416369460355314
COCC(=O)NC(C)C1(O)CCN(C(=O)C(C)c2ccco2)C1,0.0002832655720728664
COCC(C)C(=O)N1CCC[C@H]1CNC(=O)c1cc(O)ncn1,0.00025711820788735905
COCC(C)C(=O)N1CCC(C)C1CNC(=O)c1cccnc1,0.0004590030345114741
COCC1(C)CCN(C(=O)NCc2nncn2-c2ccccc2)CC1,0.0005906734637277156
COCCC(=O)N1CCC[C@@H]1CN(C)C(=O)c1csc(Cl)c1,0.0004706019874568708
COCCC1(C(=O)NCCC2CCN(C(C)=O)C2)CCCC1,0.0005160120952700756
COCc1noc(CCNC(=O)NCc2nc(CC(C)C)no2)n1,0.00024092209107149808
COCc1sccc1C(=O)N1CCC(CNC(=O)C2CC2C)C1,0.00035913327065147213
CON1CCC(CC(=O)OCc2ncnn2CCF)CC1,0.00040344832727911314
COc1cc(C(=O)NC2CCN(CCCO)C(C)C2)ccc1C,0.0003810537308959678
COc1cc(NCCC(C)NC(=O)C2c3ccccc3C2C)ncn1,0.0004935771778667053
COc1cccc(C(=O)NCC(C)(C)CN(C)C(=O)C2(C)CC2)n1,0.00028837238608760997
COc1cccc2c(C(=O)N(C)CC(C)CS(C)(=O)=O)c(C)[nH]c12,0.0007097186758498063
COc1ccnc(CC(=O)Nc2cc(C(=O)O)n(C)n2)n1,0.0007165126402824664
COc1ccnc(N(CCO)C(=O)Nc2ccc(C3CC3)c(Cl)c2)n1,0.27940289936747914
COc1nc(C(=O)Nc2ccc(F)cc2OCC(F)(F)F)nc1F,0.0
CS(=O)(=O)NC(=O)c1ccc2c(c1)CCCC2,0.0004522324471199957
Cc1[nH]ncc1C(=O)N1CCN(c2cccnc2S(C)(=O)=O)CC1,0.0005101433328908139
Cc1c[nH]c2ncc(C(=O)N3CC(=O)N(C(C)C)C(C)C3)cc12,0.0006504186969050449
Cc1cc(=O)cc(C)n1CCCC(=O)NCC1CC(C2CC2)=NO1,0.00037179445174731707
Cc1cc(C(=O)N2CCC(C)(CNC(=O)c3c(C)ccn3C)C2)c[nH]1,0.2744902831832135
Cc1cc(NCC2CN(C(=O)[C@H]3CCCO3)CCCO2)c(C#N)cn1,0.0013798433786749711
Cc1ccc(C(=O)OCC2COC(=O)C2)c2ncccc12,0.0006487103272924364
Cc1ccc(CCNC(=O)NC2(CF)COC2)c(C)c1,0.0003622274720138361
Cc1ccc(OCCN2CCC(NC(=O)C3CCOC(C)C3)C2)cc1,0.0005017291618277239
Cc1ccc(OCc2cccc(C(=O)NC[C@H]3COC(=O)O3)c2)cc1,0.0005209156491206118
Cc1cccc(CN(C)C(=O)c2cncc(C3CC3)c2)n1,0.0003593258611205473
Cc1ccnc(O)c1C(=O)N(C)CC1CCN(C(=O)[C@H]2CC2(C)C)C1,0.2086670759505378
Cc1cnc(N2CC[C@@H](NC(=O)c3csc(C)c3)C2)nc1C,0.0006567105871562532
Cc1cnc(NCCC(C)(C)NC(=O)c2cncn(C)c2=O)nc1C,0.0010707693368339182
Cc1coc(C)c1C(=O)N1CCN(C(=O)c2[nH]nc(C)c2O)C[C@H]1C,0.21539657716735236
Cc1cocc1C(=O)NCC1CCN(C(=O)C(O)C2CC2)C12CC2,0.00039361901145998655
Cc1n[nH]c2c(NCC3(CCO)CCOC3)cccc12,0.6789559967890668
Cc1nc(C2(CC(=O)OCC3COC(=O)C3)CCC2)[nH]c1C,0.0006197381267267758
Cc1nc(CC2CCN(C(=O)C3(OC(C)C)CCC3)CC2)no1,0.0007313889390262997
Cc1nc(CCNC(=O)C(C)(C)C2(O)CCOC2)sc1C,0.00048817508663848147
Cc1ncc2c(n1)CNC2C(=O)NC1(CCO)CCSC1,0.00023838026172894904
Cc1nccc(C(=O)N(C)C(C)CNC(=O)C(F)(F)CC(C)C)n1,0.0004491724912846989
Cc1nn(C)c(C)c1CCS(=O)(=O)NC1COC2(CC2)C1,0.0004914969989200557
Cc1nn(C)cc1CN1CCC[C@@H](NC(=O)Cc2cscn2)C1,0.0005363219884154992
Cc1nnc(N2CC(O)(CCNC(=O)Cn3ccnc3)C2)nc1C,0.00033170786590412806
Cc1nocc1C(=O)NC1CC2(CCN(C(=O)c3cn(C)nn3)C2)C1,0.19190447887387482
Cn1cc(C(C)(O)CNC(=O)C2CCCCS2(=O)=O)cn1,0.00035985033185918157
Cn1ccnc1C(O)C1CCCN1Cc1coc(C2CC2)n1,0.0007500663188024342
Cn1nc(NC(=O)C2(C#N)CN(C(=O)OC(C)(C)C)C2)cc1F,0.0005932157950845324
Cn1ncc2c1CC(C(=O)N1CC(c3nnc(N)o3)C1)CC2,0.0005251559437456241
Cn1nnc(NCC(O)CNC(=O)c2cccc3c2CCC3)n1,0.0007387657658734484
N#CCC(=O)N1CC2CCC(C1)N2C(=O)c1cnn2cccnc12,0.1608024115159514
N#CCC(=O)N1CCN(C(=O)[C@H]2C[C@H]3C[C@@H](O)C[C@H](C3)C2)CC1,0.0010042771289223518
N#Cc1cc(CS(=O)(=O)NC(=O)C2CNC(=O)C2)cs1,0.00022269601849468426
N#Cc1cccc(NC2CCN(Cc3cc4n(n3)CCC4)C2)c1,0.0014004597263223653
NC(=O)CCC1CCCN(c2ccnc(-n3ccnc3)n2)C1,0.0012366267723965408
NC(=O)NC(=O)C(NC(=O)c1ccc(O)cc1)c1ccccc1,0.00041079796308033636
O=C(C1C(F)(F)C12CCC2)N1CC(Nc2ncc3[nH]cnc3n2)C1,0.0006990926219006776
O=C(CC1(O)CCC(O)CC1)N1C[C@H]2CCN(C(=O)CO)CC[C@H]2C1,0.0002464556775383167
O=C(CCNC(=O)c1cccc(Cl)c1)NCc1cccc2c1CCC2,0.0007552317729153584
O=C(CCn1cc(CCN2CCOCC2)nn1)NCc1cc[nH]n1,0.00031378997907757284
O=C(COC(=O)C1C(F)(F)C12CCC2)Nc1cccc(F)c1,0.0012574426762269372
O=C(Cc1ccn(CC(F)(F)F)n1)N1CC(N2CCC2)C1,0.0003379161091879672
O=C(Nc1ccncc1N1CCNCC1)c1ncc(C(F)F)s1,0.0009128131105644689
O=C(Nc1cnoc1C1CCOCC1)[C@@H]1CC2(CN1)OCCO2,0.0006894046585349999
O=C(Nc1nccs1)N1CCNC(c2ccc(Cl)cc2)C1,0.0012496632957150243
O=C(O)CC[C@@H]1CC[C@H](C(=O)Nc2ccc3ncnc(O)c3c2)O1,0.3530296370146004
O=S(=O)(c1ccc(N2CCC(C3CCOC3)C2)nc1)C1CC1,0.00023398679120699165
C[C@@H](NC(=O)c1nncs1)C1CN(c2ncc(O)cn2)C1,0.0006336907473876944
C[C@@H]1CC[C@H]1NC(=O)c1cn(-c2ccccc2)nc1CN,0.0005407103895636344
C1CC(N2CCN(CCCN3CCOC3=O)CC2)C1,0.0003201679475563209
C=C(Cl)CCC(=O)NC[C@H]1C[C@@H](NC(=O)Cn2nccc2N)C1,0.307225590786052
CC(=O)N1CC(CNC(=O)c2ccccc2Cc2ccccc2)C1,0.0004693517700407163
CC(=O)N1CC(CNC(=O)c2cncc(Cl)c2C)C1,0.11037393384383422
CC(=O)N1CC(F)(F)CC1(C)CNC(=O)c1ccc2ccncc2n1,0.00041836919986682825
CC(=O)NCCC(=O)NCC1C2CN(C(=O)c3cc(C)ncn3)CC12,0.0002663136523753855
CC(=O)OC(C)(C)C(=O)c1ccc(N2CC[C@@H](O)[C@@H](C)C2)nc1,0.3451258546601646
CC(C)(C(=O)NCC1CC12CCOC2)c1cc(C(F)(F)F)c(O)nn1,0.0003706466214083652
CC(C)(C)OC(=O)N1CC2CC1CN(C(=O)c1ccnc(C#N)c1)C2,0.000886395202362736
CC(C)(C)c1cccnc1C(=O)N1CC(C)(NC(=O)C2CCCO2)C1,0.0003167998713886912
CC(C)(CNC(=O)N1CCCC1c1ncno1)NS(C)(=O)=O,0.0002738736293036274
CC(C)C[C@H](NC(N)=O)C(=O)NC1CN(C(=O)OC(C)(C)C)C1,0.00040881603477900666
CC(C)C(C)(C)C(=O)NC1CCN(C(=O)CCOC2CC2)CC1F,0.0005627657387812756
CC(C)C(C)(C)CNC(=O)N1CCC(C)(C(N)=O)C1,0.00042042830417177407
CC(C)C(C)CC(=O)N1CC[C@H](NC(=O)c2scnc2Cl)C1,0.0008439141758079226
CC(C)CC(CNc1ccncn1)NC(=O)CCC(=O)N(C)C,0.0006833489278032307
CC(C)COC(C)C(=O)NC1CCN(c2ncc3c(n2)CCOC3)C1,0.0007693871894848126
CC(C)OCCS(=O)(=O)N1CCCC1c1cccnc1,0.00039973650037958394
CC(C)Oc1nccnc1NC(=O)C(C)c1ccccc1F,0.0012974584804028256
CC(CC(=O)N[C@@H](C)C1CN(C(=O)c2ccnc3ccnn23)C1)C1CC1,0.24741652861473667
CC(CCNC(=O)C1CCO1)NC(=O)c1coc2cc(F)ccc12,0.0006035254235303754
CC(CNC(=O)C12CCC(C)(CC1)OC2)NC(=O)OC(C)(C)C,0.000642276877415367
CC(CO)NC(=O)NC1CCN(c2ccn(C)n2)C1,0.0007577824960064182
CC(N)C1CCCN(C(=O)Nc2ccn3cnnc3c2)C1,0.0003755752012260156
CC(NC(=O)c1cnc[nH]1)C1(O)CN(C(=O)[C@@H]2CCCO2)C1,0.00025308427503293777
CC(OC(=O)CCn1cnc2c(cnn2C)c1=O)C1CCCCC1,0.0015377420513051987
CC(c1ccccc1F)N1CCC2(CC1)CN(CC(=O)N(C)C)C2,0.0005557300770497785
CC(c1nncn1C)N1CCCCC2(CN(C(=O)CC3CC3)C2)C1,0.0010021111024835143
CC1(C)COC(C(=O)NCC(O)Cc2ccccc2)CO1,0.00031064310700288505
CC1=C(C(=O)NC[C@H]2CCN(C(=O)c3ccn(C)c(=O)c3)C2)CCC1,0.00037516576500881905
CC1CC(C)CC(C(=O)N2CCC3(CN(C(=O)CC#N)CCO3)C2)C1,0.0008651380102547368
CC1CCC(C(=O)N2CCC(CN(C)C(=O)c3coc(CO)c3)C2)C1,0.0005132413518455952
CC1CCCC1C(=O)N1CC(CO)C2(CN(C(=O)C(C)(C)C#N)C2)C1,0.0010220131342008494
CC1CCN(C(=O)c2cnc(C#N)s2)CCN1CC(F)(F)F,0.0009618672818674061
CCC[C@@H](CC(=O)OC)NC(=O)Nc1cnn(C2CCNC2=O)c1,0.0005593616617110385
CCC(=O)N1CCC2(CC1)CN(C(=O)Cc1ccc3c(c1)NC(=O)C3)C2,0.49253396602528865
CCC(C(=O)N(C)CC1CN(C(=O)c2ccc(F)o2)C1)N(CC)CC,0.22492533735403553
CCC(CC)CCNS(=O)(=O)c1c(C)nn(C)c1OC,0.0006923089030599915
CCC(CNC(=O)c1cnoc1C)NC(=O)Cc1ccnc(N)c1,0.000265613000832484
CCC1(C)CC(C(=O)N[C@@H]2CCN(C(=O)c3cc(F)cnc3O)C2)C1,0.36129109079505217
CCC1(C)CC(C(=O)NCC2COCCN2C(=O)c2cc[nH]n2)C1,0.00037181333627345794
CCCC(C)(C)C(=O)N(C)CC(C)NC(=O)[C@H](O)C1CCC1,0.0006048813903931447
CCCC(C)(O)C(=O)NCC(O)CNC(=O)CC1CSC1,0.00013442853700012684
CCN(C(=O)c1cc(C)oc1C)C1CCN(C(=O)Cn2ccnn2)C1,0.00033800341892957725
CCN(C(C)C)S(=O)(=O)N1CCC(C)C(C(=O)O)C1,0.0005075127995913645
CCN(CCNC(=O)C1CCC2(CC1)CC2(F)F)C(=O)CC#N,0.0013096321832998625
CCN(CCNC(=O)c1ccc(C)c(Cl)c1)Cc1cc(C)n(C)n1,0.0005631529996354749
CCN(CCO)CCNC(=O)Cc1ccc(F)s1,0.00032777482031400533
CCN1CCC(N2CCS(=O)(=O)c3ccsc32)C1=O,0.0005866289741295512
CCN1CCC1C(=O)NCC1(NC(=O)CCC(C)(C)O)CCCC1,0.0002865882670076493
CCOC(=O)c1cnc(C(C)C)nc1NC1CCN(C(=O)CC)C1,0.0006747419038184622
CCOC(C(=O)N(C)C1CCN(CCF)CC1)C1CC1,0.0007860601816650985
CCOCC(=O)N1CC[C@H](NC(=O)c2cc(CC3CCC3)c[nH]2)C1,0.0010522737281396482
CCc1nc(CNC(=O)NC2CCC(=O)c3ccccc32)cs1,0.0005261844091793603
CCn1ncc(Cl)c1C(=O)N1CC(Oc2ccccc2F)C1,0.0006454698797180024
CN(C)CCCC(=O)N1CC2(CCN(C(=O)c3ccccc3)CC2)C1,0.0005980144617737898
CN(CCN1CCc2ccccc2C1)S(=O)(=O)CCC(C)(C)F,0.00032320019961445425
CNC(=O)CCCN(C)C(=O)C1(F)CCCCC1,0.00044592050029820986
CNC1CCS(=O)(=NC(=O)c2cncc(F)c2)C1,0.0003905644058393821
COC(=O)[C@H](C)NC(=O)[C@@H]1CCC(=O)N1C(C)c1ccccc1,0.00038485470696740065
COC(=O)C(CF)NC(=O)c1c(C)noc1C1CC1,0.0007035900598250943
COC(=O)c1ccc(C(F)(F)F)nc1N1CC(C)C(O)CC1C,0.0009219855375786349
COC(C)CC(=O)NC[C@]1(C)CCCN1C(=O)CCC(C)C,0.0005111188082889189
COC(CN1CC2(CO)CCC1CC2O)C1CCCOC1,0.0002785445105369558
COC1(C(=O)N2CC3(CCCC3C(F)(F)F)C2)CCSC1,0.000447817228000811
COC1(C(=O)O)CCCN(C(=O)CNc2ccc(Cl)nn2)C1,0.00044783377936527476
COC1CC(C(=O)N2CCCC(N(C)Cc3ccc4nonc4c3)C2)C1,0.0007890653207615693
COC1CC2(C1)CN(c1cnc(C(F)F)cn1)C2,0.000924172462991146
COCCN(CCNC(=O)[C@H]1CC1(C)C)C(=O)[C@@H]1CCCO1,0.0005313932649102969
COCCS(=O)(=O)c1ccc(N2CCC3(CCSC3)C2)cc1,0.001254873750792172
COc1c(C)cnc(CNC(=O)c2c(C)nn(CC(C)C)c2C)c1C,0.000562273187947216
COc1c(O)cccc1CN1CCC(CS(C)(=O)=O)CC1,0.000676199419877692
COc1cc(CN2CCC(=O)N(CC3COC(C)C3)C2=O)ccn1,0.00037478596786930915
COc1cc(OC)nc(N2CCC[C@@H]2CNC(=O)[C@H]2C[C@@H]2C)n1,0.0006013454558071626
COc1ccc(CC(=O)N(C)[C@@H](C)CCC(=O)N2CCN(C)CC2)cc1,0.00037382278048192063
COc1ccc2c(c1)C(NC1CCC(CS(C)(=O)=O)C1)CCC2,0.0007946294914058593
COc1ccnnc1NC(=O)N1CC(CO)CC12CCOCC2,0.5353144910371698
CS(=O)(=O)C1(C(=O)NC2CCN(c3nccnc3C#N)CC2)CC1,0.42347542005066474
CSc1nccnc1C(=O)NC1CCN(C(C)=O)CC1C,0.0010167444772946003
Cc1cc(C(=O)N2CCC(CCNC(=O)Cc3cnnn3C)C2)co1,0.0005267085809741383
Cc1cc(C(=O)NCC(CC(C)C)NC(=O)C(C)C2CCOC2)c[nH]1,0.00047896826030807005
Cc1cc(C(=O)NCC(O)CNC(=O)[C@H]2C[C@@H]2C)[nH]n1,0.00021445206976983445
Cc1cc(C2CCC2)ncc1C(=O)NC1C[C@@H]2OCCC[C@H]12,0.0009265125233762628
Cc1cc(CC2CCCN2C(=O)CCc2nnc[nH]2)n(C)n1,0.0002906877489705202
Cc1ccc(OCCC(=O)N[C@@H](C)C2CCOCC2)cc1C,0.0005120242214309508
Cc1ccc2[nH]cc(CCC(=O)NCC(C)O)c2c1,0.0006649313651025076
Cc1ccnc(NC(C)CNC(=O)[C@H](C)n2cnnn2)c1C#N,0.0008552365978926519
Cc1cnc(N2CCN(C(=O)C[C@@H](O)c3ccccc3)C[C@@H]2C)nc1,0.000928830337945186
Cc1cncc(CCNC(C)Cc2ccc(C)cn2)n1,0.0003172904872807894
Cc1csc(CC2CCN(Cc3ccnc(N(C)C)c3)C2)n1,0.001028207182785767
Cc1n[nH]c(Br)c1C(=O)NCCN1C[C@H](C)O[C@H](C)C1,0.0003573668132467731
Cc1nc(C(=O)N2CCOC3(CCCCC3)C2)c(=O)[nH]c1C,0.18691744599076113
Cc1nc(C(C)NS(=O)(=O)C2CCCC2C#N)no1,0.0003745663584414685
Cc1nc(C2CCCN2c2nc(C#N)c(Cl)s2)[nH]c1C,0.0017235820797394364
Cc1nc(CCNC(=O)N(C)CC2(N(C)C)CCC2)cs1,0.0005246788270111529
Cc1ncc(Cl)c(C(=O)N2CC(NC(=O)CC(C)(C)O)C2)n1,0.000293012765802827
Cc1nn(C)c(C)c1CC(=O)N(C)CCN(C)CCOC(C)C,0.0003796920602600112
Cc1nnc(-c2ccc(C(=O)O[C@H](C)CN3CCCC3)cc2)[nH]1,0.0009175426245302167
Cc1noc(C)c1C(=O)N1CC2CCCC(C1)N2CCOC(C)C,0.0004784541498063182
Cc1noc(CCCC(=O)N2CCCC[C@@H]2C(F)(F)F)n1,0.0004467326263295043
Cn1cc([C@@H]2OCC[C@H]2C(=O)O[C@H]2C[C@@H](CS(C)(=O)=O)C2)cn1,0.00038092050227255686
Cn1cc(Cl)c(C(=O)NCC2CCN(c3ncc(F)cn3)C2)n1,0.3591288585661949
Cn1ccc2ccc(C(=O)NCCN3CCOCC3=O)cc21,0.0005299233633499206
N#CC1(C(=O)NC2CC(CNC(=O)C3CCCOCC3)C2)CCC1,0.46143127748550566
N#CC1(CO)CC12CCN(C(=O)CC1CCn3cncc3C1)CC2,0.0013318193853267917
N#Cc1ccn2ncc(C(=O)N3CCO[C@H]([C@@H](O)CO)C3)c12,0.0
N#Cc1nccc(N2CCC[C@H]2CNC(=O)Cn2cccn2)n1,0.0005212923321162886
N[C@H]1c2ccccc2CC[C@H]1C(=O)N1CCOC(CN)C1,0.0003405331727244717
NC(C(=O)N1CCCn2ncc(Br)c21)C1CCCCC1,0.0011947863546989072
O=C(CC(O)CCc1ccccc1)N1C[C@H]2CC3CCCN3[C@H]2C1,0.0005700882406516565
O=C(CCCc1nc[nH]n1)N[C@H]1CCCc2ccccc21,0.0006017974437278284
O=C(CCc1nc(-c2cccnc2)no1)NC1CC(C(F)(F)F)C1,0.001090905801553729
O=C(CO)NC1CC2CN(c3nc(=O)c4c([nH]3)CCCC4)CC2C1,0.0005677168167518565
O=C(Cc1ccc(NC(=O)C(F)(F)F)cc1)NCc1ccc[nH]1,0.000737755098947041
O=C(N[C@H]1C[C@@H](CNC(=O)[C@H]2C[C@@H](O)C2)C1)c1ccc2ccncc2n1,0.4488599828868225
O=C(NC[C@@H]1C[C@H]1C1CCC1)C1CCC(=O)N(c2ccccc2)C1,0.0006436459815014405
O=C(NC12CCCC1N(C(=O)[C@H]1C[C@@H](O)C1)CC2)[C@@H]1[C@H]2COC[C@H]21,0.000510703264858954
O=C(NCC[C@H](O)c1ccccc1)c1ncccc1Cl,0.0004872804217521937
O=C(NCC1CC2(CCC2)CO1)N1CC(O)(c2ccc(Cl)cc2)C1,0.0006600526515742358
O=C(NCC1CCCOC1)N1CCC(F)(F)C(CO)C1,0.0003875952477906142
O=C(NCc1nc(C2CCCCC2)no1)C1(c2cc[nH]n2)CC1,0.0007767959140643037
O=C(O)CCCN(CCO)C(=O)c1noc2c1CCCC2,0.18534535394239118
O=C1COc2nc(N(CCO)CCOC3(c3nn[nH]n3)C1)cc(=O)[nH]2,0.0
O=S(=O)(NCCC1(CO)CC1)c1nc2ccccc2s1,0.381473848803276
OC(CNC1CCOCC12CCCC2)CC1(O)CCOC1,0.0004611597419036071
OC1(Cc2noc(CN3C(=O)c4ccccc4S3(=O)=O)n2)CC1,0.0003435593348937563
C[C@@H]1C[C@H]1C(=O)NCC1CN(C(=O)C2(F)CC2)CCN1C,0.00043281222887937246
C[C@@H]1CCO[C@@H]1C(=O)Nc1ccnn1C1CCN(C)CC1,0.0010947300553474674
C[C@@H]1COCCN1CC(F)(F)c1nsc(NC(=O)OC(C)(C)C)n1,0.0008140598166999994
C=C(Cl)CCC(=O)N1CCCC1(C)CNC(=O)CN1CCC1,0.0005063283335631454
CC[C@@H](CO)NC(=O)c1cc2ccccc2nc1OCC(C)C,0.31244573197770176
CC(=O)NC[C@@H]1C[C@@H]2CC[C@H](C1)N2C(=O)Cc1c(C)noc1C,0.0003720815596801484
CC(=O)NC(C(=O)N(C)CCNC(=O)C1CN(C)CCO1)C(C)C,0.12120135656738865
CC(=O)NCC(=O)N1CCCC1(C)CNC(=O)Cc1ccc(C)s1,0.0003310435293748402
CC(C(=O)N1C[C@@H](C)[C@@H](NC(=O)CC(C)(O)C2CC2)C1)n1cccn1,0.00037174063508182785
CC(C(=O)N1CC[C@H](NC(=O)COC2CCCCC2)C1)n1cccn1,0.3085329200905557
CC(C(=O)Nc1nnc(C2CCOCC2)[nH]1)c1ccco1,0.0007082417068410344
CC(C(=O)OC(C)(C)C)N(C)C(=O)CC1C[C@@H]2COC[C@H]12,0.20923559688422447
CC(C)(C)OC(c1ccccn1)C1(O)CCN(CC2COC(=O)C2)C1,0.00032482608439271597
CC(C)(CF)CS(=O)(=O)N1CCNC(=O)[C@@H]1[C@H]1CCC[C@H]1O,0.00028967628585116424
CC(NC(=O)c1cc(F)cc(Cl)c1)C(=O)NC1CCCC1,0.000593993401588333
CC1(C)C[C@@H](NC(=O)N[C@@H]2CCCc3cc(F)ccc32)[C@H]1O,0.0006099519563944765
CC1(C)C2CCC1(CC(=O)NC(C)(Cc1ccccc1)C(N)=O)C2,0.0005670284661108961
CC1(C)NCCC1C(=O)Nc1cccc(N2C(=O)CCS2(=O)=O)c1,0.0005618910619542093
CC1(C)SCC2CCC(NC(=O)Cc3cnccn3)CC21,0.0012087802862348373
CC1(NC(=O)C23CCCC2CC(=O)CC3)CCn2c(n[nH]c2=O)C1,0.00030773268704240166
CC1(c2cn(CCC(=O)NCCC(=O)NC3CC3)nn2)CC1,0.00014754547405884956
CC1CC(=O)NC1C(=O)OCc1nc(-c2cnn(C)c2)no1,0.0005777695995606019
CC1CC(C(=O)NC2CCCN(C(=O)CSC(C)(C)C)C2)C1,0.0003769551449939047
CC1CC(CNC(=O)Cc2cnnn2C)CN1C(=O)c1cnoc1,0.00037014899441940185
CC1CC(NC(=O)[C@@H](O)C2CCCC2)CN1C(=O)c1cnccn1,0.0005433511374943699
CCC(C#N)C(=O)NC(CNC(=O)CC1CC1)c1ccccc1,0.0008480958446997393
CCC(C)C(C)OC(=O)c1cn(CC2CC2)nc1C,0.0005734802454920669
CCC(CC(=O)NC1CN(C(=O)Cn2nnc(C)n2)C1)CN(C)C,0.00018252764772599337
CCC(CC)C(=O)N(C)CC(C)(C)CNC(=O)c1cc(CO)[nH]n1,0.0005326415450207765
CCC(CCO)CNC(=O)CNc1ccc(C#N)cc1,0.0011908013574424463
CCC(CNC(=O)Cc1ccsc1)NC(=O)COC1CC1,0.0002916548385757261
CCC(O)C(C)C(=O)NC[C@H](C)NC(=O)c1snnc1C,0.0002903406661317463
CCC(O)CC(=O)N[C@H]1C[C@H](Nc2nnc(-c3ccccc3)s2)C1,0.0009314777891909059
CCC1CC(C(=O)N2C[C@@H]3C[C@H]2CN3CCC(F)(F)F)CCO1,0.0005476375132498502
CCC1CC1C(=O)NC1(CC)CCN(C(=O)c2cccn2C)CC1,0.0004688253787524759
CCCC(NC(N)=O)C(=O)N(C)CCCN(C)C(=O)C1(OC)CC1,0.0003437542170921222
CCCCC(=O)NC(CC)CNC(=O)C1(O)CCC(C)CC1,0.00044767150298905505
CCCCC(C)C(=O)NC1(C)CN(C(=O)[C@H](O)C(C)C)C1,0.0004656919975559033
CCCCC(O)CCC(=O)N1CC(Nc2ncncc2OC)C1,0.0009261910802838301
CCCCc1cn([C@@H](C)CNC(=O)c2nc(CC)sc2C)nn1,0.0006173831048257925
CCCc1c(C(=O)N2CCN(CCCF)CC2)[nH]c(C)c1C(C)=O,0.35238330323733136
CCCc1ccc(CC(=O)N2CC3CC3(C(=O)OC)C2)cc1,0.0005255380647537706
CCN(C(=O)CNC1(c2ccccc2)CCOCC1)C1CC1,0.0006213893451868424
CCN(CC1CCOCC1)C(=O)c1c2c(nn1C)CCOC2,0.0003647684887859344
CCN1CCC1C(=O)NC(C)(CNC(=O)COC)C1CC1,0.00028311568698618795
CCNCC1CCN(CC(=O)N2CCC3(CC2)OCCO3)CC1,0.0004023462220139649
CCNc1ccc(C(=O)NCCN2CCN(C(=O)C(C)O)CC2)cc1,0.3303674155880802
CCOC(C)CNS(=O)(=O)c1cccc(OC)c1C#N,0.0005427277490171603
CCOc1cc(C(=O)N[C@@H](C)CNC(=O)c2ccccn2)n[nH]1,0.17368293490153047
CCOc1ccc(S(=O)(=O)N2CCO[C@H]([C@@H](O)CO)C2)c(C)c1,0.00028815895257623973
CCOc1cccc(C(=O)Nc2ccc(CC(C)C(=O)OC)cc2)c1,0.0018096742701563943
CCSCC(=O)N1CC(NC(=O)C(C)CS(C)(=O)=O)CC1C,0.0005514232259505495
CCc1cccc(-c2nc(CCC(N)=O)no2)c1O,0.0009989487481837716
CCc1nn(CC(=O)NCC2CCN2CCOC(C)C)c(=O)o1,0.00028668962819326934
CCc1nnc(C2CN(Cc3ccc(OC(C)C)c(C)c3)CCO2)[nH]1,0.0006063957662640814
CN(C)[C@H]1CC[C@@H](C(=O)N(C)C2CCN(CC3CCOC3)CC2)CC1,0.0007528472443142853
CN(CCNC(=O)[C@H]1CC1(C)C)C(=O)c1c(N)nn2ccccc12,0.00037010557989517183
CN(CCNC(=O)c1cnnn1C)C(=O)c1cc(C2CC2)on1,0.1690098638199522
CN1C(=O)C[C@H](C(=O)NC2C(C)(C)C(O)C2(C)C)[C@H]1c1cccnc1,0.00038516680122287114
CN1CCC(N2CC(CNC(=O)c3ccn(C)c(=O)c3)C2)C1=O,0.00020999424222531088
CNc1ccnc(C(=O)Nc2cc(C3CC3)n(C)n2)n1,0.00115487158103422
CNc1cncc(C(=O)N2CC(N3CC[C@@H](O)C3)C2)c1,0.0006578085186202667
CNc1nc(C)ccc1C(=O)N1CCN(Cc2nnc(C)o2)C[C@@H]1C,0.00029923943901823065
CO[C@H](C)C(=O)NC1(CNC(=O)C(C)(C)OC(C)C)CCC1,0.0003211661235298352
COC(=O)[C@@H](NCc1ccnn1-c1ccccc1)C(C)(C)C,0.0009319192832001649
COC(=O)C1CCC(C(C)(C)C)CN1C(=O)CCc1cnn(C)c1,0.000745943226656543
COC(=O)NCC(=O)NCC1CCC(NC(=O)C(OC)C2CC2)C1,0.1178706616858837
COC(=O)c1nsc(NC(=O)C23CCCC2C3(F)F)n1,0.33991502021520315
COC(C(=O)N1CCC(C)C1CNC(=O)c1cncnc1)C1CCC1,0.0005181870235011789
COC(C)c1nsc(NC(=O)CNC2(C)CCOC2=O)n1,0.0003570228482020453
COC1(C(F)(F)COC(=O)C2CCC3CC3N2C(C)=O)CCC1,0.0006396701632127034
COC1CN(C(=O)c2cccc(O)c2Br)CCO1,0.0003946998500616493
COCC(=O)N1CCCN(C(=O)[C@H]2CCCN2C(=O)OC)CC1,0.0004764337325802167
COCC(C)(C)C(=O)Nc1nc(-c2nc(C)no2)cs1,0.0015397662709105999
COCC1(C)CN(Cc2nc(C)c3ccccc3n2)CCO1,0.0005845423600600797
COCCC(C)(C)CC(=O)N[C@@H]1CCCN(C(=O)C2(C3CC3)CC2)C1,0.31349753595294316
COCCN(C(=O)C1CC2(CCCO2)C1)C1CCOC1,0.3015712041016218
COCCN(C(=O)c1[nH]cnc1C(C)(C)C)C1CCCSC1,0.0009752802835658556
COCCn1cc(C(=O)OC[C@]2(C#N)C[C@H]2S(C)(=O)=O)ccc1=O,0.0006921132689812556
COc1cc(C#N)ccc1CSc1cncc(O)n1,0.000798901493619458
COc1cc(C)nc(NC(C)CNC(=O)C(F)(F)C(C)(C)O)n1,0.0004988064426868891
COc1ccc(C(C)C(=O)NC2CN(C(=O)c3cnsc3)C2)cc1,0.00051126386976297
COc1ccc(C)c(S(=O)(=O)N2CCC3COCCC32)c1,0.0004038537354117479
CS(=O)(CCC(=O)O)=NC(=O)C1CCC2(CC1)CC(=O)C2,0.00022065657358181324
CSCC(C)(C)C(=O)NCC1(C)CCCN1C(=O)c1cocn1,0.000901596226666137
Cc1cc(NC2(CNC(=O)CC3CCCCO3)CC2)nc(C)c1C#N,0.5278254775175332
Cc1ccc(CCNC(=O)c2cnn(C)c2C2CC2)c(C)c1,0.0005294449186383029
Cc1ccoc1CC(=O)N[C@@H](C)CCNC(=O)c1cc(O)ncn1,0.0003324284546950118
Cc1cn2c(CCC(=O)N3CC(=O)N(C(C)C)CC3C)csc2n1,0.0004802008753779084
Cc1cscc1C(=O)NC1CCN(C(=O)C(C)(F)F)C12CCC2,0.0005222220388751554
Cc1nc(C(=O)N2C3CCC2CN(C(=O)C(C)C(C)O)CC3)c[nH]1,0.16778804793752888
Cc1nc(NC(=O)NCc2cc(C3CC3)on2)n(C)c1Br,0.0012495984444786752
Cc1nn(-c2cccc(F)c2)c(C)c1C(=O)NC1CCOCC1F,0.0008130705637937643
Cc1nnc2n1CC(C(=O)N1CC(O)(CNC(=O)C3(C)CC3)C1)CC2,0.0002883521581579072
Cc1nnn(C)c1CN1C[C@@H]2CN(C(=O)OC(C)(C)C)CC[C@@H]21,0.00029135545998903127
Cc1nonc1CN1CCOC(C)(CNC(=O)COCC(F)F)C1,0.0003293444133774571
Cc1nsc(NC2(CNC(=O)CCF)CCC2)c1C#N,0.0010938099790327813
Cn1c(Br)cnc1C(=O)N1Cc2cncnc2C1,0.00047017230547281326
Cn1cc(CC(=O)NC[C@H]2CC[C@H](CNc3nnco3)CC2)nn1,0.0004130389909430635
Cn1cc(CNC(=O)c2cnc(N3CCOCC3)nc2)c(=O)[nH]c1=O,0.0004857923149366914
Cn1cc(NC(=O)NC2CCCCC23CCCNC3)cn1,0.0005869753032447356
Cn1ccc(C(=O)NCCN2CC3(C2)CN(c2nnco2)CCO3)n1,0.0005694658899083008
Cn1ccc(CC(=O)N2CC3(CCC3)CC2CNC(=O)CCF)n1,0.00039869101473957643
Cn1cncc(C(=O)N2C[C@@H]3C[C@H]2CN3Cc2ccc(F)cc2)c1=O,0.00045303288285321184
Cn1nnc(S(=O)(=O)N2CCSCC2C2CC2)n1,0.00019125297897746855
N#Cc1cc(C(=O)N[C@H]2C[C@H](NC(=O)c3cnns3)C2)co1,0.0004918315416328386
N#Cc1occc1S(=O)(=O)NC(=O)CCCC(N)=O,0.00040737509393753957
NC(=O)COc1ccccc1C(=O)N1CC2(CCOC2)C1,0.10932514456428936
NC1(C2CCCCN2C(=O)COc2ccc(F)cc2Cl)CC1,0.000583401420544535
NS(=O)(=O)CCC(=O)NC[C@H]1CCCN1c1cc(Cl)ncn1,0.0005851770364578109
Nc1ccn(CCC(=O)N2CC(CO)(NC(=O)c3coc(=O)[nH]3)C2)n1,0.1590656371998487
O=C(C(C1CC1)C1CCCO1)N1CCn2ncc(Cl)c2C1,0.000511664448474581
O=C(CC1(COCc2ccccc2)CC1)NC(C1CC1)C1COCCO1,0.0007360664598245836
O=C(CC1CCCCO1)NC1(c2ccccn2)COC1,0.0003858233463513392
O=C(COC(=O)CNC(=O)C1CCCC1)NCCC1CCCCC1,0.001339158707119364
O=C(Cc1ccc2ncsc2c1)OC1CC1C(F)(F)F,0.0007188597922416713
O=C(NCC1CN(C(=O)C2CCO2)C1)c1cnn2ccccc12,0.0002362175901261561
O=C(O)[C@@H]1CN(C(=O)C2CCCN2C2CC2)CCO1,0.00027024196184728075
O=C(O)CCN(CC1CCCO1)C(=O)NCc1nnc2n1CCOC2,0.0003715656590743277
O=C(O)Cc1cccc(S(=O)(=O)N2CCCC2c2ccncc2)c1,0.0005019720760256896
O=C(OCc1ncnn1C1CC1)c1cc2c(o1)CCCNC2=O,0.16256301359179195
O=C(c1cc2n(n1)CCOC2)N1CCC(CCCO)CC1,0.0004284173973763229
O=C(c1cn2c(n1)SCC2)N1CCC(=O)C2(CCC2)C1,0.2031967448767822
O=S(=O)(CC1CCCO1)Nc1cnccc1CCCC(F)(F)F,0.0007266588664348609
O=S(=O)(N[C@]1(c2ccccc2)C[C@@H]C1)c1c[nH]c(C(F)(F)F)c1,0.0005743771699016023
OCC12CC1CN(c1cc(Oc3ccccc3)ccn1)C2,0.5069758048475195
FC1(F)CCN(c2nnnn2CC2(c3ccccc3Cl)CC2)CC1,0.001827600479913593
Fc1cncc(CN(CC2CCOCC2)C2CC2)n1,0.0008270003030170346
C[C@@H](CCNC(=O)c1nccn1C)NC(=O)c1cc(CC2CCC2)c[nH]1,0.0006489455978257254
C[C@@H](CNC(=O)C1CC2(CCC2)C1)NC(=O)[C@H]1CNC(=O)N1,0.12700443084903207
C[C@@H](O)C(=O)NC1CC(CNC(=O)CCc2ccc(C#N)cc2)C1,0.21265657515869069
C[C@H](O)C(=O)N1CCCC(Nc2nnc(C(F)F)s2)C1,0.000536068870460887
C[C@H](O)C(=O)NCC(NC(=O)c1cnc2sccn12)C1CCCC1,0.0006052891206136697
CC(=O)NC(C)C(=O)NC1CCCN(C(=O)Cc2ccn[nH]2)C1C,0.00022980637227557
CC(=O)Nc1ccc(CNC(=O)NCC(O)CC(F)(F)F)cn1,0.0003259810877129234
CC(C(=O)N1C[C@@H](C)[C@@H](NC(=O)C2Cc3ccncc3C2)C1)C1CC1,0.0008512070478072393
CC(C(=O)N1C(C(F)F)CC2C1C2C(F)F)N(C)Cc1cnn[nH]1,0.00024004605129053098
CC(C)(C)c1ccc(COC(=O)c2cn(C3CCCNC3)nn2)cn1,0.000385733274803459
CC(C)(C)c1cccc(CN2CC(CF)(C3CC3)C2)n1,0.0003474224879849317
CC(C)(Cn1nnnc1N1CC2(CC(C3CC3)C2)C1)C1CCC1,0.001082783955532226
CC(C)(NC(=O)C1CC12CC2)C1CCCN1C(=O)c1cocn1,0.0004941566272708049
CC(C)C(C)CC(=O)N[C@@H]1CN(C(=O)C(O)C2CC2)C[C@@H]1C,0.0004003868145455338
CC(C)C(O)C1(CNC(=O)NC(C)(C)C2CCC2)CC1,0.00046735441973369497
CC(C)C1(C(=O)N[C@@H]2CCN(Cc3nc4ccccc4[nH]3)C2)CC1,0.0010077230754008037
CC(C)CC(=O)N1CCC(NC(=O)c2nscc2N)C1,0.0007571585649728247
CC(C)NC(=O)COc1ccc(CNC(=O)OC(C)(C)C)cc1,0.0005714476933456454
CC(CCNC(=O)c1n[nH]c2c1COCC2)NC(=O)c1ccon1,0.00027682889917289685
CC(CN(C)C(=O)C1(CCN(C)C)CC1)NC(=O)c1ccc[nH]1,0.000497327613224654
CC(CNC(=O)COC(C)C)CNC(=O)c1ccc(NC2CC2)nc1,0.00038629900571506524
CC(N[C@H]1c2ccccc2C[C@H]1O)c1ccc(OCC#N)cc1,0.0008649809623639394
CC(NC(=O)C1CCCOC1)C1(O)CCN(C(=O)C(C)(F)F)CC1,0.0005410826773688081
CC(NCc1nc2ncc(Br)n2n1)C(=O)NC1CC1,0.0
CC1(C)C[C@@H]1C(=O)N1CCC(C2(NC(=O)Cc3nncn3)CC2)C1,0.0
CC1(C)CN(C(=O)c2cc(CN)on2)CCN1C1CC1,0.00045745979096734724
CC1(C)SCC(C(=O)NC[C@@H]2CCS(=O)(=O)[C@@H](C)C2)O1,0.0005650909051550506
CC1=NOC(C)(C(=O)NCC2CCN2C(=O)c2snnc2C)C1,0.2582977810261719
CC1C(OC(=O)CCSc2ncnc3[nH]cnc23)CC(=O)N1C,0.00035131460785403385
CC1CC(C(=O)N2CCCc3c(C#N)cccc32)C(C)O1,0.0015447319722884905
CC1CC(NC(=O)C(C(F)F)C(C)C)CN1C(=O)Cn1cnnn1,0.00042256739802840824
CC1CC1C(=O)NC[C@H]1CC[C@H](NC(=O)CC2CCC2)CC1,0.0007467528654353236
CC1OCCC1(F)C(=O)N1CCC(C)C(NC(=O)C23CC2C3)C1,0.0004058067637598119
CC1OCCC1C(=O)N1CCCC1CNC(=O)C1(CC(F)F)CC1,0.000451604669417128
CCC(C)(C#N)C(=O)N1CCC([C@H](C)NC(=O)[C@@H](O)C(C)C)CC1,0.3207226872032209
CCC(C)C(=O)NC(CNC(=O)c1ccc(=O)[nH]n1)C1CCCC1,0.0003757345860053408
CCC(NC(=O)C1CC(c2ccccc2C)=NO1)c1nc(C)n[nH]1,0.0004435584274581416
CCC(O)CC(=O)NC(C)CNC(=O)c1cccc2nonc12,0.000545879422915177
CCCC(=O)N1CCC(CCNC(=O)CCn2ccccc2=O)C1,0.00023391563048712338
CCCC(=O)NC1CCCC(NC(=O)C(F)(F)c2cccnc2)C1,0.0005802094346618671
CCCC(C(=O)NCCN(Cc1nncs1)C1CC1)N(C)C,0.0006171289158934131
CCCN(CCNC(=O)C(C)(C)O)c1ncccc1C#N,0.45057560809146824
CCCn1cc(C(=O)NC2CN(C(=O)C3(C)CNC(=O)C3)C2)nn1,0.08979403137814815
CCN(CC)CC(=O)NC[C@@H]1CCCN1C(=O)CC(O)C1CC1,0.00034472617632792986
CCN(CCNC(=O)CN(C)C)C(=O)c1cc(O)cc(O)n1,0.2683228692256854
CCN(CCNC(=O)c1cn(CCO)nn1)C(=O)C(C)CO,0.0002406121949132951
CCN(CCc1ccccn1)C(=O)NC1CC12CC(C)(C)C2,0.0004580145796205003
CCOC(=O)CCC(=O)N1CCN(C(=O)c2ncoc2C)C[C@H]1C,0.0002948728922248274
CCOC(=O)c1cc(C(=O)NCC2(F)CCC2)on1,0.26924551392841223
CCOC(=O)c1nc(C(=O)Nc2ccnc(C)c2Cl)c(C)s1,0.44452048785226683
CCOC1(CNCc2ccc(C(=O)OC(C)(C)C)cc2)CCOCC1,0.0011297011735252353
CCOCC(=O)N1C2CCC1CN(C(C)c1ncc(CC)s1)C2,0.0004811086674495318
CCOCC(C)CS(=O)(=O)N(CC1CCCO1)C1CC1,0.0007172785065479991
CCON1CCC(NC(=O)Nc2noc3c2CCCCC3)CC1,0.0005212679970410709
CCOc1ccc(NC(C#N)Cc2c[nH]cn2)cc1OCC,0.0017775984086891784
CCn1cc([C@@H]2OCC[C@H]2c2nc(C(C)(C)CC)no2)cn1,0.000479348055146828
CN(C)C1CCN(C2CCCC(NC(=O)C3CCCC(F)C3)C2)C1,0.0012970443611630147
CN(C)CCCC(=O)N1CC[C@H](CNC(=O)c2cnoc2)C1,0.2312899751256605
CN(C)c1cnc(CNC(=O)c2ccc(C(F)(F)F)cn2)cn1,0.0004627772407550873
CN(CC(C)(C)Nc1ncncc1Cl)C(=O)c1cnccn1,0.00048082940060266145
CN(CC1CCN1C(=O)OC(C)(C)C)C(=O)[C@@H]1[C@H]2CC(F)(F)C[C@H]21,0.00046531850175701185
CN1C(=O)CC[C@@H]1C(=O)N[C@@H]1CCCN(c2ncns2)C1,0.0004472619773020013
CN1C(=O)CC[C@@H]1C(=O)N1CC2C(CNC(=O)C3(C)CCC3)C2C1,0.192029621313112
CN1C(=O)CC[C@@H]1C(=O)N1CCC[C@H](Nc2ncnc3c2CCC3)C1,0.3286316910900038
CN1CCCC(C(=O)NCC23CCCNC2CCC3)C1C(F)F,0.0003692213360281839
CNC(=O)[C@@H](NC(=O)C(C)c1cccc(C(F)(F)F)c1)C(C)C,0.0005100265527013492
CNC(=O)[C@H](C)NC(=O)[C@H](CCSC)NC(=O)OC(C)(C)C,0.0006665368598277636
CO[C@@H]1CC[C@H]1NC(=O)CC(n1cccn1)C(F)(F)F,0.000520058668165121
COC[C@H](C)c1nc(-c2cc(C)n(CCC(=O)OC(C)C)n2)no1,0.001127419015692799
COC[C@H](O)CN1CC[C@H](NC(=O)c2cccN3ccnc23)C1,0.0003568424742824111
COC(=O)CNC(=O)c1cnn(C(C)(C)C)c1Br,0.00044058647329551343
COC(=O)N[C@H]1CCN(Cc2cnc(Cc3ccccc3)s2)C1,0.0006201123013571435
COC(CC(C)C)C(=O)NCC1(O)CN(C(=O)[C@@H]2CCCN2C)C1,0.12143916677724398
COC1CC(OC)C12CCN(C(=O)NC1(C)CCC(C)(C)C1)CC2,0.22111990009921625
COCC(CCNC(=O)c1c(C2CCC2)cnn1C)OC,0.0008173922099804496
COCC(N)C(=O)Nc1cc(OC(C)C(F)(F)F)ccn1,0.00042801985313350023
COc1cc(NC(=O)C2(F)CCCC2)cc(OC)c1,0.0010488413454733455
COc1ccc(C#N)cc1NC(=O)NC1(Cc2ccc(F)cc2)COC1,0.0017364178250571882
COc1ccc(NC(=O)C(F)CC(=O)c2ccccc2)cc1CN,0.7347740591462769
COc1ccc(S(=O)(=O)N(C)CCSC(C)C)cn1,0.0002843371216055853
COc1cccc([C@@H]2C[C@H]2CNC(=O)c2ccc(N(C)C)c(F)c2)c1,0.0018217204346540666
COc1cccc(F)c1CNC(=O)N1CCCC2(CNC(=O)C2)C1,0.0004896581853066182
Cc1c(Cl)ncnc1NC[C@@H](C)NC(=O)CC1CCN(C)C1=O,0.0005791760797657548
Cc1cc(C(=O)N(C)CCN(C)C(=O)C(O)Cc2ccccc2)c[nH]1,0.00032248558039526165
Cc1cc(C(=O)N2CC(NC(=O)C[C@H]3CCOC3)C2)co1,0.0004215845699804119
Cc1cc(C)nc(NCCN(C)C(=O)C2CCCC2C)n1,0.0005190752475856818
Cc1cc(F)sc1C(=O)N1CC[C@@H](NC(=O)CCc2c[nH]cn2)C1,0.0006462279379225684
Cc1cc2n(n1)CCN(C(=O)C(C)n1cc([C@@H](O)C3CC3)nn1)C2,0.0003463065086179964
Cc1ccc(-n2nccc2CS(=O)(=O)CCCF)cc1,0.0009276655618009603
Cc1ccc(CC(=O)NC[C@H]2C[C@@H](NC(=O)Cn3cccn3)C2)cc1,0.00033668549952446637
Cc1cn2c(s1)CC(C(=O)N=S1(=O)CCC3(CC(C#N)C3)C1)CC2,0.0
Cc1cnc(C(=O)N2CC3(CCN(C4CCN(C)C4=O)CC3)C2)c(C)c1,0.3869936958470403
Cc1cnc(N2C[C@H]3CN(C(=O)CCCn4ccnc4)C[C@H]3C2)nc1O,0.0010001615120213657
Cc1nc(CC(=O)N(C)CCNC(=O)CC(C)(C)C2CC2)sc1C,0.00044746278503733823
Cc1nc(N)nc(NC(CNC(=O)CC2CCCO2)C(C)C)n1,0.0004482027794178226
Cc1nc(O)ccc1C(=O)NC(C)CN(C)c1nnc(C(F)F)o1,0.0004509950250303
Cc1nc2c(C(=O)N3CC(O)(CC#N)C3)ccnc2[nH]1,0.4242772817800195
Cc1nc2ccc(CNC(=O)NCC(O)C3CC3)cc2o1,0.0006968472492133211
Cc1nccnc1C(C)OC(=O)C1(C)OC(=O)c2ccccc21,0.0006659735577247523
Cc1nnc2n1CC(CNC(=O)N(C)C1(C)CCC1)CC2,0.0004650412421920311
Cc1oc(C#N)cc1C(=O)N(C)CCCN(C)C(=O)C1CCCO1,0.4575764736722026
Cc1ocnc1C(=O)NC[C@H]1C[C@@H](NC(=O)c2ccc3c(c2)CC3)C1,0.0004748637477395252
Cn1ccc(C(=O)NC[C@H]2CCCN2C(=O)C2(CO)CCC2)n1,0.0004770615818133251
Cn1ccnc1CC1CCCN(C(=O)C2OCC2(C)C)C1,0.00034167638214436857
Cn1cncc1C(=O)NCC1CCCCN1C(=O)CC(O)C1CC1,0.0008987690683040675
Cn1cncc1CC(=O)NCC1CCN1C(=O)c1cnn(C2CC2)c1,0.0009477258559590164
Cn1nc(C2CCOCC2)cc1NC(=O)N1CC(C)(C2CC2)C1,0.0004239522354024912
N#CC1(C(=O)N[C@@H]2CCCN(C(=O)CCC3CCC3)C2)CCC1,0.001437893640161355
NC(=O)c1cn[nH]c1C(=O)N1CCCC(CNC(=O)C2(F)CC2)C1,0.25470702589130834
NC(C(=O)NCc1nnc(N2CCCCC2)o1)c1cccc(O)c1,0.0006884515067042143
Nc1ccc(C(=O)N2CCN(C3CCN(C(=O)C4CCC4)C3)CC2)cn1,0.0005850020160295427
Nc1n[nH]cc1C(=O)N1CCC(CNC(=O)Cc2cnsc2)C1,0.0006572360230443501
O=C([C@H]1CCCN1F)N1CCCC(CO)(c2ccccc2)C1,0.00039116672396625324
O=C(CCc1ccncn1)NCC1CN(C(=O)C2(O)CCCCC2)C1,0.000847444997850474
O=C(CCc1cnccn1)N[C@H]1CCN(C(=O)c2cc(O)ccn2)C1,0.0006480851220725982
O=C(CN1CCOCC1)NCc1ccc(CNC(=O)CCF)cc1,0.0003519144233093585
O=C(CS(=O)(=O)C1CC1)Nc1cccc(N2CCNC2=O)c1,0.0005196039843480736
O=C(Cc1ccn(C2CCCC2)n1)N1CCn2ncc(CO)c2C1,0.4296945569426958
O=C(Cc1ccncc1Cl)NC1CC2(C1)C(F)(F)C21CC1,0.8474077744188286
O=C(N[C@H]1C[C@H](NC(=O)C(O)C2CC2)C1)c1ccncn1,0.10550063337799931
O=C(N[C@H]1CCCN(C2CCNC2=O)C1)c1cc(Cl)ccc1F,0.0004611579401353964
O=C(NC1CCC2(CCNCC2)CC1)c1cnnn1-c1ccccc1,0.7224822682332677
O=C(NCCc1c[nH]c2cc(Cl)ccc12)N1CCOC(CF)C1,0.0006314653237818827
O=C(NCc1cnn(-c2ccccc2)c1)N(CCCO)C1COC1,0.0005025032345045184
O=C(c1cc(F)cnc1O)N1CCN(CCn2cccn2)CC1,0.0003892540802701736
O=C(c1cnn2cccnc12)N1CCOCCC1C(F)F,0.0004688257467344709
O=C1CC(C(F)(F)F)C(C(=O)NC2CCNCC23CCC3)CN1,0.19182582871778503
O=C1CCC(C(=O)N2CCCC2CNC(=O)CC2CC(F)C2)N1,0.18519356221059072
C[C@H](CNC(=O)c1cccc(CN(C)C)c1)NC(=O)C1(CO)CCC1,0.00035346982846615264
CC(=O)N(CCO)C1CCCN(C(=O)c2cc(O)ncn2)CC1,0.14962341452995917
CC(=O)N1CC2(CC(NC(=O)C3(CCN(C)C)CC3)CO2)C1,0.14999604248780454
CC(=O)N1CCCc2cc(CN3C(=O)OC4CCCC3C4)ccc21,0.0007170646536030773
CC(=O)c1cc(C(=O)N[C@H](C)CNC(=O)c2cc(O)ncn2)ccc1C,0.165090568000768
CC(C(=O)N1CC(CN(C)C2CC2)C1)n1cc(-c2cccnc2)nn1,0.6203310856653161
CC(C(=O)NC(C)C1CCNC1)c1ccc(CNC(=O)CC2CC2)cc1,0.00030350226177237557
CC(C(=O)NCC(O)CNC(=O)C(C)(C)CN(C)C)n1cccc1,0.1547946441545652
CC(C)(C)c1nc(CNC(=O)c2cc(CO)on2)no1,0.00043786871986557893
CC(C)COC(C)C(=O)N1CCN(C(=O)c2ccc(N)cn2)CC1,0.3326009288633112
CC(C)c1cc(C(=O)NC[C@H]2CCCN2C(=O)c2cnn(C)n2)no1,0.22741561278432137
CC(CC(=O)NC1CC(C)N(c2ccnc(Cl)n2)C1)C1CC1,0.1967630379964188
CC(CC1CCC1)C(=O)N1CC(C)(NC(=O)COC(F)(F)F)C1,0.00037365104942914515
CC(CCNC(=O)Cn1cnc2ncncc2c1=O)S(C)=O,0.00039239959027909224
CC(CN(C)C(=O)CC1CCCOC1)NC(=O)[C@@H]1CNC(=O)N1,0.00019135247269462698
CC(CN(C)C(=O)c1ccc2sncc2c1)NC(=O)C[C@H]1CCOC1,0.0007393092072800308
CC(CNC(=O)C1(C)CC(F)(F)C1)N(C)C(=O)CN1CCC1,0.0002991542548854098
CC(CNC(=O)Cc1cc(Cl)ccc1Cl)Nc1ncccn1,0.0006969292141594943
CC(NCC1CNCC(C(F)(F)F)O1)C1CCN(C(C)C)C1,0.0004084156055262736
CC(F)CCN1CC(O)(CNC(=O)c2cc(CN(C)C)on2)C1,0.00038151155757721564
CC(c1nc(CCOc2ccccc2F)no1)N1CCC(O)CC1,0.0005062699344284055
CC1(C)CCCN1CCNC(=O)C1(S(N)(=O)=O)CCC1,0.12157137245659708
CC1(CC(=O)N2CCCCC2CCNC(=O)Cn2cccn2)CC1,0.0011235437132750565
CC1CCC(CS(=O)(=O)N2CCOCCC2(C)C)O1,0.00033463840230435937
CC1CCCC2(CCN2C(=O)NCc2ccc3cncn3c2)C1,0.0011020252904802052
CC1CCN(CC(=O)NC(CNC(=O)CC2CC2)C2CC2)CC1,0.00035413376714869886
CC1CN(C(=O)C[C@H](O)c2ccccc2)CC1(F)F,0.00050832001472187
CC1Cc2c(Cl)cccc2C1NC(=O)NC1(CO)COC1,0.00047475791784730106
CCC[C@@H](NC(=O)OC(C)(C)C)C(=O)NC1CC(CC(=O)OC)C1,0.00043242912861860634
CCC(=O)N1CC2(COC(CNC(=O)CC(C)CC(=O)OC)C2)C1,0.0002496174693880796
CCC(=O)NCC1(C)CCN(C(=O)c2cc(C(N)=O)c[nH]2)C1,0.11395858989277756
CCC(C)C(=O)Nc1nnc(SCC2CN3CCC2CC3)[nH]1,0.0007657879747695585
CCC1(C)CCC(C(=O)NC2CCC3CN(C(=O)C(F)F)CC32)O1,0.0003628281465823907
CCCC(=O)NCCC1CCN(C(=O)C(F)CC2CC2)C1,0.00046579560938131203
CCCCC(=O)NC[C@H]1CCCN(C(=O)c2cnn(CC)n2)C1,0.0005350049974894703
CCCCN(CC)C(=O)NCc1cn(C)c2ccccc12,0.0010926502985001737
CCCN(C(=O)[C@@H](C)O)C1CCN(C(=O)CC2(CO)CCC2)CC1,0.0008644086058637387
CCCN(CCNC(=O)c1cc(O)no1)C(=O)c1cc(C)no1,0.1435447421938033
CCCc1nc(C(=O)N2CCC[C@@H]2CNC(=O)CCF)co1,0.000385390863595921
CCN(CCNC(=O)c1cncc(Cl)c1)c1ccnc(C2CC2)n1,0.0002492482925289264
CCN1CCC(CNC(=O)Nc2nccc(N(C)C)n2)C1,0.00056454307181344
CCN1CCC1C(=O)N1CC(CNC(=O)c2nc3cccnc3[nH]2)C1,0.19060689084925114
CCNC(=O)CCC(=O)N1CCC(Nc2cc(Cl)ncn2)CC1C,0.0004029093431682325
CCOC(=O)CCC1CCN(c2nnc(C3(O)CC3)n2CC)CC1,0.0007643102334063991
CCOC(=O)COC(=O)[C@@]1(C)COC[C@H]1CCN(C)C,0.0004112252714806165
CCOC(=O)c1nc(CN)sc1NC(=O)CC1CCCCC1,0.001032002125554059
CCOC1(C(=O)NCC(C)NC(=O)C(C)COC)CCOCC1,0.00039560139171726137
CCOCc1noc(CNC(=O)[C@H]2CCC[C@@H](N(C)C)C2)n1,0.0004211944388632459
CCSC(C(=O)N[C@@H]1CCN(C(=O)c2c[nH]cc2C)C1)C(C)C,0.000665321250738473
CCc1ccc(C(=O)OC)cc1NC(=O)[C@H]1CC[C@](F)(CN)CC1,0.34300606151643476
CCc1cccc(C(=O)NCCC(C)N(C)C(=O)c2ccncn2)c1O,0.0005495160509607245
CCc1cccc2c(F)c(C(=O)N3CCC34COC4)[nH]c12,0.540668824739903
CCc1cscc1C(=O)NC1CCOC2(CCSC2)C1,0.00046706091421369356
CCc1nc(C(=O)N2CCC2CNC(=O)c2ncc[nH]2)c(N)s1,0.0006182525497904221
CCc1ncc(C(=O)NC(CC(=O)O)C(C)(C)C)c(C)n1,0.0003756281086899448
CCc1nocc1C(=O)NC1CN(Cc2cnnn2C)CCC1C,0.0004080211518762564
CCn1c(C2CSCC(=O)N2)nnc1N1CCC[C@H]1CO,0.00045422492835590445
CCn1cc(S(=O)(=O)N(CC2CCC2)CC(F)(F)F)c(C)n1,0.0005092310999819347
CN(C(=O)NC(c1nccn1C)C1CC1)C1CCSC1,0.0006874970021029439
CN(C(=O)c1conc1C1CC1)C1CCN(CC(N)=O)C1,0.14762235412388264
CN(C)C(=O)c1cn(CC(=O)N2Cc3ccc(Cl)cc3C2)nn1,0.1550449120194892
CN(C)CC1(O)CCN(C(=O)[C@@H]2CCNC[C@@H]2C(F)(F)F)C1,0.0003848207297658093
CN(CC1CC1)C(=O)NC1CCN(C(=O)OC(C)(C)C)C12CC2,0.26407968910612584
CN(Cc1nc(-c2cccnc2)no1)C(=O)C([)@H]1C[C@H]1[C@@H](N)C(=O)O,0.0
CO[C@@H]1COC[C@@H]1N(C)C(=O)NC(C)c1nnc(-c2ccco2)o1,0.0007057250146220376
CO[C@H]1C[C@@H](NS(=O)(=O)c2ccc3c(c2)NC(=O)C3)C1,0.0005337652085985807
CO[C@H]1CCCC[C@@H]1NC(=O)c1cn(C2CCOC2)nc1C,0.0003781386547397228
COC(=O)[C@H](Cc1cc(Cl)ccc1Cl)NC(=O)C1CC1C,0.0005579227145337083
COC(=O)C[C@@H](C)NC(=O)C1CC12CN(C(=O)OC(C)(C)C)C2,0.00027613960418448663
COC(=O)C(NC(=O)CCNC(=O)C1CCC1)c1cscn1,0.14407561314787432
COC(=O)C1(C)CCN1C(=O)N1CCc2ccc(OC)cc2C1C,0.0004749044698070537
COC(=O)C1CC1C(=O)NCCN(C)C(=O)Cc1cnoc1,0.0002356505255809188
COC(=O)C1CCC(S(=O)(=O)N[C@@H]2[C@H]3CCCO[C@H]32)CC1,0.00031260029864744023
COC(=O)c1ccc(C(C)NC(CO)C2CCOC2)cc1C,0.0003829502574090209
COC(=O)c1nc2c(c(N3CC(C4CC4(F)F)C3)n1)CCC2,0.000939778349192513
COC(C)CC(=O)N1CC2CCC(C1)C2CNC(=O)c1nc[nH]c1C,0.0003804777472074356
COC1(CNC(=O)[C@@H](CC(C)C)NC(=O)OC(C)(C)C)CCOC1,0.00046369952106765287
COC1C(C)C(NC(=O)CCn2ncc(=O)c3ccccc32)C1(C)C,0.000570363207017443
COC1CC(C(=O)N2CCCC(NC(=O)C(C)(C)CF)CC2)C1,0.0008154360086400089
COC1CC(C(=O)O)(N(C)C(=O)c2ccn(C)c2C)C1,0.0005072872054662239
COC1CCC12CC(C(=O)N[C@H]1[C@@H](OC(C)(C)C)[C@H]3CC[C@@H]13)C2,0.0007247196825408246
COC1CCCC(C(=O)NCC2(OC)CCS(=O)(=O)C2)C1,0.0004680080747522632
COCC(=O)NCC1CCN1C(=O)c1cccc(C#N)c1C,0.0006844495007691593
COCC1(C(=O)Nn2cccc2)CC1(F)C1(O)CCC1,0.0003831174442441897
COCCC(=O)N1CCCOC(CNC(=O)C2CC(=O)C2(C)C)C1,0.16055096513874673
COCCN(CCC(=O)O)C(=O)c1cc(C)nn1C(C)C,0.0004739536580023694
COc1ccc(C(=O)NC23CCC(C2)[C@@H](O)[C@@H]3O)c2cnccc12,0.24196343707846776
COc1ccc(C2(C(=O)N3CC4CCC(F)(C4)C3)CC2)cc1,0.0006570597422264272
COc1cccc([C@@H]2C[C@H]2CNC(=O)N(C)C2(CN)CCOC2)c1,0.0003168902730205061
COc1ccccc1-n1cc(C2CCCCN2C(=O)C(C)CF)nn1,0.001485272907710964
COc1cnc(NCc2ccc(CNC(=O)C3(OC)CC3)cc2)nc1,0.0005591450574737941
COc1ncc(C(=O)N2CCN(C(=O)C3CCCOC3)[C@@H](C)C2)cn1,0.000494849448907509
CS(=O)C1CCCC(NCCN(CC2CC2)C(=O)OC(C)(C)C)C1,0.0009557317336110093
CSCc1cncc(NC(=O)NC2CCN(CCF)C2=O)c1,0.000495667540093126
Cc1c(F)cccc1C(=O)N[C@@H](C)C1CN(C(=O)C(O)C2CCC2)C1,0.0005044932949700631
Cc1cc(C(=O)NC(C)CNC(=O)C23CCCCC2OCC3)c(C)cn1,0.00047969406052646244
Cc1cc(C)cc(C(NC(=O)NCc2cnn(C)n2)CC(=O)O)c1,0.00047388983186296774
Cc1cc(CC(=O)NCC[C@H](C)NC(=O)C(C)NS(C)(=O)=O)n[nH]1,0.00025339321666072536
Cc1cc(N)c(C)nc1C(=O)N[C@@H](C)CCNC(=O)CC(O)C(C)C,0.0004991995478705834
Cc1ccc(-c2nnn(CC3CC4CCCC4O3)n2)cc1O,0.0016308755374950382
Cc1ccc(C(=O)NCCN(C)C(=O)Cc2cn(C)nn2)c(O)c1,0.00027760584012083656
Cc1ccc(CNS(=O)(=O)Nc2cccc(C(=O)O)c2F)cc1,0.0006420970043989766
Cc1cccc(C(=O)N2CCN(C(=O)c3cnn(CCF)c3)CC2)c1,0.20075940903199735
Cc1cccc(NC(=O)COC(=O)C(c2nc[nH]n2)C(C)C)c1,0.0011507012764730691
Cc1ccnc(NCC2CCCN(C(=O)c3ccncc3Cl)C2)n1,0.6175498165474741
Cc1cn2nc(N3CCN(C)C(C)(C)CC3)cc(C)c2n1,0.0004924354167600177
Cc1nc(C(=O)N(CCNC(=O)C2CCC(C)O2)C2CC2)nn1C,0.15813164313899708
Cc1nc(C(=O)NC(C)CC(C)NC(=O)C2CC3(CSC3)C2)c[nH]1,0.16616679770284917
Cc1nc(C2CCN(C(=O)Cc3ccc(C)c(O)c3)CC2)n[nH]1,0.0003859491663120138
Cc1nc(COc2ccc(NC(=O)C3CCC(F)(F)CN3)cc2)no1,0.0009183408407913171
Cc1nc2[nH]nc(CCC(=O)NC[C@H](C)NC(=O)C(C)CCO)c2[nH]1,0.00040280328797282595
Cc1nccc(N2CC(CN(C)C(=O)c3sccc3F)C2)n1,0.0014195069799742008
Cc1nn(C)c2[nH]c(=O)cc(C(=O)N[C@H]3C[C@H](N)C3)c12,0.0006398865615306133
Cc1nnc([C@H]2CCCN(C(=O)C3(N(C)C)CCC3)[C@@H]2C)o1,0.00042200292634436405
Cc1nnccc1C(=O)Nc1ncc(C2CCOCC2)s1,0.0007917334013598685
Cn1cc(CC(=O)Nc2ccccc2N2CCOCC2)nn1,0.001059244688672526
Cn1nccc1C[C@H]1CCCN1C(=O)C1(C)CC2CCC(C1)S2,0.0012850859699723761
N#Cc1cccc(C(=O)NC2CN(C(=O)c3cc(CO)[nH]n3)C2)c1,0.20260117158445484
N#Cc1ccnc(CN[C@H](C(=O)O)c2ccc(O)cc2)c1,0.0007142877977816341
N[C@H]1CCN(Cc2cc(=O)nc(-c3ccc(Cl)s3)[nH]2)C1,0.0008626610400139544
NC(=O)CSCC(=O)NC1(CNc2cc(=O)[nH]c(=O)[nH]2)CCC1,0.1438484950756741
O=C(NCC1(O)Cc2ccccc2C1)[C@H]1CCO[C@H]1C(=O)O,0.00026779311977841814
O=C(NCc1cnns1)c1cc(C(F)F)[nH]n1,0.00043511617917569526
O=C(O)C12CC(C(=O)Nc3cc(F)c(Br)c(Cl)c3)(C1)C2,0.0009125896252689316
O=C(c1ccc2cc[nH]c2c1)N1[C@H](CO)CC[C@@H]1CO,0.0005311103888235554
O=C(c1cccc(=O)[nH]1)N1CCC(Nc2n[nH]c(=O)s2)C2(CC2)C1,0.1774464771779585
O=C1CC2(CN(CC(O)CC3(O)CCCCC3)CCN2)C(O)CN1,0.00017984851238997334
Clc1nc2cn[nH]c2cc1CN1CCN2CCCCC2C1,0.0006346637547039885
C[C@@H](NC(=O)C12CCC(C)(C1)OC2)c1c(Cl)nc2n1CCCC2,0.0007006127194302965
C[C@@H](O)C(=O)NC1(CNc2nc(NCC3CC3)nc(Cl)c2F)CC1,0.31983128323629795
C[C@@H]1C[C@H](C(F)(F)F)CN1C(=O)N1CC(N2CC[C@@H](O)C2)C1,0.00045082775128991634
C[C@@H]1C[C@H]1C(=O)N(C)CCCN(C)C(=O)c1c[nH]c2cccc(F)c12,0.000870226580595081
C[C@@H]1CN(C(=O)C23CCCCC2OCC3)CCN1c1cc(F)ncn1,0.0011676856085951525
C[C@H]1CN(C(=O)C(O)c2ccccc2)C[C@H]1NC(=O)Cc1ccon1,0.0003378657663589043
CC(=O)N(C)CCC(Nc1ncnc2c1nnn2CC1CC1)C(C)C,0.0006475796426830674
CC(=O)c1cccnc1N1CCCC2(CN(C(=O)CCC(N)=O)C2)C1,0.0006248602478261464
CC(C(=O)NC1CCN(CC2CCC2)C1)n1cc(CCN(C)C)nn1,0.0007132386178715836
CC(C)(C(=O)N1CC2CCC1C(CNC(=O)CCC1CC1)C2)C(F)F,0.22738680187607133
CC(C)(C)SCC(=O)N1CCc2ncc(Br)cc2C1,0.0005525383554861505
CC(C)(C)c1ccccc1S(=O)(=O)NC1CCCCNCC1F,0.0005407411062194012
CC(C)(CF)C(=O)NCC1CCCN(c2nccn3nnnc23)C1,0.171257274352587
CC(C)C(C)C(=O)N1CCN(C(=O)C2(O)CCOCC2)CC1,0.0003168919178469043
CC(C)C(O)c1cn(CCC2CC(NC(=O)c3nnn(C)n3)C2)nn1,0.00030861712437331846
CC(C)CCCC(=O)N1CCCC[C@]12C[C@H](NC(=O)[C@H](C)N(C)C)C2,0.30994012681620103
CC(C)COC(C)C(=O)N1CC[C@H](NC(=O)[C@@H](C)c2ccccc2)C1,0.00045546883381685426
CC(C)OC(C)(C)C(=O)N[C@@H]1CCN(C(=O)Cn2cc(N)cn2)C1,0.0003362503587732225
CC(C)OC1(CNCc2ccc(OC(C)C)cn2)CCOC1,0.00041118021498210284
CC(C)n1cc(C(=O)N2CC(NC(=O)COCC3CC3)C2)cn1,0.2596060380330643
CC(CC1CCC1)C(=O)NCC1CCCN1C(=O)c1cc(O)ccn1,0.0013156621661712486
CC(O)C(=O)N[C@H]1CCCCN(C(=O)Cn2ccc(N)n2)C1,0.00026653179770131134
CC(O)CC(C)CNC(=O)c1ccc2c(c1)CC(C)(C)O2,0.0006758262100837085
CC1(C)CC(C(=O)N2CC[C@H](NC(=O)Cc3cscn3)C2)CO1,0.0006912418968747856
CC1(C)OCCOC1CN1CCC(C(=O)Nc2ccc(F)cc2)CC1,0.0017373348124680224
CC1=C(C(=O)N2CC(NC(=O)C3CCc4cncn4C3)C2)CCCC1,0.4319143316018377
CC1CC(NC(=O)C[C@H](NC(=O)OC(C)(C)C)C2CC2)C1,0.0003976572694259982
CC1CCC(F)(F)CN1C(=O)c1ccc2c(=O)[nH]ncc2c1,0.0007579019682383091
CC1CCc2ccccc21CNC(=O)COCc1cc[nH]c(=O)c1,0.0
CC1OC(C)C(C(=O)N(C)CCNC(=O)c2cc(C3CCC3)on2)C1C,0.0004043857497826747
CCC(CC(=O)N(C)CCN(C)C(=O)C1(C)CC1)C(C)(C)C,0.000711214358400734
CCC(CO)C(=O)NCC(C)CNC(=O)c1cccn2nncc12,0.07994979845009283
CCC(NC(=O)c1ccc(CNC)cc1)(C(=O)OC)C(C)(C)C,0.0005059811696984084
CCC(O)CC(=O)N(C)CC1CCN(C(=O)c2ccc3[nH]cnc3c2)C1,0.0009258731105204057
CCC1(C(=O)N2CCC(NC(=O)CCSC)C2)COC1,0.00039958796766678467
CCC1=C(C(=O)N2CCC3CC4C(C2)C(=O)N3C4)SCCO1,0.0003995015799994913
CCCCC(=O)N1CC(C)C(NC(=O)[C@H]2CNC(=O)N2)C1,0.00023114726744484783
CCCN1CCCC(C(=O)N[C@H](C)CNC(=O)Cc2cnnn2C)C1,0.0003285033362328096
CCN(CC)c1ccc(Cn2nc(C(C)CCO)[nH]c2=O)cn1,0.0003196982661189448
CCN1CC(C(=O)N=S(C)(=O)c2ccc(F)cc2)CCC1=O,0.00044880251237141254
CCN1OCC(N2CC3(C(=O)O)CCC2CC3)C1=O,0.0004127993476817457
CCOC(=O)c1c(NC(=O)C2CC3(C2)CC3(C)C)c(C#N)cn1C,0.0012467467316119635
CCOc1ccc(S(=O)(=O)N2CC(SC)C2)cc1Cl,0.0005101092084394387
CCS(=O)(=O)NCc1cn(C)nc1C1CCCC1,0.0004897325174245395
CCc1nc(C(=O)N2C[C@@H](CN)[C@H](c3ccccc3)C2)cCl1,0.0
CCc1ncnc(N2CC[C@H](NC(=O)CC3CC(C)(C)CO3)C2)c1F,0.0013605254914658737
CCc1ncoc1C(=O)NC[C@@H](C)NC(=O)Cn1cn[nH]c1=O,0.00016801884660189425
CCc1oncc1C(=O)N(C)CC1CCN(C(=O)CC[C@H]2CCCO2)C1,0.0008434768084036005
CCn1nc(C)c(CC(=O)N[C@H]2CC[C@H](CNC(C)=O)CC2)c1C,0.0004306407911767597
CCn1nnn(CC(=O)NC2CCC3(CC2)CC3(F)F)c1=O,0.0004470897912524355
CN(C)C1(C)CCN(C(=O)Cn2cc(-c3cn(C)nn3)nn2)C1,0.0007562710033393229
CN(C)CC1(CNC(=O)c2cn([C@@H]3COC[C@H]3O)nn2)CCC1,0.00026586378321902834
CN(CC(=O)O)C1CCN(Cc2cnns2)CC1,0.0002425392204219948
CN(CC1(c2ccccc2)CC1)[C@@H]1CC[C@H](C(=O)O)C1,0.000488014762413898
CN(CCNC(=O)CC1(O)CCCN(C)C1)C(=O)OC(C)(C)C,0.0003380238501767911
CN(CCNC(=O)c1cccnc1)C(=O)[C@H]1CC(=O)N[C@@H](C(=O)O)C1,0.00013760412368588173
CN(Cc1ccc(O)cc1F)C(=O)NC1CCOc2ccccc2C1,0.000584747597430322
CN(Cc1coc(-c2ccc(F)cc2)n1)C(=O)COC1CCC1,0.0017290822787812377
CN(Cc1nncn1C)C(=O)N[C@@H]1COc2ccc(Br)cc21,0.0005533176376547147
CN1CC(C)(C)CC1C(=O)NCC12CCC(N)(CC1)CO2,0.0002956381346582746
CNC(=O)C1CN(C(=O)C(F)(F)C(O)c2ccccc2)C1,0.00028036694438769233
COC(=O)CC[C@H]1C[C@@H](Nc2nc3c(cc2C#N)COCC3)C1,0.7376483544247767
COC(=O)c1nc(N[C@H](C)CNC(=O)C2CCC2(F)F)ccc1C,0.0003919790042553764
COC(=O)c1ncc(N2CC3(CCCCN(C(C)=O)C3)C2)nc1C,0.5651085876200654
COC12C3CC(CN(C(=O)C4(C(F)F)CCOCC4)C1C3)C2Cl,0.00039945377232705363
COCC(=O)NCC1(NC(=O)c2cnc3c(=O)[nH]ccc3c2)CC1,0.00022860841770744195
COCC(OC)C(=O)NCC(C)N(C)c1cc(CC2CC2)ncn1,0.0007315562829035304
COCCC(=O)NC(CO)C1CCOCC1,0.00023862912992067046
COc1cc(C)cnc1C(=O)NCC1(NC(=O)CC(C)(C)OC)CC1,0.129646792279129
COc1ccc(C2COCCN2Cc2nnc(C(F)(F)F)o2)cc1,0.00046038426415431094
COc1ccc(CCNC(=O)CC2CC2C)c(OC)c1OC(F)F,0.0006712796938770054
CSC(C(=O)Nc1ncccc1C(=O)NCC(=O)O)C(C)C,0.0005919214853398556
CSCCC(=O)NC1CC(CNC(=O)c2cccnc2Cl)C1,0.0004225028298185898
Cc1[nH]ncc1C(=O)N[C@H]1CC[C@@H](Nc2nccc(CO)n2)CC1,0.00024716570428285435
Cc1c(CC(=O)NCC(O)CNC(=O)c2ccnnc2)cnn1C,0.00015843492123467713
Cc1cc(C(=O)N(C)CC2CN(C(=O)CC3OCCO3)C2)n(C)n1,0.0002745740578577778
Cc1cc(C(=O)NCCN2CCCOC2=O)sc1Cl,0.00045871182834971856
Cc1cc(C)nc(NC(=O)N(C)Cc2ccc(F)cc2F)n1,0.0008112612690476228
Cc1cc(CNC(=O)N(C)C2CCOCC2OCc2ccccc2)co1,0.00046610883982137874
Cc1ccc(C(=O)N[C@H]2[C@@H]3CN(C(=O)c4[nH]cnc4C(C)C)C[C@@H]32)[nH]1,0.0003775766091885077
Cc1ccc(C)c(S(=O)(=O)N2CCOCCC2C)c1,0.00040883398863220366
Cc1ccc(CCS(=O)(=O)N(CCO)CC(=O)O)c(C)c1,0.00023899942069951493
Cc1ccc(CNC(=O)NC2CCOC23CCC3)s1,0.0005610541927337745
Cc1cccc(C(=O)N(C)CCNC(=O)Cc2cccc(O)c2)n1,0.0002465430434166298
Cc1cccc(C(=O)NC(CNC(=O)CCC2(C)CC2)C2CC2)n1,0.0002896607617484315
Cc1cnc(CNC(=O)c2ccc(C(C)N)cc2)n1C1CC1,0.0004922191178462016
Cc1cnccc1CN1CCN(CC(O)c2cc(F)ccc2F)CC1,0.0007788632515393461
Cc1cnoc1C(=O)N[C@H]1C[C@H](CNC(=O)c2ccc(C(N)=O)o2)C1,0.00024469066972869946
Cc1nc(C(=O)NC[C@@H]2C[C@H](F)CN2C(=O)C(C)(C)O)nn1C,0.0002967415835135432
Cc1nc(N2CCC(NC(=O)[C@H](C)O)C3(CCC3)C2)c2cn[nH]c2n1,0.0005753257192130266
Cc1nc2n(n1)CC(NC(=O)C(NC(=O)c1ccccc1)CC(C)C)CC2,0.00043814705346853657
Cc1ncnc(N2CC(CO)(NC(=O)C3CCS(=O)(=O)C3)C2)c1C,0.0006506119410082266
Cc1nn(C)c(C)c1C(C)NC(=O)N1CCCC(CO)C1,0.0004451272140652192
Cc1nn(C)c2ncc(NCC3(C)CCCOC3)cc12,0.0008229432261236851
Cc1nn(C)cc1C(=O)NC1COCCN(C(=O)C(C)(C)C#N)C1,0.0009088602133127013
Cc1nn(C2CCOC2)cc1C(=O)NC(C)Cc1ccccc1O,0.0006637264439028124
Cc1nnc(CNc2ccc3c(n2)CC(=O)N(C)C3=O)n1C1CC1,0.14653648859860066
Cc1nsc(N2CC(NC(=O)c3oc(C)cc3C)C(C)(C)C2)c1C#N,0.7861276491286505
Cc1nsc(N2CCN(C(=O)Cc3c(C)cccc3C)CC2)n1,0.3028012259452533
Cc1oncc1CNS(=O)(=O)Cc1c(Cl)cccc1Cl,0.00041465687635935543
Cc1sncc1C(=O)N1CCN(C(=O)c2csnn2)C[C@@H]1C,0.00039424016853916485
Cn1cc(C(=O)NCC2(CO)CC3CCCC3C2)nn1,0.0004992345936116055
Cn1nc(Br)cc1C(=O)N1CCc2ccncc21,0.0010497466875787835
N[C@@H](Cc1ccc(NC(=O)c2ncccn2)cc1)C(=O)O,0.0005994417920377028
NC(CO)CNC(=O)Cc1coc(-c2c(F)cccc2Cl)n1,0.0009936617027708654
O=C(CCC1CCCOC1)OCC1CC2(C1)CC2F,0.18237982453889875
O=C(CCc1nnc(C2CC2)o1)NCCN(CCO)c1ccncn1,0.07735636663579835
O=C(COC(F)(F)F)N[C@H]1C[C@@H](NC(=O)c2cc3n(n2)CCO3)C1,0.11429069151727017
O=C(COC(F)(F)F)NC[C@H]1CCN(C(=O)COC2CCOC2)C1,0.00029746213056996637
O=C(COC1CC1)N1CC(C2CN(c3ncc(O)cn3)C2)C1,0.0003039699393950292
O=C(Cc1nnc2n1CCOC2)NCC1COC2(CCCCC2)O1,0.0003940360720859993
O=C(N[C@H]1C[C@@H](NC(=O)C2CCCO2)C1)c1cncc2c(=O)[nH]ccc12,0.0002922734404222839
O=C(NC1(CO)COC1)c1c(Cl)nc2cc(Cl)ccn12,0.0005878428550953214
O=C(NC1CC1)NC(c1cccc(F)c1)C1(CO)CCC1,0.00046637434252123835
O=C(NCC1(NC(=O)c2cnns2)CC1)c1ccc2c(c1)CCO2,0.20218403139505894
O=C(NCCc1ccc(F)cc1F)N1CC(C2=NOCC2)C1,0.00040601234386695984
O=C(NCc1cc(Br)ccc1F)[C@@H]1CCOC[C@@H]1C(F)F,0.000562038186691358
O=C(NCc1ccn2ccnc2c1)C1C[C@@H]2COC[C@H]2C1,0.001396346425930339
O=C(Nc1ccc(F)c(N2CCSCC2)c1)N1CCC[C@@H](O)C1,0.0008943460420202566
O=C(Nc1cccc(C2CCC2)c1)N1C[C@H](O)C[C@@H]1CO,0.00048579305322806664
O=C(Nc1ccns1)c1nc(Br)cnc1N1CCC1,0.3317098877503916
O=C(Nc1ncc(Br)cn1)C1CCC(C2CCC2)NC1,0.5201579578755359
O=C(c1cccc2ccncc12)N1CCC2(CCCN2)C1,0.2741425626125218
O=C(c1ccoc1Br)N1CCN(C2COC2)CC1,0.000463458016655671
O=C1CC(C(=O)NCC(CCCC(=O)O)C(F)(F)F)CO1,0.0005878550596607506
O=C1N[C@@H]2[C@H]1CCCN2Cc1ccc(F)c(Cl)c1Cl,0.000636469139456546
O=S(=O)(CC(F)(F)F)NC1CC2CC1CC2O,0.1675674876933611
O=S(=O)(NC1(C2CCCO2)CC1)C1CCOCC1,0.09556786394440385
C[C@@H]1C[C@]2(C(=O)OCc3coc(C4OCCO4)c3)C[C@H]12,0.0005611201947280086
C[C@@H]1CN(C(=O)c2ncnn2C)CCN1C(=O)CC1CC2CCC1C2,0.000416704577335717
C[C@H](NC(=O)C1(C)CC1)C1CN(C(=O)CC2CC2(C)C)C1,0.12917956474847891
C1C[C@@H](CNCC23COC(CCO2)C3)CN1c1ncccn1,0.0005291878508050975
CC[C@@H](C)CN1C(=O)CCN(CC(C)CC(F)F)C1=O,0.0008184286349515806
CC(=O)CCC(=O)NC(CNC(=O)[C@H]1C[C@H]2[C@H](C1)C2(C)C)C(C)C,0.09352977818901816
CC(=O)N1CCN(C(=O)Nc2ccc3c(c2)NCC3)C2(CCC2)C1,0.0007946247898568805
CC(=O)c1ccc(C(=O)N2CCn3nc(C4CC4)cc3C2)cc1,0.2840378038543046
CC(C(=O)N[C@H]1C[C@@H](NC(=O)c2coc(C(C)(C)C)n2)C1)n1cccn1,0.00024403156877402137
CC(C(=O)NC1(C)CN(C(=O)c2cnn3cccnc23)C1)N1CCC1,0.0003195351556692232
CC(C)C(C(=O)N1CCOCCN1)c1cccc(Cl)c1,0.00045185798220920384
CC(C)CCC(=O)N1CCN(C(=O)c2ccccc2)CC12CCC2,0.000870598892942938
CC(C)CNc1ncccc1C(=O)N1CCN(CC2CC2)CC1,0.2958886407880247
CC(C)N1C[C@@H]2C[C@H]1CN2C(=O)C12CCC(F)(CC1)C2,0.000579932870881633
CC(C)Oc1cc(Cl)ccc1NC(=O)c1cc(=O)n(C)cn1,0.0012982666837103615
CC(C)SCC(=O)N1CCC[C@@H](NC(=O)c2[nH]ncc2C#N)C1,0.47707039958979486
CC(C)n1ncc(Cl)c1C(=O)NC(CC(F)(F)F)C(=O)O,0.0007792214187856498
CC(CC(N)=O)C(=O)N1C2CCC1CN(C(=O)Cn1cn[nH]c1=O)C2,9.138583267978892e-05
CC(CNC(=O)[C@H]1C[C@@H]1C)NC(=O)C1(O)Cc2ccccc2C1,0.0003355108151233459
CC(CNC(=O)C1CC(C)C1)NC(=O)c1[nH]ncc1C1CCC1,0.00022419766402767243
CC(CNC(=O)c1ccc2[nH]ncc2n1)N(C)C(=O)C1(CO)CCCO1,0.00030544897348591855
CC(CF)C(=O)N1CC(CN(C)C(=O)C[C@H]2CCOC2)C1,0.00031253807564671167
CC(NC(=O)[C@@H]1CCC(=O)N1C)C1CCC2(CC1)OCCO2,0.0004157953165896458
CC(NC(=O)C1CCN(C(=O)OC(C)(C)C)CC1)C(C)(C)C(=O)O,0.0006039010881811009
CC(O)(CC(=O)N1CCOCC1CNC(=O)c1cscn1)C1CC1,0.00043935662837548697
CC(O)c1cn(CCOc2cc(Cl)ccc2Cl)nn1,0.00048593538223042613
CC(OC1CCCCC1)C(=O)N1CCC(Nc2ccncn2)C1,0.0007054855491964335
CC(SCC(=O)NCc1ncnn1C)C(=O)OC(C)(C)C,0.00042079182035806826
CC1(C)C(NC(=O)CC2C(C)(C)C2(C)C)CCN1C(=O)C1CC(=O)C1,0.14679656113363343
CC1(CNC(=O)NC2(CO)CCCC2)CCCS1,0.00027392125537173797
CC1CC(=O)CCC1C(=O)N1C2CCC1CN(C(=O)C1(F)CC1)CC2,0.00028463563537381746
CC1CC1CN(C)C(=O)c1ccc(N2CCCC2)nc1,0.0002936098306455456
CC1CCC(C(=O)NCC2CC3(CC3)CN2C(=O)CN2CCC2)CC1,0.0010095293631225374
CC1CCN(C(=O)C2(N(C)C)CC2)CC1NC(=O)c1nnn(C)n1,0.0001757083081282946
CC1CCN(C(C)C(=O)N[C@H](C)CNC(=O)c2ccc(=O)n(C)c2)CC1,0.00032100943676575814
CC1COC(=O)C1,0.0002875388090128704
CCC(C)CCC(=O)N1CC2(CCCC2NC(=O)c2oncc2C)C1,0.0005029759136463409
CCC(C)CN1CCC2CCC(C1)N2C(=O)c1nccc(C)n1,0.0005781015139784019
CCC(CC)(CC(=O)NC(C(N)=O)c1ccc(Cl)cc1)C(=O)O,0.00046744564594494237
CCC1CN(c2nnc(-c3cccn3C)n2C)CC2(CCOC2)O1,0.0013856287440645976
CCCCn1ncc(C(=O)NCC(=O)c2cccc(OC)c2)c1C,0.00044272647019537065
CCCc1cc(C(=O)N2CC(C)CN(c3ncc(O)cn3)C(C)C2)co1,0.001549188561748211
CCN(C(COC)COC1CCOC1)C1CCCCC1C,0.000922507751699403
CCN(CCNC(=O)C(C)N1CCN(CC)CC1)C(=O)C1(C)CC1,0.000405686370554228
CCOC(=O)C1(C)CCCN1C(=O)c1ccc(COC)c(F)c1,0.0006032994613267067
CCOC(C)C(=O)NC[C@H]1CCCN1C(=O)Cc1cccc(OC)n1,0.00023216774139116816
CCOC(C)C(=O)NC1CC2CN(C(=O)c3cc(C)n(C)c3CC)CC21,0.0003076762469009374
CCOC1C(C)C1C(=O)NC1(C)CCN(c2cc3nncn3cn2)C1,0.0005338492214162782
CCOCc1ccccc1CNS(=O)(=O)c1cnn(C(C)(C)C)c1,0.000518925895478987
CCOc1c(F)cccc1C(=O)NCC(O)C1(C)CC1,0.0007909744316058197
CCc1cc(NC(=O)c2nc(COC)ns2)ccc1C,0.0008057477785149063
CCc1ccc(S(=O)(=O)NC(=O)[C@@H](N)CSC)cc1,0.00040259383717074996
CCc1ccc(S(C)(=O)=O)cc1C(=O)OC(C)(C)CCOC,0.0006084310410263074
CCc1n[nH]c(CC)c1CC(=O)OCC(=O)OCCc1ccccc1,0.0004627192663809126
CCc1nc(C(=O)NC2CCN(C(=O)C(C)C3CC3)C2)co1,0.0005076914613369152
CCc1nsc(N2C[C@@H]3C[C@H]2CN3C(=O)c2cc[nH]n2)n1,0.18865172098386623
CCc1onc(CN2CCC(OCC(F)(F)F)C2)c1C,0.0004527921476641474
CCn1cc(Br)c(CNc2ccccc2C(C)O)n1,0.001054606461811724
CCn1cccc(NC(=O)c2cc(SC)ccc2OC)c1=O,0.39353596709897076
CN(C[C@H]1CCCN1C(=O)c1ccnc(N)c1)C(=O)C1(F)CCCC1,0.2459827755049038
CN(C)C1CCN(S(=O)(=O)C2CCCC2C#N)C12CCCNC2,0.23684942025953643
CN(C)Cc1ccc(NC(=O)Cn2cc(C3(C#N)CC3)nn2)nc1,0.0008047039466517882
CN(C)S(=O)(=O)NC1CCN(CCC2CNCCO2)CC1,0.0002066651687851594
CN(Cc1ccc(=O)n(C)c1)C(=O)C(N)c1ccc2c(c1)OCCO2,0.0002984414936938011
CN1CCCCC(CNC(=O)NCC2NCCc3ccccc32)C1,0.0005513402018539131
CNC(=O)N1CC(NC(=O)c2cc3c(=O)[nH]c(=O)[nH]c3cn2)C1,0.05652934326614149
CNC(=O)NCc1cn(CCC(=O)NC(C)C23CCC(CC2)C3)nn1,0.0006096729481684037
CO[C@@H]1CCO[C@H]1C1CCN(S(=O)(=O)Cc2ccccc2)CC1,0.00046571890955505264
COC(=O)[C@@]1(C)CN(Cc2cccc(C)c2C)C[C@H]1C,0.0005416742674334978
COC(=O)[C@@H](NS(=O)(=O)c1c(C)nn(C)c1Cl)C1CCCC1,0.00036136285617064203
COC(=O)c1cnc(N2C3CCC2CN(C(=O)CC2CC2)C3)cn1,0.001115311770742675
COC(C)(C(=O)N1CC2(CC(NC(=O)C3CC4(CC4)C3)C2)C1)C1CC1,0.0006745020210485275
COC(C)CC(=O)NC1CCN(C(=O)c2cc(N)nn2C)CC1O,0.0005138984144905747
COC1(C(=O)Nc2nc3n(c2C#N)CCCC3)CCSC1,0.001357619498000046
COC1(CC(=O)NC2(C)CCN(C(=O)C3=C(Cl)CC3)CC2)CC1,0.2914208508433924
COC1(CNC(=O)c2cn(C)nc2C)CN(C(=O)c2c[nH]c(C)c2)C1,0.0004568454270418888
COC1(Cn2nnnc2N(C)Cc2occc2C)CCCCC1,0.0006416656328390627
COC1CC(O)CN(Cc2nnc3ccc(C(F)(F)F)nn23)C1,0.0004031046969240401
COCC(=O)N1C[C@H](C)[C@H](NC(=O)c2nc(-c3ccccc3)oc2C)C1,0.001099027030960079
COCCC(CNC(=O)c1cnc(C)c(C#N)c1)OC,0.0007144979495287189
COCCN(CC1CCN(Cc2ccc(OC)cc2)C1)C1CCOC1,0.000496144371153796
COCc1ccc(C(=O)N2CCCC(C)(C)C2C(=O)OC)cc1,0.0009793123629990076
COc1ccc2cccnc2c1C(=O)N(C)C1CCCN(C)C1,0.0005842815587402773
COc1cccc(C2(CNC(=O)C3OCCOC3(C)C)CC2)c1,0.00038054866464864903
COc1ccncc1C(=O)NC(C(=O)O)C(C)(C)C(F)(F)F,0.0006481672646960187
COc1nccc(CN2CCN(C(=O)c3csc(C)c3)CC2)c1F,0.0007078679853926376
CSC[C@H]1C[C@H](NC(=O)CC(C)(C)NC(=O)OC(C)(C)C)C1,0.0003016849771859766
Cc1[nH]cnc1CC(=O)NCC1CCC(NC(=O)[C@H]2C[C@@H]2C(F)F)C1,0.00016357503699384793
Cc1[nH]cnc1CC(=O)NCCC1CCN(C(=O)c2nc[nH]c2C)C1,0.0007485189836145496
Cc1c(C(=O)N[C@H]2CCN(c3nnnn3C)C2)noc1C1CC1,0.0007744719328132824
Cc1c(C(=O)N2C[C@H]3CN(C)C[C@@]3(C)C2)sc2cncn12,0.00042326563523414435
Cc1cc(C(=O)N(C)CC(C)NC(=O)C(C)(C)n2cccn2)c(C)o1,0.00038470526144404924
Cc1cc(C(=O)NC2CN(C(=O)c3cccc(F)c3)C2)cc(O)n1,0.2141323290827142
Cc1cc(C(F)F)nn1CC(=O)Nc1cc(C2CCCOC2)[nH]n1,0.0007715275797704758
Cc1cc(COC(=O)C2CCNC(=O)C2)n(CC(=O)OC(C)(C)C)n1,0.0003911086527765659
Cc1cc(NC(=O)c2cc(=O)[nH]c(C3CC3)n2)nn1C1CC1,0.25030008834442413
Cc1ccc(C(=O)NCC2CC(F)(F)C2)c2c1CCCN2,0.001734302197902092
Cc1cccc2c1OC(C(=O)OCC(=O)N(C)C1CC1)C2,0.0004381678922389279
Cc1ccsc1C(=O)N(C)C1CCCN(C(=O)c2nc(=O)[nH][nH]2)C1,0.15728297358438478
Cc1nc(CC(=O)N[C@@H](Cc2ccc(F)cc2)C(=O)O)cs1,0.00048081133021265576
Cc1ncc(C(=O)N[C@@H](C)CCNC(=O)CCNC(N)=O)c(C)n1,0.00021373063293272495
Cc1nccc(CNC(=O)Nc2ccc3c(c2)C(=O)OC3)n1,0.3036111675807326
Cc1nccn1CCCN(C)CC1CCS(=O)(=O)C1C(F)(F)F,0.0006043168251854347
Cc1noc(NC2CCN(Cc3ncc(C)cn3)CC2)n1,0.0004138475764956894
Cc1nocc1C(=O)N1CCCC[C@H](NC(=O)c2ncsc2C)C1,0.0008464939666814065
Cn1cc(C(=O)N2CCCC(C)(c3ccccc3)C2)cn1,0.0006864447392371088
Cn1cc(C(=O)N2CCN(C(=O)c3ccccc3C(C)(C)C)CC2)cn1,0.0007364805671859583
Cn1cnc(N2CCN(Cc3cccc(C#N)c3)C(=O)C2)n1,0.0010488733429473733
NC(=O)CC1CCC2CN(C(=O)c3ccnc(OCCO)c3)CC2C1,0.0002586602384656973
NCCc1ccc(C(=O)NCc2cc(O)ccc2Cl)cc1,0.0007035493343181265
Nc1cc(C(=O)N2C[C@@H]3C[C@H]2CN3C2CCC2)ncc1Cl,0.0005153102646765972
O=C(C1=CS(=O)CCC1)N1CCN(CCN2CCCC2)CC1,0.00038292099619973227
O=C(C1CCCc2[nH]cnc21)N1CCC2CCOCC2C1,0.00045282617617095335
O=C(CC1(O)CC1)N1CCc2c(Br)cccc2C1=O,0.00041531839625086553
O=C(COCC(F)(F)F)NCCN(C(=O)[C@@H]1CCCO1)C1CC1,0.0003269572666822842
O=C(N[C@H]1C[C@H](CNC(=O)C2CCCO2)C1)c1cccc2occc12,0.0005144874292598934
O=C(N1CC[C@@H](c2cc(F)ccc2F)[C@H](O)C1)C12CCCCC1OCC2,0.0008411690396271956
O=C(NC[C@H]1CCC[C@@H](CF)C1)c1cc2ncccn2n1,0.001097690795640413
O=C(NCC(NC(=O)C1CCCOC1)C1CC1)c1ccc(F)c(O)c1,0.0009777435705631294
O=C(NCc1ccns1)N[C@H]1CCc2ccc(OC(F)F)cc21,0.0006537398370978731
O=C(Nc1ccc(C2(C(=O)O)CCC2)cc1)C1CC(F)C1,0.0014545178560332393
O=C(Nc1cccc(-c2nccs2)c1)N1CC[C@@H]2[C@@H](O)C[C@@H]21,0.0015053636402663835
O=C(Nc1cnn(CCN2CCCC2=O)c1)N[C@]12CCC[C@H]1NCC2,0.0008673593640656428
O=C(c1ccc2cc(F)c(F)cc2n1)N1CC2(CCOC2)C1,0.2886896161505306
O=C(c1ncc[nH]1)N1CCCN(C(=O)C2(C(F)F)CCCCC2)CC1,0.3271810400855169
O=C(c1nccc2c1CNCC2)N1CCC2(CCCO2)C1,0.0002496808117136798
O=C1N[C@H](C(=O)OCCC2CCC3(CC2)OCCO3)CCO1,0.00043448856829052994
O=S(=O)(Cc1ccncc1)N1CCC12CCOCC2,0.00021777105438893437
C[C@@H](Cn1cc(CN2CCOCC2)nn1)NC(=O)c1ccccc1,0.0002599248864198806
C[C@H](CNC(=O)c1coc(=O)[nH]1)NC(=O)c1cc2n(n1)CCCC2,0.00022835497477140184
C[C@H](NC(=O)NC1COc2cccc(F)c21)c1ccnn1C,0.0006231175807714201
CC[C@@H]1CN(C(=O)C(F)F)C[C@@H]1NC(=O)c1c(OC)noc1C,0.00041694009022151757
CC(=O)N1C[C@H]2[C@H](NC(C)C(=O)Nc3cccc(Cl)c3Cl)[C@H]2C1,0.0004785815242114799
CC(=O)NC(C)C(=O)NCC12CC(CO1)N(C(=O)Cn1cncn1)C2,0.00011809084693369946
CC(C(=O)N[C@@H](C)C1CCN(C(=O)C2CC2)CC1)c1cccc(O)c1,0.0004666672938951612
CC(C)C1(C)CC1C(=O)N1CC[C@@H](NC(=O)C2CCCOC2)C1,0.00035792586547318356
CC(C)CNS(=O)(=O)Cc1ccc(C(=O)O)cc1,0.000345527560786155
CC(C)S(=O)c1ccccc1C(=O)N1CCC2(CCCOC2)C1,0.0008054008672562012
CC(C)c1[nH]ccc1C(=O)N1CCOC(CNC(=O)C(C)(C)O)C1,0.0003048929400659932
CC(CCO)CCNC(=O)c1cccc(CS(=O)(=O)C(F)F)c1,0.000494249644594187
CC(CN(C)C(=O)Cc1n[nH]c(C2CC2)n1)NC(=O)C[C@H]1CCOC1,0.11389046828486211
CC(CNC(=O)C1(S(N)(=O)=O)CCCC1)N(C)c1nnn[nH]1,0.00032935221941696505
CC1(C)CCC(CN2CCC[C@H](CNC(=O)[C@H]3CCCO3)C2)OC1,0.0007041391579055425
CC1(C)CNCC(CN2CCN(C3CCOC3)C(=O)C2)O1,0.00028152074594650585
CC1(CNC(=O)CCc2cn(C)nn2)CCN(CCOC2CCC2)CC1,0.0010660886934637363
CC1=NOC(C(=O)NC(C)C2(O)CCN(c3nnc(C)o3)C2)C1,0.1864476886300921
CC1CCOC1CC(=O)N1CCC(NC(=O)c2ccc(O)cn2)C1,0.12073790239813995
CCC(=O)N[C@@H]1C[C@@H]2CC[C@H](C1)N2C(=O)[C@@H]1COC(C)(C)O1,0.0003705394125706055
CCC(C)(CNS(=O)(=O)c1cnn(CC(F)(F)F)c1)OC,0.0004375515846437662
CCC1(C(=O)NC2CCN(c3cnc(C#N)cn3)CC2C)CC1(F)F,0.0015279966255848918
CCC1(CNC(=O)Cc2ccc3c(c2)CCCO3)CC1,0.0006341367980588012
CCC1(O)CN(C(=O)NCc2ccc(-n3cccn3)c(F)c2)C1,0.0005683157671996227
CCC1COCCN1CCNC(=O)NC1CCCC(F)(F)C1,0.0008293748345171501
CCCC(C)(O)CC(=O)NCC1CN(c2ncccn2)CCCO1,0.0003668325917384452
CCCCC(=O)N1CCOC2(CN(C(=O)c3cnccc3CCC)C2)C1,0.47874116102168773
CCCCC(=O)NCC(C)(C)CN(C)C(=O)CC1CCCNC(=O)C1,0.3972891322713894
CCCCC(CNC(=O)c1cn[nH]c1C)NC(=O)[C@H]1CC[C@H](C)CC1,0.0010559805904172639
CCCc1nc(C(=O)Nc2c(F)cc(F)cc2F)co1,0.0006609991943251399
CCN(C(=O)C(F)(F)C1CC1)C1CCN(C(=O)c2c[nH]cc2C)C1,0.28574306625679796
CCN(CC)CC(C)NCC(c1ccccc1)N(C)CCO,0.0005719310273318202
CCOC(=O)[C@]12CNC[C@H]1CN(C(=O)NC1CC1(OC)C(F)F)C2,0.00022032169211337382
CCOc1cnc(CNc2cn(CC)nc2C)nc1C,0.000922689836612676
CCS(=O)(=O)CC(=O)N1CC[C@H](NC(=O)[C@H](C)O)C1,0.00023341921559359436
CCc1c[nH]cc1C(=O)NC1CCCCC1CNC(=O)C1(O)CCC1,0.0009008207271661325
CCc1cc(N[C@H]2C[C@H](NC(=O)c3ccccc3)C2)nc(Cl)n1,0.3216488686673854
CCc1cccnc1C(=O)N(C)CC1CN(C(=O)CC(F)(F)F)C1,0.0003669227904899326
CCc1nc(C)c(C(=O)NCc2c(CC)nn(CC)c2CC)nc1C,0.0007215510758876544
CCc1ncoc1C(=O)N1CCCC[C@H]1CN(C)C(C)C(=O)N(C)C,0.0004404025189443436
CCn1c(NC(=O)C2SCCS2)nc(Cl)c1C,0.00064161665040082
CCn1ncnc1C(=O)NC1CN(C(=O)c2cc(=O)[nH]c(=O)[nH]2)C1,0.0001527308270205304
CN(C[C@H]1CCCO1)C(=O)Nc1cnn(C(C)(C)C)c1,0.0008327575929775722
CN(C(=O)C1CCCN(C(=O)C2CCS(=O)(=O)C2)C1)C1CC1,0.0002970005045801094
CN(C(=O)c1cccc(-n2ncc(Br)c2F)c1)C1COC1,0.0005838363451162548
CN(C)c1cccc(CNC(=O)C2(Cc3ccccc3F)CC2)n1,0.0009801901085002634
CN(CC1CC1(C)C)C(=O)c1ccc(NS(C)(=O)=O)nc1,0.00036074802455056366
CN(CC1CN(C(=O)C2CCSC2)C1)C(=O)c1cn(C)nn1,0.00017519251622033908
CN(CCN(C)C(=O)OC(C)(C)C)C(=O)N(C)CCN1CCCC1,0.00045389957369863364
CN(CCNC(=O)CC(C1CC1)C1CC1)C(=O)c1cc2n(n1)CCO2,0.09298742234808557
CN(c1cn[nH]c(=O)c1Cl)[C@@H]1C[C@H]1c1ccccc1Cl,0.0005739281656054208
CN1CCC(CCC(=O)N2CCC3(CC2)C(=O)NCCN3C)C1,0.12164239230100062
CN1CCN(C)CC(C(=O)Nc2cnn(C3CCN(C)CC3)c2)C1,0.0009192729232752161
CNC(=O)C1CN(C(=O)Nc2nnc3ccccc3n2)CCO1,0.00050305987656772
CNc1ncc(CNCC2CCC23CCOCC3)cn1,0.0008209477690183298
COC(=O)[C@]12CCC[C@H]1CCCN2CC(=O)N(C1CC1)C1CCCC1,0.001188946676761453
COC(=O)[C@@H]1C[C@H]1C(=O)Nc1ccc(CN2CCCC2)cc1,0.0006058897006216946
COC(=O)C1(C2CCN(C(=O)C3(C)CNC(=O)C3)CC2)CCC1,0.00030085074387341216
COC(=O)NCC(=O)N(C)CC1CCCN(c2nnc(C)s2)C1,0.20761471531121323
COC(=O)c1cc(C)c2cc(C(=O)N3CCCCC3CO)[nH]c2c1,0.3408574373776512
COC(=O)c1cc(F)c(NC(=O)C(C)S(N)(=O)=O)c(F)c1,0.00042536752699707115
COC(=O)c1ccc(CNC(C(N)=O)C(C)c2ccc(C)cc2)cc1,0.0005292794229573332
COC(C(=O)NC(CC(=O)OC(C)(C)C)CC(C)C)C1CC1,0.0005845836470562421
COC1(C(=O)N2CCC[C@H](c3nnc(C)n3C)C2)CCC1,0.00047608831419739027
COC1(CNC(=O)c2ncccc2-n2cc(CO)nn2)CCOC1,0.000350091079291276
COC1CS(=O)(=O)CC1NC(=O)Nc1ccc(C)c(N2CCC2)c1,0.0007177234562066333
COCC1(CC(=O)NCC(NC(=O)C2(C#N)CC2)C2CCCC2)CC1,0.5716403079015254
COCCC(C)(C)C(=O)NC[C@H]1C[C@H](NC(=O)CC2(C)CC2)C1,0.00033527376925774114
COCCN1CC2CCC(C1)N2C(=O)c1ccc(C)c(OC)n1,0.00037366228871185724
COCCn1c(C(=O)N2CCSC2)cc2ccccc21,0.0007995184331476455
COCc1c(OC)cccc1NC(=O)CCc1nc(C)cs1,0.0009144253687396358
COCc1cnc(NC(=O)c2cc(Br)co2)s1,0.000800365114035911
COc1c(C)ncnc1N(C)CC(C)NC(=O)C1CCCCC1O,0.0005153943291795147
COc1ccc([C@@H](C)OC(=O)c2cnc3c(c2)COCC3)cc1,0.0005442511888201275
COc1ccc(C2CCN(C(=O)NC3CCC34CNC4)CC2)nc1,0.0003237566980582494
COc1cccc(N2CCCC(NC(=O)N3CCC[C@@H]3CN(C)C)C2)c1,0.0013113406094273966
COc1ncc(C(=O)NCCN(C)C(=O)[C@H]2C[C@](F)(CO)C2)cn1,0.0002518889059978451
CS(=O)(=NC1CC2(C)CCC(O)(C2)C1)C1CCOCC1,0.0009697415246159336
CS(=O)(=O)Cc1nc(-c2c(Cl)cccc2F)no1,0.44851377371550194
CS(=O)(=O)c1nccc(C(=O)N2C3CCC2CNC3)n1,0.000227032036893527
CSCC(=O)N1C[C@@H](C)[C@@H](NC(=O)c2ccnc(C)c2)C1,0.12217090411238023
Cc1[nH]cnc1CC(=O)N1CC(NC(=O)c2csc(C)c2N)C1,0.0009717110330571491
Cc1c[nH]c(CCC(=O)N2CCC(O)(c3ccccc3)CC2)n1,0.00038150852107585333
Cc1c(C(=O)NC2(Cc3ccccc3)CC2)cnn1CCO,0.00038701589571845833
Cc1cc(C(=O)N2CCCC2CNC(=O)c2ncc[nH]2)oc1C,0.21462020016657515
Cc1cc(C(F)F)n(CC(=O)NCCN(C)C(=O)[C@@H]2C[C@H]2C)n1,0.0004137774727057182
Cc1cc(CNC(=O)NC(C)(CO)Cc2cccc(F)c2)cc(C)n1,0.0004819083774370901
Cc1cc(NC(=O)N2CCOC(CCCN(C)C)C2)c(C)o1,0.0006481802885958414
Cc1cc(Br)cc(C(=O)N2CC(CO)CC(CO)C2)c1,0.0003956042953525261
Cc1ccc(C(=O)N(C)CC(C)NC(=O)C2CCCC2C)c(O)c1,0.0005345434106830858
Cc1ccc(CC(=O)N[C@H]2CN(C(=O)c3cc[nH]c3C)C[C@H]2C)s1,0.0007184883643722591
Cc1ccc(CN(C)CC(C)NC(=O)c2ccc(C(C)(C)C)[nH]2)cn1,0.0004639604771959527
Cc1ccc(CNC(=O)Cn2cc([C@H]3COCCN3)nn2)c(N(C)C)c1,0.0009747831006046651
Cc1cccc(OCC(=O)N[C@@H]2CCN(CC3CC34CCOC4)C2)c1,0.00025844876893558555
Cc1cccc(F)c1N1CCN(C(=O)NC2CCOC(C)C2)CC1,0.0011121285504309946
Cc1cnc(-c2cn(CCC(=O)N3CCC(C)C3C)nn2)nc1,0.001411832145760287
Cc1cnc(CN2CCN(c3nnc(C(F)F)s3)CC2)o1,0.0004600295525876338
Cc1cnc(N2CCC[C@H]2CNC(=O)c2ncc(Cl)n2C)nc1,0.0013101066763367452
Cc1cnc(N2CCC(NC(=O)C(C)(C)C(F)F)CC(C)(C)C2)nc1,0.0008004789424537171
Cc1cnn(C)c1C(=O)NCCN(C)C(=O)C(C)n1ccc(C2CC2)n1,0.0006746387697120997
Cc1nc(C(=O)NC2CN(C(=O)c3cccc(F)c3O)CC2C)n[nH]1,0.16274042418044907
Cc1nc(CCC(=O)N2CC[C@@H](NC(=O)c3ccn(C)c3)C2)cs1,0.0008321221632632483
Cc1nc(COc2cccc(C(=O)N3CCC[C@@H]4OCC[C@@H]4C3)c2)no1,0.0006349453704866576
Cc1nn(C)c(Cl)c1CC(=O)N1CCc2ccc(F)c(F)c2C1,0.0005485285504162994
Cc1nn(C)cc1CN1C[C@@H]2C[C@H]1CN2C(=O)c1cncs1,0.0005980512063046376
Cc1nn(CC(=O)N(C)Cc2ccc(F)cc2)c(=O)n1C,0.00032596415295872765
Cc1nnc(N2CCC[C@H](CNC(=O)c3ccc(=O)[nH]c3)C2)s1,0.18217083827450428
Cc1oc(-c2cccs2)nc1C(=O)NC1CCCC12OCCO2,0.42371329903521504
Cn1ccc(C(=O)NC[C@@]2(C)CCCN2C(=O)c2ccc(CO)cc2)c1,0.0005755395191351496
Cn1ccnc1C(=O)NC1CCC(NC(=O)C2(C)COC2)CC1,0.0005952729660086635
Cn1cnc(C(=O)NCCC2CCCS2)cc1=O,0.0004502876540954415
Cn1nc2ccccc2c1C(=O)N1CC(CNC(=O)CC2CC2)C1,0.0010168611945504946
Cn1ncc(CCC(=O)NC2CN(CCC(F)(F)F)CC2(C)C)n1,0.00040950355177449597
N#Cc1cc(N[C@H]2[C@@H]3CN(C(=O)c4cc(Cl)c[nH]4)C[C@@H]32)nc(N)n1,0.0009118287481069373
NCC1(C(=O)N2CCCC(O)(c3ccccc3)CC2)COC1,0.00026426201370250514
O=C(CC(F)(F)F)N[C@@H]1C[C@H]1c1c(F)cccc1Br,0.0006381604964039043
O=C(CCC1(O)CCC1)NC1CC(CNC(=O)C2CSC2)C1,0.00026894479920577786
O=C(CCCc1nc(C2CC2)no1)Nc1nc(CCCO)cs1,0.0004079667618209442
O=C(CNCC1CCCC1)N1CCN(c2ncc(F)cn2)CC1,0.0006187623093155695
O=C(COc1ccccc1Cl)N1CC[C@@H](OC(F)F)C1,0.0006960818718567649
O=C(Cn1cnnn1)NCC(NC(=O)c1ccncn1)C1CC1,0.00020795879138468088
O=C(N1CC2CC1CC2O)C1(c2nn[nH]n2)CCCC1,0.00030289658717999623
O=C(NC[C@H]1CCCN1C(=O)CCc1ccsc1)c1ccc[nH]1,0.0006324628432890078
O=C(NCC1(c2ccccc2Cl)CCCC1)N[C@@H]1COCC[C@H]1O,0.0005521658119509583
O=C(NCCC1CCOCC1)c1ncccc1-c1ccccn1,0.00038529764358672167
O=C(NCc1ccc2c(c1)C(=O)NCC2)C1CC(=O)C12CCC2,0.0002957576683923328
O=C1CC[C@H](c2nc(-c3ccc(NC(=O)C4CC4)cc3)cs2)N1,0.7200411642030197
O=C1CC(CC(=O)N2CCS(=O)(=O)CCC2c2ccccc2)C1,0.3624262253181373
C[C@@H](CNC(=O)COCC(F)F)n1cc(C2(O)CC2)nn1,0.00022015932761393662
C[C@@H](CO)NC(=O)c1cccc(OCC(F)(F)F)n1,0.00038568049895191104
C[C@H](NC(=O)C(F)(F)CCn1cc(Cn2cccc2)nn1)C(C)(C)O,0.0005039368988195247
CC[C@@H]1CN(C(=O)CO)C[C@@H]1NC(=O)Cc1csc(C2CC2)n1,0.00042309527981998577
CC(=O)CCC(=O)NC1CCN(C(=O)CC2CC3(CCCC3)CO2)C1,0.0005631099411067556
CC(=O)N1[C@H]2CC[C@@H]1C[C@H](CNC(=O)Cc1cn(C)nc1Cl)C2,0.00035007141556240933
CC(=O)N1C[C@@H]2C[C@H]1CN2C(=O)Cc1ccnc(O)c1Br,0.00032799880992378795
CC(=O)NC[C@@H]1CCCN1c1ncnc2sc(Br)cc12,0.529979287064893
CC(=O)Nc1cc(C(=O)NC2CCN(C(=O)C(C)O)C2)ccc1C,0.261281041350727
CC(=O)OC1(C(=O)NC[C@H](C)NC(=O)C2(n3cnnn3)CC2)CC1,0.06539485213309312
CC(C)(C(=O)NCC1(C(F)(F)F)CCC1)c1cc[nH]n1,0.0006579026818521975
CC(C)(C)C(O)C(=O)NCC1CC(Nc2ncc(O)cn2)C1,0.0008257245877698395
CC(C)(C)CC[C@]1(O)C[C@@H](C(=O)NCCc2cnsc2)C1,0.000304640007913601
CC(C)(C)OC(=O)N[C@@H]1CC1(F)c1nc(-c2n[nH]c(Cl)n2)no1,0.0011381918650212334
CC(C)(C)c1ccc2c(c1)N(C(=O)C1COC(F)(F)C1)CCO2,0.001223450576675815
CC(C)(NC(=O)c1cc(C(F)F)[nH]n1)C1CCCN1C(=O)CC#N,0.0005057216266643034
CC(C)C(C)CC(=O)NCCC1CCN(C(=O)c2cc[nH]c2)C1,0.2197226461328581
CC(C)CCn1cc(CN[C@@H](C(C)C)C(F)(F)F)nn1,0.0005596450923343781
CC(C)CN(C(=O)NC1CCCNCC1(C)C)C1CCN(C)CC1,0.0010651864100990722
CC(C)Cn1c(C(C)CCC#N)nnc1N(C)Cc1ncnn1C,0.0015896053196743035
CC(C)c1cc(CNC2(C3((C(=O)O)CC3)CC2)cc2ncncc12,0.0
CC(C)c1cc(NC(=O)C2CCCN(CC(F)F)C2)[nH]n1,0.0007393722409324958
CC(C)c1ccoc1C(=O)N[C@@H](C)CNC(=O)[C@@H]1CC(=O)NC(=O)N1,0.00029935975586544637
CC(CC(C)NC(=O)CC12CC(C1)C2)NC(=O)COc1ccon1,0.00041074998164214183
CC(NC(=O)c1cccc(CO)c1)C1CN(C(=O)c2cc(O)no2)C1,0.2019986676953788
CC(Oc1cccc(F)c1)C(=O)N[C@H]1C[C@@H](NC(=O)[C@H]2C[C@@H](O)C2)C1,0.0002693379695148839
CC1[C@@H](C)[C@@](O)C[C@H]1NC(=O)NCCc1ccn(C(C)C)n1,0.0005037758339184577
CC1C(=O)NCCCN1CC1CCS(=O)(=O)CC1,0.00022205452548084803
CC1CCCN(Cc2cn(C3CCN(C(=O)C(C)CO)C3)nn2)C1,0.0005334391041109893
CC1CN(C(=O)C(C)(C)C(F)(F)F)CC1NC(=O)C1(C)CC1F,0.26517670187729747
CC1CN(CC(=O)N2CCC(N(C)C)CC2)CC(C)(C(F)F)O1,0.00035968152978345754
CCC[C@@H]1CN(CC)C(N2CC(CC(=O)OCC)OCC2(C)C)=N1,0.0006576687624073995
CCC(C)CC(=O)NCC1(O)CCN(C(=O)c2cn[nH]c2)C1,0.23146980732415068
CCC(O)CC(=O)N1CCC(C(C)NC(=O)c2cc(O)ncn2)C1,0.17521896161910025
CCC(F)C(=O)NC1CN(C(=O)c2cc(C)sn2)CC2(CC2)C1,0.0007575905900343519
CCCOC(=O)CCNC(=O)NC1CCCN(CCC)C1,0.0008911682215211613
CCCc1cc(C(=O)N2CCCc3occc3C2)nn1C,0.000702270720657383
CCCc1nc(C)c(C(=O)N[C@@H](CC(=O)O)Cc2ccccc2)o1,0.0007443934667212505
CCN(C[C@H](C)O)C(=O)Nc1cc(-n2ccnn2)ccc1F,0.0007419330735714509
CCN(C(=O)c1ccnn1C)C1CCN(C(=O)c2cc(C3CC3)n[nH]2)C1,0.3157131127102359
CCN(Cc1nccs1)C(=O)Nc1nn(C)c(=O)n1C,0.2570987136010253
CCN1CCC1C(=O)NC1CCCN(C(=O)CC2CC3(CC3)CO2)C1,0.1644233301793074
CCOC(=O)NC1CCCN(C(=O)C(C)n2ccc(C3CC3)n2)C1,0.0004885687152989929
CCOc1ncc(S(=O)(=O)N2CCCCCO2)cc1C(=O)O,0.00029274511470051874
CCc1cc(CC)nc(NCC2CN(C(=O)C(O)C3CCCC3)C2)n1,0.0005478797686049092
CCc1nn(C)c(CC)c1C(=O)N[C@@H](C(=O)OC)C1CCCC1,0.0004682655429322598
CCn1cc(CN(C)C(=O)C2(C)Cc3ccc(C)cc3C(=O)O2)cn1,0.0005316211294504867
CCn1nnc(Cl)c1C(=O)NCC12CCC(CO)(CO1)C2,0.00033728917442349323
CN(C)C(C(=O)N1CC[C@@H]2COC(=O)N[C@H]2C1)c1cscc1F,0.00031807652817084233
CN(C)CC1(C(=O)Nc2ccccc2)CCN(Cc2cnsn2)CC1,0.0014155394132980513
CN(CC1COc2ccccc2O1)CC1CCS(=O)(=O)CC1,0.0004492613452990776
CN(CCNC(=O)c1ccc2nccnc2n1)C(=O)C1CCSC1,0.1083559611303319
CN(Cc1c[nH]cn1)c1nnc(CCN2CCCC2=O)n1C,0.0005882286530557226
CN1CC(C(=O)N2CCN(C(=O)CCc3c[nH]nn3)C[C@H]2C)CC1=O,0.0002337904466661644
CNC(=O)C[C@@H]1CN(C(=O)c2cc(OC)ncc2Cl)C[C@H]1O,0.09197299743983899
CNC(=O)CCCN(C)C(=O)NCC1CC2CCC(C1)O2,0.00032239136972002613
CNC(=O)NCC(=O)NC1CCN(CCc2ccc(SC)cc2)C1,0.0004404686981116678
CO[C@H]1C[C@@H](C(=O)O)N(Cc2cc(-c3ccccc3)nn2C)C1,0.0009716926779466552
COC(=O)C(c1ccccc1Br)n1cc(C2(C)CC2)nn1,0.000495567411906105
COC(=O)NCc1noc(CN2CCNC(=O)C23CCC3)n1,0.0001648670173385318
COC(=O)c1cc(CC(=O)N[C@H](C)C2CC(F)(F)C2)cs1,0.0005760975220394162
COC(=O)c1cc(NC(=O)[C@H](C)N(C)C(=O)OC(C)(C)C)cnc1C,0.0006154319647414977
COC(C)(C)C(=O)N1C[C@@H]2C[C@H]1CN2C(=O)C1CCCCC1C1CC1,0.0011844447318908743
COC(C)CC(=O)N(C)CC1CCN(C(=O)CCCN2CCCC2)C1,0.0004210579971190185
COC(C)CC(=O)N1CC2(CNC(=O)c3cnnn3C)CC1CO2,0.0002217950543403107
COC(CCO)CNC(=O)c1cncc(-n2cc(C3(O)CC3)nn2)c1,0.0002286283973476827
COC1(C(=O)N[C@@H]2CCCN(C(=O)C3CCCOC3)C2)CC1,0.000600322104048721
COC1CC(C(=O)NC(C)CN(C)C(=O)[C@@H]2C[C@@H]3C[C@@H]3C2)C1,0.00031596802223288895
COC1CC(C(=O)O)(N(C)C(=O)C2C3CCOCC32)C1,0.00023097227834303915
COC1CCCN(c2cn(C)nc2C(=O)OC(C)(C)C)CC1,0.0015702260428841744
COCc1nnc(N[C@@H]2CCCN(C(=O)c3cscn3)C2)s1,0.0012332675327884715
COc1cc(CCNC(=O)N(C)CCN2CCOC2=O)on1,0.00036120643479379335
COc1ccc([C@@H]2[C@@H](C(=O)O)CCN2C(=O)C2CC23CCC3)cc1,0.0006601088841760583
COc1ccc(C)c(S(=O)(=O)N2CCO[C@@H](C)C2)c1,0.00038717569784003626
COc1ccc(S(=O)(=O)N2CCCC2CSC)c2nonc12,0.0006061697940751422
CSCC(C)C(=O)N1CC2(CN(Cc3conc3C)CCO2)C1,0.00042119476680487454
CSCc1ccc(CNC(=O)N[C@@H](CC[C@H](C)O)C(=O)O)cc1,0.0003762384336052174
Cc1c[nH]nc1COC(=O)CN(C)S(=O)(=O)c1ccccc1,0.00032803392490975494
Cc1c([C@@H]2[C@@H](N(C)c3cccc(C#N)n3)CC(=O)N2C)cnn1C,0.001253821521559445
Cc1c(Br)oc(-c2cn(C[C@H](C)N)nn2)cc1=O,0.0007023123812859262
Cc1cc(C(=O)N[C@@H](C)CNC(=O)CC2CC3(CCC3)CO2)ncn1,0.37816485083408896
Cc1cc(NC(=O)C2(C)CCN2C(=O)OC(C)(C)C)on1,0.0006081649487093329
Cc1ccc(C(=O)N[C@H]2C[C@H](NC(=O)c3ccns3)C2)o1,0.0003284751976098968
Cc1ccc(F)cc1C1(C(=O)NCC(O)C2(O)CCC2)CC1,0.0003038768621273533
Cc1ccc2c(c1)N(C(=O)c1cn(C)nc1C)CCN2C1CC1,0.7916364810266538
Cc1ccn(C)c1C(=O)N(C)CCNC(=O)c1ccc(O)cc1,0.0005000489816419474
Cc1ccnc(C(=O)NC2CN(C(=O)C3CCSC3)CC(C)(C)C2)c1,0.0003528101154017885
Cc1nc(C(=O)N2CCC2CNC(=O)C(C)(C)c2c[nH]cn2)c(C)[nH]1,0.0003676660370828527
Cc1nc(N(CCNC(=O)c2ccc(C)c(F)c2)C2CC2)ccc1C#N,0.6572557421334595
Cc1nc(OCC(F)F)cc(N2CCOCC(O)C2)n1,0.0004514605786247467
Cc1nc2c(F)cccc2cc1C(=O)N1C[C@@H](O)[C@@H](O)CO1,0.20113917537855663
Cc1ncc(CC(=O)N(C)C(C)CNC(=O)C23CCCC(C)(C2)OC3)o1,0.2443345411213903
Cc1ncn(C)c1C(=O)NC(C)CNC(=O)C(O)c1cccnc1,0.00025996293985847526
Cc1nn(C)c2c1C(=O)CCN2C(=O)N(C)C1CCCCC1,0.6367117255354611
Cc1nnc2c(C(=O)N[C@@H]3[C@@H]4CN(C(=O)OC(C)(C)C)C[C@@H]43)cccn12,0.0004322214112870376
Cc1nsc(C)c1C(=O)N1CC[C@H](NC(=O)C2C(C)(C)C2(C)C)C1,0.17916455640727375
Cc1nsc(C)c1C(=O)NC[C@H](CO)Nc1cnc(C#N)c(C#N)n1,0.0007619461489477346
Cc1ocnc1C(=O)N1CCC(NC(=O)C2(S(C)(=O)=O)CC2)C1,0.14962642537160034
Cn1c(C(=O)N[C@@H]2CCN(C(=O)Cc3cccc(F)c3)C2)c[nH]c1=O,0.0003836208966752787
Cn1cnnc1CC(=O)N1CCOC(CNC(=O)c2cccnc2)C1,0.0001483715590222988
Cn1nc(C(=O)N2CCCC2c2n[nH]cc2=O)cc1Cl,0.0
Cn1nc(Br)c(CNC(=O)[C@@H]2C[C@@H]2CN)n1,0.00025246054008325837
Cn1ncc2c1CC(C(=O)NC1COC3(CCNCC3)C1)CC2,0.0006751351671551636
Cn1nnnc1NC1CC2CN(C(=O)CN3CCCCC3=O)CC2C1,0.0004788598300301956
N#CC1(C(=O)NCc2cnccn2)CC12CCCC2,0.0010889123563678686
N#CCc1cccc(NC(=O)N2CCC(C(F)(F)F)C(N)C2)n1,0.0011647350757658381
N#Cc1ccnc(NCc2cnn(CC(F)F)c2)c1Cl,0.0011567573708796386
O=C(CC(O)C1CC1)N1CCC(NC(=O)C2(O)CC2)C2(CCC2)C1,0.00044339483657271556
O=C(CC1(O)CC1)N1CCC[C@@H]1CCNC(=O)C12CCCC(CO1)C2,0.0008302449862630818
O=C(CC1CNCC2(CCC2)O1)N[C@@H]1CCCc2ccc(Cl)cc21,0.0006438917255997065
O=C(CN1C[C@H]2C[C@@H](O)C[C@H]2C1)Nc1cccc(F)c1,0.0006426319985688449
O=C(CN1CCCCC1)NC12CCC(CC1)N(C(=O)CCC(F)F)C2,0.0005066040945171411
O=C(COc1cccc(Br)c1)NCC12CC(CO1)C2,0.0005579396210987387
O=C(Cn1cccc1)N1CCC[C@@H]1CCNC(=O)C1(O)CCOCC1,0.0003590679232550286
O=C(N[C@H]1CCCCN(C(=O)c2nc(=O)[nH][nH]2)C1)c1cnns1,0.09813198646450201
O=C(NC[C@@H]1CCCN1C(=O)C1CCCC1)c1coc2c1CCCC2,0.0013893720509667734
O=C(NC1(Cc2ccccc2)CC1)c1cc2n(n1)CCCC2O,0.0003457523225665135
O=C(NC1CCOCC1F)c1ccc2c(=O)ccoc2c1,0.34771196785259917
O=C(NC1CCn2nccc2C1)C1(c2ccccc2Cl)CCC1,0.0005414434453705928
O=C(NCC[C@H]1CCCN1C(=O)c1cnco1)C1CC2CC2C1,0.3318191157908429
O=C(NCC1CCCC2(C1)OCCO2)N1C2CCC1(CO)CC2,0.36293325684926075
O=C(Nc1ccc2c(n1)CCC2)C1CCN(c2ccncn2)CC1,0.001224903319041789
O=C(OCC1CCCC(O)C1)c1n[nH]c(Cl)c1Cl,0.0006220136108350769
O=C(c1cnn(C2CC2)c1)N1CCC(C2CCNCC2)CC1,0.00046001438444135583
O=C1CC(C(=O)N2CCCC2)(c2c(Cl)cccc2Cl)C1,0.1556948269398604
O=C1CCC(CCC(=O)NC2CN(C(=O)c3ccc4c(c3)CC4)C2)N1,0.10705506488039232
O=C1COC(C(=O)N(Cc2ccc3c(c2)OCO3)Cc2ccoc2)C1,0.2274067928159164
O=S(=O)(Nc1cnc(C(F)(F)F)nc1)N1C[C@@H]2CCNC[C@@H]2C1,0.00052716857974928
C[C@@H](CNC(=O)CC1OCc2ccccc21)NC(=O)c1cnc[nH]1,0.00036850075468927224
C[C@@H](O)C(=O)N1C2CCC1CN(C(=O)Cc1ccc(O)c(F)c1)C2,0.0003080497106739101
C[C@@H](OCCN(C)C)C(=O)N1CCCCCCCNC(=O)CC1,0.0007473265028918952
C=C(Cl)C(C)(C)CN1CC(Nc2cc(F)ncn2)C1,0.001151469748859985
C=C(Cl)CN(C)CC1CCCN(C(=O)c2ocnc2C)C1,0.26058155982033676
CC[C@@H](C)[C@H](NC(=O)OCC1CN(C)CC(C)O1)C(=O)NC,0.00034554023880424084
CC(=O)N[C@@H](C(=O)OCc1nnc(C2CC2)o1)C(C)(C)C,0.18218980866694082
CC(=O)N1CCC2(C1)CN(C(=O)c1cc(-n3cccn3)ccn1)C2,0.0005137568441581211
CC(=O)NC1CCC(N(C)C(=O)N[C@H](C)C(=O)N(C)C)CC1,0.00036430230011459674
CC(=O)c1cc(C(=O)NCC[C@H]2CCCN2C(=O)C2CC(C)C2)no1,0.159755042206055
CC(=O)c1cc(F)cc(NCC2CNCCC23CCOCC3)c1,0.6985862868602375
CC(=O)c1ccc(Cl)c(S(=O)(=O)NC(=O)[C@@]23C[C@(C)(C)C[C@@H]2C3)c1,0.0
CC(C(=O)N(C)C1CCCN(C(=O)C2(C)CCCOC2)C1)C1CC1,0.0003737208266584228
CC(C)(C)CC(=O)N1CCC[C@@H](NC(=O)[C@H]2C[C@@H](O)C2)C1,0.0004405515892640375
CC(C)(C)CC(O)CC(=O)NC1CCN(c2ccccc2C(N)=O)C1,0.0006070815779564977
CC(C)(O)Cc1cn(CC(=O)N2CCC3(CC2)CC(C2CC2)=NO3)nn1,0.21965972241876108
CC(C)C(F)C(=O)N1CC2(CC2)CC1CNC(=O)c1coc(=O)[nH]1,0.00028985454457338214
CC(C)C1(C(=O)N2C3CCC2CN(C(=O)[C@H]2C[C@@H](O)C2)C3)CC1,0.00036507586281260145
CC(C)N1CC2C(CNC(=O)c3ccc4[nH]nnc4n3)C2C1,0.22545323717849966
CC(C1CC1)n1ncc2c1CCN(C(=O)c1cn(C)nn1)C2,0.0004679244985790602
CC(CNC(=O)CCCC1CCCC1)N(C)C(=O)C1CCOCC1,0.0008075506375557406
CC(NC(=O)C1CCNC1(C)C)c1csc(C(F)(F)F)n1,0.0006918240102135852
CC1(C(=O)N2CCCC2CNC(=O)C2(C#N)CCCOC2)CC1(F)F,0.0008554587995655458
CC1(C)CC(NC(=O)C2(C)COC2)CCN(C(=O)C2(C)CC2F)C1,0.0003629809153651521
CC1(C)CCC(O)C(CNC2COc3ccccc32)C1,0.0007096553494339973
CC1(C)CCN(C(=O)c2cccc(-n3cccn3)c2)CC1C(=O)O,0.2419899135807856
CC1(CNC(=O)Nc2cc(-n3cccc3)cc(Cl)c2)COC1,0.8593745255417993
CC1(c2ccccc2NC(=O)NCC2(O)CCNCC2)CC1,0.0005776742177711258
CC1=C(C(=O)N2C3CCC2CN(C(=O)c2cnsc2C)CC3)CCO1,0.2023303442901063
CC1CC(C(=O)NC2CCN(Cc3nnc(C4CC4)o3)CC2(C)C)CO1,0.00037758571677616484
CC1CC1C(=O)N[C@H]1C[C@@H](CNc2cc(O)ncn2)C1,0.129416648578181
CC1CCC(C(=O)N2CCN(C(=O)c3cccn4nncc34)CC2)O1,0.1033344286468483
CC1CCN(C(=O)C(C)N2CCOCC2)CCN1C(=O)C(C)(C)F,0.1678605315322645
CC1CCN(C(=O)C2CC23CC3)C1CNC(=O)c1ccc(CO)nc1,0.0004931416089683389
CC1OC(C)C(NCC(O)COc2ccc(Cl)cc2)C1C,0.0004819748130981304
CCC(C)NC(=O)c1cccc(S(=O)(=O)NC23CCC(C2)OC3)c1,0.0005231832668195939
CCC(CC)C1CCN(C(=O)c2ccc3[nH]nnc3c2)C1,0.36437639045355624
CCC1(C(=O)N2CC3(CCN(C(=O)c4cnco4)C3)C2)CCOCC1,0.16241550585914935
CCCC(OC)C(=O)NC1CCN(c2ncccn2)CCC1(F)F,0.0008639762770444964
CCCC1(C(=O)NC2CCCc3c2cnn3CCOC)CC1,0.0011121701979947647
CCCCC(=O)NC(CC)CNC(=O)Cc1ccccc1OC,0.0005397168971978441
CCCN(CO)CCNC(=O)c1cc(OC)c2c(c1)OCCO2,0.0005547796192051196
CCCNC(=O)CN(C)CCCN(C)C(=O)c1cnn(C)c1,0.0004956566018522373
CCCOC(=O)C(Cc1ccoc1)NC[C@@H]1OCO[C@H]1C(C)C,0.0007089665389378044
CCCc1nnc(NCCN(CC)C(=O)c2cc(O)nn2C)s1,0.0011240138213727423
CCN(CC)c1sc(C)cc1C(=O)O[C@H](C)[C@@H](C)NC(=O)NC,0.0010513044501360962
CCN(CCNC(=O)C(C)Cc1c(C)noc1C)C(=O)C1(O)CC1,0.00039735267360596816
CCN(CCNC(=O)CNC(C)=O)CC(O)COC1CCOCC1,0.00025111432774138116
CCN1C[C@@H]2C[C@H]1CN2C(=O)Cn1c(C)nc(C(C)C)cc1=O,0.0002990613983765138
CCN1CCCC(NC(=O)c2nc3ccc(OC)cn3n2)C1,0.00034870418257208725
CCOC(=O)c1cccc(S(=O)(=O)NCC(O)(CC)CC)c1,0.0003266580827270713
CCOC(=O)c1ncc(S(=O)(=O)CC(C)C2CCC2)n1C1CC1,0.00045529317567246253
CCOCC(O)CNC(=O)c1cn(C(C)(C)C)nc1C,0.00032650634750330847
CCOCc1ccc(CNC(=O)Cn2cc(C3(O)CNC3)nn2)cc1,0.0002711136726260031
CCOCc1nnc(CNC(=O)NCCC(=O)NCC)s1,0.00026065969478783994
CCc1c[nH]c(C(=O)NC(C)CC2CN(C(=O)[C@@H]3[C@H]4CCCC[C@H]43)C2)c1,0.0008936048548125224
CCc1nc(C)ncc1C(=O)N1CCOCC1c1cnn(C)c1,0.0006052478210100823
CCc1nnc(N2CCCC3(CN(C(=O)C(C)N4CCC4)CCO3)C2)o1,0.00041480604907514503
CCc1nnc(N2CCOC(C(=O)O)C2)n1CCS(C)(=O)=O,0.0003355222118110166
CCn1nc(C)c(C(=O)NCC2CCCN(Cc3cccs3)C2)n1,0.0006655338402095607
CN(C[C@@H]1CCCN1C(=O)[C@@H]1CCC(=O)N1)C(=O)C1(O)CCCC1,0.10891154445587148
CN(CCSc1ccc(F)c(Cl)c1)C[C@@H]1CCCNC1,0.0006113691219006228
CN1CC(C)(C(=O)N2CCC3(CCN(C(=O)CC#N)CC3)C2)CC1=O,0.3514918590648664
CN1CCCC2C1CCN2C(=O)NC1CCOc2ccccc21,0.0005611743311729938
CN1CCOCC1C(=O)NCC1CCN(C(=O)c2cc(F)c[nH]2)C1,0.0004144999960709537
CNC(=O)C(C)NC(=O)c1ccccc1NCc1cccnc1,0.0005079056367049956
CNC(=O)CNC(=O)NCc1cccc(OCC(=O)OC)c1,0.00038626372896539084
CNC(=O)Cn1ccc(NC(=O)N2CCCN(C)CC2)n1,0.0003657951071927879
CNC(=O)c1cc(C)ccc1N(C)C(=O)NCC(F)(F)C1CC1,0.0009439209576609443
CNC(=O)c1cc2c(cc1Br)NCC=C2,0.5429635307284918
COC(=O)[C@@H]1CN(Cc2ccc(OC3CC3)cn2)C[C@@H]1c1ccccc1,0.0004383943492369432
COC(=O)[C@H](C)NC(=O)CCCc1ccc(C(F)(F)F)cc1,0.0005641771365243654
COC(=O)C1(N2CCN(C(=O)[C@@H]3CCc4ccccc43)CC2)CCCC1,0.0007368826208068787
COC(=O)C1(NC(=O)c2cc(F)c(C)cc2F)CC(F)(F)C1,0.29458986518823577
COC(=O)CN(C)C(=O)c1cnn2cc(OC)ccc12,0.1049539974832526
COC(=O)N1CC2CCC1C(CNC(=O)C(C)(C)CS(C)(=O)=O)C2,0.0005029574875033274
COC(=O)c1ccc2c(c1)C(C)(C)CN2CC1CCNC1,0.0011006460081956293
COC(=O)c1cnccc1N1CC(NC(=O)C2CCC2(C)C)C(C)(C)C1,0.0006893281706607183
COC(C(=O)NC1CCN(c2cc(F)ncn2)CC1F)C1CCCC1,0.0009415409209663299
COC1CCCC1C(=O)N1CCC[C@H]1CN(C)C(=O)C1CC1C(C)O,0.00029605687321617265
COCC(=O)N1CCC(C2CCN(C(=O)CC3OCCO3)CC2)CC1,0.00031074596191133186
COCc1ccc(C(=O)OC[C@@H]2CCC(=O)N2)cc1F,0.0003206609125647332
COCc1sccc1-c1ccc(NC(=O)NC2CCNCC2)nn1,0.5289260901031174
COc1cc(C(=O)NC2(C)CCN(Cc3ncc(C)o3)C2)ncn1,0.00027877555211992436
COc1cc(C)c(C(=O)N(C)CC(C)NC(=O)c2cnoc2C)cn1,0.00029678006825635295
COc1cc(OC)c(S(=O)(=O)N2CC(c3ncc[nH]3)C2)c(OC)c1,0.000533328521717904
COc1ccc([C@@H]2CC[C@@H]2C(=O)N[C@H](C(N)=O)[C@@H](C)C(C)C)cc1,0.0005128372842915916
COc1ccc(OC)c2c1CCN(C(=O)c1cn(C)c(=O)[nH]1)C2,0.0004808014430651683
COc1ccc2cc(C(=O)NC(C)CN(C)C[C@H](O)CO)n(C)c2c1,0.1835433615996931
COc1cccc(C(=O)N2CC(N3CCCCC3)C2)c1C#N,0.6840436250235131
COc1n[nH]c(C(=O)N2CC(NC(=O)c3nc(C)[nH]c3C)C2)c1Cl,0.24216381473875453
CS(=O)(=O)CC(=O)NC1CCN(Cc2ccc(F)c(Cl)c2)C1,0.0005658824115087819
Cc1c(NC(=O)N2C[C@@H](O)[C@H](c3ccc(C#N)cc3)C2)cnn1C,0.0013780464119786896
Cc1cc(C(=O)N2CC3CCC2CN3CCCO)cc(O)n1,0.00023634859146554976
Cc1cc(C(=O)N2CCC(F)(CO)C2)c2ccnn2n1,0.0005326918536626943
Cc1cc(N2CCN(CCCc3cn(C)nn3)CC2)nc(C)n1,0.000982676503950959
Cc1cc(Br)cc(CNC(=O)COC(C)C)c1,0.0005183560590204597
Cc1ccc([C@H](O)CNC2(CC(N)=O)CCCC2)cc1C,0.0005629107444913305
Cc1ccc(OCC(=O)NCC(O)CNC(=O)C2C3CCCC32)cc1,0.0003674819519316464
Cc1ccc(Br)c(CC(=O)N2C[C@@H](O)C[C@@H](F)C2)c1,0.0004815018083934404
Cc1cnc(C(=O)NC(C)CCNC(=O)Cn2cccnc2=O)cn1,0.0001573774713973849
Cc1cncc(CCNC(=O)N[C@@H]2CS(=O)(=O)C[C@H]2O)n1,0.00016767757900459788
Cc1cncc(NC(=O)c2ccncc2Br)c1,0.0005354961373038828
Cc1csc(CCNC(=O)C(C)(C)c2csc(C)c2)n1,0.0010454109137629135
Cc1n[nH]c(C)c1S(=O)(=O)N1CCC(CN2CCOCC2)C1,0.0003099617737697874
Cc1nc(O)ccc1C(=O)NC1CCN(Cc2nnn(C)n2)C(C)C1,0.0003249809793258092
Cc1nnc2n1CCCC2(C)C(=O)NC(C)CCS(C)=O,0.00022325384334188775
Cc1nsc(NCCN(C)C(=O)c2ccc3c(n2)CCC3)n1,0.0003961545185485061
Cn1cnnc1C(C)(C)NC(=O)C1CCc2cncn2C1,0.0003287440026165709
Cn1nncc1CCNC(=O)c1cnc2c(c1)CCS(=O)(=O)C2,0.0001567089358082481
N#C[C@H]1C[C@H]1C(=O)N1CCC(Cc2cn(CCCO)nn2)CC1,0.0010430313400529392
N#CC(COC(=O)CCc1nc2ccncc2[nH]1)C(=O)OCC(N)=O,0.0007988861879751829
N#CCc1cccc(C(=O)N[C@@H]2CCN(C(=O)Cc3cnoc3)C2)c1,0.0009503750531147338
N#Cc1ccc(C(=O)N2CC(CO)(NC(=O)CC(F)(F)F)C2)o1,0.000390987392231836
N#Cc1cccnc1Oc1ccc(NC(CCO)C2CC2)cc1,0.8848702416897362
NS(=O)(=O)CCCN1CCC(c2ccco2)CC1c1ccccc1,0.0005483184394375081
O=C(Cc1ccc(OCC(F)F)cc1)NC1(c2ncon2)CC1,0.20274970642085324
O=C(NCC(O)C(F)(F)F)c1cc2c(OC(F)F)cccc2[nH]1,0.0008039803390352523
O=C(NCC12CCC1CCN2)c1csc(-c2ccccn2)n1,0.22706896320146336
O=C(NCC1CC2(C1)OCCO2)N1CC[C@H](n2cccn2)C1,0.0003484639145144892
O=C(NCC1CCCN1C(=O)Cc1c(F)cncc1Cl)C1CC1,0.0004059549638194857
O=C(NCCN(CCC1CC1)C1CC1)c1cnc2c(c1)CCOC2,0.0005626520758955057
O=C(c1cncc(O)c1)N1CC2CC(O)CC2C1,0.0004458411927294428
O=C(c1ncc(-c2ccccc2O)o1)N1CCC[C@H](CO)C1,0.4059394148799115
O=C1C[C@H](C(=O)N(CC2CC2)c2cc(F)cc(F)c2)CN1,0.0007089166794236847
O=C1CCC(CNC(=O)CCn2cc(CCS(C)(=O)=O)nn2)O1,0.0001632968135716452
O=C1COc2cc(F)c(NC(=O)N3C[C@H]4CCCC[C@H]4C3)cc2N1,0.5220741079004368
O=C1NC2(CCN(Cc3ccc(Cl)cc3F)CC2)N2CCCC12,0.0005633663603769943
C[C@@H](CNC(=O)c1ccc2c(c1)CNC2=O)NC(=O)Cc1cscn1,0.0003428330205943576
C[C@H](CNC(=O)C(F)C(C)(C)O)NC(=O)c1cc(F)cc2[nH]cnc12,0.0009034159962291751
C[C@H](CNC(=O)c1cc(O)no1)NC(=O)c1cc(C(C)(C)C)no1,0.00042892673641336577
CC[C@H](C)[C@H](O)C(=O)N[C@@H]1CN(c2ncnc3[nH]cc(C)c23)C[C@@H]1C,0.2471312410035996
CC(=O)CCC(=O)NC(CNC(=O)C1CCC1(C)C)CC(C)C,0.0004708247590351769
CC(=O)N1CCCCC1C(=O)NC1CCN(C)CC1C,0.0004030618015864438
CC(=O)c1c(C)[nH]c(C(=O)NCC2CC3CC2C2CC32)c1C,0.00031103091949180324
CC(=O)c1ccc(NC(=O)N2CCO[C@H](C)C2)cc1Cl,0.0007375721123053645
CC(C)(C)OC(=O)NCCC1CC(N2CCCC2C2(C)CC2)C1,0.0015045585168685209
CC(C)(C)n1cc(COC(=O)c2ccnn2C2CCOCC2)nn1,0.0004689828029490998
CC(C)(CNc1nc(N)nc2c1c3ncn2C2CCC2C2C3)C(N)=O,0.0
CC(C)(O)C(=O)NCC1CN(C(=O)CC#N)CCCO1,0.0005684203099358647
CC(C)CNC(=O)CCNC(=O)[C@]1(F)C[C@@H](C(=O)O)C1,0.00046392464882251687
CC(C)COc1ccccc1COC(=O)c1cc[nH]c(=O)c1,0.0005372194235007867
CC(C)N(C)CC(=O)N1CCCC(C(=O)N(C)c2ccccn2)C1,0.00041373368483451066
CC(C)Oc1cnccc1NC(=O)N1CCn2cncc2C1,0.0011495019364913973
CC(C)c1nnc(C(C)NC(=O)c2cncc(C(C)(C)C)c2)[nH]1,0.0005086229471327323
CC(CC(N)=O)C(=O)N[C@H]1CCOc2ccc(Br)cc21,0.0004981381081178048
CC(CNC(=O)c1cc(C2C(C)C2c2ccccc2)n[nH]1)CN(C)C,0.00035764930313054175
CC(O)(CNC(=O)[C@@H]1CC[C@@H](O)C1)c1ccccc1Cl,0.0006260436196613993
CC(O)(CNS(=O)(=O)C[C@@H]1CCC[C@H]1CF)c1ccsc1,0.0004389347131111925
CC(OC(=O)[C@H]1C[C@@H](CC(=O)O)C1)C1COc2ccccc21,0.0004840785862162968
CC(F)(F)C1CCCN(C(=O)NC2CC(C(N)=O)C2)C1,0.0004809503210596417
CC1((=O)N(CC(=O)O)Cc2cccc(F)c2)COc2ccccc2C1,0.0
CC1(C)CCc2cc(C#N)c(NCC3(O)CCCC3)nc21,0.0016395131582301297
CC1(C)CN(c2ncc(O)cn2)CCC1NC(=O)[C@H]1CCC(=O)N1,0.35474754216267435
CC1(CCC(=O)NC2(CF)CCN(C(=O)CC(O)C3CC3)C2)CC1,0.206477571572131
CC1(CNC(=O)C2(C)CC(F)C2)CCCN1c1ncnc2c1CCC2,0.0013702165576084798
CC1(CO)CC(F)(F)CN1C(=O)c1nnc2n1CCCC2,0.0002538407197492619
CC1(NC(=O)c2ccc3c(=O)[nH]ncc3c2)CCCC1O,0.0006493158190507571
CC1=C(C(=O)NC(C)CCNC(=O)c2ccc(C#N)c(O)c2)CCC1,0.6499826387520645
CC1CCC(=O)CN1C(=O)Cc1ccc2c(c1)CCOC2,0.14890393949838038
CC1CCN(S(=O)(=O)NC(C)(CC(=O)O)C2CC2)C1,0.00050686756693012
CC1CN(C(=O)[C@@H]2CCc3ccccc32)CC1NC(=O)CC1CC1C,0.00036662247547558337
CC1CN(C(=O)C2(O)CC2)CCN1C(=O)C1SCCS1,0.00028321767202939643
CC1COCCN1C(=O)[C@@H]1Cc2cc(Cl)ccc2C(=O)N1,0.0003287331038632965
CCC(=O)N1CCN(c2nnc(-c3cnn4c3CCCC4)n2C)C1,0.5647047262073096
CCC(C)(CC(=O)O)NC(=O)COCC1CCCCC1,0.0007906600626382643
CCC(C)(O)C(=O)N(C)CC(C)CNC(=O)Cc1cnsc1,0.00026235366562972837
CCC(C)(O)C(=O)N1CCN(C(=O)c2csc(N)n2)[C@H](C)C1,0.0004734616348704005
CCC(C)CNC(=O)Nc1ccccc1C(=O)N(C)C,0.0012567717397833262
CCC(CC(=O)NC[C@H](C)NC(=O)C(F)CC1CCCC1)OC,0.000576960240871623
CCCN(C(=O)c1cn(C2CCC2)nn1)C1CCCC1,0.0004915380124800001
CCCN(CC(=O)O)Cc1nnc(N(C)C)n1C1CC1,0.0002459739846469616
CCCN1CCC2(CCN(C(=O)c3nc(CC)sc3C)C2)C1,0.3805946759158754
CCN(C)CC(=O)N[C@@H]1CN(C(=O)c2ccnn2C(C)(C)C)C[C@@H]1C,0.00046064290590245585
CCN(CC(=O)Nc1cc(SC2CC2)ccn1)c1ccc(C#N)cn1,0.6358962756255879
CCN(CC1CCN(C(CC)=O)CC1)C(=O)[C@@H]1C[C@H]1C,0.00033498888582847664
CCNC(=O)NC(C)(C)C(=O)N1CCCN(C(=O)c2ccccc2)CC1,0.00030152771821332367
CCO[C@@H]1CC[C@H](NC(=O)C2(OC)CCS(=O)(=O)C2)C1,0.00024693149157697946
CCOC(=O)[C@@H]1CC[C@@H]1NC(=O)c1ccc(Cl)c2c1CCC2,0.00045942812969506936
CCOC(=O)C1(O)CCN(C(=O)N2CC(C)(OC)C2)CC1,0.0002842703061694327
CCOC(C(=O)N1CC2CC(C1)N(C(=O)c1c(C)ccn1C)C2)C1CC1,0.0005246753998572082
CCOCC(=O)NC1(CCOC)CCN(C(=O)c2ccncc2C)CC1,0.36892875432815886
CCOc1cc(C(=O)NCC2CCC(NC(=O)CC3CC3)C2)n[nH]1,0.00026979547874485276
CCOc1ccc(C(=O)NCCN2CC[C@H](O)C2)cc1O,0.0005346435326286367
CCc1ccc(C(=O)NC2CN(C(=O)[C@H]3C[C@@H]3C)CC3(CCC3)C2)[nH]1,0.0006319257513245944
CCc1nnc(CN2CCC(c3nccn3C(F)F)CC2)s1,0.0005401328727591161
CCc1noc(C(=O)NCCC(CC)C(=O)OC)n1,0.0005314242662302202
CCn1c(C2CCCN(C(C)=O)C2)nnc1N1CCC(C)(CCO)CC1,0.0008906608556866377
CN(C)CC(=O)N1CC[C@@H]2CN(C(=O)CC3CCCCO3)C[C@@H]2CC1,0.0002504631358323037
CN(CC(C)(C)CNC(=O)CC(C)(C)C)C(=O)N[C@H]1C[C@@H](C(N)=O)C1,0.18013265809052045
CN(CC(C)(C)c1nn[nH]n1)C(=O)C(O)CCCc1ccccc1,0.0003615653851154171
CN(CC1COC2(CCC2)O1)C(C(=O)O)c1cccc(Cl)c1,0.0006891296014188254
CN)CC12CCC(CC1)N2CCC(C#N)(CC(=O)O)C(=O)O,0.0
CNc1ncccc1C(=O)NC[C@@H]1CCCCN1C(=O)C1CC(C)=NO1,0.2903427743091024
CO[C@H](C)C(=O)N1CC(C)C(NC(=O)c2cnc(Cl)[nH]2)CC1C,0.2797268348677749
COC(=O)[C@@H](C)N(C)C(=O)CC(c1ccccc1)c1ccc(O)cc1,0.0005295905433249277
COC(=O)[C@H]1[C@@H]2CC[C@@H](C2)[C@H]1NCC1CCCSCC1,0.0006336426913601943
COC(=O)C1(CF)CCN(C[C@@H]2C[C@@H]2c2nn[nH]n2)C1,0.00016331821936401016
COC(=O)c1ccc(CN2CCCC(c3noc(C4CC4)n3)C2)nc1,0.0004784173231022124
COC(=O)c1cccc(CC(=O)NC2(C)CCCCC2C)c1,0.0009428023406512987
COC(=O)c1cnccc1COC(=O)c1cccc(C)n1,0.0002839786335048985
COC(C)C(=O)N1CCC2CCC(NC(=O)C3(C)CC(C)C3)C1C2,0.0004892961117415418
COC1(C#N)CC(C(=O)NC2CC(CNC(=O)c3ccoc3)C2)C1,0.0012965138139706968
COC1CC(NC(=O)c2ccc(SCC(=O)C(C)(C)C)cc2)C1,0.35191811554831315
COCC(=O)NC[C@H](C)n1cc(CN2CCOC[C@H]2C)nn1,0.00018979624604182387
COCCC1CCCN(Cc2cnc(Cl)n2C)C1,0.0004942962124694827
COCCc1cn(CC(=O)N2CCC(Oc3ncccn3)CC2)nn1,0.00032189155416359363
COc1cc(C(=O)NCC2(NC(=O)C3CC34CC4)CC2)n[nH]1,0.13411396839354464
COc1cc(C)c(NC(=O)NCC2(CN)CCC2)cc1S(N)(=O)=O,0.0003877641304761804
COc1ncc(C(=O)OCC(=O)NC(=O)NCC(C)C)s1,0.0002932897263096551
COc1sccc1C(=O)N(C)CCNC(=O)c1ccc(C)c(F)c1,0.2561152900540061
CS(=O)(=O)Cc1ccccc1CNC(=O)CCc1ccccc1,0.0005024351353390437
CSc1ccc([C@H](C)NC(=O)CCn2cccn2)cc1,0.0005095796047381195
Cc1[nH]ccc1C(=O)NCC1(NC(=O)c2ccsc2)CCOCC1,0.0005516549927286771
Cc1[nH]cnc1CCNC1CCN(c2ccccc2)C1,0.0009688924934407442
Cc1cc(C(F)F)n(CC(=O)N2CC(C)S(=O)(=O)C(C)C2)n1,0.0003944401121897343
Cc1cc(COCC(=O)OC2CCCNC(=O)C2)on1,0.00033616527392603916
Cc1cc(F)cc(C)c1C(=O)NC(C)CNC(=O)c1coc(=O)[nH]1,0.0003629661670538887
Cc1ccc(C(=O)N[C@H]2C[C@@H](NC(=O)C(F)C(C)(C)O)C2)nc1,0.00035270969265923074
Cc1ccc(C(=O)N2CCCC(N(CCO)CC3CCC3)C2)s1,0.2891771094479596
Cc1ccc(C(=O)NC2Cc3cc(Cl)ccc3C2)n1C,0.0008933650340444643
Cc1ccc(CC(=O)N[C@H]2CCN(C(=O)C3(C(F)F)CCC3)C2)cn1,0.21181282909477647
Cc1cn2c(n1)CC(C(=O)N1CCNCC1CC(F)F)CC2,0.0004171166212686103
Cc1nc(N)nc(N2C[C@H](C)[C@H](NC(=O)CNC(=O)C3CC3)C2)n1,0.00024770393701031157
Cc1ncc(CNC(=O)NC2CC(CC#N)C2)s1,0.0013670219430907172
Cc1nccc(C(=O)NCC2C(C)CCCN2C(=O)C2CC2F)n1,0.0003827290921043146
Cc1nccnc1C(=O)N1CC2CC1CN(C(=O)c1cccc(O)c1)C2,0.0006997987864296075
Cc1nn(C)c(=O)c(CNC(=O)C23CC(C(F)F)(C2)C3)c1C,0.0002626649636065927
Cc1nnc2ccc(C(=O)OCC(=O)NCC3CC3)cn12,0.00033397889134668924
Cn1c(=O)cc(NC(=O)NCC2(C)CCOC2)c(Cl)c1C(F)F,0.0006514179545842587
Cn1c(CCNC(=O)N2CC3(C2)CC2(CCC2)C3)nccc1=O,0.0005432458611587733
Cn1nc(NC(=O)C2(O)CCNCC2)c2ccccc21,0.0008267492672084919
Cn1nnc2c(C(=O)NC(CO)CC(O)C(C)(C)C)cccc21,0.33375949439721114
Cn1nnnc1CCOC(=O)[C@@H](O)c1ccc(F)cc1,0.00028248672491257
N#Cc1cccnc1NC[C@H]1[C@@H]2CN(C(=O)CC3CSC3)C[C@H]12,0.0014967155560367434
N#Cc1ccnnc1N1CCC(CNC(=O)C2CCCO2)C1,0.46222138259555384
Nc1ncc(C(=O)N2CCC2CNC(=O)C2CCOC3(CCC3)C2)o1,0.000583071155378096
O=(NCC1CCCS1)c1cc(=O)[nH]c(C2CC2)n1,0.0
O=C(C[C@H](O)c1ccccc1)NCCN(C(=O)C1(CO)CC1)C1CC1,0.0003870628082005438
O=C(CC1CC2(CC2)C1)NC1CCCCN(C(=O)C2CCC2)C1,0.421994766336636
O=C(CC1CCS(=O)(=O)CC1)NN1CCc2cc(Cl)ccc2C1,0.0003895633043581325
O=C(Cc1cc[nH]c1)NCC1(NC(=O)c2ccncn2)CCCCC1,0.0008138851329488251
O=C(Cc1ccc2[nH]c(=O)[nH]c2c1)NC1CCc2cncn2C1,0.00036519260067615207
O=C(NC1(CNc2n[nH]c(=O)s2)CCC1)[C@H]1C[C@@H]1c1ccccc1,0.0009360251298619431
O=C(NC1CCCCC1CO)c1cccn(Cc2ccccc2)c1=O,0.00035515102308729147
O=C(NCC1(O)CCN(C(=O)c2cn[nH]c2)C1)C1=C(Cl)CC1,0.00026119886277939613
O=C(NCC12CCCCC1C2(F)F)N1CCC2(CC2)C1,0.0017829910418902374
O=C(NCCN(CCCO)c1cc(O)ncn1)c1cccnn1,0.0004523476974759339
O=C(Nc1cccc(OCCF)c1)N[C@@H]1CC[C@H](O)C1,0.0006651203767302422
O=C(O)[C@@H]1CCC[C@H](CNCc2ccc(-n3cccn3)c(F)c2)O1,0.0005100040014945275
O=C(c1ccc2ccccc2n1)N1CCC2(CC1)CC2CO,0.28011749309889034
O=C(c1cccc2nc(O)ccc12)N1C[C@@H]2CCC[C@]2(C(=O)O)C1,0.0006740832015074152
O=C(c1csc(=O)[nH]1)N1CCn2c(Br)cnc2C1,0.00040258025979020355
O=C1CCC(CC(=O)NC[C@@H]2CCC[C@H](C(=O)O)O2)C1,0.0002566127209462237
O=S(=O)(c1cccnc1C(F)(F)F)N1CCCNCC1,0.000423508031285522
FC(F)(F)c1n[nH]c(CNc2cncc(OCC3CCNC3)n2)n1,0.000761172398044136
C[C@@H](O)CNC(=O)NCc1nccn1-c1ccccc1C(F)(F)F,0.0006732425639415493
C[C@H](O)CCN(C)C(=O)Nc1ccc(-c2ccccc2)[nH]n1,0.0
C[C@H]1CN(C(=O)c2nccnc2N)C[C@H]1NC(=O)c1cc[nH]c(=O)c1,0.1734290570303228
CC(=O)N1CC(O)(CCc2cn(-c3c(C)cccc3C)nn2)C1,0.0004584917494527997
CC(=O)NC(CCNC(=O)c1nccn2ccnc12)C(C)C,0.0008440757317120166
CC(=O)c1ccc(C(=O)N2CC(CN(C)C(=O)C3CCCC3O)C2)[nH]1,0.19669999558712892
CC(C(=O)N(C)C1CCCN(c2ccnc(C3CC3)n2)CC1)N1CCC1,0.0014123283035334692
CC(C(=O)N1CCn2c(cnc2C(F)(F)F)C1)c1nn[nH]n1,0.0004079579008060251
CC(C)(CNC1=NC[C@@H]2CCCCN12)OCC(F)(F)F,0.0005902108869442818
CC(C)C(CCN(C)C(=O)c1cnc2cnccn12)NC(=O)[C@H]1C[C@@H]1C,0.6884274767425115
CC(CC1CN(C(=O)C2(C#N)CC2C)C1)NC(=O)c1cc(Cl)c[nH]1,0.6390538518441917
CC(CNC(=O)COCC1CC1)CNC(=O)C(C)n1cccn1,0.0003052715765200347
CC(NC(=O)NCC(C)(C)C)c1ccc(NC(=O)C2CC2)nc1,0.000726255510872759
CC(NC(=O)c1ccco1)C(=O)N1CCN(C(=O)C(C)(C)CO)CC1,0.1184169371985757
CC(Nc1ccc(-c2cnn(C)c2)nn1)C1CN(C)CCN1C,0.001031777284355098
CC(O)C(=O)NCCC1CCCCN1C(=O)c1ccnc2nn[nH]c12,0.00019277889355705648
CC(Oc1ccc(F)cc1)C(=O)N(C)CCNC(=O)C1CC1C,0.0003916385857104756
CC1(C)C(=O)NCCCN1Cc1cnc(-c2ncccn2)s1,0.0010708863854017466
CC1(C)C(O)[C@@H]2CCN(C(=O)c3cc4c(=O)[nH]c(=O)[nH]c4cn3)[C@@H]21,0.0004183547839134534
CC1(C)CN(C(=O)C2CS(=O)(=O)CC(=O)N2)CC(F)(F)C1,0.13394179655616675
CC1(C)COc2cc(C3c3ccccc3OCC(=O)NC3CC3)nn21,0.0
CC1(CNC(=O)Cc2ccccn2)CCN(CC(=O)NC2CC2)CC1,0.00026152011959397004
CC1(NC(=O)c2cc[nH]c(=O)c2)CCN(C(=O)CC(F)(F)F)C1,0.0004052737017626696
CC1CC1C(=O)N1CCC2(CCC2)S(=O)(=O)CC1,0.0003753840505919008
CCC(C(=O)N1CCC(C)N(C(=O)OC)CC1)n1ccnc1,0.000581528777472755
CCC(C)C(=O)N1CC([C@@H](C)NC(=O)c2coc(Cl)n2)C1,0.0004485907042020626
CCC(C)C(=O)N1CCN(C(=O)c2cccc3nncn23)CC(O)C1,0.00024447851842064134
CCC(Nc1nc2c(cc1C#N)COCC2)[C@@H]1CCCN1,0.0014030817738692495
CCC1(S(=O)(=O)N(CC(=O)OC)CC(C)C)CC1,0.0004966624250135825
CCCC(C)C(=O)NCC1(NC(=O)Cc2noc3ccccc23)CC1,0.0007270046774530834
CCCC(C)C(=O)Nc1ccc(-n2nc(C)cc2C(=O)OC)nn1,0.0012677789504163112
CCCn1cc(C(=O)N2CC(NC(=O)c3cncnc3)CCC2C)nn1,0.00039206840118526136
CCN(CC)C(=O)C(C)N1C[C@@H]2C[C@H]1CN2C(=O)C1CN(C)CCO1,0.12437863813549216
CCN(CCNC(=O)c1nc(C)nn1C)C(=O)c1cncc(C)c1O,0.0002359401847359434
CCNC(=O)N1CCN(C2=NC[C@H]3CCCN23)CC1,0.00033995984772559537
CCOC(C(=O)N1CC2(NC(=O)CN(C)C)CCC1CC2)C1CC1,0.00047144443333231204
CCS(=O)(=O)CCNC(=O)N1CCC(C2CCC2)C1,0.00020136771553939332
CCSC(C(=O)N1CCCC(N2C(=O)OCC2(C)C)C1)C(C)C,0.0005685487896152613
CCc1nc(C)c(CN2CCN(C(=O)C(C)(C)C)[C@H](C)C2)o1,0.0004056120103966997
CCc1nc(CN2CCSC(c3nccn3C)C2)cs1,0.0005382171794848227
CCc1nc(Cn2c(C)nnc2N(C)CC2(OC)CCOC2)cs1,0.0007345235561835886
CCc1nsc(NC(C)(C)CCNC(=O)C2CC(CC)=NO2)n1,0.0011338509668243936
CCn1c(C)nn(CC(=O)Nc2nc3c(s2)CCC3)c1=O,0.000338824846744178
CCn1c(N(C)C2CCOC2)nnc1C1(C#N)CCOC1,0.001110993386156655
CCn1nccc1C(=O)COC(=O)[C@@H]1CC2(CC2)CN1C(=O)OC,0.00027219680796193726
CN(C[C@@H]1[C@H]2CNC[C@H]21)C(=O)CCC(=O)c1ccc(F)c(F)c1,0.16364339608364642
CN(C)C1CCN(C(=O)C(N)CC2CCS(=O)(=O)C2)C1(C)C,0.0002557149131497215
CN(CC(C)(C)CNC(=O)C1CC1)C(=O)c1ccc(F)s1,0.0005297223354746131
CN(Cc1ccc(F)cc1)c1nnnn1CCC12CCC(C)(C)C1,0.0
CNC(=O)NCCC(=O)N1CCC2(CCCCOC2)CC1,0.0005370198280140223
CNc1ccc(C(=O)N[C@H](C)CNC(=O)CC2CS(=O)(=O)C2)cn1,0.0005103932638175777
CNc1ccc(NC(=O)[C@@H](O)CNC(=O)OCc2ccccc2)cc1,0.0008727961778315433
CO[C@H](C)C(=O)N1CCCC1(C)CNC(=O)c1ccc(=O)n(C)c1C,0.00027041751038761125
COC(=O)[C@@H]1[C@@H]2C[C@@H]2CN1C(=O)C1Oc2ccccc2C1(C)C,0.0004516003836396151
COC(=O)[C@H]1C[C@@H](C(=O)N(CCNC(=O)c2cnns2)C2CC2)C1,0.00028149497910123355
COC(=O)C1CC(NC(=O)C2CC(=O)c3ccccc3O2)CO1,0.1398347045398163
COC(=O)C1CCC(CN)CN1C(=O)CC1CCC(C)C(C)(C)C1,0.29243294241430423
COC(=O)NCC(=O)N(C)CCN(C)Cc1nc2c(s1)CCC2,0.0003470966448078325
COC(C(=O)N(C)C1CCCN(C(=O)CC2CC2)C1)C1CC1,0.0004741878240157265
COC(C(=O)N1C[C@@H](C)[C@@H](NC(=O)C2(C)CCCO2)C1)C1CC1,0.2128371132706289
COC(C)(C)CNC(=O)N[C@@H]1C[C@H]2CC[C@@H]1O2,0.0003092957918538389
COC1(CNc2cc(C)nc(C(F)F)n2)CCCSC1,0.0005557189033817512
COC1CC(C(=O)N[C@@H]2CN(C(=O)c3snnc3C)C[C@@H]2C)C1,0.0007384903976063804
COC1CN(C)C(C)(COC(=O)c2ccc3nnc(C(C)(C)C)n3c2)C1,0.0003683721777680917
COCC(=O)NCC1COC2(CCOCC2)CN1C,0.0002700409438833397
COCC1(C)CCN(C(=O)CCn2ccc(=O)[nH]c2=O)C1,0.00024272176139047435
COCC1COCCN1C(=O)Cc1ccc(C)s1,0.0003374609576302421
COCc1nc(C(=O)NC23CCCC2N(CC=CCl)CCC3)co1,0.0013439332110190263
COCc1noc(C(C)NC(=O)C2OCCC2C(C)C)n1,0.00031428347674824196
COc1cc(OC)c(CCNC(=O)[C@@H]2C[C@H]2C2CCNCC2)cn1,0.00018450688580489617
COc1ccc(OC)c(COC(=O)C23CCC(OC)(CC2)C3)c1,0.0008699538205639552
COc1cccnc1-c1cn(C(C(=O)N(CCO)C2CC2)nn1,0.0
COc1ccnnc1NC(=O)NC1(c2nc(C)no2)CC1,0.000605153758120351
COc1nc(C)ccc1COC(=O)c1ncccc1C,0.00042210940209809835
COc1nc(C)ncc1C(=O)Nc1ccccc1COC(C)=O,0.0010804827091052294
COc1ncc(C(=O)NC2CCN(C(=O)CC3(C#N)CC3)CC2C)cn1,0.0007392094617464697
CS(=O)(=O)C1CCN(c2nc3ncc(C#N)cc3[nH]2)C1,0.0009709832838002556
Cc1c(C(=O)N2C[C@H](C)[C@H](NC(=O)C3CCCCO3)C2)cnn1C,0.0004852380032227659
Cc1c(C(=O)NC2(CNC(=O)CCC(C)C)CCC2)ccn1C,0.00041760207368340794
Cc1cc(C(=O)N[C@H]2C[C@H](C#N)C2)nn1-c1ccccc1F,0.0012274995264273374
Cc1cc(C(=O)N2CCC[C@H](Nc3cc(C)ncn3)C2)[nH]n1,0.000596592810068079
Cc1cc(C(=O)NC[C@@H]2CCCN2C(=O)Cn2ccnn2)cc(C)n1,0.0003311110923076051
Cc1cc(C(=O)Nc2cnn(C)c2N2CCNCC2)no1,0.0009522065644477724
Cc1cc(C)n(CC(=O)OCC2CCN(Cc3ccc(F)cc3)C2)n1,0.0005916874377794582
Cc1cc(C2CN(C(=O)[C@@H]3[C@H]4CCCC(=O)[C@H]43)CCO2)no1,0.0004355141741567728
Cc1cc(NC(=O)NC2C(=O)NCC23CCNCC3)cn2cnnc12,0.11399074271812668
Cc1cc2c(cc1Cl)C(NC(C1CCC1)C1CCOC1)C(=O)N2,0.000647049759647896
Cc1ccc(-c2cn(CC(C)NC(=O)C3(C)CCCCO3)nn2)cn1,0.0005871753512652398
Cc1ccc2oc(C3(C)CCC(NC(=O)CCOC4CC4)O3)nc2c1,0.0005592614039768973
Cc1cccc(C(=O)CNC(=O)c2cncn2C(F)(F)F)c1,0.0004571337766736709
Cc1cccc2c1OCCO2,0.0004013889739869812
Cc1ccnc(C2CCN(C(=O)N[C@@H]3CCN(C)[C@H]3C)CC2)n1,0.00037657278393234275
Cc1cnn2ccc(C(=O)NC3CCN(C(=O)C4CCO4)CC3O)nc12,0.16411143787955954
Cc1nc(C(=O)N(C)C2CC3CCC(C2)N3C(=O)C2(O)CC2)nn1C,0.00030438843341848036
Cc1nc(C)c(C)c(N(C)CCNC(=O)CCn2ccnn2)n1,0.0002916636924138072
Cc1nc(CN2CCN(C)C(c3ncc[nH]3)C2)c(C)s1,0.0005764350675285894
Cc1nc(O)c(C)c(N2CCC(N(C)C(=O)c3ccn(C)n3)CC2)n1,0.0010910640819254216
Cc1nccc(CCC(=O)NC(C(=O)O)c2cnc(N(C)C)cn2)n1,0.0006691285326282573
Cc1nccc(NCC2N(C(=O)Cc3ccoc3)CC3CCCC23)n1,0.0014742343505949355
Cc1nn(C)c(Oc2ccccc2)c1C(=O)N1CCCC2CC21,0.0006540058596901402
Cc1nnc2n1CC(C(=O)NC[C@H](C)NC(=O)c1csnn1)CC2,0.00025455572300432037
Cc1oc(-c2ccccc2)nc1CC(=O)N1CC(N2CCOCC2)C1,0.5214810762317642
Cc1occc1C(=O)N(C)CC1CCCN1C(=O)[C@@H]1C[C@@H]2C[C@@H]2C1,0.000780114852948064
Cn1c(N)nn(CC(=O)N2C3CCC2CC(NC(=O)CO)C3)c1=O,0.0003410051027696139
Cn1c(NCc2ncccc2O)c(Br)cc(=O)n1C,0.0
Cn1cc(CCC(=O)N2CCN3C(=O)OCC3(C)C2)c2ccccc21,0.0010017863115981036
Cn1ccnc1C1=CCN(C(=O)C2(S(C)=O)CC2)CC1,0.001191913734719609
Cn1cncc1[C@@H]1C[C@H]1C(=O)N1CCCCC1CN1CCC(C)(C)C1,0.0014906340597267312
N#CC1(C(=O)NC[C@H]2C[C@H](NC(=O)c3coc(Cl)c3)C2)CC(=O)C1,0.13433793177254932
N#Cc1cc(F)c(C(F)(F)F)cc1NCC1CCC(O)C1,0.0008345115560376751
N#Cc1ccc(NC(=O)CNC(=O)c2cccc3c2CCN3)cc1,0.6366834804755487
N#Cc1ccnc(N2CCCC2CNC(=O)c2cc(C3CC3)on2)n1,0.5152857907309285
N#Cc1nccnc1N(CCNC(=O)c1cccnn1)C1CC1,0.0008499160423528132
O=C([C@@H]1CCCO1)N1CCCc2c1c2cccc1ncn2C(F)F,0.0
O=C([C@H]1CCCC[C@@H]1C(F)(F)F)N1CCn2ncc(O)c2C1,0.0005318650890642862
O=C(CN1C[C@H]2CC3CCCN3[C@H]2C1)N1CCOCC1C1CC1,0.0001753573477605382
O=C(N[C@@H]1c2ccccc2C[C@@H]1O)[C@H]1CC1(F)F,0.00032396570862663226
O=C(N[C@H]1[C@@H](O)[C@H]2CCC[C@H]21)c1cnc2c(CCC(F)(F)F)cnn21,0.0
O=C(NC(c1ccccc1)c1ncccn1)OC1CCOC1,0.0005625839354607669
O=C(NC1(CC2CC2)CCC1)c1coc2c1NC(=O)CCC2,0.0018056762523484136
O=C(NC1Cc2ccc(C(=O)O)cc2C1)c1cncs1,0.000291939031946796
O=C(NCC1CC(O)C12CCC2)C1Cc2c(F)cccc2C(=O)O1,0.00030626994121602994
O=C(NCc1cnn2ccccc12)N1CCC[C@@]2(CO)CCC[C@@H]12,0.0010379162249193625
O=C(NS(=O)(=O)c1cnn(C2CCC2)c1)C1(F)CCCNC1,0.0003864853539485272
O=C(O)[C@@H](F)CNC(=O)N1CCC2(CC(=O)c3ccccc3O2)C1,0.00034849449114487003
O=C(OCC1OCCCO1)c1cnn(-c2ccccc2)n1,0.0007145648133681681
O=S(=O)(CCn1cnnn1)NCC[C@@H]1C[C@H]1C(F)(F)F,0.00022188366387129044
O=S1(=O)N(Cc2cccc(Cl)c2F)CCc2cccnc21,0.00046846620401544886
C[C@@H](CNC(=O)C1(CO)CCC1)NC(=O)c1cnc2[nH]ncc2c1,0.19334998314456267
CC(=O)N(C)CC(=O)N1CCC[C@H](NC(=O)c2ccc[nH]2)C1,0.11143023103535386
CC(=O)N(C)CC(=O)NC1CN(C(=O)c2cc(C)cs2)C1,0.17562240370649873
CC(=O)c1cc(C(=O)N[C@H](CO)CC(C)C)ccc1OC(C)C,0.23291546866300702
CC(C(=O)N1CCCN(C2CCOCC2)CC1)N1CCNCC1,0.00025138807380035256
CC(C)(C)OC(=O)N1CCC1CN1CCCC2CCCC(O)C21,0.0005472281993118246
CC(C)C(O)CC(=O)NCC(c1ccccc1)N(C)C(=O)[C@@H]1C[C@H]1C,0.000499595898405366
CC(C)OC[C@H](C)NC(=O)NC(CO)c1ccc(Cl)c(Cl)c1,0.000470959717767063
CC(CC#N)N(C)C(=O)c1ccc(-c2nncn2C(C)C)cc1,0.0016655237237448565
CC(CNC(=O)C(C)(C)C1CC1)NC(=O)C(C)(C)CC#N,0.0005383965421422903
CC(CNC(=O)CC1CCC(=O)N1C)NC(=O)C(F)CC1CC1,0.16472085865132202
CC(CO)CN(C)c1nncc(Cl)c1C(=O)OC(C)(C)C,0.3628374936713401
CC(O)C(C)C(=O)NC1(CNC(=O)CCC(C)N(C)C)CC1,0.0002507462128062478
CC1(C#N)CCCN(C(=O)NC2C3CCOCC32)C1,0.0009444331302485682
CC1(C)CNCC(C(=O)Nc2cccc(CN3CCNC3=O)c2)O1,0.0005922464241067474
CC1(C)CNCCN1C(=O)C1CCC(NC(=O)C2CC2)CC1,0.0002998061713880648
CC1=C(C(=O)N(C)CCN(C)C(=O)c2cccn3ncnc23)CCC1,0.18694433923417744
CC1CC(=O)NC1C(=O)NCC1CC(NC(=O)c2n[nH]c(N)n2)C1,0.00019736665455667666
CC1CCN(C(=O)C2COCCN2C)CCn2ccnc21,0.0002653280258382208
CC1CN(C(=O)[C@H]2CNC(=O)N2)CC1NC(=O)c1ccc(C#N)[nH]1,0.2696829633692505
CC1CN(C)CC(OC(=O)CNC(=O)c2cc3c(s2)CCC3)O1,0.00036675240173718413
CC1COC(C(=O)NC2(C)CCN(Cc3ncc(C4CC4)o3)C2)C1,0.0005562668391980671
CC1N(C(=O)Nc2ccc(N3CCOCC3)nc2)CCC1(F)F,0.001079384402916635
CCC(=O)N1CCC(NC(=O)c2cc3nc(C)ccc3o2)CC1,0.00047530702036920644
CCC(=O)NC(C)C(=O)NCCC(C)N(C)c1nc(C)nc(N)n1,0.00026615786742916907
CCC(C)C(=O)N(C)CC1CCN(C(=O)C(C)C(F)(F)F)CC1,0.0008595689852158218
CCC(CC)C(O)CNC(=O)Nc1cnn(-c2nccs2)c1,0.0007771300511297839
CCC(CO)C(=O)N1CCC[C@H](CNC(=O)C(O)c2ccccc2)C1,0.0002989692339820419
CCC(Cc1cccc(C)c1)C(=O)NCC[C@H]1CCCO1,0.000686522911547224
CCC(O)C(C)C(=O)N1CCN(CCNC(=O)C(C)(C)F)CC1,0.00026513466922939465
CCC1CN(CC)CCN1C(=O)c1cccc(CN2CCCC2)c1,0.0007271251104883958
CCCC(CC)C(=O)N(C)CC1CN(C(=O)CCc2cccnc2)C1,0.000526458360036815
CCCCN1CCC(NC(=O)C2(C)C(C)(C)C2(C)C)CC1,0.0005813510773094446
CCCN(CC(=O)N1CCC1)C(=O)NC1CCN(c2cccnn2)C1,0.21419806615432374
CCCNC(=O)OC1CN(CC(=O)Nc2cccc3nsnc23)C1,0.0005502438612843864
CCCNC(=O)c1cccc(NC(=O)N2CCC2C2CCC2)c1,0.0011404105200491668
CCN(CC)CC(=O)N1CCC(C)(NC(=O)[C@H]2CC2(C)C)CC1,0.0004140820602109458
CCN(CC1CCCO1)S(=O)(=O)CC1(C)COCCO1,0.000325457937581971
CCN(CCNC(=O)[C@H](C)n1cnnn1)C(=O)CC1CCCC(C#N)C1,0.0008775369141237665
CCOC[C@H](C)NC(=O)c1ccc(=O)n(-c2ccccc2F)n1,0.0005595887120529614
CCOC(C)(C)C(=O)N1C2CCCC1CN(C(=O)C(O)C1CC1)C2,0.0005981086267977131
CCOC1CC(O)(CNC(=O)c2cnn3cc[nH]c23)C1(C)C,0.0005480105386094007
CCOCC(=O)NCC12CCC(CO1)N(C(=O)C1CC(C)CO1)C2,0.0003483247714116109
CCSCC(=O)N1CCCC(N(C)C(=O)C2COC(C)(C)C2)C1,0.0002787176154371477
CCc1cc(C(=O)N2CCC[C@H]3CN(CCC4CC4)C[C@H]32)[nH]n1,0.0007854227119302115
CCc1ccc(-n2cc(C(=O)NC(C)(C)C(=O)OC(C)(C)C)nn2)cc1,0.0007105577185659811
CCn1c(=O)c(C)nc2cc(C(=O)N3CCC(O)(CO)C3)ccc21,0.15846200988809334
CCn1ncnc1C(=O)N(C)C1CCN(C(=O)C2(OC)CC2)CC1,0.13402006797957053
CN(C(=O)C(C)(C)O)C(CNC(=O)c1cn(C)nc1N)C1CC1,0.00035981140212218844
CN(C(=O)CCF)C1CCC(NC(=O)c2ccc(F)o2)CC1,0.20082136393248487
CN(C)C(C)(C)C(=O)N[C@H]1C[C@H](CNC(=O)C2CCC(F)(F)C2)C1,0.17381901253217802
CN(C)c1nccc(CNC(=O)N(C)C2CCN(c3ccccn3)C2)n1,0.0005133364986852339
CN(CCN(C)C(=O)C1(C#N)CCOC1)C(=O)c1ccc2[nH]ncc2c1,0.5160718980872849
CN(CCNC(=O)C1CC1)C(=O)C1(C(F)F)CC(F)(F)C1,0.0004446799351901417
CN1C[C@@H](CNC(=O)Nc2cccc3c2OCC3)OC1=O,0.00046668940527680355
CN1CCC(C(=O)N2CCCC(CN(C)C(=O)c3ncc[nH]3)C2)CC1,0.0004899540709478563
CO[C@@H]1C[C@@H](C(=O)O)N(CC(=O)Nc2cc(C3CCCCC3)nn2C)C1,0.001199978005392269
CO(C(=O)[C@H](O)c1ccc(F)cc1)C1CCN(c2ncns2)CC1,0.0
COC[C@@H](C)NC(=O)C1CCn2c(Br)cnc2C1,0.0003504717641584261
COC(=O)C(C)C1CCCN1C(=O)C[C@H](C)c1ccccc1,0.0006968140884805365
COC(=O)C(NC(=O)NCC(C)C1CC1)C1CCCC1,0.0003930398342046673
COC(=O)C(NC(=O)c1c(C)n[nH]c1Cl)C1(OC)COC1,0.0002788082011246723
COC(=O)C(NCc1nc(C)cs1)C(C)(OC)C1CC1,0.00047246366591116384
COC(=O)Cc1ccccc1CN(C)Cc1c(C)noc1C,0.0004939972298322278
COC(=O)c1ccccc1CS(=O)(=O)N1CCN(C(C)=O)C(C)C1,0.0002947483352320309
COC(=O)c1cnn(C)c1NC(=O)NCCc1ccc(C)c(C)c1,0.001387049590989426
COC1(CNC(=O)N(CC(=O)O)C2CCOCC2)CCSCC1,0.00033882180324825226
COCC1(C(=O)N2CCCC2CNC(=O)[C@H]2CCC(=O)O2)CC1,0.00030571237788986613
COCC1CC(O)CN1C(=O)c1c[nH]nc1C1CCNCC1,0.00025367446078189643
COCc1cc(C(=O)NC[C@@H]2C[C@H]2c2ccc(F)cc2F)on1,0.0007526551864761861
COCc1nsc(NCCN(C)C(=O)c2ccc(Cl)cn2)n1,0.0007729310481360075
COc1cc(CNC(=O)CS(=O)(=O)C(C)C)ccc1C#N,0.0003691160978253997
COc1cn(C)c(C(=O)N2CCC(Nc3cnc(F)cn3)C2)cc1=O,0.0005865420739615914
CSCC(C)C(=O)N1CCN(C(=O)CCc2cnn(C)n2)[C@@H](C)C1,0.00038720241463089294
CSc1nsc(N[C@H]2C[C@H](NC(=O)c3ccn(C)c3)C2)n1,0.001169829732549109
Cc1[nH]ccc1C(=O)N1CC(NC(=O)C(O)c2cccnc2)CC1C,0.00045701235593213204
Cc1[nH]nc(C(=O)N[C@H]2C[C@H](NC(=O)c3cocc3C)C2)c1C,0.20053385209424526
Cc1c[nH]c(=O)n1-c1ccccc1NC(=O)C1COC(=O)N1C,0.3401756197972614
Cc1c(C(=O)N(C)CC(=O)N2CCCCC2)cnn1CC(C)(C)O,0.0004366174847734581
Cc1cc(=O)c(C(=O)N2CC[C@@H](NC(=O)[C@@H]3CCCO3)C2)n[nH]1,0.1082737187136297
Cc1cc(C(=O)N2CC(C3CN(C(=O)C(C)C4CCC4)C3)C2)c(C)n1C,0.0006490151401233683
Cc1cc(C(=O)N2CCC(C)C(NC(=O)Cn3cncn3)C2)ccn1,0.00041813174668414043
Cc1cc(C)c(C(=O)N2CCN(c3ccccn3)C(C)C2)cc1O,0.0011167011024220466
Cc1cc(N(CCNC(=O)C(c2ccccc2)C(C)C)nc(C)n1,0.0
Cc1cc(S(=O)(=O)N(CC(N)=O)Cc2ccccc2)sc1C,0.0005083523333302656
Cc1ccc(-n2cncn2)c(C(=O)N2CCC(C)C3CNC(=O)C32)c1,0.16357747542798362
Cc1ccc(-n2cnnc2)c(C(=O)N[C@@H]2C[C@H]2C(C)(F)F)c1,0.0008155234886653296
Cc1ccc(C(=O)N[C@H]2CC[C@@H](N(C)C(=O)OC(C)(C)C)C2)n1C,0.0008610234779551815
Cc1ccc2ncc(CNC3(C(N)=O)CCNCC3)n2c1,0.0002519188918307479
Cc1ccccc1CNC(=O)N[C@@H]1C[C@@H]1c1cccc(F)c1,0.0004760737380421145
Cc1ccnn1-c1ccc(NC(=O)C2CCOCC2F)cc1,0.0012680075724368625
Cc1cn2c(n1)CN(S(=O)(=O)CC1(C)CC1(F)F)CC2,0.0005526391298269196
Cc1cnc(N2CC(O)(CCNC(=O)C3CCN(C(C)C)CC3)C2)nc1,0.0008446189281548184
Cc1cnc(NCC2CCN(C(=O)c3cc(C(N)=O)ccn3)C2)nc1,0.25099321131682334
Cc1cncc(CNCc2ccc(N(C)C)nc2)c1C,0.00038821201207390744
Cc1cnn(C2CCN(c3ccncc3C(C)C)C2)c1,0.0006122994177180498
Cc1nc(C2CC2)sc1C(=O)Nc1ccnc(C)n1,0.000490643033175216
Cc1nc(O)cc(N2CCC[C@]2(C)CNC(=O)[C@@H]2C[C@H](C)O[C@H](C)C2)n1,0.41023323783933185
Cc1nc2ccccc2c(C)c1CN1CCC[C@@H]2OCC[C@@H]21,0.0007449270171467897
Cc1ncc(C(=O)NCC(C2CC2)N(C)C(=O)Cn2nnc(C)n2)s1,0.0002904725609839209
Cc1ncc(N)cc1C(=O)NC[C@@H](C)NC(=O)c1cncnc1C(C)C,0.22451402807968524
Cc1ncn(C)c1C(=O)N[C@@H](C)CCNC(=O)CC(C)(C)c1ccccc1,0.0006071087011987087
Cc1noc(C)c1C(=O)N[C@H]1C[C@@H](CNC(=O)c2nc(O)n(C)n2)C1,0.0003028676383807819
Cn1cc2ccc(CN3CCC(N4CCOC(C)(C)C4)CC3)cc2n1,0.0010309569612119386
Cn1ncnc1-c1cccc(NC(=O)N2C[C@@H]3CC[C@]3(CF)C2)c1,0.6080325520880517
Cn1nncc1C(F)(F)C(=O)N1Cc2ccccc2OC2(CCC2)C1,0.3314758360521746
N#CC1(C2CCC2)CCN(c2cc(N3CCCC3)ncn2)CC1,0.8454859547553024
N#CCC(=O)N1CCC2(CCN(C(=O)[C@H](O)c3ccccc3)C2)CC1,0.001263212943063963
N#CCC1(O)CCN(C(=O)C(O)C(F)(F)F)CC1,0.12355810702371015
N#Cc1ccc(CC(=O)OCC(=O)Nc2ccc(F)cc2F)cc1,0.0006966622327161592
N[C@@H]1CN(c2ccc(N3CCC(F)(F)CC3)nn2)CC[C@@H]1F,0.0009554598879030828
NC(=O)N1C[C@@H]2C[C@H]1CN2C(=O)c1ccnc(-c2ccccc2)c1,0.001162487440789219
NC(CCNC(=O)Cc1cc2ccccc2o1)C(F)(F)F,0.0010301505330510764
Nc1ccnn1CC(=O)NC[C@H]1C[C@H](NC(=O)C2(C3CC3)CC2)C1,0.0003832459961634894
O=C(CCNc1nccs1)N[C@@H]1C[C@H]1c1ccccc1,0.000607526095695296
O=C(CCc1ccoc1)NCC1CCN1C(=O)CC1OCCCO1,0.00035419453261975955
O=C(CNC1(C(F)(F)F)CCNCC1)N1CCCC1,0.00030421178104592816
O=C(N[C@@H]1C[C@H]2CNC[C@@H]1C2)c1ccc(SC2CCC2)cc1,0.0005959479059547364
O=C(N1CCO[C@@H](C(F)(F)F)C1)N1CCC(n2c(=O)[nH][nH]c2=O)CC1,0.0002700796077434285
O=C(NC1(C(=O)N2CCOCC2)CC1)c1ccnc(-n2cccn2)c1,0.00032868031155126333
O=C(NC1(CNC(=O)C2COCCO2)CC1)c1ccnc2ncnn12,0.00020469147071910465
O=C(NCc1cccc2cc[nH]c12)NC1COC2(CCOC2)C1,0.0008060607158955108
O=C(c1ccoc1Cl)N1CCCN(Cc2nnnn2C2CC2)CC1,0.17625590847251643
O=C1CC(CC(=O)NC2CC(CNC(=O)COc3ccccn3)C2)C1,0.00014763406215904785
O=C1CSCN1CC(=O)N1CCN(Cc2cscn2)CC1,0.00022964003353136386
O=C1NC2CCC1CN(C(=O)C[C@@H]1Cc3ccccc3N1)C2,0.0011749651343351813
O=C1NC2CCC2C(=O)N1CCc1ccc(C2CC2)cc1F,0.0008129823579632405
OC1(Cn2nnnc2N2CCC(F)CC2)C2CCC(C2)C1,0.0004198188085284408
C[C@H]1CN(C(=O)c2ccnn2C)CCN1C(=O)[C@H]1CCCO1,0.17544300761974058
CC(=O)C1(C)CCN1C(=O)c1c[nH]c(-c2ccccc2)n1,0.44358267266228785
CC(=O)N[C@H](C(=O)N1CCCCC(CNc2ccncn2)C1)C(C)C,0.0005913029777611941
CC(=O)Nc1ccccc1CN(C[C@@H](C)O)C1CC1,0.00047971241676803857
CC(C)(C)C(=O)N1CCSCC1CCNC(=O)c1cnsc1,0.18588362128553582
CC(C)(C)CC(=O)NC[C@H]1CCCN1c1cc(=O)n2oc(=O)[nH]c2n1,0.0007631715227753577
CC(C)(C)c1cc(NC(=O)C2CCNC23CCS(=O)(=O)CC3)no1,0.0009922542173488686
CC(C)(NC(=O)C[C@@H]1CCCC[C@H]1O)C1CCCN1C(=O)c1cn[nH]c1,0.0007760573998934652
CC(C)C(NCC(O)c1ccc(N(C)C)nc1)c1ccc(C#N)cc1,0.827639523801373
CC(C)CC(CNC(=O)c1cnn(C)n1)NC(=O)[C@H]1CCC(=O)N1,0.00023017946567261593
CC(C)Cn1c(CO)nnc1N1CCC(O)(c2cccc(Cl)c2)CC1,0.000911742304665302
CC(C)n1ccnc1C(=O)NCc1ncccc1N(C)C,0.00047499934191089015
CC(CNC(=O)[C@H](C)CC(F)(F)F)N(C)C(=O)c1ccc(CO)o1,0.00045436253052334144
CC(NC(=O)C12CC(C1)C2)C1CCN(C(=O)CC(O)C(C)C)CC1,0.1782031289876604
CC(O)(C(=O)NC1CC(=O)C12CCC2)C1CCOCC1,0.0001821920233235065
CC(O)C(C)C(=O)N1CCN(C(=O)c2ccn(C)n2)C2(CCC2)C1,0.00030340037229598034
CC1(C)C(C)(C)C1(F)C(=O)N1CCC(NC(=O)c2ccccc2)C1,0.21321644629922962
CC1(CC(=O)N2CC3CCC2CN3CCCO)CC1,0.0004573198013551183
CC1=C(C(=O)N(C)CCNC(=O)COC2CCCCC2)CCO1,0.00041401106161726147
CC1C(C(F)(F)F)OCCN1C(=O)C1CCC(=O)CC1(C)C,0.0004428746924980349
CC1C(NC(=O)CC2CCC(=O)N2)CCCN1C(=O)CCC(F)F,0.17497166308981713
CC1CC(CNC(=O)COC2CC2)CN1C(=O)c1ncnn1C(C)C,0.2140465264852252
CC1CCC(C(=O)N2CC3CC(C2)N(C(=O)C2CCCO2)C3)C1,0.0005166022587022698
CC1CN(C(=O)C2(C)CCCOC2)CC1CNC(=O)C1COCCO1,0.000307691634935329
CC1COC(C(=O)NCC2CCN2C(=O)[C@@H]2CCCO2)C1,0.0003748885409078384
CC1OC(=O)NC1C(=O)N1[C@H]2CC[C@@H]1C[C@@H](CNC(=O)CO)C2,0.11284957434106363
CCC(C#N)c1nnc(N(C)CC(C)(C)OC)n1CC1CCCO1,0.0013893815750527561
CCC(C(=O)NCc1noc2ccccc12)N1CCCC1=O,0.0007028567652681286
CCC(CNC(=O)c1nccn1C)NC(=O)c1ccnc(C#N)c1,0.00038445190575102015
CCC(NC(N)=O)C(=O)N1CCCC(N(C)C(=O)c2cnoc2)C1,0.000286143243200398
CCC(O)c1nnc(N2C[C@@H]3C[C@H]2[C@@H](O)[C@H]3O)n1CC(C)C,0.00023561344883399433
CCCC(CCO)CNC(=O)Nc1cc(C(C)=O)sc1C,0.001055678710762377
CCCN1CC(CNC(=O)N(C)C2CCSc3ccccc32)CC1=O,0.0005259725199752381
CCCc1cc(C(=O)N2CCN(C(=O)c3ncn(C)n3)CCC2C)no1,0.0004575927134760655
CCCc1cccc(CSCC(O)CN(C)CC(F)(F)F)n1,0.0003583051094698067
CCN(CCNC(=O)[C@@H]1CCOC1)C(=O)CCC(O)C(C)(C)C,0.0003674635945340294
CCN(CCNC(=O)C(C)(C)OC)C(=O)C(C)(C)Oc1ccccc1,0.0005888080820156983
CCN(CCNC(=O)Cc1cnccn1)Cc1cc(C)nn1C,0.0005169178779372832
CCN(CCNc1cc(C(C)C)ncn1)C(=O)c1[nH]nc(C)c1Cl,0.0007052617804097955
CCN1CCC(N(C)C(=O)C2CCNc3ccc(Cl)cc32)C1,0.0008568711894639954
CCOC(=O)C1(C)CCN(c2cc(Cl)nc(COC)n2)CC1,0.0008179279162484562
CCOC(=O)CC(C)(C)CNC(=O)N[C@@H](CC)CC1CC1,0.0006764107997232468
CCOC1CC1C(=O)NCC(C)(C)CN(C)C(=O)C1(CF)CC1,0.00031037630828975496
CCOc1cc(Cl)ccc1CNC(=O)NC1CC(C#N)C1,0.0009895116868030229
CCOc1ccc(NC(=O)NC2CCCC2C(C)N)cc1F,0.0013373557668544108
CCc1cnsc1C(=O)N1CCC(=C(C)C)CC1,0.0006804926896671673
CCc1nc(NC(=O)[C@@H]2C[C@@H]3C[C@@H]3N2C(=O)OC(C)(C)C)n[nH]1,0.3507634564012569
CCc1nn(C)c(CC(=O)NC2COC3(CC3)C2)c1Cl,0.0006728342249620364
CCn1ncc(-c2cccc(C34CCC(CN3)C4)c2)c1CC(=O)O,0.001242214931249676
CN(C(=O)C(O)C1CCCCC1)C1CCN(C(=O)c2cnccn2)CC1,0.2794260260479563
CN(C)C[C@H](NC(=O)C(C1CC1)N1CCOCC1)c1ccccc1,0.000413102538403735
CN(C)CC(=O)NCC(Nc1ncnc2c1nnn2C1CC1)C1CC1,0.000758176208636307
CN1C[C@@H]2CCN(S(=O)(=O)c3cnn4cnnc(-c4)c3)[C@@H]2C1,0.0
CNC(=O)NCC(=O)NC[C@H](C)n1cc(CCOc2ccccc2)nn1,0.0002762241219645142
CNC(=O)c1nnc(N2CCC3(CC2)CC3(F)F)n1C,0.00030465939024392803
CO[C@@H]1C[C@@H](CNC(=O)c2cnc(-n3cccc3)cn2)N(C)C1,0.0010521282882369916
CO[C@@H]1CN(C(=O)OC(C)(C)C)C[C@@H]1NCc1ccc(N(C)C)cn1,0.0009370730968613389
COC(=O)[C@@H](OC(=O)[C@@H]1C[C@H](F)(CO)C1)c1cccc(OC)c1,0.0
COC(=O)[C@H]1CCCN1C(=O)c1ccn(-c2ccc(F)cc2F)n1,0.0006546067025476962
COC(=O)c1c(C(=O)N[C@H]2C[C@H](CNC(=O)C3(C)CC3)C2)n[nH]c1C,0.11847029725365128
COC(=O)c1n[nH]c(NC(=O)NC2(CO)CCCC2)c1C,0.000392331259386952
COC(C)c1cn(CCCN(C(=O)C2CC2C2CC2)C2CC2)nn1,0.0011539046036037224
COC1[C@H]2CCN(C(=O)Nc3sc(C)nc3C)C[C@H]21,0.19947763172310712
COCC(Cc1ccccc1)NC(=O)Nc1ncc2c(n1)CCOC2,0.0005704387937174818
COCC1(CC(=O)N2CC(C)(C)CC2CO)CCOCC1,0.33231384606812575
COCC1(N(C)CC(O)C(F)(F)F)CN(C(=O)OC(C)(C)C)C1,0.0006753838209211454
COCCC(=O)NCC1CC(C)(C)CN1c1ncc(O)cn1,0.0010762867806137927
COCCc1cc(NC(=O)C(C)Cc2c(C)noc2C)n(C)n1,0.0006871742594596425
COCc1cc(NC(=O)NC2CCn3nccc3C2)ccc1Cl,0.0009434097208405133
COc1cc(C)ncc1CN1CC(C2CCCC2)CCC1C(=O)O,0.0008670676016448317
COc1ccc(Cl)c(CN2CCC(N)(C(N)=O)CC2)c1,0.0003988497552817553
COc1ccc2cc(C(C)NC(=O)C3(N)CCOCC3F)ccc2c1,0.0006809343187747828
Cc1[nH]ncc1C(=O)NCC1CN(C(=O)c2ncc(F)cn2)C1,0.14437247434535505
Cc1c(C(=O)NC(C)CNC(=O)[C@H]2C[C@@H](O)C2)c(C(F)F)nn1C,0.00045522417093889173
Cc1c(CC(=O)Nc2nccnc2C)nnn1CC,0.00039135609125060114
Cc1cc(C)cc(C(=O)N2CCC[C@@H]2CNc2nccnc2F)c1,0.0010910010707519595
Cc1cc(N)nc(N2C[C@H]3[C@H](C)[C@H]3C2)c1C(=O)OC(C)(C)C,0.1744874664924982
Cc1cccc(C)c1-n1nnnc1COC(=O)CC(C)(C(F)F)N(C)C,0.0006294174091781775
Cc1ccoc1C(=O)N1C[C@H](C)[C@H](NC(=O)c2ccc(=O)[nH]c2)C1,0.00035460475474591925
Cc1n[nH]c(C)c1CC(C)C(=O)N1CCN(C(=O)c2ccno2)C[C@@H]1C,0.0004572725358694128
Cc1nc(N)nc(N[C@H]2CC[C@H](NC(=O)CCCC(C)O)CC2)n1,0.13896372684230776
Cc1nc(N)nc(NC[C@H]2C[C@H](NC(=O)CNC(=O)c3ccco3)C2)n1,0.24046223388498816
Cc1nccc(NC2CCCCC2CNC(=O)C2CN(C)CCO2)n1,0.0007617344990560816
Cc1nccn1-c1cc(C(=O)N2CC3CC(O)C3C2)ccn1,0.2648105490576255
Cc1nn(C[C@@H](C)O)c(C)c1C(=O)Nc1cccc(C2(N)CC2)c1,0.001125865643089317
Cc1nn(C(C)C)c(C)c1CC(=O)N1CC(c2cc(=O)[nH]n2)C1,0.0
Cc1nn(C)c(C)c1C(C)NC(=O)C1CCCN1C(=O)OC(C)C,0.0005275514082462395
Cc1nn(Cc2ccccc2)c(C)c1CNC(=O)NC1CSC1,0.0006360258080802186
Cc1nnnn1CC(=O)N1CCCCC(NC(=O)c2cccn2C)C1,0.0002640142505435375
Cc1noc(CCNC(=O)c2scnc2C(F)(F)F)n1,0.000479681754378287
Cc1nonc1CC(=O)NC(C)(CNC(=O)c1cnnn1C)C1CC1,0.00020713622223962768
Cn1c(C(=O)NC2CCC(c3ccccc3)C2)cnc1Cl,0.0006149491513111102
Cn1c(CC2CC2)nnc1N1CCC[C@@H](C(F)(F)F)C1,0.0004044118884697106
Cn1cc(CC(=O)N2CC(NC(=O)CN3CCOCC3)C2)c2ccccc21,0.17372623156860337
Cn1cc(CCC(=O)NCC2(C)CCCN2C(=O)c2cocn2)nn1,0.00044114896018270205
Cn1cc(N2CC(NC(=O)CC3(C#N)CCC3)CC2=O)cn1,0.0003312971965649697
Cn1ccnc1CCC(=O)N1CCC(NC(=O)C2COC(=O)N2)C1,0.0002857977308123232
Cn1nc2c(c1C(=O)N1CC3CC(NC(=O)CO)CC3C1)CCCC2,0.0004953902779783267
Cn1nccc1CC(=O)N[C@H]1CCN(Cc2ccc3c(c2)CCO3)C1,0.0006565794787871155
N#Cc1cc(C(=O)NC[C@H]2C[C@H](NC(=O)c3cocn3)C2)co1,0.44354902856745354
N#Cc1csc(C(=O)NC2CCN(C(=O)C34CCC(CO3)C4)C2)c1,0.532369086022955
N#Cc1ncn2ccc(C(=O)NC3CC(C4CCC4)C3)c12,0.0
NC(=O)Cc1ccccc1NC(=O)CC1(n2cnnn2)CCOCC1,0.2889296146206933
O=C(C1CC2CCCC21)N(CCO)Cc1ccccc1,0.00026314673638734804
O=C(C1CCN1C1CCCC1)N1CCC(C(F)(F)CO)C1,0.0011319415825204065
O=C(CC1(O)CC1)N[C@@H]1CCCN(c2ncccn2)C1,0.0002448369911488589
O=C(CCN1CCOC1=O)NCC1CCN1C(=O)CCC1CCC1,0.1853655453572577
O=C(CO)N[C@H]1C[C@H](NC(=O)[C@@H](O)Cc2ccccc2)C1,0.00023275940534595575
O=C(Cc1cnsc1)NC1CCN(C(=O)CC2(O)CC2)C1,0.00020967490139668808
O=C(NC1CC(=O)N(C2CN(C(=O)c3ccc(=O)[nH]c3)C2)C1)c1cc[nH]c1,0.00015350394126220873
O=C(NC1CC1)C(Oc1ccc(F)cc1)c1ccc(F)cc1,0.44971429108807737
O=C(NC1CCN(c2nccc(CO)n2)C1)c1ccnc2c1CCC2,0.00033285278185455936
O=C(NC1COC2(CCCC2)C1)c1sccc1F,0.0004942037017452933
O=C(NCC(O)c1ccccc1)NC1CC(O)C12CCC2,0.0003704902409923703
O=C(NCC1(C2(O)CCC2)CC1)Nc1ccnn1C(C1CC1)C1CC1,0.0007139435736175872
O=C(NCC1CC(C(F)F)C1)N1CCC(CCO)C1,0.00027893800343615214
O=C(NCc1ccn2cnnc2c1)C1(C2CCNCC2)CCOCC1,0.0005769436366014727
O=C(Nc1ccn(-c2ccc(Cl)cc2Cl)n1)[C@@H]1C[C@@H](O)CN1,0.0010347350527367127
O=C(Nc1nc(C2CC2)nn1-c1ccccc1)C1(CO)CCNC1,0.0005984146048197482
O=C(O)c1cnc2n(CC(=O)N3C[C@@]4(F)CCC[C@@H]4C3)c(=O)[nH]c2c1,0.0004334222783607608
O=C(OCC(F)F)C1CCCN(c2nccc3ccccc23)C1,0.47227417983433506
O=C(c1c(F)cccc1Cl)N1CC2CCCC(O)C2C1,0.21555732774851577
O=C(c1coc(-c2ccccc2)n1)N1CCC(O)(C2CC2)C1,0.7673742017275744
O=C1CC[C@@H](CNC(=O)NCCN(c2ccccc2F)c2ccccc2)N1,0.0011417512334914426
O=C1CC2(CN1)CC(NC(=O)c1ccc3nccnc3n1)C2,0.22835817016739904
O=C1CCC(C(F)(F)F)C(C(=O)Nc2cnn(CC(F)F)c2)C1,0.0009315955820642535
O=C1OCCN1CCS(=O)(=O)NC1CNCCC1(F)F,0.00029199233894004924
O=S(=O)(c1cccc(C2OCCO2)c1)N1CCC(F)CC1,0.000365518410582017
C[C@@H](C(=O)NC1CN(C(=O)COC(F)F)C2(CCOCC2)C1)N(C)C,0.21732692220320768
C[C@@H](Cn1cc(C2(C)CCCO2)nn1)NC(=O)C1CC2CCCC21,0.0010445853076534166
C[C@@H]1CN(C(=O)Cc2ccccc2O)CCN1C(=O)c1cnn(C)n1,0.00034891340193626103
C[C@H](NC(=O)c1ncnc2c1CCC2)C1CN(c2ccnc(Cl)n2)C1,0.000858225519519915
CC[C@@H]1CCO[C@@H]1C(=O)N(C)C1CS(=O)(=O)c2ccc(Cl)cc21,0.0005273034708898057
CC(=O)N1CC(C(=O)N(C)CCNC(=O)C23CCCC2CC3)C1,0.2022712642919349
CC(=O)N1CCN(S(=O)(=O)CC2(C#N)CCCNC2)CC1(C)C,0.3956971136342761
CC(=O)c1cc(C(=O)N2CCN(C)C(CNC(=O)C(C)C3CC3)C2)no1,0.0004277016647521189
CC(C(=O)N1CCN(C(=O)CCc2cc3ccccc3o2)CC1)C1CC1,0.001087744442852354
CC(C(=O)NC1CCN(c2cccnn2)CC1)C(F)(F)F,0.0005130878955505917
CC(C)(C)OC(=O)[C@H]1C[C@@H](O)CN1Cc1ccc(C2CC2)cc1,0.00039333352553021114
CC(C)(NC(=O)c1csc(=O)[nH]1)c1cn([C@@H]2CCOC2)nn1,0.000318104343386603
CC(C)(Oc1cccc(Cl)c1)C(=O)N1CC(CC(F)F)C1,0.0006808459955191746
CC(C)(F)C(=O)NC1(CNC(=O)C(c2cccnc2)c2ccccc2)C1,0.0
CC(C)C[C@@H](CS(C)(=O)=O)NC(=O)C(N)C1(C)CC1,0.0005751812993328441
CC(C)C(C)CC(=O)N1CCC(C)(CNC(=O)c2csc(N)n2)C1,0.31372816852439844
CC(C)C1(C)CC1NC(=O)N1CCCC(S(=O)(=O)N2CCCC2)C1,0.2100132466623803
CC(C)CC(C(=O)N1CCC1CNC(=O)c1cnoc1)n1ccnc1,0.001069024160768029
CC(C1CC1)N(C)c1nnc(C[C@@H]2CCCNC2=O)n1C,0.00025258482228071225
CC(CC(=O)N(C)CC(O)CN(C)C(=O)c1nnn(C)n1)CC(C)(C)C,0.00045954168754226845
CC(CCNC(=O)C1(C)CC1)N(C)C(=O)C1CCN(C)CC1,0.000399429832157083
CC(CN1CCOC1=O)NC(=O)CC1(O)CCC(O)CC1,0.0002162798507387317
CC(CNC(=O)C1CCC1)CN(C)C(=O)C1CC12CCOCC2,0.0002933758309403163
CC(Cc1ccnn1C)C(=O)N1[C@@H](C)CCC[C@H]1C(=O)NC1CC1,0.0003511450849398418
CC(Cn1cc(COC2CCCNC2)nn1)NC(=O)COCC1CC1,0.00045082180509324675
CC1(C(=O)NCCn2cc(C3(O)COC3)nn2)CC2(CC2)C1,0.00037214788713678046
CC1(C)C2CNC(C2)C1C(=O)NCC1COc2ccccc2O1,0.00044721096866451364
CC1=C(C(=O)NC2CN(C(=O)CC3SC4=NCC4S3)C2)CCCC1,0.2787513510029667
CC1CC(C(=O)N2CC[C@H](NC(=O)[C@H]3CCCC(=O)N3)C2)CCO1,0.21820045236753846
CC1CC(C(=O)N2CCC(NC(=O)C3CC(C)(C)C3)C2(C)C)C1,0.1310234950301083
CC1CC(C)(C(=O)N2CCC3(CCCCN(C(=O)C(F)F)C3)C2)C1,0.0004291279487445946
CC1CC(NC(=O)[C@H]2C[C@@H]2C)CN1C(=O)CC1CCSCC1,0.0005067626244758857
CC1CN(C)CC(C(=O)N2CCN(Cc3cnsn3)C[C@H]2C)O1,0.00034551336713224294
CC1CN(S(=O)(=O)C2CCN(CCC(F)(F)F)C2)CCO1,0.00034525081863186826
CC=C1CCC(C(=O)NCC(C)NC(=O)c2cn(C)c(=O)n2C)C1,0.00039866860463025756
CCC(CO)C(=O)N1CCC2(NC(=O)c3cn[nH]c(=O)c3)CCCC12,0.0002253736697229885
CCC(CO)C(=O)Nc1cccc(N(C)C(=O)c2ccccc2C)c1,0.0012789900074880575
CCC1(C(=O)NCC2(C)CCN(C(=O)Cc3cn(C)nn3)CC2)CC1,0.00029006313101374306
CCC1(CNC(=O)NCC2CCC(O)C2)CCOCC1,0.0003683575394486792
CCN(C(=O)N1CC(NS(=O)(=O)c2ccc(C)cc2)C1)C(C)C,0.0003899697079014671
CCN(CCNC(=O)Cn1nnc(C)n1)C(=O)Cn1nnc(C)n1,0.00017066358211122407
CCN1CC(NC(=O)c2cc(Cl)ccc2OC(F)F)C1,0.000551532425192816
CCOC1(C)CN(C(=O)c2sc(-c3nccn3C)nc2C)C1,0.49929943742728766
CCOCc1ccc(NC(=O)NC2CC(C(=O)OC)C2)cc1,0.0009992276914709266
CCOc1cc(C(=O)NC(C)CCNC(=O)c2csnn2)n[nH]1,0.00036248372290311034
CCOc1ccc(N(C)C(=O)[C@@H]2OCCO[C@@H]2COC)cc1,0.000493446406088987
CCOc1ccccc1NC(=O)N1CCCC2(CC2C(=O)OC)C1,0.001024952783424988
CCc1ccc(C(=O)NCC2CNC3(CCC3)CO2)nc1,0.00020867246063234113
CCc1ccc(CNC(=O)CN2CCCC3(CCC(=O)NC3)C2)s1,0.0005705942737252445
CCc1cccc2c(CCNC3COC(C)C3)c[nH]c12,0.0006346227609575528
CCc1ncc(C(=O)NC2CCC(Nc3nc(C)ns3)CC2)s1,0.0005100902782423067
CCn1c(C(=O)N(CCC(=O)O)CCCN(C)C)cnc1O,0.0005281024541439895
CCn1ccc(CC(=O)N[C@H]2CCN(C(=O)CCc3cnoc3)C2)n1,0.00032016828668560686
CN(C[C@@H]1CCCN1c1ncccn1)C(=O)c1cnccc1O,0.0010671156565884405
CN(C)CC(O)CC(=O)NC(CNC(=O)c1ccoc1)c1ccccc1,0.0002810389572996015
CN(C)CCCC(=O)N[C@H]1CCCN(c2ncnc3scnc23)C1,0.0006440652169431147
CN(CC(=O)NC[C@@H]1CCCN1c1ncccn1)Cc1ccccc1,0.0006261583561202837
CN1C[C@@H](NC(=O)c2ccc3c(c2)C(=O)OC3)[C@H](c2cncn2C)C1,0.3154269182311504
CNC(=O)Cc1cccc(NC(=O)c2cccc(C(=O)OC)n2)c1,0.0003683622445354838
COC[C@@H]1C[C@H]1n1nnnc1N1CCc2c(C(=O)OC)cccc2C1,0.001196654409374178
COC(=O)[C@@H]1CCC[C@@H]1NC(=O)c1ccnc(-n2ccnc2C)c1,0.0013798784645322542
COC(=O)N1CCN(C(=O)NC(C)Cn2cccn2)C[C@@H]1C,0.00027680277024187135
COC(=O)c1ccc(NC(=O)N2CC[C@@H](C)C2)c2cccnc12,0.5642284081867971
COC(=O)c1cnc(CNC(=O)[C@@H]2CCC[C@H](OC(F)(F)F)C2)[nH]1,0.0005109383387397315
COC(C(=O)Nc1ccnc(-n2cccn2)c1)C1CCOC1,0.001026526640835119
COC(C1CC1)C(C)NS(=O)(=O)c1ccc(C(N)=O)cc1,0.00039986182840958805
COC1(CC(=O)N[C@H]2C[C@H](NC(=O)CSc3ccccc3)C2)CC1,0.12378198482698048
COC1(CC(=O)NCCn2cc(C3(F)COC3)nn2)CC1,0.0001839389279291617
COCC(=O)NCC(=O)N(C)CC(C)c1ccc(OC)cc1,0.0004588727745575864
COCC(=O)NCC(NC(=O)c1ccc(C)c(F)c1F)C(C)C,0.0004451838103906815
COCC(C)(CCO)NC(=O)NC1CCSc2ccccc21,0.0004995782737485697
COCC(O)C(=O)N1CCN(C(=O)CCC2CC2)C[C@@H]1C,0.0003125222901821731
COCC1(CC(=O)NCC2(NC(=O)c3cccc(=O)[nH]3)CCC2)CC1,0.00019846700127747232
COCCC(=O)N[C@H](C)CNC(=O)CCCN(C)C(C)=O,0.00030824940700938845
COCCc1cc(NC(=O)NCn2cccn(C)c2=O)c(C)s1,0.0
COCc1cc(C(=O)N2CC(C)C(NC(=O)c3ccon3)C2)no1,0.0003607054766729049
COc1cc(NC(C)(C)CN(C)C(=O)C(F)(F)CC(C)C)ncn1,0.0014365310379580879
COc1ccc(C(=O)N2CCC[C@@H]2CCNC(=O)C2(CF)CC2)cn1,0.0005709153394349977
COc1ccc(C(=O)OCc2ccc(C#N)cc2)c(OC)c1,0.0006774122330970436
COc1ccc(C(C)NC(=O)C2(O)C3CCCCC32)cn1,0.2050326082264772
COc1cccc(C(=O)N2CCC(Nc3ncc(C)cn3)C(F)C2)c1,0.0010481839038462653
COc1ccnc(CC(=O)NC2(C)CCN(Cc3nncs3)CC2)c1,0.00034794146877554236
COc1cnc(C2(NC(=O)CC3(OC)CCOCC3)CCCC2)[nH]c1=O,0.00034597254720818225
CSCC(=O)NC1CCN(C(=O)CCc2ccc(N)cn2)CC1,0.0002756226402821674
CSCCC(=O)N[C@@H](C)CCNC(=O)c1cnn(C(C)C)c1C,0.0006186634770061712
Cc1[nH]cnc1CC(=O)NCC(C)NC(=O)C12CCCN1CCC2,0.12425032992319564
Cc1[nH]ncc1C(=O)N[C@@H](C)C1CCN(CC=CCl)CC1,0.000566337789053501
Cc1cc(=O)cc(C(=O)N[C@H]2[C@@H]3CN(c4ncc(O)cn4)C[C@@H]32)n1,0.0
Cc1cc(C(=O)N[C@@H](C)C2CN(C(=O)Cc3occc3C)C2)nnc1C,0.22670209676480493
Cc1cc(C(=O)NC(C)CNC(=O)CCC2(C)CC2)c2c(C)n[nH]c2n1,0.24904211076006946
Cc1cc(C(=O)NC2COCCN(C(=O)CCc3ncc[nH]3)C2)no1,0.00023227413350494975
Cc1cc(CNC(=O)NC(C)(C(=O)O)C2CC2)cs1,0.0006488214226763125
Cc1cc2c(cc1C)N(C(=O)N(C)c1cccn1C)CC2,0.001763865355944822
Cc1ccc(C2=NOC(CCOC(=O)CCCC(=O)N(C)C)C2)cc1,0.0005716263056196466
Cc1ccc(CCNC(=O)NCC2CCC(F)(F)C2)cn1,0.0005005506996896143
Cc1ccncc1C(C)NC(=O)CNC(=O)Nc1ccc(F)cc1,0.0006075351292995918
Cc1ccnn1CC(=O)N(C)CC1CN(C(=O)CNc2ncccn2)C1,0.3807479111703923
Cc1cnccc1CNC(=O)NCc1ccc(CN2CCCC2)cc1,0.000479822425453809
Cc1conc1C(=O)N1CCC(C(C)Nc2cc(O)ncn2)C1,0.0008385191901340525
Cc1csc2ncc(C(=O)N[C@H](C)CNC(=O)C(C)C(C)C)c(=O)n12,0.0004602742253972792
Cc1nc(C(=O)Nc2cc(Cl)ccn2)n2c1CCC2,0.0005352070925564184
Cc1nc(CCNC(=O)C(F)(F)c2ncccc2C)c[nH]1,0.0003194052604135067
Cc1nn(-c2cccnc2)nc1NC(=O)NC1=NOCC1,0.24739716421377714
Cn1cc(C2CSCCN2C(=O)NCc2cn(C)nn2)cn1,0.000292532015563066
Cn1cc(Cl)c(C(=O)N(CCNC(=O)[C@@H]2CCCO2)C2CC2)n1,0.000637852118426904
Cn1ccc(C(F)(F)C(=O)N[C@@H]2CCN(C[C@@H](O)CO)C2)n1,0.00024952982175801733
N#Cc1ccc(N[C@H]2C[C@@H](CNC(=O)CC34CCC(CC3)C4)C2)nc1,0.8454359480956719
N#Cc1ccoc1S(=O)(=O)NC(=O)c1ccc(CC2CC2)cc1,0.0014125379440682007
N#Cc1cncc(NCCn2ncc(Br)c2N)n1,0.0010195964186575336
NCc1ocnc1C(=O)N1CCCC(C(=O)N2CCCCC2)C1,0.0005070370884075257
O=C(CC1CCCC2(CCC2)O1)N1CCC(N2CCCOC2=O)CC1,0.0014710751998632358
O=C(CCC(F)(F)F)NCC1CCN1CCOc1cccc(F)c1,0.0005076514733520486
O=C(CCF)N[C@H]1CC[C@H](CNC(=O)[C@@H]2C[C@@H]3C[C@@H]3C2)CC1,0.00042631172590664644
O=C(CN1CCOCC1)NC1CCC2CC1CN2C(=O)c1cscn1,0.00041250039781943223
O=C(COC(F)F)NCC1(NC(=O)c2cn[nH]c2C2CCC2)CC1,0.0005624415502619649
O=C(Cc1cn2cc(Cl)cc(Cl)c2n1)N[C@H]1C[C@H]1CO,0.0005518805550662433
O=C(Cn1ccnn1)NC[C@@H]1CCCN1C(=O)c1ccno1,0.0001358600944684966
O=C(NC[C@@H]1[C@H](C(=O)O)C1(F)F)c1ccncc1Cl,0.15905336627994185
O=C(NC1=NCC(=O)N1)c1[nH]ncc1-c1ccncc1,0.18552455606470053
O=C(NC1CN(CCF)CC1n1cccn1)c1cc(CC2CC2)cs1,0.0004293214516653717
O=C(NCC(O)(CO)CO)c1cccc2[nH]cc(Cl)c12,0.0003087802403313204
O=C(NCc1nc(C(F)F)no1)C(=O)N1Cc2ccccc2C1=O,0.00025804416397771495
O=C(Nc1ccn(C(F)F)n1)c1cnn(CCO)c1Cl,0.0005998995565879774
O=C(Nc1nc(-c2cccnc2)cs1)C1(C2(O)CCNCC2)CCC1,0.001246381387941299
O=C(c1cnn(C2CC2(F)F)c1)N1CC2CCC(C1)O2,0.0006687790934052666
O=C1N[C@]2(CO1)C[C@H](C(=O)NC1CCN(C3CCC3)C1=O)C2,0.11104084041061622
O=C1NCc2c(NCC(CO)Cc3ccc(Cl)cc3)cccc21,0.001470658055419348
O=S(Cc1nnc(N2CCOCC2)o1)Cc1cc(C2CC2)no1,0.0002783549644293176
C[C@@H](CNC(=O)c1ccc(-c2cnnn2C)cc1)NC(=O)[C@H]1CCCO1,0.0007034859435142561
C[C@@H](O)C(=O)N(C)C1CCC(NC(=O)C2(C3CCC3)CC2(F)F)CC1,0.5166111721164728
C[C@@H](OC(=O)C1(C)CCOCC1)C(=O)N1Cc2ccccc2C1,0.0005482828252564429
C[C@@H]1CCO[C@@H]1C(=O)N1C2CCC1CS(=O)(=O)C2,0.0003827803729010032
C[C@@H]1CN(C(=O)c2nc(Cl)cs2)C[C@@H]1NC(=O)C(C)(C)O,0.0004970881350638841
C[C@H](C(=O)N(C)CC1CN(c2ccnc(Cl)n2)C1)c1ccccc1,0.7039266856772054
CC(=O)N[C@H](C(=O)O[C@H]1C[C@H](C)Oc2ccccc21)C(C)(C)C,0.0005464880131668975
CC(=O)N1CC(C(=O)N2CC(CNC(=O)CSC(C)(C)C)C2)C1,0.10308567056020364
CC(=O)N1CCCC(C2CCN(C(=O)C3Cc4ccc(F)cc43)C2)C1,0.0005982785636119136
CC(=O)c1cc(C(=O)NC(C)CNC(=O)c2ccon2)c(C)o1,0.16309100617962363
CC(C(=O)NCC(=O)c1ccccc1F)c1ccc(C#N)cc1,0.24366557545210055
CC(C)(C)c1ccc(C(=O)N2CC[C@@H](O)[C@@H](F)C2)cc1Cl,0.0005751858511922042
CC(C)(O)CC(=O)NCC(O)CNC(=O)CCc1ccccn1,0.000237867240325005
CC(C)C(=O)N1CC2(CCN(Cc3cccc(C(F)F)c3)CC2)C1,0.0004499906667716776
CC(C)C(F)C(=O)NC1(CNC(=O)c2ccc(=O)n(C)c2)CCC1,0.0003229439938500788
CC(C)CCCC(=O)N[C@H](C)C1CN(C(=O)C(C)(C)c2nccs2)C1,0.00036385426434207345
CC(C)CCN(C(=O)NC1C(C)(C)C(O)C1(C)C)C1CC1,0.0005112770073486765
CC(C)CN1CCC(CNC(=O)CCc2ccc(C#N)cc2)C1,0.0013307152441693272
CC(C)CNC(=O)CCCc1nc(C(C)(C)SCC(C)O)no1,0.00041857696869939765
CC(C)N1C(=O)C[C@H](C(=O)N2CC(C)(c3nn[nH]n3)C2)[C@H]1c1ccccc1,0.16992482584195456
CC(C)c1c[nH]nc1C(=O)N1CCN(Cc2cnn(C)n2)C[C@@H]1C,0.0004899345863481071
CC(C)c1nc(C(=O)OC2CCC(=O)c3cccn32)cs1,0.2536726181938812
CC(CCNC(=O)C1COC(=O)O1)NC(=O)c1cncc(F)c1,0.0002580505812711111
CC(CN(C)c1nnc(C2CC2)o1)NC(=O)C(C)(C)c1nc[nH]n1,0.14499185573271203
CC(CNC(=O)C(C)(O)c1ccc(Br)cc1)C(F)F,0.0005372071901433387
CC(CNC(=O)c1ccc(F)cc1)N(C)C(=O)C(F)F,0.0004253140554231621
CC(N)c1cn(C2CCN(C(=O)C3(C#N)CCC3)C2)nn1,0.0005756267666669496
CC(NC(=O)c1ccc(NC(N)=O)cc1)C1CC1(C)C,0.0010971632712513302
CC(O)C1CCCCN1CCC12CCCN1CCOC2,0.00037616361283059513
CC1(C)C[C@@H]1C(=O)NCC1CN(C(=O)C2CCOC2)CCC1(C)C,0.0003760813044873644
CC1(C)N[C@@H](Cn2cnc3sc(Br)cc23)CO1,0.41148675710815347
CC1(F)CC2(CN(C(=O)c3cn(CCN4CCOCC4)nn3)C2)C1,0.00041024653181385724
CC1CC(C)(C(=O)N2CCN(C(=O)c3[nH]ncc3C#N)C(C)C2)C1,0.5840121133290028
CC1CC(C)CN(C(=O)N2CCCN3c4ccccc4[C@@H]C[C@H]3C2)C1,0.0009793701930227055
CC1CC1CC(=O)N1CC(C)(NC(=O)Cc2cnns2)C1,0.00030180482996715726
CC1CCN(C(C)C(=O)N2CCC3OCCCC3C2)CCO1,0.00040650689109491124
CC1COCC1NC(=O)N1CC(C)n2ncc(Br)c2C1,0.0008123884815917982
CC1SCCC1NC(=O)CNC(=O)c1ccc(C#N)cc1,0.00043877517933137356
CCC(C)C(C)C(=O)N(C)CC1CCCN1C(=O)c1cccnc1O,0.3166718712236173
CCC1(C(=O)NC2CC(CNC(=O)c3nc(Cl)cs3)C2)COC1,0.00042041864487701175
CCC1(O)CCN(C(=O)Nc2cnn(C3COC3)c2)CC1,0.0005973885165231227
CCC1=NOC(C(=O)N2CCN(C(=O)c3cocn3)C[C@H]2C)C1,0.00047758106973391
CCCC(O)CC(=O)N1CCCC(NC(=O)c2cc(Cl)c[nH]2)C1,0.00042336878378860767
CCCN(CC(F)F)C(=O)c1nn(-c2ccc(F)cc2)ccc1=O,0.0006605231169711265
CCCN(CCNC(=O)c1cn(C)nn1)c1ncncc1C,0.0009257825589254209
CCCOc1ncccc1CNC(=O)NCc1cnoc1,0.00034960849084620597
CCCS(=O)(=O)Nc1ccc(NC(=O)CC(C)(O)COC)cc1,0.0006422670003972647
CCN(CCNC(=O)[C@@H]1CCOC1)C(=O)c1nsc2ccccc12,0.2960511309742871
CCN(CCNc1nc2cccc(F)c2o1)C(=O)[C@@H]1CCOC1,0.0013449955694857965
CCN(CCNc1ncc(C(C)(C)O)cn1)C(=O)c1ccoc1Cl,0.2295206648403834
CCN1CCC[C@H](NC(=O)CC2(N(C)C(=O)OC(C)(C)C)CC2)C1,0.0005669403230942493
CCN1CCC(N(C)C(=O)c2ccc(NCC(C)(C)C)cn2)CC1,0.0018274904770403334
CCOC(=O)[C@@H]1C[C@H]1CS(=O)(=O)N1C[C@@H]2CO[C@H](C1)[C@@H]2O,0.0001370754447822647
CCOC(=O)c1[nH]c(C)c(C(=O)CN2CC[C@@H]3[C@@H](CCCN3C)C2)c1C,0.2181599120640459
CCOc1ccc(NC(=O)N2CCN(c3ccccn3)CC2)cn1,0.3810406957259768
CCOc1nc(C(=O)N(C)CCNC(=O)C2(NC(N)=O)CC2)co1,0.0003431774194206427
CCc1cc(N2C[C@H]3[C@H](NC(=O)C4CCS(=O)(=O)C4)[C@H]3C2)ncn1,0.0005284412670841686
CCc1nnc(SC[C@](C)(O)C(F)(F)F)o1,0.0004203741007107358
CCc1oc(C)cc1C(=O)NCC1CCN1C(=O)C1(CC)CCC1,0.0006375315984351124
CCn1cc(S(=O)(=O)NC(=O)c2cc(C3CC3)ccn2)nc1C,0.0003508721777954879
CCn1cc(Cl)cc1C(=O)N1CC(CNc2nccnc2C#N)C1,0.0015535586394281365
CN(C(=O)C1(CF)CC1)C1CCCN(C(=O)CC2(O)CCCC2)CC1,0.0005706538535590962
CN(C(=O)OC(C)(C)C)c1cccc(NC(=O)N2CC3(COC3)C2)c1,0.8089604877656908
CN(C(=O)c1ccc2nc(N)oc2c1)[C@H]1C[C@H](CO)C1,0.47428163784259036
CN(C)C(=O)C(NC(=O)N[C@H]1C[C@H](CO)C1)c1ccccc1,0.0003623420708734891
CN(CCNC(=O)COc1ccccc1F)Cc1cccc(F)c1,0.0005860292457578333
CN(CCn1ccnc1)C(=O)N1CCC(=C(F)F)CC1,0.0007961010304820436
CNS(=O)(=O)c1cc(C(=O)NC(C)C2(OC)CCC2)c(C)o1,0.00039122001359793805
CNS(=O)(=O)c1ccc(CNCC(C)(CO)CO)s1,0.00039818859279965334
CO[C@@H]1CCOC[C@H]1NC(=O)N1CCCc2ccccc21,0.0008379459017583991
COC(=O)C1CC2CC1CC2NCC(=O)N1CCOCC1,0.0002842199590382669
COC(=O)c1ccc(C(=O)NC2c3ccccc3OC2C)[nH]1,0.0005105283921209301
COC(=O)c1ccc(C(C)NCC(C)(C)CCCO)o1,0.0009679346053892354
COC(=O)c1ccc(N[C@@H](CO)[C@@H](C)OC)c2ccccc12,0.49728509091191575
COC1(CC(=O)NCC2(O)CN(Cc3ncc(C4CC4)o3)C2)CCC1,0.08036417513295634
COC1(CN2C(=O)CCN(CCc3cncs3)C2=O)CCOC1,0.00037943975493335354
COC1CC(N(C)C(=O)c2cc(N3CCCCC3)ccn2)C1,0.23719269300279602
COCC1(C#N)CCN(C(=O)Cc2cccc3cccnc23)CC1,0.8002793898060285
COCc1cc(C(=O)N2CCC2c2cn(C3CC3)nn2)on1,0.0003466112093942327
COc1cc(C2(CC(=O)N3CCCC(CCO)C3)CC2)ccc1C,0.0005441249278231024
COc1ccc(C(=O)N(C)CC(O)Cc2cccc(OC)c2)nc1,0.0004553826745161148
COc1ccc2c(c1)nc(CNC(=O)N(C)C(C)C(N)=O)n2C,0.0005283396638382799
COc1cccc(N(C)C(=O)N2C[C@@H](OC)C[C@@H]2C(N)=O)c1,0.00039865828164136873
COc1ccnc(C(=O)NC(C)CC2CN(C(=O)C(C)SC)C2)c1,0.00033533880382522006
COc1nc(Cl)cc(NC[C@@H](C)NC(=O)CC2CCC(=O)N2)n1,0.0006340414657310085
CSc1nsc(N2CC[C@H](NC(=O)C34CCCN(CC3)C4)C2)n1,0.41272777085251827
Cc1cc(C#N)cc(C)c1CC(=O)NC(C)CN(C)C(=O)C1CC1C,0.0006136048332850087
Cc1cc(C#N)nc(NC2(CNC(=O)COC3OCCC3(C)C)CC2)n1,0.5105718276049265
Cc1cc(C)c(C#N)c(NC(Cc2nccs2)C(=O)O)n1,0.0014621524970429645
Cc1cc(NC2CCN(C(=O)c3nccnc3C(N)=O)C2(C)C)ncn1,0.27916191104905014
Cc1ccc(C#N)c(N2CCC(C)C(NC(=O)c3cccn3C)C2)n1,0.6660674604349632
Cc1ccc(C(=O)NC2CC(C)N(C(=O)[C@@H]3C[C@H]3C)C2)c(O)c1C,0.0003740806191891576
Cc1ccc(O)c(C(=O)N(C)C[C@@H]2CCCCN2C(=O)CN2CCC2)c1,0.0005853173840368203
Cc1ccnc(C(=O)N2CC(O)(C(C)NC(=O)c3c(C)coc3C)C2)n1,0.16869787543204895
Cc1ccnc(N2C3CCC23CNC(=O)Cn2cccnc2=O)n1,0.00041007695925875614
Cc1cn2c(=O)c(CCN[C@@H]3[C@H](C(=O)O)[C@H]4CCCC[C@H]43)cnc2s1,0.0009096203443620511
Cc1cnc(CN2CC(=O)NCCS2(=O)=O)nc1,0.0002818732597123317
Cc1cnoc1C(=O)N[C@H]1C[C@@H](NC(=O)C(C)Oc2ccccc2)C1,0.0005016764324957118
Cc1n[nH]c(CC(=O)NCC2CC3CCC2N(c2nnn(C)n2)C3)n1,0.0002558876710344934
Cc1nc(O)ccc1C(=O)N1[C@H](CO)C[C@@H]2CCC[C@@H]21,0.0004897542597088807
Cc1ncc(C)c(N2CC(CNC(=O)c3ccno3)OC(C)(C)C2)n1,0.0006197874537465955
Cc1nccc(N2CCCC23CCN(C(=O)c2ncc[nH]2)C3)n1,0.0008424728391067329
Cc1nccc(NC2CC3(C2)CN(C(=O)c2cccc(C(F)F)n2)C3)n1,0.0009794549600190227
Cc1ncoc1C(=O)NCC1CN(C(=O)CC2CCCOC2)CC1C,0.00034115441610547194
Cc1noc(C)c1CCC(=O)N1CCC12CC(C(F)F)C2,0.0003935397900760127
Cn1cc(OCC(=O)N2CCC(Oc3cc(F)cc(F)c3)CC2)cn1,0.0006986278618553839
Cn1ncc(C(=O)N[C@H]2C[C@H](CNC(=O)COc3ccon3)C2)c1N,0.00047344440326365386
Cn1nccc1CC1CCN(C(=O)c2cnc3n2CCOC3)C1,0.0005498124511892026
N#Cc1cc(Cl)nnc1N1CCC(N2CCCC2)C1,0.0013887211275917242
N#Cc1ccc(C(=O)N2CCCC(C3(NC(=O)CO)CC3)C2)c(=O)[nH]1,0.326487572301325
NC(=O)C12CC(COC1)N(C(=O)NCC1C(F)(F)(F)C13CCCC3)C2,0.0
O=C(COC1CC1)NC[C@H]1C[C@H](NC(=O)c2ccc(Cl)s2)C1,0.00036999016974333733
O=C(N1C[C@@H](CO)[C@@H](CO)C1)C1(F)CC2(CCC2)C1,0.0003395178799217375
O=C(NC1CC(CNc2nnc(C3CC3)o2)C1)[C@@H](O)c1ccccc1,0.001330208771453764
O=C(NC1CCC12CCCC2)[C@@H]1OC[C@@H]2COCC[C@@H]21,0.0011597506615201232
O=C(NCCn1cnn(Cc2ccccc2)c1=O)NC1[C@@H]2COC[C@@H]21,0.00025963650187940034
O=C(NCc1cncnc1)c1cc(CN2CCCC2)on1,0.0002985676469499595
O=C(NCc1cnns1)NCC1(OCCO)CCOC1,0.00018856789335534518
O=C(Nc1ncc(2c(n1)CCOCC2)C1CNC(=O)CC12CCC2,0.0
O=C(O)CC[C@@H](NC(=O)CC1CCCC(C(F)(F)F)O1)C(=O)O,0.0004699737366212477
O=C(O)CC[C@H](NS(=O)(=O)c1cccc(F)c1)C(=O)O,0.00024767778286568
O=C(O)CC(NC(=O)C1(O)CCOC1)c1cccc(Cl)c1,0.00037659157984010796
O=C(OCC1CCCOC1)[C@H]1CSCN1C(=O)OCc1ccccc1,0.0006650204440624204
O=C(c1cccc2c1CCCN2)N1CC(NC2CCOC2)C1,0.0006403120508799638
O=C(c1ccnnc1)N1CC(F)(c2cn([C@@H]3CCOC3)nn2)C1,0.00026847634646633855
O=C1CN(C(=O)CC2(NC(=O)OCc3ccccc3)CCOC2)CN1,0.00022048698465604763
OCC1(NCc2ccnc3[nH]c(Br)cc23)CC1,0.0007345647852064645
Fc1cccnc1Cc1noc(CC2CCOCC2)n1,0.0005419178076763955
C[C@@H](C(=O)NCC(O)CNC(=O)Cc1cnsc1)n1cnnn1,0.0001239028704727117
C[C@@H](NC(=O)COC(F)F)C1CN(c2cccc(F)c2C#N)C1,0.0013352275734478958
C[C@H](CNC(=O)c1cnc(N)o1)NC(=O)c1ccc2c(c1)CCC2,0.2417329628379498
C(=C1CCC(OCCn2cccn2)(c2cncnc2)CC1,0.0
CC[C@H](CC(=O)N1CC2(CCN(C(=O)c3cc(O)no3)CC2)C1)C(C)C,0.22413706422981802
CC(=O)N1CCN(C(=O)c2ccnn2CC2CCC2)[C@@H](C)C1,0.000739239479226733
CC(=O)NC1CCN(CCNC(=O)c2cncc(Cl)c2)CC1,0.14502668633413612
CC(=O)NCC(=O)NCC1(C)CCN(C(=O)c2cncn2C)CC1,0.00019216779805542036
CC(C)(C)C(O)C(=O)NCC1C2CN(C(=O)Cn3cc(N)cn3)CC12,0.0003493162569829292
CC(C)c1ccc(C(=O)N2CCN3C(=O)C(C)CC3C2)c(=O)[nH]1,0.12194291483315357
CC(CC#N)N(C)C(=O)CCNC(=O)c1ccccc1Br,0.0005638292109874628
CC(CC1CCOC1)NCc1nc2cc(Cl)c(F)cc2o1,0.0014010973417456325
CC(CNC(=O)Cn1ccnn1)N(C)C(=O)[C@H](O)C(C)C,0.0001353215037016833
CC(CF)C(=O)NC[C@@H]1CC(C)(C)CN1c1ncnc2[nH]c(=O)ccc12,0.0007266490451240733
CC(NC(=O)COC(=O)CCc1cccn1C)C(=O)N(C)C,0.0003486313347226352
CC(NC(=O)c1cc(CO)[nH]n1)C1CN(C(=O)[C@@H]2CCOC2)CCO1,0.00018068459387110037
CC1(C(=O)N[C@@H]2CCN(c3nccnc3C#N)C2)CS(=O)(=O)C1,0.0007743182760338256
CC1(C(=O)NCC2CCC3(CCOCC3)O2)CC2(CC2)C1,0.0012203819346823669
CC1(C)C[C@@H]1C(=O)NCCN(CCO)Cc1nc(C2CCC2)no1,0.0002374127595764712
CC1(NC(=O)c2ccc(=O)[nH]c2)CCN(C(=O)C2(C(F)F)CC2)C1,0.00034043114119902153
CC1(c2ccc(F)cc2)COCCN1C(=O)C1CC2(C1)CC21CC1,0.0008502879030833885
CC12CC(CCN1CCN1CCCS1(=O)=O)CC(C)(C)C2,0.000494249183712967
CC12CCC(C(=O)NCC3CN(C(=O)[C@H]4C[C@@H](O)C4)CCO3)(CO1)C2,0.0003062278682540313
CC1CC(=O)NC1C(=O)N(C)CCNC(=O)C1(N(C)C)CCCC1,0.1357195860292038
CC1CC(NC(=O)CCn2cnnn2)CN1C(=O)[C@H]1CCC(=O)O1,0.04965909045506037
CC1CC1(C#N)C(=O)NC1CCN(C(=O)CC(C)(C)C2CC2)CC1,0.5419000424110972
CC1CC1C(=O)N1CC([C@@H](C)NC(=O)C2(F)CCCC2)C1,0.0004831622875410319
CC1CC1C(=O)NCCN(C)C(=O)c1n[nH]c(=O)c2ccccc12,0.0005241127287065325
CC1CC2(CCN(C(=O)c3c[nH]nn3)CC2)CN1C(=O)C1CCCO1,0.00047349514851274186
CC1CN(C(=O)C2(C)COC2)CCC1NC(=O)c1cc2occc2[nH]1,0.0007653015136980846
CC1NCCCC1NC(=O)N1CCCC(OCC(F)(F)F)C1,0.0004160762662701453
CCC[C@@H](NC(N)=O)C(=O)NC[C@@H](C)NC(=O)C1CCOC(C)C1,0.00029436888350373115
CCC(C)C(C)C(=O)N(C)C1CCN(C(=O)C2(CF)CCC2)CC1,0.0004767800364253987
CCC(C)CCC(=O)N1CCC[C@H](NC(=O)c2ccc(NC)cn2)C1,0.551425048198815
CCC(CC)C(=O)NC(C)CNC(=O)[C@H]1CCCN1C(C)=O,0.00038587573611851254
CCC(CNC(=O)c1cnn(C2CCC2)c1C)NC(=O)c1ccon1,0.1655637285593818
CCC(NC[C@@H](CO)CC(C)C)c1nc2cc(F)c(OC)cc2[nH]1,0.000734288285265676
CCC(F)C(=O)NC1CC2CCC1(Nc1nc(C(C)C)cc(C)n1)C2,0.0015664477478156296
CCC1(CNC(=O)CC2(S(C)(=O)=O)CCC2)CCC1,0.0011607807791360718
CCC1C(=O)NCCN1C(=O)Nc1nnc2c(c1C#N)CCCC2,0.0012111293848945277
CCC1C(CO)CCN1Cc1csc(-c2cn[nH]c2)n1,0.000759989097040546
CCC1c2ccccc2CCN1C(=O)c1ccn(CCF)n1,0.0005519181899911699
CCCC[C@@H](NC(=O)CCc1ncc(COC)n1C)C(=O)O,0.0002979757750513408
CCCCn1cc(C(=O)NC(CNC(=O)C(C)(C)C#N)C2CC2)nn1,0.0004795291697292599
CCCS(=O)(=O)CC(=O)NCC1CCC1c1ccccc1,0.0004761830324243089
CCN(C(=O)Nc1cc(C(N)=O)n(C)n1)C1COC1,0.0005880967409097508
CCN1CC(C(=O)N[C@@H]2CCN(C(=O)Cc3ccc(C)nc3)C2)CC1=O,0.0002476977098507933
CCOC(=O)c1nc(CN2CCCC3(C2)C(O)CC3O)n2c1CCCC2,0.0005286807832407454
CCOCC1CCN(C(=O)c2cc3c(nn2)CCOC3)CC1,0.00045231697181767237
CCOc1cccc(CC(=O)N(CCN(C)C)Cc2ccccn2)n1,0.00026721156873731544
CCOc1ncc(NC(=O)N2CCCN(C)CC2)cc1Cl,0.000938319363094318
CCc1cc(CNC(=O)[C@H](C)c2ccc(F)c(OC)c2)no1,0.0005789693852310536
CCc1cncc(C(=O)N2CC([C@H](C)NC(=O)[C@@H]3C[C@H]3CC)C2)c1,0.0004883185690416933
CCc1nc(C(=O)N2C[C@]3(CO)C[C@]3(CO)C2)c(C)o1,0.00022404196954156744
CCc1nc(CN2CC[C@H](NC(=O)CC3(O)CCC3)C2)no1,0.00023256170791250257
CCc1nn(C)cc1C(=O)N1CCN(c2nccnc2F)CCC1C,0.0013232676376406989
CCn1cnc(C(=O)NC[C@H]2CCN(C(=O)c3ccc(F)c(O)c3)C2)n1,0.20888157438141708
CCn1nc(C(=O)NC2(C)CCCN(C(=O)C3(O)CC3)C2)ccc1=O,0.13662969272031728
CN(C(=O)C1CC(=O)N(Cc2ccccc2F)C1)C1CCCOC1,0.0003952656257319539
CN(C)C(C)(C)C(=O)N[C@@H]1C[C@H]1c1cc(Cl)cc(Cl)c1,0.0006220672869624585
CN(C)CCCC1CN(C(=O)N2CCC(n3cn[nH]c3=O)CC2)C1,0.0004666669199781473
CN(CC(C)(O)C1CCC1)C(=O)c1cccc2c1COCC2,0.0006947604851980534
CN(CC1CN(C(=O)C2C(C)(C)C2(C)C)C1)C(=O)CCc1ccn(C)n1,0.0004005232741588749
CN(CCN1CCCCC1)C(=O)c1cc2occc2s1,0.3431207425734768
CN1C(=O)CN(S(=O)(=O)c2ccc3c(c2)N(C)CCO3)[C@H]2C[C@H]21,0.0004485256898237287
CN1CC(O)CC1(C)C(=O)NCC1(NC(=O)CCc2ccncc2)CC1,0.11454803378950693
CNC(=O)N1CCC(C(=O)N2CC(O)(Cc3ccn[nH]3)C2)CC1,0.1196490372510043
CO[C@H](C)C(=O)N(C)C1CCN(C(=O)c2ccc3nncn3c2)CC1,0.11597647298062817
CO[C@H](C)C(=O)NCC(CC(C)C)NC(=O)COCc1nccn1C,0.0005289301464003954
COC[C@@H]1C[C@@H](O)CN1C(=O)CN(C)C1CCS(=O)(=O)C1,0.0002640030463399955
COC[C@H]1C[C@@H](O)CN1C(=O)c1ccc(-n2nnnc2C)cc1Cl,0.00042767564883657786
COC(=O)C(NCc1ccccc1NC(=O)OC(C)(C)C)C1COC1,0.0008098011115210065
COC(=O)NC1CCN(C[C@@H]2C[C@H](C(=O)OC(C)(C)C)C2(C)C)C1,0.20756270677840416
COC(=O)c1cc(NC(=O)NC(C)(C)C2CCCCO2)cn1C,0.0012318917494538184
COC(=O)c1cnc(NCC(O)CNC(=O)Cc2cccnc2)nc1,0.00023309069305202428
COC(CNC(=O)NCCN(C)Cc1ccc(F)cc1)C1CC1,0.00047764451463083306
COC1(CNC(=O)N[C@@H](C)c2ccco2)CCS(=O)(=O)C1,0.00027939488578891143
COC1CCCCC1C(=O)N(C)CCN(C)Cc1nnnn1CC1CC1,0.0003389913645652849
COCC(C)C(C)CC(=O)NC1CC(C)N(C(=O)CCF)C1,0.0004878448792281801
COCC1(C(=O)N(C)CC(C)NC(=O)Cc2cncc(O)c2)CC1,0.0003422034922017243
COCC1(C(=O)NC[C@H](C)NC(=O)C2CCC(OC)C2)CC1,0.00032331048693900907
COCCC(=O)N(C)C1CCN(CC2CCNC(=O)CC2)CC1,0.0003525454067602996
COCCC(=O)N1C2CCC1CN(C(=O)c1cccc3ccnn13)CC2,0.11614744760405277
COCc1nccc(N2CCN(C(=O)CO)CC23CCCCC3)n1,0.00035044857212611894
COCc1nsc(N(C)CCNC(=O)c2sccc2OC)n1,0.0007201751195029665
COc1cc(C(=O)N[C@H]2CCCN(Cc3ccccc3C)C2)ccn1,0.00048318932652599
COc1cc(C)nc(N[C@H]2CCCC[C@H]2NC(=O)c2coc(C)n2)n1,0.0006804458518156061
COc1ccn2c(C(=O)NCC(C)CNC(=O)CO)cnc2c1,0.0002881438842969403
COc1cnc(C(C)(C)NC(=O)Cc2cccc(OC(C)C)c2)nc1,0.0007660105906971819
CSc1nc2ncn(C3CC3)c(=O)c2cc1Br,0.270899147011907
Cc1c(C(=O)N2C[C@@H](O)[C@H](C3CC3)C2)nc2n1CCCC2,0.000391292232821341
Cc1cc(C#N)nc(NC(C)(C)CN(C)C(=O)c2cc(CO)[nH]n2)n1,0.0008662591423195067
Cc1cc(N2CCN(C)CC2C)cc(C)c1S(C)(=O)=O,0.0009437220883261605
Cc1ccc(C(=O)N(C)C(C)CNc2nnc(C)s2)o1,0.0005691016979272606
Cc1ccc(CC(=O)OCc2nnnn2C2CC2)s1,0.00037022461304775194
Cc1cccc(S(=O)(=O)NCCC2CC(O)C2)c1Br,0.00046687222208298325
Cc1ccncc1C(=O)N[C@H]1C[C@H](CNC(=O)C23CCC(CC2)C3)C1,0.5819556931636265
Cc1cnccc1CNc1ccnn1C1CCOCC1,0.0007730673144540289
Cc1cncn1CC(=O)NC(Cc1ccoc1)C(=O)O,0.0002192605650947942
Cc1nc(C(=O)N(C)Cc2ccccc2Br)[nH]c1C,0.0006267222539900442
Cc1nccc(C(=O)NC2CCN(C(=O)C(C)C)C(C)C2)n1,0.000493891203599585
Cc1ncsc1C(=O)N1C[C@]2(C)CN(Cc3cnnn3C)C[C@]2(C)C1,0.0006950616655371861
Cc1ncsc1C(=O)NCC(C)CNC(=O)C[C@H]1COC(=O)N1,0.0002981831805487836
Cc1nocc1CC(=O)NC1CCN(c2ncc(F)cn2)C1,0.00034697473718750803
Cn1c(Cl)cnc1CN1C2CCC1CN(C(=O)C1CCOC1)C2,0.00044290051918305227
Cn1cc(N2CCCC(NC(=O)N3CCCC3C3CC3)C2=O)cn1,0.0008580234822113109
Cn1cnnc1COC(=O)c1cccc(CN2CCNC(=O)C2)c1,0.00029141378770277266
Cn1nc(C(F)(F)F)cc1S(=O)(=O)NC1CC1(C)C(F)F,0.0005448167608687939
N#CC(COC(=O)c1cnc(C2CCC2)[nH]c1=O)c1ccccc1,0.6465618140801258
N#CC1(C(=O)NC2CCCCN(C(=O)c3cc4occc4[nH]3)C2)CCC1,0.0016500169680856017
N#CC1CCN(S(=O)(=O)NCC2CC3(CCOCC3)O2)CC1,0.0005752779309820021
NC1(C(=O)NCC2C[C@@H]3CCCC[C@H]3C2)COC2COCC[C@H]12,0.0009988769055323645
O=C(C[C@@H]1C[C@H]1C1CC1)N[C@H]1C[C@H](CNC(=O)c2cc(O)no2)C1,0.0001770947256497235
O=C(C1CCCN1c1nccs1)N1CCSC2CCC21,0.0007431277045222987
O=C(CCNC(=O)NC1CCOCC1)OCC1CSCCO1,0.0004098269663456147
O=C(CS(=O)(=O)CCc1ccccc1)O[C@@H]1CCc2ccccc21,0.0007233129651556992
O=C(N[C@@H]1CCCC[C@H]1O)C1(O)CCN(C(=O)OCc2ccccc2)C1,0.00035212468208907044
O=C(N[C@@H]1CCOc2c(F)cccc21)N1CCCCC12CCOCC2,0.001240752249748747
O=C(NC[C@@H]1CCCN1c1ccnc(C2CCOC2)n1)C1CCOC1,0.0009956293951201426
O=C(NC1(C2(O)CCN(C(=O)C3CCC3)CC2)CC1)c1cnc[nH]1,0.4487529176291726
O=C(NCC1CCN(C(=O)c2ccccn2)CC1)c1csc(=O)[nH]1,0.13204698426827619
O=C(NCc1ccc(Cl)o1)N1CCC(c2c(F)cccc2F)C1,0.0006307128826685708
O=C(Nc1cccc2c1COC2=O)NC1(C(=O)O)CC1,0.0005269879127478589
O=C(Nc1nc2n(n1)CCCC2)N1CC[C@@]2(O)CCOC[C@H]2C1,0.0006697428388364924
O=C(c1cnc(C2OCCO2)s1)N1CC2(CCCC2)C1,0.0006799033119630912
O=C1CCCN(C(=O)Nc2cccc(Cn3ccnc3)c2)C1,0.3221137222244042
O=S(=O)(NCCC1CC1)c1cnc(C(F)(F)F)cn1,0.0004765380758640011
OC1CN(CC2CCC3(CC2)OCCO3)CC2(CC2)C1,0.0004578201604084015
C[C@@H](CCNC(=O)c1cnn2c1CCC2)NC(=O)C1(C(C)(F)F)CC1,0.00063532496487192
C[C@H](C(=O)NCC(NC(=O)C12CC(C)(CO1)C2)C1CC1)N(C)C,0.0002613882417032612
C[C@H](NC(=O)N1CC2CC1(CO)C2)c1cccc2cnccc12,0.2888017955543659
CC(=O)CC1(C(=O)NC[C@H]2C[C@@H](NC(=O)CC3(O)CC3)C2)CCCC1,0.00021027864172039394
CC(=O)CCC(=O)N1CCN(C(=O)c2ccc3nncn3c2)CC1,0.00012430487379812679
CC(=O)CCC(=O)NCC(CC(C)C)NC(=O)C1CC12CC(O)C2,0.0002655777385655039
CC(=O)N1CCC[C@@H]1C(=O)NC[C@@H](C)NC(=O)C1CC(F)(F)C1,0.1385973933226175
CC(C(=O)N[C@@H](C)C1CN(c2nc3ccccc3c(=O)[nH]2)C1)C(C)(C)C,0.00038607315264045617
CC(C)(C)OC(=O)N1CC[C@@H](OC(=O)c2ccc3c(n2)CCC3)C1,0.0006882306853999658
CC(C)(C)OC(=O)NCC1(C(=O)Nc2ccccn2)CC1(F)F,0.0009370142632755058
CC(C)(CNC(=O)c1ncn(-c2ncccc2F)n1)C(=O)C1CC1,0.00030655756022400586
CC(C)(CF)C(=O)NC[C@H]1C[C@@H](NC(=O)C2Cc3ccccc3O2)C1,0.0003985081428200127
CC(C)C(=O)N1C[C@@H]2CN(C(=O)c3cn(C4CCOCC4)nn3)C[C@@H]2C1,0.0005196898328198364
CC(C)CC(C)OCCC(=O)N[C@H]1C[C@@H](CNC(=O)C(C)CF)C1,0.0007030108152807264
CC(C)CCCC(=O)NC(C)CNC(=O)c1ccc(=O)n(C)c1,0.0003068793076602666
CC(C)CN(C)c1ccc(C(=O)NC2(C(=O)O)COC2)cc1,0.3005916079858914
CC(C)c1ccccc1CCNC(=O)NCCN1CCOC1=O,0.0004215782689736848
CC(C)c1ccccc1OCC(=O)N[C@H]1CCCN(CCCO)C1,0.00043164671989803197
CC(Cc1ccc(C#N)cc1)N(C)C(=O)N1CC2(C1)OC[C@@H](O)[C@H]2O,0.0007111126203529855
CC(NC(=O)[C@H]1CCC[C@@H]1C)C1CCCN(c2ccncn2)C1,0.5721405093827352
CC(NCC1CCCC(C(F)(F)F)O1)c1ccc(=O)[nH]n1,0.0004948075151058793
CC(F)(F)C(=O)N[C@H]1C[C@@H](NC(=O)C2CCCc3nnnn32)C1,0.0002193894410451934
CC1(C)C(O)CC1CNC(=O)Cc1cccc(OC(F)F)c1,0.0006181924449275344
CC1(C)CCCCC1Cn1c(=O)[nH]c2cc(S(N)(=O)=O)ccc21,0.0008690478567710272
CC1CC(NC(=O)c2ccoc2Cl)CN1C(=O)c1nonc1N,0.0006482679835826287
CC1CN(S(=O)(=O)c2cc3ccccc3s2)CC(=O)N1,0.0007137741236637672
CC1OCCC1C(=O)NCC1(NC(=O)c2cncc(Cl)n2)CC1,0.2471606074778649
CC1c2ccc(C#N)n2CCN1C(=O)NC1CC2CC(C(=O)O)CC21,0.000579278496513214
CCC(C)(CC)C(=O)N1CCC(NC(=O)c2cc3n(n2)CCCN3)C1,0.001143793665615763
CCC(CNC(=O)c1cccnc1C)NC(=O)C1(CC(F)F)CC1,0.0004559752734152176
CCC(CNC(=O)c1cnsn1)NC(=O)c1ncccc1C,0.00037269449425801404
CCC(O)CC(=O)NC1CC(C)N(C(=O)C(CC(C)C)NC(C)=O)C1,0.14607653280845131
CCC1(N2CCCC2)CCN(C(=O)c2cnoc2-c2ccoc2)CC1,0.861763574615924
CCC1CC2CCC(C1)N2C(=O)CCOc1ccccc1C(N)=O,0.0004918914144146672
CCC1CCCCN1CCNC(=O)NC1(c2nnc[nH]2)CCC1,0.00032896806523741796
CCCC(C)C(=O)NCC1CC(C)N(C(=O)c2ocnc2C)C1,0.20982734639507927
CCCC(CC)C(=O)N1CCCC(N(C)C(=O)C2CC(=O)N(C)C2)C1,0.24369832007894698
CCCCn1ncc(C(=O)Nc2ccnn2C2CC2)c1CC,0.0006289916085639334
CCCN(CC(F)F)C(=O)NCc1cnn(CCOC)c1,0.000630889504276543
CCCN1CC(C(=O)NC(c2cnn(C)c2)C(C)C)CC1=O,0.000467165461984578
CCN(C(=O)N(Cc1ccc(OC)c(-c2nn[nH]n2)c1)CC)C(C)C,0.0010378848755779823
CCN(C(=O)c1cncnc1C)C1CCN(C(=O)c2c[nH]cc2C)C1,0.1778377216961891
CCN(C)CCCN(C)C(=O)NCC1Cc2ccccc2O1,0.00044347864048306564
CCN(CC)Cc1ccc(C(=O)NCc2ccnc(C#N)c2)o1,0.0008436425994164777
CCN(CCC(N)=O)C(=O)Nc1ccc2[nH]ccc(=O)c2c1,0.0005461079704083378
CCN(CCNC(=O)C12CCC(C#N)(CC1)C2)C(=O)c1cnsn1,0.19812994178477109
CCOCC(=O)N1CC([C@H](C)NC(=O)CNC(=O)NCC(F)(F)F)C1,0.10922080965083146
CCOn1cc(NC(=O)C2CC3CC3C2C(=O)O)cn1,0.0007781447044042934
CCc1ccc(F)c(CS(=O)(=O)c2cccnc2)c1,0.0004788858811798717
CCc1cccnc1C(=O)NC1CCN(c2cnn(C)c2)C1,0.0008056105099966786
CCn1ccc(C(=O)N2C[C@@H]3CCCN(C(=O)c4cn[nH]c4)[C@@H]3C2)n1,0.21434450063246702
CN(C)C(C(=O)OC1CCCCNC1=O)c1cscn1,0.00039756792587990463
CN(C)CC1CN(C(=O)C(O)(c2ccccc2)C(C)(C)C)CCO1,0.0003852874129406917
CN1C(=O)OCC1C(=O)N1CCN(C(=O)CC2CC2)C(CCO)C1,0.11097401869133651
CN1CCC(N2CC(CNC(=O)C3CCC(C4CC4)CC3)C2)C1=O,0.20522837513996234
CN1CCC(NC(=O)c2c(N)ncn(C3CC3)c2=O)=N1,0.281908155444259
CNC(=O)NC(C)C(=O)N1CCN(C(=O)c2cc(C)c(C)o2)[C@H](C)C1,0.0002919554737704848
COC[C@H]1CN(C(=O)NCC2COC(C)(C)OC2)CCO1,0.0003110664798243712
COC(=O)[C@@H]1C[C@@H]2COCC[C@H]2N1C(=O)c1cccc(C(N)=O)c1C,0.0003375795124631931
COC(=O)[C@@H]1C[C@H](NCc2cc(C)c(C)nn2)[C@H]2C[C@H]21,0.00028507056131263885
COC(C)CCC(=O)N1CCC(NC(=O)C(SC)C(C)C)C(O)C1,0.0004972211617760902
COC(C1CC1)C(C)NC(=O)Nc1ccc2nonc2c1,0.0013388241614458456
COC1(C(N)C(=O)NC2(c3ccc4c(c3)OCO4)CC2)CCC1,0.0005973513694095625
COCC(=O)N1CCN(C(=O)Cc2ccc(OC)cn2)CC12CCC2,0.00037062557259719033
COCC1(CC(=O)N[C@H]2C[C@@H](NC(=O)c3cn(C)cc3C)C2)CC1,0.0008781638063965252
COCCN(C)CC(=O)N[C@H]1CN(C(=O)C2(N(C)C)CCC2)C[C@H]1C,0.1073341454889422
COCCn1nc(C)c(NC(=O)N(C)CC2CC2(C)C)c1C,0.0006620938529924025
COCc1ncc(COC(=O)c2cn(C)nc2OCC(F)F)s1,0.0006077260374649994
COc1cc(C)ccc1C(=O)NCC1C2CN(CCOC(C)C)CC12,0.0003050052657609105
COc1cc(CCO)ccc1NC(=O)C(OC)c1cccc(Cl)c1,0.001038375196763733
COc1ccc(CN(C)Cc2cc(C#N)cs2)cc1OC,0.0011801014419707382
COc1ccc(F)c(CNC(=O)NCc2ncc(C)n2CC(F)F)c1,0.0006990122193438035
COc1cccc(C(=O)N[C@H](C)CNC(=O)C23CCC(CC2)CO3)n1,0.16097632740324902
COc1cccc(C2(NC(=O)Cc3cncc4ccccc34)CC2)c1,0.3946941225349678
COc1cccc(CNC(=O)N2C)c1OCC1COCCO1,0.0
COc1cccc(N(C)C(=O)c2cc(N3CCOC(C)C3)ccn2)c1,0.0014073088967113665
COc1nn(C)cc1NC(=O)N(C)C1(c2ccc(C#N)cc2)CC1,0.0016939164174345775
COc1nnc(NC(=O)N(CC(C)O)Cc2ccccc2)s1,0.0005023451760917397
CS(C)(=O)=Nc1ccccc1C(=O)NCC1OCCO1,0.0005116924433134633
CSc1cc(C(=O)OCC(C)(O)C(C)=O)ccc1Br,0.17825794240310894
CSc1cccc(NC(=O)CNC(=O)OC(C)(C)C)c1,0.0009954760970128523
Cc1c[nH]nc1C(=O)N1CCC2(CCN(C(=O)C3(C)CC3F)C2)C1,0.00029548096875894474
Cc1c[nH]nc1C(=O)NCC[C@H]1CCCN1C(=O)c1cc[nH]c(=O)c1,0.0002641076919068345
Cc1cc(C(=O)N[C@@H]2CN(C(=O)CCC3CCC(=O)N3)C[C@@H]2C)[nH]n1,0.13524572605934873
Cc1cc(C(=O)NCC[C@H]2CCCN2C(=O)c2cnc(C)n2C)[nH]n1,0.28054501927650355
Cc1cc(C(N)=O)ccc1NC(=O)N1CC2CCCC(CO)(C1)C2O,0.2665638066988441
Cc1cc(CC(=O)N(C)CCN(C)C(=O)CC2CCC(=O)C2)n(C)n1,0.1330140072940115
Cc1cccc(NC(=O)CN(C)C(=O)NCC2CC23CCOC3)n1,0.0004353918997656911
Cc1cccnc1C1CCN(c2cc(S(C)(=O)=O)ncn2)C1,0.0006962874014944777
Cc1cnc(-c2cccc(C(=O)OCC3CC4(C3)CC4C(=O)O)c2)o1,0.8664830597083752
Cc1cnc(C(=O)NC(C)CN(C)C(=O)C(F)c2ccccc2)c(C)c1,0.0004488962565154216
Cc1cnccc1CN(C)C(=O)NCC[C@@H]1CCCN1,0.00025616451353549925
Cc1nc(=O)c(COC(=O)c2noc(C3CC3)c2C)s1,0.0
Cc1nc(C(=O)NC[C@H]2C[C@@H](NC(=O)c3ccc(Cl)cn3)C2)n[nH]1,0.15738372058115332
Cc1nc(N)n(C2CCN(C(=O)C3(CN)CC3C(F)(F)F)CC2)n1,0.0003228262100147295
Cc1ncc(NC2CN3CCC2CC3)c(C2CC2)n1,0.0008305163480372841
Cc1nn(CC(C)C)cc1S(=O)(=O)N1CCCc2ccc(F)cc21,0.0014241811103052934
Cn1cc(C(=O)N2CC(CNC(=O)C3CCCN3CCC#N)C2)cn1,0.0008924868883290171
Cn1cnc(S(=O)(=O)CC(=O)N2CCCOCC2)c1Cl,0.00030606731778207364
Cn1nc(CC2CC2)cc1NC(=O)NCC1(n2cccn2)CC1,0.0007316093889292361
Cn1nc2c(c1CNC1(C3(O)CCNCC3)CC1)CCC2,0.0006942262577393718
Cn1ncc(C(=O)N[C@H]2C[C@H](NC(=O)COCC3CCCC3)C2)n1,0.0006407101153554508
Cn1nnc(C(=O)N2CCC2CNC(=O)C2(CO)CCCO2)c1N,0.2298751020405626
Cn1nncc1C(=O)NCC1C2CN(C(=O)Cn3ncnn3)CC12,0.0003384246000617923
Cn1nnnc1N1CCCC(CNC(=O)c2cnccn2)CC1,0.0007366530959952947
N#CCc1cccc(S(=O)(=O)Nc2ccnc(N3CCCCC3)c2)c1,0.0017716810742140908
N#Cc1c(F)cccc1S(=O)(=O)N1CCCc2ncccc21,0.0015512631485331677
N#Cc1ccc(C2(C(=O)NC(CO)CC3CCC3)CCCC2)cc1,0.001787535592526813
N#Cc1ccc(N2CCC3CCC(C2)N3CC2COC(=O)N2)cn1,0.0005060728625612032
N#Cc1sccc1C(=O)N1CC(=c2ccnc(N)n2)C1,0.0
NC(=O)[C@@H]1CN(C(=O)C2(c3ccccc3)CC(F)(F)C2)C[C@H]1C1CC1,0.0004975611595832034
NC(=O)Cc1ccc(CNC(=O)C2C3Cc4ccccc4C32)cc1,0.00045106571151324226
NC(C(=O)N1CCOc2c1cccc2C(F)(F)F)c1ccccc1,0.0009416208271044074
O=C(C[C@@H]1CCCC[C@H]1O)OCC(=O)C1CCC2(CC1)CC(O)C2,0.0005047380252773664
O=C(CC1CCC2CC12)NC1CC(CNC(=O)c2cccnn2)C1,0.0006275569466167938
O=C(CSCc1cccnc1)N1CCC(C(F)F)C1,0.0003082882798240278
O=C(N[C@H](c1ccc(Br)cc1)C(F)(F)F)C1CCCN1,0.0005561511782165082
O=C(NC1(CNC(=O)c2cncc(O)c2)CCOCC1)c1ccsc1,0.20212393116342076
O=C(NCC(O)CCc1ccccc1)[C@@H]1C[C@@H]2CCC[C@@H]2N1,0.0004379821806460711
O=C(NCC1CCC2(C1)OCCO2)c1ccc2c(=O)[nH]cnc2c1,0.24743333230172354
O=C(Nc1cc2c(cn1)OCCO2)N(Cc1ccc(F)cc1)C1CC1,0.0009132898456536799
O=C(O[C@H]1C[C@H](OCc2ccccc2)C1)C1COC1,0.0007841514047736276
O=C(OCC(=O)N1C[C@@H]2CCN[C@@H]2C1)c1cc(C(F)(F)F)cs1,0.0005329870971863422
O=C(c1ccc2c(c1F)CNCC2)N1CCCN(CCF)CC1,0.00040592735370506225
O=C1NCC(CN2C(=O)CCc3ccccc32)c2ccccc21,0.0011338570075783145
OC[C@@H]1CC[C@@H](CNCc2cnc3ccc(Br)nn23)O1,0.00048407177228542195
OC(c1nnc(Cc2ccc(F)cc2)o1)C1CCC(F)(F)CC1,0.0005808945987102746
OC1(C2CN(CC34CCC(C3)C(F)(F)C4)CCO2)CCOCC1,0.0006553086148248549
C[C@@H]1CN(c2ccnc(S(C)(=O)=O)n2)C[C@@H]1NC(=O)C1CCCC1,0.0003246433432689458
C[C@H](NS(=O)(=O)C1CCc2ccccc21)c1cncs1,0.0004262888354400119
CC(C(=O)OC1(C)CCNC1=O)n1cc(-c2cncn2C)nn1,0.0007498827599478668
CC(C)(C)CC(=O)NC1CN(C(=O)C(F)c2ccccc2)C1,0.2581301154329338
CC(C)(C)OC(=O)N[C@@H]1CC[C@H]1COC(=O)C1CCOC1,0.00041784752218256493
CC(C)C[C@H](C)NC(=O)C(C)NC(=O)Nc1ccc(C#N)cc1,0.0016024271947722348
CC(C)C[C@H]1COCCN1C(=O)Nc1ccc2c(c1)OCC(=O)N2,0.0015911543733057472
CC(C)C(CCN(C)C(=O)[C@H]1CCCO1)NC(=O)CCOC(C)(C)C,0.00044308131944860863
CC(C)CC(=O)NC1CCN(C(=O)c2cncn2-c2ccccc2)C1,0.31643356241204434
CC(C)CC(CNC(=O)CC1CC(=O)C1)NC(=O)Cc1nncn1C,0.07275540069983058
CC(C)Cc1ncc(NC(=O)N2C[C@@H]3C[C@H]2[C@H]2C[C@H]23)cn1,0.0009158874383792466
CC(C)OCC(=O)N1CC(O)(CNC(=O)c2cccc3nccn23)C1,0.00039997243732874696
CC(CCNC(=O)[C@H]1CCCC(=O)N1)NC(=O)c1ccns1,0.09469853876267376
CC(CN)Nc1cc(N[C@@H](C)COCc2ccccc2)ncn1,0.0011224187569881365
CC(CO)C(=O)N1CCOC2(C1)CN(C(=O)[C@@H]1[C@H]3COC[C@H]31)C2,0.00027162407811880443
CC(CF)C(=O)N1CCC2(CC1)C(C1CCN(C(=O)C3CC3)CC2)CC1,0.001436606764719329
CC(NC(N)=O)C(=O)N1CCC(CNC(=O)C2CCC2)CC1,0.0002942114065206692
CC(F)(F)C(=O)N1CC(CNC(=O)C2(n3cnnn3)CCOCC2)C1,0.0959793049755908
CC1(C)C2CCC1(NC(=O)c1cnc3c(c1)CCOC3)C(=O)C2,0.14652531526996812
CC1(CN2CCN(c3ccccc3NC(=O)N3CCCC3)CC2)CC1,0.0017628744254331492
CC1(CNC(=O)C2CCCO2)CC(F)(F)CN1C(=O)c1cc[nH]n1,0.2691684500937057
CC1C(=O)CCN1C(=O)c1csc(Br)c1,0.22278193128300788
CC1CC(NC(=O)c2cnn3c2OCCC3)CN1C(=O)c1ccsn1,0.000383904684417799
CC1CC1CC(=O)NC1CCCN(C(=O)C2CCc3nccn3C2)C1,0.0009078273212908213
CC1CCC(CN2CCC(NC(=O)c3ccc(-n4cccn4)cc3)C2)O1,0.691511432229734
CC1CCn2ncc(C(=O)N3CC(Nc4ncncc4Cl)C3)c2C1,0.0011296217572321343
CC1CN(C(=O)C(C)(O)C2CCC2)CC1NC(=O)C(F)C1CCC1,0.18875717704859518
CC1CN(C(=O)C23CNCC(C2)C3)Cc2ccc(Cl)cc21,0.000550334621696584
CC1CN(C(=O)CC2CCNC2=O)CCN1C(=O)c1cncnc1,0.08003234769479378
CC1CN(C(=O)c2ccnc3[nH]c(O)nc23)CCN1C(=O)CC#N,0.4280595087615503
CC1CN(C(C)C)CCC1NC(=O)CC1CC(C)(C)NC(C)(C)O1,0.0005614797567673585
CCC(=O)N(CCNC(=O)c1cncc(Cl)n1)C1CC1,0.0003631144030233911
CCC(=O)N1CC(CNC(=O)c2ccc(Cl)c(C#N)n2)CC1C,0.0006776566606380915
CCC(=O)N1CCCC1C1(NC(=O)c2cccn(C)c2=O)CC1,0.00030557770408266
CCC(C#N)C(=O)N1CCCN(C(=O)c2c[nH]c(C(F)(F)F)c2)CC1,0.0007846373249146472
CCC(C)(C)c1nnc(NC(=O)CC2COCC(C)(C)O2)o1,0.000406720908643186
CCC(C)(O)c1cn(C(C)CNC(=O)c2cc(OC)n(C)n2)nn1,0.0003731613111907931
CCC(N1CCC(Nc2ncc(Br)cn2)CC1)C(C)C,0.0015399995368133713
CCC(NC(=O)N1CC2(F)CC1C2)c1c(C)nn(C)c1C,0.0010601768608837448
CCC1CCC(CNC(=O)NC(C)(C)CS(C)(=O)=O)CC1,0.000444499545405696
CCCCC(C)C(=O)N1CCOCC1CN(C)C(=O)c1cocc1C,0.000984179568965753
CCCc1[nH]ncc1C(=O)N(C)C(C)CNC(=O)C12CCC(CC1)O2,0.18697688616382926
CCCc1cc(C(=O)NCC2(O)CN(C(=O)[C@@H]3CCCO3)C2)c(C)o1,0.00031283625764910527
CCN([C@@H](C)CO)S(=O)(=O)c1nc(C(=O)O)cs1,0.0003794576095539674
CCN(C)C(=O)c1ccc(CN(C)C(=O)C(C)Cc2cnc[nH]2)cc1,0.000599962878265204
CCN1CCCc2ccc(NC(=O)Cc3cccc(OC)c3F)cc21,0.0015017122358188374
CCNC(=O)c1nnc(N2CC3(CC3)C[C@H]2CO)n1CCOC,0.00030259374022607925
CCOC(=O)Cn1nc(C)c(NC(=O)c2ccc(F)cc2C2CC2)c1C,0.5906178059807816
CCOC1CC(N(C)C(=O)C(C)(C)Oc2cccc(C)c2)C1,0.0005230602134789562
CCOc1ccc(C(=O)NCCn2cc(CNC)nn2)cc1,0.0002997405608821668
CCOc1ccc(S(=O)(=O)N2CC[C@@H]3COC(=O)[C@@H]32)c(C)c1CC,0.000560994136474608
CCOc1nc(OC)ccc1C(=O)NC(C)c1noc(CC)n1,0.0003616493166372973
CCc1cc(N2CCN(C(=O)COC(C)(C)C)CC2)nc(C(C)(C)C)n1,0.0007025856112962966
CCc1csc(CN2CC(C(=O)OC)Cc3cn[nH]c32)n1,0.0008540667985542903
CCc1nc(C(=O)N2CCCC2(C)CNC(=O)CC2CCCC2)co1,0.0012946268068550898
CCn1cc(C(O)CNC(=O)C2(C(F)F)CCNCC2)cn1,0.0003180396361946897
CN(C)CC(=O)N1CCCCC(NC(=O)C2(C)CCCCC2)C1,0.0008722778496498867
CN(CCNC(=O)C1COCCO1)c1nccnc1Cl,0.00047920711287912943
CN(Cc1cscc1Cl)C(=O)C1CCCN(C)C1,0.0004963120971475603
CN1CCC(CNC2CCN(c3ccc(C#N)cn3)CC2)CC1,0.6960267909761587
CNC1CCCN(C(=O)NCc2ccnc(NC3CC3)c2)C1,0.000247873448888269
CO[C@@H]1C[C@H](C(=O)O)N(Cc2ccc(CC3CC3)cc2)C1,0.0006338345688232263
COC(=O)CC(NC(=O)c1cccc2[nH]c(C)nc12)C1CCCC1,0.0011205601036460185
COC(=O)CC1CC(CNC(=O)N2C[C@@H](C(F)(F)F)C[C@H]2C)C1,0.000466304308883191
COC(=O)N(C)CC(=O)NC(C)CNC(=O)Cc1ccnc(C)c1,0.00021075541793257957
COC1(C(=O)N(C)CC(C)NC(=O)c2cn(C)c(=O)cn2)CC1,0.11496112408887141
COC1(C(=O)NC2CCN(c3ccc(C)nn3)CC2O)CCCC1,0.00031267249688825673
COC1(CNC(=O)CC(C)(O)C2CC2)CN(c2ccncc2C#N)C1,0.53980498955375
COC1CCC1N(C)Cc1cc(-c2ccccc2F)n[nH]1,0.0011469604041983187
COC1CCCC1C(=O)N(C)CC1CCN(C(=O)C(C)(C)F)CC1,0.000641361851034298
COCC(NC(=O)C1(C)CCc2ccccc21)c1nnn[nH]1,0.0004748001449101916
COCCC1(C(=O)NC2CCn3c(C)cnc3C2)CCC1,0.0008981581039533563
COCCC1CNCCN1C(=O)CCCn1c(C)cc(=O)cc1C,0.0002927264066358106
COc1cc(OC)nc(C(=O)N2CC[C@H](Nc3cc(O)ncn3)C2)n1,0.3015572155438369
COc1cc2c(cc1NC(=O)c1cnn3c1OCCC3)NC(=O)CO2,0.4629212710558102
COc1ccccc1N1CCCN(CCN2CCOCC2)CC1,0.0008751250679142988
COc1cccnc1C(=O)N1CC[C@H](NC(=O)c2cnc(C)s2)C1,0.24476245721027376
COc1ccnc(NC(C)(C)CNC(=O)c2coc(C(C)(C)C)n2)n1,0.0005476294376283514
COc1nccc(C(=O)NC[C@H](C)NC(=O)c2ccn(CC(C)C)n2)n1,0.0004990726059687419
CSC(C)C(=O)N1CCCC1(C)CNC(=O)C1(N(C)C)CC1,0.0002827579078945658
CSCC(C)(C)C(=O)N1CC(NC(=O)CCc2ccncc2)C1,0.00027256620243086007
CSCC(C)C(=O)N1CCCC(CNC(=O)C2COC(=O)N2)C1,0.00028194266756741517
CSCC(C)C(=O)N1CCOCC1CNC(=O)C(C)NC(C)=O,0.0003211378955629414
Cc1cc(C(=O)N2CC[C@H](Nc3cc(O)ncn3)C2)cc(O)n1,0.0006484380269006149
Cc1cc(C(=O)N2CCn3nccc3C2CO)cc(C)c1F,0.000502157681535565
Cc1cc(C(=O)NC2CCN(C(=O)CC3CC(F)C3)CC2F)ns1,0.0005656484352590997
Cc1cc(CNC(=O)NC(c2cccc(C#N)c2)C(F)(F)F)ncn1,0.0006159178126258285
Cc1ccc(NC(=O)[C@H]2CSCN2C(=O)OC(C)(C)C)cn1,0.0009507048725146001
Cc1ccc2[nH]c(C(=O)N(C)CCNC(=O)C3(C)CCC3)cc2c1,0.0009389885189670827
Cc1ccccc1C(CO)NC(=O)NCC1(F)CCC1,0.0004099664365800453
Cc1ccn(CC(=O)N(C)CCN(C)CC2CCCC2)c(=O)c1,0.000611233817762375
Cc1cncc(CCC(=O)Nc2n[nH]cc2C2CCC2)c1,0.0012131105091549555
Cc1n[nH]c(C(=O)N[C@H]2CCN(C(=O)c3nc(C)n(C)n3)C2)c1Cl,0.0003078122016129752
Cc1ncc(C(=O)N2CC3(COC(CNC(=O)C(F)(F)F)C3)C2)o1,0.00046785872400891796
Cc1ncc(C(=O)NCCc2ccc(N)cn2)cc1C#N,0.001080442413357283
Cc1nccc(N2CC(CO)(NC(=O)C3CC4(C3)CC4(F)F)C2)n1,0.0004664304033870401
Cc1nn(C)c(Cl)c1S(=O)(=O)NC(C)Cc1c(C)n[nH]c1C,0.0005386342053874385
Cc1nn(CCNC(c2ccc(F)cc2)C(C)C)c(=O)o1,0.00044090886689763945
Cc1onc(CCNC(=O)c2ccc(CN)cc2)c1C(=O)O,0.000374946292460991
Cn1cc(C(C)(C)C(=O)NC[C@H]2CCCN(C(=O)C(C)(C)C)C2)cn1,0.00039828593147353205
Cn1cc(N2CCC[C@@H]2CNC(=O)NCC(O)c2cccs2)cn1,0.0012205546966172777
N#Cc1cc(N2CCC(CNC(=O)CCC3CCC3)C2)nc(C2CC2)n1,0.8108883687921218
N#Cc1ccc(N2CCN(C(=O)C3CCc4cccnc43)CC2)cc1F,0.0014652322656993155
N#Cc1ccc(SCC(=O)NC2(CF)CCNC2)cc1,0.0009332745156209206
N[C@@H]1COC[C@H]1NC(=O)c1ccc2c(c1)C(=O)NCC2,0.000260241676317326
NC(=O)Cc1ccccc1NC(=O)N1CCC1C1CCC1,0.000801360521015347
NC1CCOC(C2CCCN(C(=O)c3cnc(C4CC4)s3)C2)C1,0.29586128981084864
O=C(C1COC1)N(CCNC(=O)C1(O)CCOCC1)c1ccccc1,0.0006785092106029129
O=C(CCN1Cc2ccccc2C1=O)N[C@@H]1C[C@@H]2CC[C@H]1N2,0.00044228701407604564
O=C(CN1CCS(=O)CC1)N1CCO[C@H]2[C@@H]1[C@@H]2C(F)(F)F,0.0002496459924262552
O=C(Cn1cc(C(F)(F)F)ccc1=O)NCC(O)C1CCC1,0.0003728597791859963
O=C(N[C@@H]1COC[C@@H]1n1cccn1)C(O)C1CCOCC1,0.0002757700060474566
O=C(N1CC(Nc2nc(C(F)(F)F)ns2)C1)C12CCC(CC1)O2,0.0007583304722812001
O=C(N1CCC[C@@H]1CNc1cc(O)ncn1)C1(O)CCSC1,0.0005097033316562897
O=C(N1CCC(CN2CCCCC2)C1)C12CCC(CC1)C2,0.0014592724029593327
O=C(NC12CCC(CC1)N(C(=O)CO)C2)C1CCC2CCCCN21,0.33711117244883665
O=C(NC1CC(n2cccn2)C1)c1cnn2c1CCCN2,0.000664005981594689
O=C(NC1CCN(C2COC2)CC1)c1cnccc1-c1nn[nH]n1,0.3066950794972562
O=C(NCC1(O)CCN(C(=O)c2ccon2)C1)C1COCCO1,0.00019672483169909605
O=C(NCC1C[C@@H]2COC[C@@H]2O1)c1oc2ccccc2c1CO,0.0006520636038783934
O=C(NCC1CC(O)C1)c1ccc(Cl)c(F)c1O,0.000554495157655094
O=C(NCC1CCN(C(=O)C2CSC2)C1)C1CCO1,0.00017125499703668262
O=C(NCC1COc2ccccc2C1)c1ccc2n1CCNC2,0.000567044913512503
O=C(NCCC1(O)CC2CCC1C2)NC1(CCO)CCCSC1,0.0007027148465471123
O=C(NN1CC2CCCC(C2)C1)c1n[nH]c2c1C[C@H]1C[C@@H]21,0.0005592876281170477
O=C1CCN(c2nnc(-c3ccccn3)s2)CC1CC(F)(F)F,0.5072582735443159
O=C1NC2CCN(C(=O)c3c(C4CC4)cccc3F)C1C2,0.0005551871782256759
O=S(=O)(NC1CCc2c(F)cccc21)c1cncc(F)c1,0.0004954426033041044
C[C@@H](C(=O)N[C@@H]1CCCN(C(=O)CC2CN(C)C2)C1)N(C)C,0.00021377601665473534
C[C@@H]1C[C@H]1C(=O)NCC1(C)CCN(C(=O)c2cnc3c(c2)CCOC3)C1,0.000549404112718726
C[C@H]1CSCCN1C(=O)Cn1nc(-c2ccccc2)n(C)c1=O,0.0008217421407863529
CC(=O)C1(NC(=O)Cn2c(C)nc3ccccc3c2=O)CCCC1,0.24793188538742097
CC(=O)N1CC2(C1)CN(C(=O)c1ccc3nc(C)oc3c1)C2,0.21948455956006765
CC(=O)NCc1ccc(NC(=O)Cn2cc(C)cn2)c(Cl)c1,0.0006598286594892823
CC(C(=O)NC1CCCN(C(=O)C2CC2C2CC2C)C1)N1CCC1,0.2234556286942378
CC(C)C(=O)N1CCOC(C)(CNC(=O)[C@H](C)n2cnnn2)C1,0.00035181469826472175
CC(C)C(C)C(=O)NCC(C1CC1)N(C)C(=O)c1cncc(N)c1,0.37520295751283506
CC(C)C1=NOC(C)(C(=O)NC(CNC(=O)C2(F)CC2)C2CC2)C1,0.14444951389573482
CC(C)C1CCOCCN1CC(=O)NC(C)c1ccco1,0.0003768347512273068
CC(C)CCN(CCC#N)C(=O)CC1NC(=O)c2ccccc21,0.3485728637654807
CC(C)CN(C1CCCCC1)S(=O)(=O)C1COCCC1(F)F,0.000929313490800597
CC(C)Cn1cc(C(=O)N[C@H]2CCCN(Cc3ccc(F)cn3)C2)cn1,0.0003992157981288693
CC(C)NC(=O)CC(C)NC(=O)Nc1cnsn1,0.0004565951907656687
CC(C)OCCC(=O)N1CC(CN(C)C(=O)CCc2ccoc2)C1,0.0005103061478932893
CC(CC(=O)N1CCC(C(C)CO)CC1)N1CCCCC1=O,0.00035482759214799415
CC(CN(C)c1ncc(Cl)cn1)NC(=O)CNC(=O)C(C)(C)C,0.2956974023992809
CC(CNC(=O)C(C)c1ccccc1)Nc1nc(=O)c2cn[nH]c2[nH]1,0.0010036667869485114
CC(CNC(=O)C(F)C(C)C)CNC(=O)c1cccc2oc(=O)[nH]c12,0.0008887707404454926
CC(NC(=O)CSC1CC1)C1CCN(C(=O)CN(C)C)C1,0.00037228568641494477
CC(NC(=O)NC1CCOc2ccccc2C1)c1nncn1C,0.00047816428313611194
CC(NC(=O)c1ccoc1Cl)C1CCN(C(=O)c2cc[nH]c2)C1,0.0005344461222577247
CC(O)c1ccc(Cn2cc(NC(C)=O)cc(C#N)c2=O)cc1,0.0012935499230611331
CC(F)(F)C(=O)N1[C@H]2CC[C@@H]1C[C@H](CNC(=O)c1ccoc1)C2,0.5210213965866999
CC1(C(=O)NCC2(Nc3nc(CC4CC3)ns3)CC2)CCCC1,0.0
CC1(C)OCCOC1CC(=O)NC1(CNC(=O)c2ccon2)CC1,0.0002943683107617481
CC1C(C(F)(F)F)OCCN1C(=O)c1cccc(C2CCCN2)c1,0.000574691475449168
CC1CC(C)(NC(=O)NCC2CCN(S(C)(=O)=O)CC2)C1,0.14903947976255794
CC1CN(C(=O)C(C)n2cc(C3(C)COC3)nn2)CC1N1CCOCC1,0.0003545783841467362
CC1NC(=O)CCC1NS(=O)(=O)c1cncc(C#N)c1,0.0005508079758698442
CCC(C)CC(=O)NCC1CCN(C(=O)c2nnn(C)n2)CC1C,0.0003020925363248398
CCC(CC)(C(=O)OC[C@@H]1CCCN1C[C@H]1CCCO1)c1nn[nH]n1,0.00032716009507131985
CCC1(C(=O)NCC2CN(Cc3ccc(OC)cc3OC)C2)CC1,0.0003308550210652028
CCCC(=O)N1CCCCC1C(=O)NC1CN(C(=O)[C@H](C)O)C1,0.10443757840407267
CCCCC(CNC(=O)c1ocnc1C)NC(=O)C1CC(C)(C)C1,0.0005032864821035318
CCCN(CCNC(=O)N1CCNC(=O)Cc2ccccc21)CC,0.0006924066080894374
CCN(C(=O)c1cn[nH]c1)C1CCN(C(=O)c2ccc(C)[nH]2)C1,0.0003882246410036787
CCN1C[C@H]2C[C@@H]1CN2S(=O)(=O)Cc1cc(F)ccc1F,0.00031376783117882564
CCN1CCC2(CCCCN(C(=O)c3ccc4ccncc4c3)C2)C1,0.6921933605805084
CCOC(=O)C1(CC(=O)N2CCCC2(C)CO)CCC1,0.22445988808886136
CCOC(=O)c1cnc(NC2(CF)CCN(C(=O)CC)CC2)s1,0.0011559292625716163
CCOC1CC(C(=O)N2CCCC2(C)CNC(=O)c2nc[nH]c2C)C1,0.0007645551429353204
CCSCC(=O)N1CC([C@@H](C)NC(=O)Cn2cccn2)C1,0.00023901002171932098
CCc1c(C(=O)N[C@H](C)CNC(=O)C(F)F)sc2cncnc12,0.000746497133389687
CCc1cccnc1CN1CC2(CCC2)CC1C(=O)O,0.00031808699792070617
CCc1nc(C#N)cc(N2CCC[C@H](CNC(=O)c3ncccn3)C2)n1,0.001225650473452907
CCn1cc(C(=O)N2CCCCC2c2nc(C)n[nH]2)c(C2CC2)n1,0.00024507724196810095
CN(C(=O)[C@H]1C[C@@H]1C1CC1)C(CNC(=O)C1(O)CCC1)c1ccccc1,0.0004916763426395558
CN(C)Cc1cc(NC(=O)c2ccc(Cl)c(C#N)c2)ccn1,0.0017844851316376612
CN(C)c1ncc(C(=O)NCC[C@@H]2COC[C@H]2O)cc1Cl,0.4397794243813233
CN(CC(=O)N=S(C)(C)=O)S(=O)(=O)Oc1ccccc1,0.0005113808994352138
CN(CC1CCN(C(=O)C(C#N)C2CC2)C1)C(=O)C1(C(F)F)CCC1,0.0009430741879685012
CNC(=O)C1(COC(=O)C2(C(F)(F)F)CCCCO2)CCCC1,0.0005999564852876723
CNc1cccc(C(=O)N[C@@H](C)CCNC(=O)[C@@H](C)OC)n1,0.0003881009870838407
COC[C@H]1CN(c2ncc(Br)s2)CC(C)(C)O1,0.43298246163311066
COC(=O)C[C@@H](C)OC(=O)c1c(C)c2n(n1C)CCCC2,0.0
COC(=O)CC1CCCN(S(=O)(=O)c2cc(C)ccc2Cl)C1,0.0009108779512785976
COC(=O)c1ccc2c(c1)[C@@H](NCC(O)COCc1ccccc1)CCC2,0.000519401025573626
COC(=O)c1ncc(NC(=O)N[C@@H]2COC[C@H]2O)n1C,0.0005382966971061369
COC(C)C(=O)N1CCCCC1CNC(=O)OC(C)(C)C,0.0003620176932894118
COC1(CC(=O)NCC(C)NC(=O)C2CCCc3[nH]nnc32)CCC1,0.14372563565374324
COCC(NC(=O)c1ccc(Cl)[nH]1)C(=O)NC1C(C)CCNC1C,0.00041000015049767784
COCCN1CCCC1CNC(=O)N1CCCC1c1ncon1,0.0005269645545353922
COCCc1cnc(NC(=O)[C@]23C[C@H]2CCC3(F)F)s1,0.28220829239232953
COCCn1cc(C(=O)N2CCC(C3CC3(F)F)CC2)c(C)n1,0.0006005301584427574
COCc1cc(C(=O)OC(C)C(=O)NC(=O)NC(C)C)c(C)o1,0.00045949927798306716
COCc1nc(C(=O)NC2(C3CCCN3C(=O)CN(C)C)CC2)n[nH]1,0.00024208026522486978
COCc1nc(C)c(C(=O)NCC2CC3(C2)OCCO3)s1,0.37839086960949553
COc1cc(C)c(NC(=O)NC(C)C(OC)C2CC2)cc1Cl,0.0017608810040520206
COc1cc(C)cnc1C(=O)OCc1c(Cl)ncnc1C,0.0006982129527560009
COc1cc(NC(C)=O)ccc1OCC(O)C1CCCO1,0.0007835387262845832
COc1ccc(C)cc1[C@@H](C)NC(=O)[C@@H](CC1CCC1)NC(C)=O,0.0006248488072095528
COc1ccc(OC(C)CNC(=O)c2ccc(C#N)cn2)cc1,0.0010049531304079482
COc1ccccc1-c1ccccc1C(=O)N1CCC(CN)C1,0.338008974973737
COc1cnccc1CNC(=O)NC1CCCC12CCCCO2,0.0009429864673573189
COc1ncc(Cl)c(NCC2CN(CC(=O)NC3CC3)C2)n1,0.0006837079308273757
CSCC(=O)NC(CNC(=O)C(O)Cc1cn(C)cn1)C1CC1,0.00028654599263597627
CSc1cncc(N2C[C@@H]3OCO[C@@H]3C2)n1,0.0008389021350383969
Cc1cc(F)ccc1C(O)C(=O)N(CCNC(=O)C1(C)CC1)C1CC1,0.0005798819641589912
Cc1ccc(C#N)c(N2CCC(C)(NC(=O)c3cn[nH]c3)CC2)n1,0.6125373524466453
Cc1ccc(C(=O)N(C)CCN(C)C(=O)C2(N(C)C)CC2)nn1,0.16806705527381594
Cc1ccc(C(=O)N2CCC(NC(=O)CC3CC3)C23CCC3)c(C)c1,0.00060470484911033
Cc1ccc(C)c(C(=O)NC(CO)C(O)c2cccnc2)c1O,0.0004586935058835881
Cc1ccc(F)c(CC(=O)N2C[C@@H]3C[C@H]2CN3CC(=O)N(C)C)c1,0.00028216221015722623
Cc1ccc2[nH]ncc2c1C(=O)NC1(C(N)=O)CCNCC1,0.24694666354764913
Cc1cccc(CNC(=O)NC2CC3CC2C2CCCC32)n1,0.0005769686578648853
Cc1cccc(OCCC(=O)OC[C@@H]2C[C@@H]3O[C@H]2[C@H]2C[C@@H]32)c1,0.0005816536697794411
Cc1ccccc1C(=O)N1CCCN(c2ncncc2C(=O)O)CC1,0.43773526144351854
Cc1ccnc(NC(C)CC(C)NC(=O)CCCC(C)O)c1C#N,0.7539886885873311
Cc1cnc(CNC(=O)C2(C3CCOCC3)CCNC2)o1,0.0002669318978496915
Cc1cnc(Cl)nc1NCC(C1CC1)N(C)C(=O)c1ccncn1,0.0008529977887746406
Cc1cnccc1CCNC(=O)c1sccc1S(C)(=O)=O,0.00038072996029819004
Cc1nc2c(C(=O)N3CCN(C(=O)CO)[C@H](C)C3)cccc2o1,0.000396271861245676
Cc1nc2cc(C(=O)NCC(C)N(C)CC(=O)N(C)C)ccc2[nH]1,0.0004057431703951351
Cc1ncc(C(=O)N[C@H]2C[C@@H](NC(=O)CC(C)C(C)C)C2)c(=O)[nH]1,0.0005454527041815692
Cc1nn(-c2ccccc2)c(C)c1NC(=O)C1CCCNS1(=O)=O,0.0007525489341149019
Cc1nnc(Cn2cc(C3CCN2C(=O)C(C)NC(N)=O)nn2)o1,0.0
Cc1noc(C2CC2)c1C(=O)N1CC(c2ccccc2)S1(=O)=O,0.0003275344582580005
Cc1onc(Br)c1NC(=O)N1CC(=O)NC(C)C1,0.0003959428893451801
Cn1c(NC2CC23CC(NC(=O)C2(C)CC2)C3)cc(=O)n(C)c1=O,0.00041640284829554634
Cn1c(Cl)cnc1CN1CCC(NC(=O)CC2CCC3CC23)C1,0.0005920136347948898
Cn1cc(Cl)cc1C(=O)NCC1CCCN1Cc1nccs1,0.0005564165627952163
Cn1ccc(C(=O)N2CCC(CCNc3cc(Cl)ncn3)C2)cc1=O,0.3069941222507935
Cn1cccc1C(=O)NC1CCC(NC(=O)[C@H]2C[C@@H](O)C2)CC1,0.0003116887065610069
Cn1ccnc1C1(O)CCN(C(=O)N[C@H]2CC[C@@H](C)C2)CC1,0.0007058073056691522
N#Cc1ccc(NC(CNC(=O)Cn2cccc2)C2CCC2)nc1,0.0015784081368647755
NS(=O)(=O)C1(CNC(=O)N2CCC(N3CCOC3=O)C2)CC1,0.13388545516691594
O=C([C@@H]1CNCCO1)N1CCOc2ccc(Cl)cc2C1,0.00036730177592251737
O=C(CN1CCCCC1=O)Nc1noc(-c2ccc(F)cc2)n1,0.001486786594630042
O=C(CN1CCN(Cc2cc[nH]n2)CC1)NCc1cccc(Cl)c1,0.0004841275789822553
O=C(CNc1ccccc1)N1CCC(Nc2ncccn2)C(F)(F)C1,0.0007468110075020394
O=C(Cc1ccccc1F)NC1CCCN(C(=O)c2ccc[nH]2)C1,0.0005657553073272057
O=C(Cn1cc(S(=O)(=O)NC2CC2)cn1)NC1CC2CCC1C2,0.0009154918481410158
O=C(N[C@H]1C[C@H]1C(F)F)c1c[nH]nc1OCC(F)F,0.0004203219323721857
O=C(NC1(C(=O)NC2CC2)CCCC1)c1ccn(C(F)F)n1,0.00040795676406271935
O=C(NC1CCCCC1)c1ccc(C2OCCO2)cc1,0.00034435032141004424
O=C(NCC(O)CNc1ncnc2nc[nH]c12)C1(O)CCC1,0.00033847600471116515
O=C(NCC1(O)CN(C(=O)c2cc[nH]n2)C1)c1ccc(C(F)F)nc1,0.10401210054312315
O=C(NCC1CC(O)(C(F)(F)F)C1)c1csc(C(F)(F)F)n1,0.0005925429697787003
O=C(NCC1CCS12CCC2)N1CCOCC(F)(F)C1,0.0003889538683643121
O=C(NCc1ccccc1OC(F)F)NC1CC2(CCNC2=O)C1,0.00034918823162175314
O=C(Nc1ccc2c(c1)NCC2)c1nccc(Cl)c1O,0.5174985475644333
O=C(c1cc[nH]c1)N1CCC(CCNC(=O)C2(CO)CC2)C1,0.0004020025075348405
O=C(c1ccccc1C(F)F)N1CCC(C2CCCN2)C1,0.26760924802436176
O=C1CC(NC(=O)N2CC(CO)C3(CCC3)C2)c2ccccc2N1,0.0006453285020978707
O=C1CC2(CCC2)NC(c2nccc(-c3cncc(O)c3)n2)CN1,0.5698914831537352
c1ncc(N2CCOCC2)c(NC2CC3(C2)CC3(F)F)n1,0.0011878622175645873
C[C@@H](CS(N)(=O)=O)NC(=O)NCCC(C)(C)c1ccccc1,0.0003358326191227985
C[C@H](n1cccc1)[C@@H]1CN(C(=O)c2cc(Cl)c(Cl)[nH]2)CC(=O)N1,0.0005509416781003385
CC[C@H](C)[C@H](O)C(=O)N1CCC(NC(=O)CC2OCCO2)C1(C)C,0.0003136035426860267
CC[C@H](COC)NC(=O)c1ccnc(-c2ccoc2)n1,0.0013690595118465753
CC(=O)NC12COC(CNc3ncnc4nc[nH]c34)(C1)C2,0.2733072600341648
CC(C)(C)O[C@H]1C[C@H](NC(=O)c2csnn2)C1,0.000359398951749232
CC(C)(C)OC(=O)NC12CCN(C(=O)[C@H]3CC[C@@H](C(=O)O)O3)CC1C2,0.2126799231333727
CC(C)(CC(F)F)C(=O)N1CC2CCC1CN2C(=O)c1ccc[nH]1,0.23119626354508235
CC(C)CCN1CCCN(C(=O)[C@@H]2C[C@H]2c2ccn(C)n2)CC1,0.0005175550195378765
CC(C)Oc1ccc(CCC(=O)NS(=O)(=O)c2c[nH]cn2)cc1,0.00035366646512116433
CC(C)Oc1ccccc1NC(=O)c1cccnc1SCC(=O)O,0.6143299716268477
CC(C)SCC(=O)NC1CCN(C(=O)C2CCCOC2C)CC1,0.0008532688455282891
CC(C)n1nncc1C(=O)N1CC2CCCC2(Nc2ncns2)C1,0.0008635097221145143
CC(CCNc1nnc(C(C)(C)C)o1)NC(=O)[C@H]1CNC(=O)N1,0.00036399164501721654
CC(CNc1nccc(C#N)n1)N(C)C(=O)CCc1ccc(F)cc1,0.0008989818580925593
CC(Cc1cccc(F)c1)C(=O)N1C[C@H]2[C@H](NC(=O)C3(O)CC3)[C@H]2C1,0.00030836444410617294
CC(F)(F)C(=O)N1CC(Nc2nnc(CS(C)(=O)=O)s2)C1,0.0004167655407814598
CC1(C)CCC1C(=O)N1CCCC(CNC(=O)c2ccsn2)C1,0.23532688738947471
CC1CC(C2CN(C(=O)NCC3(c4ccccc4)CCC3)C2)=NO1,0.0005278437602907764
CC1CC(CNC(=O)C2CC23CC(O)C3)CN1C(=O)[C@@H]1[C@H]2COC[C@H]21,0.06620928639122328
CC1CC1C(=O)N1CCC[C@H]1CNC(=O)CCCN1CCCC1,0.000334252660994136
CC1CCCC1C(=O)N(C)C(C)CNc1ncc2c(n1)COC2,0.0006639348342864266
CC1CCN(S(=O)(=O)CCC2Cc3ccccc3C2)CC1,0.0003926996309663774
CC1Cc2c(Cl)cccc2CN1C(=O)c1ncc(C#N)cc1Cl,0.0008121202001293493
CCC(=O)c1ccc(S(=O)(=O)N2CC(F)(F)CC2C)cc1,0.00045620295775854343
CCC(C)(OC)C(=O)N1C2CCC1CN(C(=O)C1CCC(=O)C1)CC2,0.00034570871477584226
CCC(C)C(=O)NC[C@@H]1CCCCN1C(=O)c1nsnc1O,0.0005067960866229174
CCC(C)C(=O)NC12CC(CNc3ccnc(C(C)CC)n3)(C1)OC2C,0.0013320423281830789
CCC(O)(CC)CNC(=O)C12CCC(C)(CO1)C2,0.0005997132052140967
CCC(O)(CSC)CNC(=O)CCc1c(C)nn(CC)c1C,0.00038417356053079536
CCC(O)C(C)C(=O)N1CC(CNC(=O)c2ccc(C)o2)CC1C,0.0004304487209058504
CCC1(CC)CN(C(=O)c2cnc(OC)nc2C)C1c1ccco1,0.001023412076079048
CCCC(OC)C(=O)N1CC(F)(F)CC1CNC(=O)C1C2CCCC21,0.4843317175798557
CCCCC(C)C(=O)N1CC(NC(=O)C2(CC)CCOCC2)C1,0.0004337241048571289
CCCN(CC(F)F)S(=O)(=O)c1c(Cl)cnn1C,0.00047753440363892366
CCCN(CCc1ccccn1)C(=O)N1CCC(c2nccn2C)C1,0.000755309901394012
CCN(CCN1CCOCC1)C(=O)c1nccn2nc(C)cc12,0.1493493753002603
CCN1C(=O)CC[C@H](CNC2CCOC2(C)C)[C@H]1c1ccccc1,0.0006128823086648786
CCOC(=O)C(O)C(C)NC(=O)c1ccc(C)c2c(C#N)c[nH]c12,0.0005709675935814743
CCOC(=O)C1CCCCN1CC(=O)N(C)Cc1ccsc1,0.000362230561311168
CCS(=O)CC(=O)N1CCCC(NC(=O)CC2OCCC2C)C1,0.00032569574634381924
CCc1[nH]c(C)nc1C(=O)NC1(C)CN(C(=O)C2(C)CC2)C1,0.00048597518538708484
CCc1cc(N2CC3CCC2CN3C(=O)CC2(C)CC2)nc(C)n1,0.0015007825285080724
CCc1nc(-n2cccc2)sc1C(=O)N1[C@H]2CC[C@@H]1CN[C@@H](C2C)C2,0.0
CCn1ncc(C(=O)N2CC(F)(F)CC2c2nn[nH]n2)c1C,0.0003582636971030862
CN(C[C@@H]1[C@H]2CNC[C@H]21)C(=O)c1coc(C(F)(F)F)c1,0.0003547243404494172
CN(C[C@@H]1CCCN1C(=O)C1CC(=O)N(C2CC2)C1)C(=O)c1cnoc1,0.0004352779664355664
CN(C(=O)Cn1cccn1)C1CCN(c2ncncc2C#N)CC1,0.001087708334597139
CN(C(=O)c1cnn(C)c1C#N)C(CNC(=O)c1cocn1)C1CC1,0.28160605535370614
CN(C)Cc1cn(C[C@H]2CCCN2C(=O)C(O)CCS(C)=O)nn1,0.0003821933300811236
CN(Cc1cn(CC(C)(C)O)nn1)C(=O)COc1ccc(F)cc1,0.0004646050518676215
CN1CCC[C@@H]1C(=O)NCC1(C)CN(C(=O)[C@@H]2CCCO2)CCO1,0.11005814103885948
CN1CCC(CNC(=O)c2ccsc2S(C)(=O)=O)C1=O,0.00042666229403440887
CN1CCC(NC(=O)CN2CCC(=O)NC(c3cnn(C)c3)C2=O)C1,0.0001544841633495651
CNC(=O)C1(NC(=O)c2cccc3c2OCCNC3)CCCCC1,0.0004258506259427356
CO[C@H](C)C(=O)N1CC(CO)(NC(=O)CCCC2CCCCC2)C1,0.001038509297252898
COC(=O)[C@@H]1C[C@H](CC(=O)N2CCNC(C(F)F)C2)CN1,0.0002827693553610087
COC(=O)C1(C)CN(S(=O)(=O)CCC(F)(F)F)CCO1,0.1747631835659267
COC(=O)CN1CCN(c2nc3cccnc3s2)CC1,0.4367273862071452
COC(=O)N1CCCC(C(=O)N2CC3CC3(C(=O)O)C2)C1,0.00045834163644781174
COC(=O)c1cccc2oc(NC3(C)CC(C)(C)OC3=O)nc12,0.0009297775527821169
COC(=O)c1sc(NCCc2nccc(C)n2)nc1C1CC1,0.2085262268012332
COC(C)C(=O)N1CC(CO)(NC(=O)C(C)CC(F)(F)F)C1,0.0003641105194325596
COC1(C(N)=O)CN(C(=O)C2CCC(n3cc([C@H](O)C4CC4)nn3)C2)C1,0.0005146797736322767
COC1(C(F)(F)CNC(=O)C2CNC(=O)C2)CCCC1,0.00038171316325038906
COC1CN(C(=O)NCCC(OC)C2CC2)CC12CC2,0.0003475881589680712
COCC(C)(F)CS(=O)(=O)N1CCOC(C2CCCCC2)C1,0.0005839202265001087
COCC(C)COC(=O)C1COc2c(F)cc(Br)cc2C1,0.00048268885748667915
COCC1CCn2cc(C(=O)Nc3ccnn3C(C)C3CCC3)nc2C1,0.001238253738006764
COCCn1c(-c2ccc(=O)[nH]n2)nnc1N1CCCCCCCC1,0.001502726746723748
COCc1cccc(CNC(=O)NCc2cc(C)n[nH]2)c1,0.00045058657319532573
COc1cc(OC)cc(C2=CCN(C(=O)CC3(C)CCCO3)CC2)c1,0.0013277160420740685
COc1ccc(C(=O)NC2(CO)CN(C(=O)Cc3cncnc3)C2)o1,0.1289938987588554
COc1ccc(CC(C)C(=O)N[C@H](C)C2CCOCC2)cc1,0.0004387300888967397
COc1ccc(NC(=O)CN2CCCCCC2=O)c(Cl)c1,0.0005994471361910691
COc1cccc(C(=O)NCC(C)NC(=O)[C@]2(C)CCC(=O)N2)n1,0.10972257085885241
CS(=O)C1(CNC(=O)c2csc(Br)n2)CC1,0.0004305029135341296
Cc1[nH]cnc1S(=O)(=O)NC(=O)C1(C)CCC(O)CC1,0.00038573011449601383
Cc1cc(C(=O)NCC2CNc3ccccc32)ccc1F,0.0008886105717891636
Cc1cc(C(F)(F)F)ncc1C(=O)NC1CCC(C)(C)NC1,0.0005544902866957036
Cc1cccc(C(=O)N2CC3CCC(C2)N3CC(C)O)c1Cl,0.0006469197755862982
Cc1cccc(C(C)NS(=O)(=O)c2cncn2C)c1C,0.0005304614710026298
Cc1cccnc1CC(=O)NC1(C)CN(C(=O)C23CCC(F)(CC2)C3)C1,0.188143543753554
Cc1cnc(C2CCCN(C(=O)CC3(CO)CCC3)C2)s1,0.0009916802775204387
Cc1cnn(C)c1C(=O)NC1CCN(C(=O)C(C)C#N)CC1O,0.0005663833964067124
Cc1csc(C(C)(C)NC(=O)Nc2nnc3n2CCCC3)n1,0.000786359727282717
Cc1nc(NC(=O)NC(CO)C2CCCC2)ccc1-o1ccnc1,0.0
Cc1nc2ncnn2c(C)c1C(=O)N1CC[C@@H](C(F)F)C1,0.0007172153760314999
Cc1ncc(C(=O)N2CCC(N(C)c3n[nH]c(=O)s3)CC2)s1,0.00067395840072574
Cc1ncc(C(=O)N2CCOCC23CCOCC3)cc1-c1nn[nH]n1,0.24455321536110203
Cc1ncc2ccc(C(=O)NC3CCN(C)C(C)C3)cn12,0.00044327598771118934
Cc1nccnc1COC(=O)c1ncncc1Cl,0.000402837221925664
Cc1nn(C(F)F)c(C)c1NC(=O)N1CC2CCC(=O)NC2C1,0.0009043658788996636
Cc1noc(COCC(=O)N2CCCC(O)(C3CC3)C2)n1,0.00034150372482237784
Cc1nsc(NC[C@H]2C[C@@H](NC(=O)C3(F)CC3)C2)n1,0.0010525522671578603
Cc1oc(Br)cc1C(=O)NC1CCC(N(C)C)CC1,0.00040563966204006547
Cc1onc(C2CCCC2)c1C(=O)NC[C@@H](C)NC(=O)c1ccco1,0.0002823977716038432
Cn1c(CCO)nnc1N1CCC(Oc2cccc(Cl)c2)C1,0.0008064346401696146
Cn1cc(CCC(=O)N[C@H]2C[C@H](NC(=O)CC3CCOCC3)C2)cn1,0.0006907633313988567
Cn1ccc(CC(=O)N2C[C@H]3[C@H](CNc4nnc(C(F)F)o3)[C@H]3C2)n1,0.0
Cn1ncc(C(=O)NCC23CC(CO2)N(C(=O)C(C)(C)CO)C3)n1,0.00016055623294400638
Cn1ncc(S(=O)(=O)Nc2ccc(N3CC(C#N)C3)cc2)c1Cl,0.0014934584810629198
Cn1nccc1-c1ccnc(NCCN2CC[C@@H](O)C2)n1,0.0010048474142143819
N#CCc1cccc(S(=O)(=O)NCc2ccns2)c1,0.0003879077636473248
N#Cc1ccc(NC(=O)N2CCCC2C2CCCC2O)o1,0.6855592495061283
NC(=O)C1CCCN(C(=O)COC(=O)C2Cc3ccccc32)C1,0.00025431527941603265
NC(=O)CSc1ccccc1OCCC1CCOCC1,0.0005012806008324806
NC(=O)c1nnc2n1CCCN2C(=O)C1CCCS(=O)(=O)C1,0.00033746691936193106
NC(CC1CC(F)(F)C1)C(=O)N1CC2CCC1CN2,0.0003985273396380424
NS(=O)(=O)C1(c2ccccc2)CCN(CC2CCC3CC3C2)CC1,0.0007601443689757357
Nc1cc(-c2cn(C[C@H](O)CO)nn2)nc(C(F)(F)F)c1,0.0008078471991280205
O=C(CC1(COCc2ccccc2)CC1)c1cc[nH]c(=O)c1,0.00031733110074245085
O=C(CCCC(F)F)NC1CCN(C(=O)c2ncccn2)CC1F,0.0004089002242911883
O=C(CO)N1CCC(C2(O)CN(C(=O)c3cn4ccccc4n3)C2)CC1,0.0003478564119697494
O=C(Cc1sc(O)nc1O)N3CCCC(C2)(CO)C1,0.0
O=C(Cn1ccccc1=O)OCCC1CCCc2ccccc21,0.0003770251928778092
O=C(N[C@H]1C[C@H](CNC(=O)C2CCCCO2)C1)c1cncn1C1CC1,0.0008856260567366229
O=C(NC1CCN(C(=O)Cc2cnco2)CC1F)c1ccon1,0.00034232643657597107
O=C(NC1CN(C(=O)[C@@H]2C[C@@H]3C[C@@H]3C2)C1)C1CC1F,0.00017540804643173373
O=C(NCC1(O)CCSC1)NC[C@@H]1C[C@H]1C(F)(F)F,0.0002857165141508468
O=C(NCCN(C(=O)Cc1cccnc1)C1CC1)[C@@H]1[C@H]2COC[C@H]21,0.0004168120963948773
O=C(NCCc1cc(C2CC2)on1)[C@@H]1CNC[C@H](C2CC2)C1,0.0006148056823574613
O=C(NCCc1cccc(Cl)c1Cl)C(O)c1cccnc1,0.00045779465230067216
O=C(NCc1cncs1)NC(CO)c1cccs1,0.0008260452173493526
O=C(O)C1CSCN1C(=O)c1cc2cccnn2n1,0.00039979261370161654
O=C(c1ccc(=O)n(-c2ccccc2F)c1)N1CCCCC1,0.31887998165212816
O=C1CCC(CNC(=O)N2CC3(CCC3)c3ccncc32)CN1,0.0008773510204592776
O=S(=O)(NCCC1CCOc2ccccc21)C1CC(F)(F)C1,0.00047062154127607426
C[C@@H](OC(=O)c1ccc(N2CCCCC2=O)cc1)C1CCCO1,0.0009102447638417908
C[C@H](O)C(=O)NC(C)(C)C1CCCN1C(=O)CC1CCC(=O)N1C,0.1455705509993493
CC[C@@H]1C(=O)NCCCN1C(=O)c1cc2c(nn1)CCCC2,0.0002781210899726464
CC[C@H](C)n1nnnc1N1CCC(C2CNC(=O)C2)CC1,0.2826473801605577
CC[C@H](CC(=O)NCC1(O)Cc2ccc(OC)cc2C1)NC(=O)OC,0.00030327112913149134
CC(=O)OC1(C(=O)N2CCC(C)(NC(=O)c3cc(C)c(C)[nH]3)C2)CC1,0.000534105943412294
CC(=O)OC1CCN(C(=O)C2(O)C(C)(C)OC2(C)C)CC1,0.00036910969135292164
CC(C)[C@H](NC(=O)CC1CCC(C)(C)CO1)C(=O)NCCN(C)C,0.0005565421953532432
CC(C)(C)CCOC(=O)c1ccc2[nH]c(CO)nc2c1,0.0009427255947574032
CC(C)(C)CS(=O)(=O)NCC(F)c1ccc(Br)cc1,0.0006297207344841678
CC(C)(C)c1ocnc1CNC(=O)N[C@H]1c2ccccc2C[C@H]1CO,0.0005369574498886475
CC(C)(N)c1nc(C(=O)NC2CCN(c3cccnn3)CC2)cs1,0.000698550649970533
CC(C)(O)C(=O)NC(CCNC(=O)CCc1ccon1)Cc1ccccc1,0.00041822947616581375
CC(C)CCN1CCCC(C(C)NC(=O)c2cnc3c(n2)CCCC3)C1,0.0008230352056791933
CC(C)n1nccc1[C@@H]1OCCC[C@H]1CNC1CCOC12CCC2,0.0007188923218546185
CC(CC(=O)N1CC(NC(=O)c2coc3c2COC3)C1)C1CCCO1,0.0005190398586882008
CC(Cc1cnccn1)NC(=O)C1(c2ccccc2)CCOC1,0.0005753630860829134
CC(NC(=O)N[C@H](CO)C(=O)O)c1ccc(-n2ccnc2)cc1,0.00032742576601313726
CC(O)(Cn1cccc(C#N)c1=O)c1ccc(Br)cc1,0.0008001288032713256
CC(O)C(=O)N1CCCC(CN(C)C(=O)C(C)(C)c2cncnc2)C1,0.0006393827705244568
CC(O)c1cn(C2(C(=O)NC3COCC3(C)C)CCOCC2)nn1,0.00040045583159675264
CC(Oc1ccccc1,0.0
CC1(C)CC1NC(=O)COC1CCN(C(=O)OC(C)(C)C)C1,0.0005121183683233085
CC1(C)CN(C2CCN(C(=O)C3CCCc4cncn43)CC2)C1,0.0010343532385048376
CC1(C)CNCCC1NC(=O)c1ccnn1C(C)(C)C,0.000635494417517409
CC1(NC(=O)CC23CCCCC2C3(F)F)CCC(O)CC1,0.0017367960845507413
CC1=NOC(C(=O)NCCC(C)Nc2ncc3ccsc3n2)C1,0.0010829691759141774
CC1C(NC(=O)C(O)C2CCC2)CC2CCC1N2c1nnco1,0.00044687240690504044
CC1CN(C(=O)Nc2ccc(F)cc2OC(C)C#N)CCN1,0.0014469672248156424
CC1CN(C(=O)c2cnco2)CCN1c1ccc2c(n1)CCCC2=O,0.0003797618070847654
CC=Cc1cn(C2CN(C(=O)CNC(=O)c3cc(C)on3)C2)nn1,0.0005493975581090442
CCC(C)(O)C(=O)N1CC(NC(=O)c2ccc(OC)cn2)CC1C,0.16074482986694977
CCC(C)CN(C)c1nnc(C(CC)CC)n1CC(C)C,0.0008822296635612719
CCC(CNC(=O)C(C)OC1CCCC1)NC(=O)c1cncnc1N,0.22912675394020415
CCC1CCN1c1nnc(C2(C#N)CC2)n1CC1OCCO1,0.0009512232033923619
CCC1COC(C)CN1C(=O)NCC(OC)c1ccccc1,0.0004093810983144215
CCCC(=O)N1CCOC(CN(C)C(=O)C(C)N2CCOCC2)C1,0.00024967796749393676
CCCC(=O)NC1C(C)CCN(c2n[nH]c(=O)s2)C1C,0.23802769241298694
CCCC(CNC(=O)c1ccccc1N1CCOCC1)C(=O)OCC,0.0012004681847389198
CCCC1(C(=O)N2CC3CCCC(C2)N(C(=O)COC)C3)CCC1,0.001156705426395084
CCCCC(=O)NC1COC2(C1)CN(C(=O)c1ncc3ccccn13)C2,0.3575531252935763
CCCCC(C(=O)N[C@H]1CCCN(CC(=O)NCC(C)C)C1)C(C)C,0.0006924575593262644
CCCCC(C(=O)NCC1CN(C(=O)c2cccnc2)C1)C(C)C,0.2292089852161837
CCCN(C(=O)CN(C)C)C1CCN(C(=O)C[C@H]2CCOC2)CC1,0.0004273184126100493
CCCN(CC(=O)NC)C(=O)CC1(CO)CCOCC1,0.0003222483259167052
CCCc1c(C(=O)Nc2ccc(OC)nc2OC)cnn1C,0.0011152618367547657
CCN(CCC1CC1)S(=O)(=O)c1cc(N)c(Cl)cn1,0.3058192402484177
CCN(CCNc1ncnc(C)c1F)C(=O)C(C)c1cccc(C)c1,0.0014196217082007474
CCNC(=O)CC[C@H](NC(=O)[C@H](C)c1ccc(OC)cc1)C(=O)O,0.0003434040297725602
CCOC(=O)[C@@H]1C[C@@H](NC(=O)c2coc(SCC)c2)CCO1,0.00043860940776272405
CCOC(=O)c1cc2c(s1)CN(c1cn[nH]c(=O)c1Cl)CC2,0.000717410780312935
CCOC(C(=O)N1CC[C@@H](NC(=O)c2cnn(CC)c2)C1)C1CC1,0.00040280312435692127
CCOC(C(=O)N1CC(C)(NC(=O)C(C)OCC(C)C)C1)C1CC1,0.00041247096822109175
CCc1cc(C(=O)O)ccc1S(=O)(=O)NC(=O)C1CCCC12CC2,0.0005242760023721436
CCc1cc(N[C@H](C)CNC(=O)c2nsnc2O)nc(C)n1,0.0008109972778395026
CCc1ccc(Cn2cc(C34CCC(CN2)C4)ncc1=O)cc1ccnn1,0.0
CCc1nc(C(=O)N2CCC[C@@]2(C)CNC(=O)C2(N(C)C)CC2)cs1,0.000671050105735135
CCc1ocnc1C(=O)N(CC)C1CCN(CC2CC2)C1,0.0002935920374585416
CCn1c(C(=O)NC2CCCn3cnnc32)cnc1Br,0.00032676056198235377
CN(C[C@@H]1CCCN1c1ncc(F)cn1)C(=O)Cc1cnns1,0.0004535331965330272
CN(C(=O)CN1CCCCC1)C1CCCN(C(=O)c2n[nH]c(N)n2)CC1,0.18291228897850675
CN(C)C(=O)CN1CCC(CNC(=O)CS(N)(=O)=O)C1,0.06308495081394297
CN(C)C1(C(N)=O)CN(C(=O)c2nn(C)nc2Br)C1,0.0002034266756585441
CN(C)C1(C)CCCN(c2nc3c(cc2C#N)C(=O)CCCC3)C1,0.0011585353943848644
CN(C)CC(=O)NCC1CCC(NC(=O)C2(N(C)C)CC2)C1,0.00023990312173501367
CN(C)CCN(CC1CCCO1)C(=O)NCC(=O)N=S(C)(C)=O,0.2216314691969916
CN(CC1(c2ccccc2)CC1)C(=O)c1[nH]ncc1C1CC1,0.0003523616683100211
CN(CCNC(=O)OC(C)(C)C)CC12CC1CCC21OCCO,0.0
CN1CCC(NC(=O)NCC(CO)c2ccccc2Cl)C(C)(C)C1,0.0005140029061893273
CO[C@@]1(C)C[C@H]1NCc1nc(C2CCCCC2)no1,0.000671626619076465
CO[C@@H]1CCC[C@H]1NC(=O)NCC(c1ccccc1)N1CCCC1,0.00041104465911016223
CO[C@H](C)C(=O)N1CCC(C2(NC(=O)C3CC3C3CC3C)CC2)C1,0.0007876426331240805
COC(=O)C(C)(CNC(=O)c1cc2n(n1)CCOC2)c1cccc(C)c1,0.0003845588979533651
COC(=O)CCC(=O)NC1CC(C)N(C(=O)c2c[nH]c(C)c2)C1,0.0002917730121316635
COC(=O)CCOC1CCN(C(=O)N2Cc3ncccc3N2C)CC1,0.0008818570512597767
COC(=O)COc1ccc(NC(=O)N2CC(n3ccnn3)C2)cc1C,0.3031508507737095
COC(=O)N1CCCC(C(=O)Nc2ccc(OCC(N)=O)cc2)C1,0.0006327062643241892
COC(C)c1cn(C(C)C(=O)NC23CCCC2NCC3)nn1,0.00035432556580681336
COC1(C(=O)N2CCN(C(=O)CCF)[C@H](C)C2)CCS(=O)(=O)C1,0.0002952425668001818
COC1(c2ccc(C(=O)N3CCCNC(=O)[C@@H]3C)cn2)CCOCC1,0.0004720502858220847
COCC(=O)N1CCC[C@H](CNC(=O)C(CO)NC(N)=O)C1,0.0003653444919344812
COCCC1(NC(=O)CN(C)C)CCN(c2cc(=O)[nH]c(=O)[nH]2)C1,0.0003631154297198722
COc1cc(N(C)CC(C)NC(=O)CC23CCC(CC2)C3)ncn1,0.0008541075215269638
COc1cccc2[nH]cc(CCNC(=O)N3CCC[C@H](OC)C3)c12,0.0005600342272237861
COc1nccc(C(=O)N(C)C(C)CNC(=O)c2c(N)cnn2C)n1,0.00080376966804131
CSc1nc(C)cc(NC2CCN(C(C)=O)CC23CCC3)n1,0.001274972380608157
Cc1c(C(=O)N2CCC3CCC2(C)O3)cnn1-c1ccccc1F,0.0006104242972712414
Cc1c(O)ccc(C(=O)NCC2(NC(=O)[C@@H]3CCCO3)CCC2)c1C,0.0004125482401758872
Cc1cc(C(=O)N2CCC(CNC(=O)CC#N)C2)n2nc(C)cc2n1,0.4098041854881426
Cc1cc(CNC(=O)CC(C)(O)c2ccc(F)cc2)cc(C)n1,0.0005088632074021184
Cc1cc(Cl)cnc1NC(=O)C(O)Cc1cn(C)cn1,0.0008761326617962807
Cc1ccc([C@@H](O)CNC(=O)N[C@H]2[C@@H]3CN(Cc4ccccc4)C[C@@H]32)cc1,0.00025034065229755234
Cc1ccc(CC(=O)N2C[C@@H](C)[C@@H](NC(=O)c3ccnc(C)c3)C2)cc1,0.00040070740396771636
Cc1ccc(NC(=O)COC(=O)C(C)C2OCCN2C)cc1,0.0006584974804777257
Cc1cccc(NC(=O)CN(C)C(=O)C2CCc3[nH]cnc3C2)c1C,0.0011506579731505537
Cc1ccnn1CC(=O)N1CCCC(c2nn[nH]n2)C1,0.00019321536829725418
Cc1cn(CC(=O)OCC(=O)C2CCOCC2)c2ccccc12,0.0005644309014732834
Cc1coc(C(=O)Nc2cc(C)n(C(C)C3CC3)n2)c1C#N,0.0018195320576699342
Cc1n[nH]c(C)c1C(C)NC(=O)c1ccc(NCC(F)(F)F)[nH]1,0.0010659264472604342
Cc1nc(C(=O)N(CCN(C)C)Cc2cncn2C)co1,0.000692300521969545
Cc1nc(C)c(CNC(=O)c2cc(S(N)(=O)=O)cs2)o1,0.00035105741623632866
Cc1nc(O)cc(COC(=O)c2sccc2S(C)(=O)=O)n1,0.0005548180417852643
Cc1nc(Cl)c(C)c(N2CCN(CCOC3CCC3)CC2)n1,0.23141339798070928
Cc1ncc(CN(C)Cc2noc(C3CCOCC3)n2)c(C)n1,0.0004590927186420968
Cc1ncncc1C(=O)N[C@H](C)CNC(=O)[C@H](C)NS(C)(=O)=O,0.0001690919426461599
Cc1nn(C)c(C)c1C(=O)N1CCCCC12CCCNC2,0.0006529838660254419
Cc1nnc(N2CCC(NC(=O)C3(C)CNC(=O)C3)C(O)C2)nc1C,0.12091053378385165
Cc1nsc(N2CCCCC2CNC(=O)[C@@H]2CCCO2)n1,0.0004640521703876924
Cc1scnc1C(=O)NC1CCN(c2nnc(C3CC3)o2)C1(C)C,0.00110860503272967
Cn1c(Cl)nc(Cl)c1CN1CCCC(N2CCCS2(=O)=O)C1,0.0006932997117284859
Cn1cnc2cccc(NC(=O)CC3CCC(C)(C)CN3)c21,0.0009031277868117398
Cn1ncc(C(=O)N2CC(CO)(NC(=O)Cc3cccs3)C2)c1N,0.0007315239413511921
Cn1ncc(NCC2COC(=O)O2)c1C(F)(F)F,0.0008880123186741069
N#Cc1cc(S(=O)(=O)NCc2cccc(N)n2)ccc1Cl,0.20462762054557224
Nc1cnc(C(=O)N[C@H]2CC[C@@H](NC(=O)[C@@H]3CCC(=O)N3)CC2)cn1,0.00020232395539627107
Nc1csnc1C(=O)N1CCC1CNC(=O)c1cnoc1,0.000668222075999647
O=C(N[C@H]1C[C@H](Cn2cccn2)C1)c1ccc(Br)c(F)c1,0.0005882805412915971
O=C(N1CCN(Cc2cnccn2)CC1)C1(n2cccn2)CC1,0.1482530435756227
O=C(NC1(CNc2ccncc2)CCOCC1)c1ccc(Cl)cn1,0.0007672845386237741
O=C(NC1CS(=O)(=O)Cc2ncccc21)N1Cc2ccccc2C1,0.00039667980436517905
O=C(NCC1CN(C(=O)Cc2ccccn2)C1)C1CC2(CCOC2)C1,0.00029715312603678786
O=C(Nc1ccc(C2CCC2)cn1)c1ccnc(OCCO)c1,0.0007210983856523773
O=C(Nc1cncn1C1CC1)N1CC(CO)CC12CCOCC2,0.0009248598821615681
O=C(c1cc(NCc2ccncc2)cnn1)N1CC[C@@H]2[C@H](C1)[C@@H]2C(F)F,0.3647892713843656
O=C(c1ccc2ccnc(O)c2n1)N1CCC2(CCC2)C1,0.3151204744715037
O=C(c1cccs1)N1CCCN(C(=O)C2(CO)CC2)CC1,0.0004837663663401464
O=S(=O)(CC1(CF)CC1)N1CCOC2(CCSC2)C1,0.00026497543885316147
O=S(=O)(Cc1ccsc1)C[C@H](O)c1ccc(Cl)cc1,0.0005779767360541503
C[C@]12CNC[C@H]1CN(Cc1nc[nH]c1Br)C2,0.0007878709166950118
C[C@@H](CCNC(=O)Cn1nccn1)NC(=O)C1(C#N)CC1(C)C,0.00016662526457382105
C[C@@H](NC(=O)CCOC1CCOCC1)c1ccccc1Cl,0.0004613025000891529
C[C@@H](O)C(=O)NC1(C)CCCN(C(=O)CCn2ccccc2=O)C1,0.00022822908774971026
C[C@@H]1CN(C(=O)c2c[nH]c(=O)cn2)C[C@@H]1NC(=O)c1cc(CO)on1,0.1128426212706615
C[C@H](O)C(=O)N1CC([C@@H](C)NC(=O)[C@@H]2CSCN2C(=O)C2CC2)C1,0.06698963414462762
C[C@H]1CN(CCO)[C@H](NC(=O)OCCC(F)(F)F)CO1,0.00035486793413997753
CC(=O)CCCC(=O)N1CCC[C@@H]1CN(C)C(=O)c1cc(C)c(C)[nH]1,0.1791909942410706
CC(=O)NCc1ccc(NC(=O)c2nn(C(C)(C)C)cc2C)cc1,0.0009047489886966023
CC(C(=O)NC1CCC2(C1)CC2(F)F)n1ccc(C2CC2)n1,0.0007712262772883464
CC(C(=O)O)N(C(=O)c1cc2cc(F)ccc2o1)C1CC1,0.47413074716724507
CC(C)(C(=O)N1CCNC(=O)C1)N1CCOc2ccc(Cl)cc21,0.17898760183777662
CC(C)(C)[C@H]1CC(=O)N(CCOc2ccc(F)cc2Cl)C(=O)N1,0.0005652029598773299
CC(C)(C)CC(=O)N1CCC[C@@H]1Cn1cc(COc2cnn(C)c2)nn1,0.0005644800645880065
CC(C)(C)OC(=O)c1cn(C[C@@H](O)c2ccc(F)cc2)nn1,0.00046617236640886
CC(C)(NC(=O)c1cnn(-c2cccc(Cl)c2)n1)C1CC(O)C1,0.36931034498319737
CC(C)(O)C(=O)NC1CCCN(c2n[nH]c(=O)s2)CC1,0.0003658407655503157
CC(C)C(=O)N(CC#N)c1nc(CNC23CC(CO)(C2)C3)ns1,0.0011598583778540104
CC(C)c1cc(C(=O)OCc2nccn2CC(F)F)nn1C,0.0006883014565540975
CC(C)c1nnc(N[C@H]2C[C@@H](CNC(=O)c3cccnc3O)C2)s1,0.0008849645768638161
CC(C)c1nnc2c(NCC3(C)OCCc4ccccc43)nccn12,0.0007380265367869961
CC(C@]1CCCN1)NC(=O)C1CCN(CC(F)(F)F)C(=O)C1,0.0
CC(CC(N)=O)C(=O)N1C2CCC1CN(C(=O)C1CCO1)CC2,0.00017451679430365984
CC(CCn1nnnc1N1CCC(CO)C1)C(F)F,0.00045364660953127147
CC(CO)N(Cc1ccccc1)C(=O)Cc1ncc(Cl)s1,0.0008804047048745163
CC(N[C@@H]1COC[C@@H]1C(N)=O)c1cc2c(cc1Cl)NC(=O)CO2,0.00048176139064110045
CC(O)C(=O)N1C[C@@H]2CCCN(C(=O)C(F)CC3CC3)[C@@H]2C1,0.0005454443228707453
CC(O)CC(=O)Nc1ccc(NC(=O)C2CCC2)cc1,0.0010802364542178168
CC1(C(=O)N2CCC3(CN(C(=O)Cn4cccn4)CCO3)C2)CCC1,0.19905956772995054
CC1(C)C(CNC(=O)C2=C(Cl)CC2)CCN1C(=O)Cc1ccoc1,0.0004400455298364139
CC1(C)OC[C@H](NC(=O)[C@H]2C[C@H](N)C2)[C@@H](O)[C@@H]1O,0.00016583354878823417
CC1(C)SCC(C(=O)O)N1C(=O)c1cc(Br)cs1,0.3380734137032897
CC1=NOC(C(=O)NCC(O)CNC(=O)c2c[nH]nc2C2CC2)C1,0.0003342368957546877
CC1CC1(C#N)C(=O)NC(CNC(=O)C1CC(C2CC2)=NO1)C1CC1,0.0012057493040742058
CC1CC1COC(=O)CC(n1nc(C(C)(C)C)cc1C1CC1)C1CC1,0.0006066615507922527
CC1CCC(C(=O)N2CC(C)(NC(=O)C(C)(C)CF)C2)CC1C,0.00035827088346893337
CC1CCC(NC(=O)C(C)(C)C2CCCCO2)CN1,0.0006872599070647874
CC1CN(C(=O)C(c2ccccc2)N(C)C)CC(CO)O1,0.00026172384860961547
CC1CN(C(=O)N2CCCc3cc(F)c(F)cc32)CCN1,0.0010722642121609937
CCC(C(=O)O)N(C)C(=O)NC(C1=COCC1)C(F)(F)F,0.0005910824016739914
CCCC(=O)N(C)CCNC(=O)C1CCCn2ccnc21,0.0003224070168591523
CCCCC(=O)N1CC2(CCN(C(=O)c3cnc4cnccn34)CC2)C1,0.0014272406563109333
CCCN1CCC2(CCN(C(=O)c3cn(C4CCN(C)C4)nn3)CC2)C1,0.000685019027551931
CCCOc1ccc(C(=O)Nc2nc(C)c(N3CCOCC3)s2)cc1,0.8208484548406934
CCCc1nnc(N(C)CCCN(C)C(=O)C2CCC(=O)N2)s1,0.0005244401317807538
CCN(C(=O)[C@@H]1C[C@@H]1C)C1CCN(c2cc3nncn3c(=O)[nH]2)C1,0.15881526305050184
CCN(C(=O)Cc1cccc(NC)n1)C1CCCN(C)C1,0.0005426795362641625
CCN(CC)CCOC(=O)C1(c2ccc(Cl)cc2F)CCC1,0.0006059878488239467
CCN1CC(C(=O)N[C@H](C)CNC(=O)c2ccc[nH]2)CCC1=O,0.14189969314353426
CCN1CCCC(C)(CNC(=O)[C@@]23CCOC[C@@H]2CNC3)C1,0.0002823975386164576
CCNS(=O)(=O)c1ccc(C(=O)N(CC)C2CC(C)(C)C2)cc1,0.0005167902454953198
CCOC(C(=O)N[C@H]1CCN(C(=O)C(CO)NC(N)=O)C1)C1CC1,0.00019990117185404718
CCOC(CN1CCOC(C)(CNC(=O)CC(C)C(C)C)C1)C1CC1,0.0003711873267972366
CCOCC(C(=O)NCCC(F)F)n1cc(CSC)nn1,0.0003607926062026634
CCS(=O)(=O)Nc1cc(C)nn1-c1ccc2c(c1)COCC2,0.0006563750831327247
CCc1ccc(C(=O)CCC(=O)NC(C(F)F)C2CC2)cc1,0.19172296442877612
CCc1cncc(C(=O)N[C@@H]2CCN(C(=O)C(OC)C(C)CC)C2)c1,0.0003480607327072358
CCc1cnn(C)c1NC(=O)Nc1cccc(OC)c1C,0.0015046554134557175
CCc1nnc(N2CC[C@H](NC(=O)CCc3ccsc3)C2)s1,0.0005926183826261968
CCc1nnc2ccc(N3C[C@H](O)CO3)nn12,0.0004055470946197283
CN(C(=O)CNC(=O)c1ccco1)C(c1ccccc1)C1CCC1,0.0007034445624338426
CN(C)C(=O)OC1CCN(c2nnc(C3(O)CC3)n2C,0.0
CN(C)CC(O)CNC(=O)[C@@H](NC(N)=O)C1CCCC1,0.0003495785665772529
CN(CC(=O)N1CCCC1)C1CCCN(C(=O)c2cccnn2)C1,0.16648932003684175
CN(CCO)Cc1cn(CCC2CN(C(=O)c3ccncn3)C2)nn1,0.00027851743899000075
CN1CC(C(=O)N[C@@H]2CCO[C@H]2C2CCNCC2)NC1=O,0.0002758358144541677
CN1CCN(CCc2nnnn2C)c2ccccc21,0.0009875284202607653
CNC(=O)CCC(=O)NCC1(NC(=O)c2ccco2)CCCC1,0.00026050793871945063
CNC(=O)CN1CC(NC(=O)Nc2cc(F)ccc2C)C1,0.0005226664425471394
CNC(=O)OC1CN(c2cc(Cl)nc(C(C)(C)C)n2)C1,0.00046433691547336447
CNS(=O)(=O)CC(=O)N(C)C[C@@H]1CCCN1C(=O)CC1CCC1,0.12078721229180746
CO[C@H]1C[C@@H](NC(=O)N(C)C2CCN(c3ccc(C)cn3)CC2)C1,0.0003125328132695723
COC(=O)[C@@H](CC(C)C)NC(=O)c1ccc(CNC(C)=O)c(F)c1,0.0003412122423343428
COC(=O)[C@H]1CCC[C@H]1NC(=O)C(N)Cc1ncccc1C,0.00027425444347858234
COC(=O)C(CNS(=O)(=O)c1ccc(C#N)nc1)CC1CC1,0.000595110549787177
COC(=O)C1(CNC(=O)N2C[C@@H](C)[C@H](c3ccccc3)C2)CCCO1,0.0005470176149917124
COC(=O)C1(NC(=O)Cn2cc(-c3cccc(Cl)c3)nn2)CC1,0.3361201648274913
COC(=O)C1(F)CN(S(=O)(=O)c2cncs2)CC1CN,0.0002515186494995909
COC(=O)c1ccnc(NC(=O)C2C[C@@H]3COC[C@H]3C2)c1C,0.00045259072065201316
COC(CNCc1csc(C#N)n1)(C1CC1)C1CC1,0.0013934641960562863
COC1COc2ccc(NC(=O)c3cccc(C(=O)O)c3C)cc21,0.6043106420447282
COCC(C)(C)CC(=O)NCC1(C(C)CCO)CCC1,0.0010960626618698194
COCC(C)(O)CCNC(=O)N1CCC2CCCCC2C1,0.00041065891721719136
COCCc1ccc(S(=O)(=O)NC23CCC(CC2)NC3)cc1,0.0002974810467514687
COc1cc(CC(=O)NCC2CC(C)N(C(=O)CC3CC3)C2)ccc1O,0.000343425116591031
COc1ccc(COC)cc1-c1nc(C2CC(F)C2)no1,0.001454438574162492
COc1ccc(NC(=O)C2CNCC2(C)C)cc1N1CCOC1=O,0.0006333640475526892
COc1ccc(OCc2cnnn2C2CCC2)c(OC)c1,0.0005509408443858311
COc1ccc2c(c1)[C@@H](NC(=O)N1C[C@H]3C[C@@H](O)CC[C@H]3C1)CCC2,0.000677290820770834
CSC1CCN(c2nnc(-c3cnc(N)s3)n2CC2CC2)C1,0.0016514363956177992
Cc1cc(=O)[nH]cc1C(=O)NC1CCCN(C(=O)CN(C)C)C1,0.09764655745311272
Cc1cc(=O)c(C(=O)NC[C@H](C)NC(=O)CC2CC2)c[nH]1,0.17348186629615703
Cc1cc(C#N)cc(N2CCCC(n3cc(Br)cn3)C2)n1,0.001627068885807532
Cc1cc(C)cc(C(=O)N2CC[C@@H](NC(=O)C3(C#N)CC3C)C2)c1,0.0009604277804143652
Cc1cc(NC(=O)N2CC34COCC3(COC4)C2)sc1C(=O)O,0.22992197678550944
Cc1ccc(C)c(S(=O)(=O)NC(=O)C(N)C2CCCCO2)c1,0.00038495186354716923
Cc1ccc(SC2CCC(NC(=O)[C@@H]3CCCN3)CC2)cc1,0.0005522751565249984
Cc1ccc2c(c1F)CN(C(=O)Cc1cnn(C)c1C)C2,0.0005600705292387836
Cc1cccc(O)c1S(=O)(=O)N1CC(F)(F)C1C(=O)O,0.00040243392717200036
Cc1cccc(S(=O)(=O)N[C@H](C)c2ncccc2F)c1Cl,0.0004693392723120478
Cc1ccccc1COCC(=O)N1CCCC1c1nncn1C,0.0005218610941067932
Cc1ccoc1CC(=O)N[C@H]1C[C@H](CNc2nnco2)C1,0.32525819237278797
Cc1ccsc1CC(=O)N1CCOC(CNC(=O)C2(C)CC2)C1,0.00048490239253482994
Cc1cnn(C2CCN(CC(=O)NCC(=O)c3cccs3)CC2)c1,0.21631256669203214
Cc1nc(C(C)NS(=O)(=O)c2cc(Br)ccc2F)no1,0.0006104209941250895
Cc1nc(N2Cc3cccnc3N3C[C@H](O)C[C@@H]3C2)ccc1C#N,0.0011066014294201288
Cc1nc(S(=O)(=O)N(C)C(CN)c2ccccc2)sc1C,0.0005536616953738792
Cc1ncc(CNC(=O)c2nc(Br)n3c2CNCC3)n1C,0.0005171650584646935
Cc1nccn1Cc1ccc(C(=O)N2C[C@@H](N)[C@H](C)C2)cc1,0.0003390502603733675
Cc1nn(C)cc1C(=O)NCC1COCCN(C(=O)C2CCCOC2)C1,0.00029156274244116664
Cc1nnc(N(C)C(C)CNC(=O)CC2(c3ccccc3)CC2)nc1C,0.0006529860832604154
Cc1nnc(N2CC(C)(NC(=O)C3(n4nccn4)CC3)C2)nc1C,0.0002764904101574376
Cn1cc(NC(=O)c2ncccc2NCC(F)F)c(C2CCC2)n1,0.749754370208656
Cn1ncc(CCC(=O)N2CCC(c3ccc(F)cc3)CC2)n1,0.0005869464088278679
O=C(CC1CCC(O)C1)NC1CC2CCC1(C(=O)O)C2,0.00044264385306904346
O=C(CCc1cccc(OC(F)F)c1)OC1COC2(CCC2)C1,0.0008184572510296228
O=C(Cn1nccn1)N[C@H]1CCN(C(=O)[C@H]2CCCC[C@H]2C(F)(F)F)C1,0.0004226335499136018
O=C(N[C@@H]1CCN(C(=O)c2[nH]ccc2C2CC2)C1)c1ccccc1F,0.0006509018393065455
O=C(NC[C@@H]1C[C@H]1C1CCCCC1)NCC12CCC(C1)C(=O)N2,0.0007524095613004753
O=C(NCC1CC2(C1)CC2F)NC(c1cccnc1)C1CC1,0.0011292001807488934
O=C(NCCC1CC(O)C1)Nc1nc(C2CCCCC2)ns1,0.0014847313843145392
O=C(Nc1ccc(OCCC2CC2)nc1)C12CCCC(CN1)C2,0.6547606817766245
O=C(O)CC1(NC(=O)CC[C@]23CCC[C@H]2OCC3)CCCC1,0.0011441567267566756
O=C(O)CCC(O)CNC(=O)c1cncc2cnccc12,0.0003253307419226529
O=C(c1ccc2nncn2c1)N1CCCC(C2CC2(F)F)C1,0.5618268689119527
O=C(c1cncc(-c2cccnc2)c1)N1CCN(C2COC2)CC1,0.1150956885314539
O=C1CCN(C(=O)c2cc(C(F)(F)F)n[nH]2)c2ccccc21,0.001009055592653921
O=S(=O)(c1cccs1)N1CCOC2(CCCNC2)C1,0.0003803604309185941
C[C@@H](NC(=O)Nc1cnc2ccccn12)C1CCOCC1,0.0008816628810113368
C[C@H](O)C(=O)N(C)C[C@H]1CCCN1CCOc1cc(Cl)cc(Cl)c1,0.000487963291599599
CC[C@H](C)[C@H](NC(N)=O)C(=O)Nc1nc2c(s1)C(=O)NC(C)C2,0.0004683455574941839
CC(=O)N1C[C@]2(C)CN(C(=O)c3ccc(OC4CCCC4)cc3)C[C@]2(C)C1,0.0005886023085239379
CC(=O)NCC(=O)N1CC2C(CNC(=O)CC3(C)CCCO3)C2C1,0.11659224486335773
CC(=O)NCCC(=O)NC1(CNC(=O)c2cccc(C)c2F)CC1,0.00040715089662525777
CC(=O)OCC(N)C(=O)N[C@H]1c2ccc(F)cc2C[C@H]1C(F)F,0.0004926629258352038
CC(=O)c1ccc(NC(=O)NCC2(CO)CC3CCCC3C2)nc1,0.1764263556995471
CC(C)(C)c1cnc(NCC2CCc3nncn3C2)o1,0.0008682595968019468
CC(C)(CC(=O)O)CC(=O)N1CC(CO)Oc2ccc(Cl)cc21,0.0006641116438910636
CC(C)(CO)C(=O)NC1CCC2CN(C(=O)c3cncs3)CC21,0.12812847189250368
CC(C)C(=O)N[C@@H]1CCCN(Cc2nnn(C)n2)C1,0.00025623831682370165
CC(C)C(C)NC(=O)C(C)(C)n1cc(S(C)(=O)=O)cn1,0.0004656769946630642
CC(C)C(NC(=O)c1sccc1OC(F)F)C(=O)N1CCCC1,0.000562985762061217
CC(C)C1C(C)CCN1C(=O)c1ncc(O)cc1F,0.0006021796746872477
CC(C)CCC(=O)NCC1CC2(CC2)CN1C(=O)c1cc(F)cnc1O,0.14572002933110265
CC(C)Oc1cccc(C(=O)N[C@H]2[C@@H]3CN(CC(=O)NC4CC4)C[C@@H]32)n1,0.1254230852215921
CC(CCN)N(C)C(=O)Cn1nnnc1-c1ccccc1,0.0007045543799619055
CC(CCNC(=O)C1Cc2ccccc2C1)NC(=O)C12CC1C2,0.00045436769708455345
CC(CN(C)C(=O)c1n[nH]c2ncccc12)NC(=O)C1(C(F)F)CC1,0.0005822860124567471
CC(NC(=O)c1ccncn1)C1(O)CCN(C(=O)C2CC2F)C1,0.00030346503583734085
CC(OCc1ccncc1)C(=O)NCc1nc(CC(F)(F)F)no1,0.0003923355390477849
CC1(C)C(CC(=O)NC2CN(c3cc(O)ccn3)C2)CC1=O,0.252455552239966
CC1(C)CCCC1(CO)NC(=O)Nc1cc(-c2cc[nH]n2)ccn1,0.6544780242814877
CC1C(NC(=O)C(C)(O)C2CC2)CC2CCC1N2c1cc(=O)[nH]c(=O)[nH]1,0.0004978346849744412
CC1CC(NC(=O)c2nc3ncccn3n2)CCN1C(=O)C1CC(=O)C1,0.11509542329215766
CCC(C)(C)CC(=O)N1CCN(C(=O)C(O)c2cccnc2)[C@H](C)C1,0.14945602217365686
CCC(F)C(=O)N[C@H]1C[C@@H](NC(=O)c2ccn(C3CCOCC3)n2)C1,0.21447324099134188
CCC(SC)C(=O)NC1CCN(C(=O)[C@@H]2CCC(=O)N2)C(C)C1,0.0003497076661748719
CCC1(Nc2ccncn2)CCN(C(=O)c2ccc(=O)oc2)CC1,0.0005601640855691025
CCC1CC1C(=O)N[C@H]1[C@@H]2CN(C(=O)c3cccc(F)c3O)C[C@@H]21,0.00036368381235721314
CCC1CN(C)CCN1S(=O)(=O)c1cc(C(F)F)ccn1,0.0003136213072782493
CCC1CN(C)CCN1S(=O)(=O)c1ccc2c(c1)CC(C)O2,0.00037339194423827334
CCC1CN(CC(C)(O)c2ccc(C(F)F)cc2)C(C)CO1,0.0004953104873134486
CCCC(O)CC(=O)N1CCC1CNC(=O)Cc1cccn1C,0.00038060637788350305
CCCS(=O)(=O)N1CCN(c2ncnc3sc3n2)CC1,0.0
CCCc1cc(NCC(=O)NCCc2ccccc2)ncn1,0.0006404048892037896
CCOC(=O)[C@H]1C[C@](F)(CNC(=O)[C@H]2C[C@H]3[C@@H](C2)C(=O)N3)C1,0.0002348454461332617
CCOC(=O)CCNC(=O)CCC1(NC(=O)OCC)CCOC1,0.00030449327343495765
CCOC(C)C(=O)N1C2CCCC1CC(Nc1ncncc1C#N)C2,0.7051749816700065
CCOC(CC)C(=O)N1C[C@@H]2CCC[C@@H]2[C@H]1C(=O)OC(C)(C)C,0.0006431512389596395
CCS(=O)CC(=O)N1CCCC1CNC(=O)[C@H](C)c1ccccc1,0.0004512746058889283
CCc1c[nH]c(C(=O)NCC2(NC(=O)C3CCCO3)CCC2)c1,0.00042579052253989596
CCc1cc(CC)nc(N2CC[C@H](NC(=O)C(C)(O)CC)C2)n1,0.0004292524024508512
CCc1cn[nH]c1CNC(=O)c1ccc(OC)cc1C1CC1,0.0004902226040693705
CCn1c(-c2cnon2)nnc1N1CC(=O)N[C@H](CO)C1,0.0004903004895375558
CCn1cc(Cn2nnnc2N2CCC[C@@H](C(F)(F)F)C2)cn1,0.0007617221463546798
CCn1ccc(C(=O)N2CC3(CN(C(=O)NC(C)(C)C)CCO3)C2)n1,0.29248665968544574
CCn1ncc(C(=O)N(C)C(C)CNC(=O)C(F)(F)CC(C)C)n1,0.0003490992591432743
CN(C(=O)c1ccc(OCC(=O)C(C)(C)C)cc1)C1CCNCC1,0.2302275908733204
CN(C)C1CCC(C(=O)Nc2cccc(N3CCC3)c2)CC1,0.0017377355857187953
CN(CC1COC1)C(=O)NCc1cc(F)c(C#N)c(F)c1,0.0008484203662980262
CN(CCNC(=O)Cc1cc[nH]c1)C(=O)CN1CCCCC1=O,0.00018792604846848334
CN(CCNC(=O)c1ncccc1Cl)C(=O)c1cncnc1C#N,0.000835035596794828
CN(Cc1nccs1)CC1CCN(C(=O)c2cncnc2)CC1,0.0007436150139905242
CN1C[C@@H]2CC[C@H](CC1=O)N2C(=O)c1cc2c(Cl)cncc2s1,0.000636341339671134
CN1CCC[C@@H]1CN1CCN(C(=O)COc2ccccc2O)CC1,0.00044547203811256164
CN1CCC(O)(CNC(=O)c2cc(Cl)on2)CC1,0.0002772870459086777
COC[C@@H](O)Cc1cn(C(C)CNC(=O)c2ccc(F)c(O)c2)nn1,0.0003254225793553797
COC[C@@H]1CN(C(=O)c2cc(C#N)cc(Br)c2Cl)CCO1,0.00122132809646269
COC(=O)[C@H]1CCC[C@H]1NC(=O)CCCn1c2cc(C)sc2(C)c1=O,0.0
COC(=O)[C@H]1CCCN1S(=O)(=O)N1Cc2ccccc2C1,0.00032905654498382195
COC(C(=O)Nc1ncc(C)c(C)n1)c1c(F)cccc1F,0.0008183597010591602
COC(C)CC(=O)NC1CC(NCCN2CCNC2=O)C12CCC2,0.2093663592522602
COCC(CNCc1cnc(-c2ccc(C#N)cc2)s1)OC,0.0010806207187917809
COCCC(=O)N1CCCN(C(=O)C2CS(=O)(=O)C2)CC1,0.0002532935240615333
COCCS(C)(=O)=NC(=O)C1CC(c2ccc(F)cc2)C1,0.0004399295379379756
COCCn1ccc(C(=O)N2CCN(C(=O)c3ccon3)C[C@H]2C)n1,0.0003317170492405272
COc1cc2c(cc1F)CN(CC(O)c1ccc(C)n1C)CC2,0.0005783138111919198
COc1ccc(C2CCCN(CC(=O)O)C2)c(Cl)c1,0.000573824156994111
COc1ccc2ccc(NC[C@@H]3CCS(=O)(=O)[C@@H](C)C3)nc2c1,0.0011609027858407157
COc1cccc(C(=O)NC(C)CCNC(=O)c2cocc2C)c1O,0.0007989846636140541
COc1ccnc(C(=O)NC2CN(C(=O)c3coc(Cl)c3)C2)c1,0.1592320466541939
COc1nc(C)cc(N(C)C2CCN(C(=O)Cn3ccnc3)CC2)n1,0.0009003904053749756
COc1ncncc1NC(=O)N1CCC(CF)(C(C)(C)C)CC1,0.6289717010546604
CSc1ccccc1C(=O)N1CCCC1CN1CCCC1C(N)=O,0.0007039450235784942
Cc1cc(=O)[nH]cc1C(=O)N1CC(CNC(=O)c2cccnc2C)C1,0.12080882645548965
Cc1cc(C(=O)N2CCC(C3(Nc4nnnn4C)CC3)CC2)no1,0.00035190357724486793
Cc1cc(C(=O)N2CCNC(=O)C2C(C)C)c(=O)[nH]c1C,0.12382326347975156
Cc1cc(C(F)F)n2ncc(C(=O)NC[C@H](O)C4CC3)c2n1,0.0
Cc1cc(CC(=O)NCC(C)N(C)CCC(F)(F)F)n(C)n1,0.0003745451209268112
Cc1cc(N[C@H]2C[C@H](NC(=O)C(F)F)C2)nc(-c2ccccn2)n1,0.6732944327228674
Cc1cc(NC(=O)NCC23CCC(CC2)CO3)cnc1OC(F)F,0.0011448558348121042
Cc1ccc(-n2cc(C(=O)NC(C)(CO)C(F)(F)F)nn2)cc1,0.0005446893301071567
Cc1ccc(C(=O)N(C)C2CCN(C(=O)C(C)NC(N)=O)CC2)cn1,0.0956134121176732
Cc1ccc(C(=O)N2CCCC(N(CCO)C(C)C)C2)c2ccccc12,0.4145519828940599
Cc1ccc(C(C)(O)CNC(=O)NCCn2nnnc2C)o1,0.00029373922653385586
Cc1cccc(NCC2(S(C)(=O)=O)CCCC2)c1Br,0.23424374960034475
Cc1ccccc1-c1nc(CSC[C@H]2COCCO2)no1,0.0015800667806119264
Cc1ccccc1CC(=O)N1CCN(C(=O)CCC(C)N(C)C)[C@@H](C)C1,0.00043780958994443396
Cc1cnc(C#N)nc1NC1CC(NC(=O)c2ccccc2F)C1(C)C,0.0015526163171265574
Cc1cnc(CNC(=O)NCC(O)CCC2CC2)c(C)c1,0.00032838360848487177
Cc1cnn(CCC(=O)N[C@H]2[C@@H]3CN(C(C)c4ncc(C)o4)C[C@@H]32)c1,0.00028002477446628096
Cc1cnoc1C(=O)NC(C)C1CN(C(=O)Cc2c(C)n[nH]c2C)C1,0.00038646928356125826
Cc1n[nH]c(C)c1CC(=O)NCC(C)CN(C)C(=O)Cc1ccccc1,0.00044915677834710306
Cc1n[nH]c(CN2CCCC(c3ccc(CO)cc3)C2)n1,0.0003160150078853995
Cc1nc(C(=O)N2CCC(CCN(C)C(=O)CO)CC2)c(C)o1,0.1550464669778738
Cc1nc(C(=O)NCC2CCCC2C2CC2)ccc1-c1nn[nH]n1,0.5165758520369765
Cc1nc(C2CCOCC2)ncc1C(=O)NCC1CC(C)(C)CO1,0.000696019967982904
Cc1nc(CC(=O)NC[C@]23CCC[C@H]2CC(=O)C3)cs1,0.00026116599443279023
Cc1nc(O)cc(NCC(C)CNC(=O)C(C)(O)C2CCC2)n1,0.0006258090890962649
Cn1cc(-c2cc(CNC(=O)[C@@H]3CNC(=O)C3)on2)cn1,0.0004285040663487504
Cn1cc(CNC(=O)N2CCN(Cc3ncon3)CC2)cn1,0.00046114352178544467
Cn1nc(C(F)(F)F)cc1CC(=O)N1CCC(c2cn[nH]c2)CC1,0.000557456562031556
N#Cc1ccc(N2CCCC(NC(=O)CC3(O)CC3)C2)cn1,0.32901616859963
N#Cc1cccc(C2CCN(C(=O)c3ccc(CO)cc3)C2)c1,0.0008681947954785125
N#Cc1ccnc(NC(=O)N2CCC3(CCCN3)C2)c1Cl,0.001460096197224471
N#Cc1cn[nH]c1C(=O)NCC1CC(NC(=O)[C@@H]2CC2(F)F)C1,0.0005491467781381578
N[C@@H]1C[C@]2(C(=O)NCCc3ccc(-n4cccn4)c(F)c3)C[C@H]12,0.000405477210356302
O=C(CC1CCC1)NC1CCN(c2cc(-c3cccs3)ncn2)C1,0.0009705319159363149
O=C(CCF)NCCC1(O)CCN(c2cncc(Cl)n2)CC1,0.0003632357145378149
O=C(CO)N1CCC2CCC(C1)N2C(=O)C1(CC(F)F)CCC1,0.0003764432406590624
O=C(Cc1cccnc1)NCC1CC(Nc2ncc3c(n2)COC3)C1,0.0007570772310885128
O=C(Cc1ccsc1)N[C@H]1C[C@@H](NC(=O)C23COC(CCO2)C3)C1,0.00031854158514942526
O=C(N[C@@H]1CCO[C@H]1C1CC1)NC1c2ccccc2CC1(F)F,0.0012140326171828874
O=C(NC1(CO)CN(C(=O)c2cc3occc3[nH]2)C1)[C@@H]1CCOC1,0.0005268235440361189
O=C(NC1CCN(CC2CC3(CC3)C2)CC1)c1cccc(Cl)c1O,0.0005732001420628147
O=C(NCCc1ccc(=O)[nH]c1)c1cnn(C2CC2(F)F)c1,0.000467720971757895
O=C(NCc1cn(C2CCC2)nn1)C1CCNC2(CC2)C1,0.0005753619193742146
O=C(Nc1cnnn1Cc1ccccc1)C1CC12CCC2,0.0004961056819272595
O=C(O[C@@H]1C[C@H]2C(=O)NCCN2C1)c1ccc2[nH]nnc2n1,0.00013404605823034288
O=C(c1c(F)ccc2[nH]cnc12)N1CCCC(=C(F)CO)C1,0.0011801223761723175
O=C(c1cc2ccccn2n1)N1CCOC(CO)C1,0.00020243825479274822
O=C(c1cccc2sccc12)N1CCN(C2CC2)C(=O)C1,0.000911130070023655
O=C(c1ccnc2c1CCN2)N1C[C@H](O)C[C@H]1c1ccccc1F,0.0007659241691235234
O=C1CN(C(=O)c2cccnc2OCC(F)F)CCN1,0.10197885238152334
O=S(=O)(CCC1CCCCO1)NC1(C2CCCCO2)CC1,0.32126987171100313
c1nc(C2CC2)c2nc(N3CCC(C4OCCO4)CC3)oc2n1,0.4805484924665052
C[C@H](C(=O)N1CCC(NC(=O)Cc2cccc(F)c2)C1)N(C)C,0.00026992953309098647
C[C@H](NC(=O)C(C)(C)c1nccs1)C1CN(C(=O)CC2CCC2)C1,0.00032793414378143684
C[C@H]1CN(C(=O)c2cccc(F)c21)C1CCN(c2nncs2)CC1,0.767724844113
CC(=O)C12CCC(C(=O)Nc3ccc(C(=O)N(C)C)cc3)(CC1)C2,0.0008004486650337447
CC(=O)C1CNC(C(=O)N(C)Cc2ccc(CC(C)C)cc2)C1,0.00046654653618667457
CC(=O)NCCc1cn(C(C)C(=O)N2CCOCCC2C(F)F)nn1,0.00028786477464284285
CC(=O)c1ccc(C(=O)N2CC(Cc3cn(C4CC4)nn3)C2)s1,0.13950502551438598
CC(=O)c1cccnc1NCC1CN(C(=O)C2CSC2)CCO1,0.5181051183343021
CC(C#N)Oc1cc(F)ccc1NC(=O)c1cc(C(=O)O)ccn1,0.4464804382857014
CC(C(=O)N1C[C@H]2[C@@H](O)CC[C@H]2C1)N1CCCCC1=O,0.00037193125027572206
CC(C(=O)NC(C)(C)C)N(C)C(=O)c1cc(N)cnc1C,0.0005165824684509986
CC(C)(F)CN1C(=O)CCN(CC(C)(C)CC(F)F)C1=O,0.0006499607525518762
CC(C)=C(Br)CNC1CCn2c(n[nH]c2=O)C1,0.00043239548945686623
CC(C)C(N)C(C)(C)C(=O)N1C[C@H](c2ccccc2)[C@H]1CO,0.17938435448919499
CC(C)OC[C@@H](O)CN1CCC(N(CCO)C(C)=O)CC1,0.00031071574127198513
CC(C)Oc1ccccc1CNC(=O)N[C@@H]1[C@@H](C)C1(F)F,0.0004421658036849336
CC(CCNC(=O)Cc1ccco1)NC(=O)c1ccn(C2CCCC2)n1,0.0007567444302299431
CC(O)(C(=O)NCC1CCC(C2CC2)O1)c1cccc(F)c1,0.0003696917978271593
CC(O)CN1CCC(C)(NC(=O)c2cccnc2C2CC2)C1,0.00032944476976720687
CC(Sc1ncccn1)C(=O)NC1(C)CCOC1=O,0.0003478326323997227
CC(c1ccccc1)N(CCO)CC1C2COCC21,0.0003118796393808248
CC1(CNC(=O)c2c[nH]nc2N)CCN(C(=O)CCF)CC1,0.2978729271225418
CC1(CNC(=O)c2ccc(O)cc2)CCN(C(=O)C2CC23CC3)C1,0.0006237264609155244
CC1(NC(=O)c2cc(O)cc(O)n2)CCN(C(=O)C2COC(=O)O2)C1,0.00022520850565220141
CC1(c2nn[nH]n2)CCN(C(=O)NCc2cnc(C3CC3)s2)C1,0.0002721847296137839
CC1CC(NC(=O)c2ncn(C)n2)CN1C(=O)c1cc(O)ncn1,0.0002210680639428277
CC1CN(C(=O)C2(CF)CC2)CC(C)N(c2ncnc3c2nnn3C)C1,0.00046217646573367424
CC1CN(C(=O)c2cccnc2S(N)(=O)=O)c2ccccc2O1,0.24632391258247285
CC1COC(C(=O)N(C)CC2CCCN2C(=O)[C@H]2C[C@@H]2C)C1,0.00026449425503626884
CC1OCCC1C(=O)N1CC(O)(c2cn(-c3ccccn3)nn2)C1,0.0002323127877313922
CCC(=O)N1C[C@@H](F)C[C@H]1CNC(=O)C1(CO)CCOCC1,0.00028717440267053283
CCC(=O)NCC(CC)NC(=O)c1cccc(NC(N)=O)c1,0.0006088837930795855
CCC(C)C(=O)NC1CN(C(=O)CCc2nc(C)c[nH]2)C2(CCC2)C1,0.0006898026004993179
CCC(CC)c1cn([C@@H]2CON(C(=O)c3cnn(C)c3)C2)nn1,0.0005691320283665851
CCC1CCC(CNC(=O)Nc2ccc(C(=O)NC)nc2)CC1,0.0005191243825847955
CCCC(=O)N1C[C@H](C)[C@H](NC(=O)CN2C(=O)COc3ccccc32)C1,0.0006752907154212719
CCCC1(C(=O)N[C@H]2C[C@@H](NC(=O)c3nccnc3C)C2)CC1,0.3240025377138014
CCCC1CCCC1C(=O)NC1CCN(c2ncccc2C(N)=O)C1,0.5876391664295901
CCCN(C(C)=O)C1CCN(C(=O)c2cc(C(F)(F)F)n(C)n2)C1,0.0004879269324020608
CCCN(CC(=O)OC)C(=O)NCC(C)(C)c1ccccc1C,0.0005408109914215672
CCCN1CCC(NC(=O)c2snnc2C)C(O)C1,0.0002422662674127795
CCCNC(=O)CCC(=O)NCC(C)NC(=O)CCc1cnccn1,0.00027419652449063434
CCN1CCC1C(=O)N(C)CCNC(=O)C1(C)CC(F)C1,0.00033732484363115686
CCO[C@H]1C[C@H](NC(C)c2cc(Br)ccc2F)C1,0.0006863041578778511
CCOc1ccc(C(=O)N2CCC(O)(c3nccn3C)CC2)cc1,0.0005660854568234449
CCc1cc(=O)n(CC(=O)N2CCCc3sccc32)cn1,0.0006930385574744177
CCc1nn(C)c(CN2C[C@@H]3C[C@H]2CS3)c1Br,0.000638493467172132
CCc1nnc([C@]23CC[C@H]2CCN3C(=O)C2(F)CCC2)o1,0.0005938259287784582
CCc1nnc(N[C@H]2C[C@H](CNC(=O)C3CC3(F)c3ccccc3)C2)o1,0.0009627507739767032
CCc1nsc(N2CCN(C(=O)[C@@H]3C[C@H]4[C@@H](N3)C4(F)F)CC2)n1,0.0007435155382490894
CCn1cc(CNCC2CCOC2(C)C)c(=O)[nH]c1=O,0.00038537331966343266
CCn1nc(C)c(C(=O)C(C#N)c2ccc(F)cc2)n1,0.21231812947320297
CCn1ncc(CNCC2(S(=O)(=O)NC(C)(C)C)CC2)c1C,0.00035651408892634214
CN(C[C@H]1CCCO1)C(=O)C[C@@H]1C[C@@H]2OCC[C@H]2O1,0.1439171335922604
CN(C)C[C@H]1CC[C@H](NC(=O)CCc2nc(C3CCCC3)no2)CC1,0.0006233630981300126
CN(C)C(=O)C1CCC(C(=O)NCC(=O)Nc2nccs2)CC1,0.00021360022467299127
CN(C)c1ccc(CCC(=O)N2CC[C@@H]3OCCO[C@H]3C2)cn1,0.0004407624672135525
CN(CC1(=O)CCCO1)C(=O)Nc1cccc(N2C(=O)CCC2=O)c1,0.0
CN(CC1(O)CCCC1)C(=O)Nc1ccc(C2OCCO2)cc1,0.0006102104497648797
CN(CCNC(=O)c1ccc2nc(C3CC3)nn2c1)C(=O)CC1CCC1,0.6233990741070673
CN1CC2(COCCN2C(=O)Nc2ccccc2-n2nccn2)C1,0.30372611025072943
CNC(=O)CN1CCC(NC(C)CCCN2CCOC2=O)CC1,0.0003198818773786889
COC(=O)[C@H](OC(=O)c1cnn(C(C)c2ccccc2)c1)C1CC1,0.2307456650381251
COC(=O)C1(C(F)F)CCN(C(=O)C(O)c2cccc(Cl)c2)CC1,0.0006201306896524663
COC(=O)C1CN(c2ccc(-c3ccc4c(c3)CCO4)nn2)CCO1,0.5027910317694219
COC(=O)N(C)CCCC(=O)NC12CCCC(C1)OC2,0.00033966056999362927
COC(=O)c1ccc(CNC(=O)NCC2(CO)CCC2)c(OC)c1,0.0004757283515599767
COC(=O)c1ccc2sc(N3C[C@H](N4CCOCC4)[C@H](C)C3)nc2c1,0.0010343110694353793
COC(=O)c1cnc(N2CCC[C@H]2CNC(=O)c2ccno2)nc1,0.2058628372454094
COC1(C(=O)N[C@H](C)C2CN(C(=O)[C@@H](C)c3ccccc3)C2)CC1,0.0006843942663917923
COC1(CC(=O)N[C@H]2C[C@@H](Nc3ccc(C#N)cn3)C2)CCC1,0.666437226853172
COC1(CC(=O)N2CCC(CNC(=O)c3ncccn3)C(C)C2)CC1,0.00030988877776228353
COC1(CNC(=O)CC2CC2)CN(C(=O)c2cc(C#N)cs2)C1,0.48829305573789406
COCc1nnc([C@]23CC[C@H]2CCN3C(=O)CC(O)C(C)C)o1,0.000293565619499514
COc1cc(C(=O)N2C[C@H]3[C@H](CNC(C)=O)[C@H]3C2)nn1C,0.00016699763731946158
COc1cc(C)cc(C)c1C(=O)NC1CCN(C2COC2)C1,0.0003862669577026052
COc1cc(C2(C(=O)N(CC3CC3)CC3CC3)CCOCC2)ccc1C,0.0006361719214672677
COc1ccc(C(=O)N2CCCN(C(=O)c3scnc3C)CC2)cn1,0.2438516482235556
COc1ccc(Cl)cc1C1=NOC(C)(C(=O)N(C)C2CCC2)C1,0.0009292902944514415
COc1cccc(C(=O)NCC2C3CN(c4nccc(C)n4)CC23)c1,0.21232578178961992
COc1nn(C)cc1C(=O)NC1(C)CN(C(=O)c2n[nH]c(C)n2)C1,0.00026685828235620637
CSc1ccnc(C(=O)N[C@H](C)CNC(=O)c2ccoc2C)n1,0.24433162599185543
CSc1ccsc1C(=O)N[C@H]1[C@@H]2CN(C(=O)C3(F)CC3)C[C@@H]21,0.2603175946490256
CSc1nc(N)cc(NCCN2CCN(C)C(=O)C2)n1,0.00037685302646198627
Cc1[nH]ncc1C(=O)N(C)CC(C)NC(=O)c1n[nH]c2c1CCCC2,0.00042068920453784133
Cc1c(C(=O)N[C@@H](C)CNC(=O)CC2CC(C)(C)CO2)cnn1C,0.0003195059665358053
Cc1c(NC(=O)Nc2nnc3n2CCCC3)cnn1CC(C)C,0.0009369973068294031
Cc1cc(C(=O)N[C@H]2[C@@H]3CN(C(=O)C4CC(=O)C4)C[C@@H]32)nn1C(C)(C)C,0.11442750765541754
Cc1cc(C(=O)NCC(C)NC(=O)C2(c3ccccc3)CC2)cc(C)n1,0.0008319689653447486
Cc1cc(CO)nc(N(C)C2CCN(c3cnccn3)CC2)n1,0.0005726337308724496
Cc1ccc(C)c(CC(=O)N(C)C(C)CCNC(=O)C2CCC2F)c1,0.24951070665965547
Cc1ccc(CN(C)C(=O)N[C@@H]2CCC[C@H]2OC(F)F)o1,0.0005160956333680913
Cc1ccc(NC(C)C2CCCN(C(=O)CCN3CCCC3=O)C2)nn1,0.44924124705669355
Cc1cccn2ncc(C(=O)N(CCNC(=O)CCF)C3CC3)c12,0.15223515166796822
Cc1ccnc(NC(C)CNC(=O)c2ccc(CNC(N)=O)cc2)n1,0.0007247327524760213
Cc1ccncc1C(=O)N1CC[C@H](NC(=O)c2cccc(F)c2)C1,0.0005016478537167571
Cc1ccncc1CC(=O)N(C)CC1CN(C(=O)c2sccc2F)C1,0.00047348882753122447
Cc1nc(C(=O)N2CCCCC2C(C)NC(=O)C(C)(C)CO)c[nH]1,0.00041943037644435446
Cc1nc(C2CCN(C(=O)C3(CC(C)C)CCNCC3)CC2)n[nH]1,0.0005806257998389046
Cc1nc2n(c1CNC(C)(C)CC(C)N)CCCC2C,0.0005324382148175954
Cc1ncc(C(=O)Nc2cscc2Br)s1,0.00143244313789906
Cc1ncsc1C(=O)NC(C)C1(O)CCN(C(=O)C2(C)CCC2)C1,0.0006136841740736646
Cc1nn(C2CCOCC2)cc1C(=O)OCc1c(Cl)ncn1C,0.0005384822809806187
Cc1nnc(N2C[C@]3(C)CN(C(=O)C(C)C4CCC4)C[C@]3(C)C2)o1,0.0005892672588864585
Cc1nnc(N2CCC3(CC2)CN(C(=O)C2(C)CC2)CCO3)o1,0.0007339076947114586
Cc1nocc1C(=O)NCC1(NC(=O)C2CC3CCCC32)CC1,0.0008415915313433123
Cc1oc(S(C)(=O)=O)nc1C(=O)N(CCO)CCC(=O)O,0.00037388752286414027
Cn1cc(CC(=O)N2CCN(c3cccc(C(F)(F)F)c3)CC2)cn1,0.001417246684795716
Cn1cc(Cl)c(CN[C@H]2C[C@@H](CS(C)(=O)=O)C2)n1,0.00044868999516763477
Cn1ncc2c1CCN(Cc1ccc(Cl)cc1C#N)C2C(=O)O,0.0009277899748683099
N#Cc1ccc(CN2CCC2CNC(=O)c2ccnc(C3CC3)c2)cc1,0.001502665706747263
NC(=O)NCCC(=O)N1CCN(C(=O)C2(CF)CC2)CC(O)C1,0.00019073897760767038
NC(=O)c1ccc(C2(CN3CC(C4CCCC4)CC3=O)CC2)cc1,0.0009194098406374964
NC(=O)c1nccnc1C(=O)N[C@@H]1CC[C@H](c2ccccc2)C1,0.000347436941386447
Nc1nc(C(=O)NCC2CCS(=O)(=O)C2)cc2ccccc12,0.21321165241576973
O=C(CC1(O)CC1)N1C[C@@H]2CN(C(=O)c3ccsc3)C[C@@H]2C1,0.0006713950532377108
O=C(CC1CCN(CC(F)(F)F)C1)N1CCN(CC2CC2)CC1,0.0002841183795639785
O=C(CO)NC1CCCC1CNC(=O)C(F)C(F)(F)F,0.0003569604440879019
O=C(N[C@@H]1CCCN(C(=O)C2CC3CC3C2)C1)C1CCC(F)(F)C1,0.6272279452843583
O=C(N[C@H]1CCN(C(=O)C2CC2)C1)c1coc(Cl)c1,0.0005130361549718257
O=C(NC[C@@H]1C[C@H]1c1ccccc1)C(F)CC1CCCNC1,0.00041620506629885747
O=C(NC1CCN(C(=O)c2ccc(O)cc2)C12CCC2)c1ccncc1,0.18351720158428778
O=C(NCC1CCC(NC(=O)C2CCCOCC2)C1)C1CCO1,0.00028799623657605513
O=C(c1cc(F)ccc1Cl)N1CC(CO)Cc2cn[nH]c21,0.0009058152448923739
O=C(c1ccccc1)c1cn(C2CC3CCC2(C[C@@H]3O)n(CCO)c1=O,0.0
O=C1CN(c2nccnc2C(F)(F)F)c2cnccc2N1,0.0005708171811621962
O=C1COC(C(=O)N(CC2CCCCC2)C2CC2)C1,0.0005050612982611278
O=C1NC[C@@H](C(=O)N2C[C@H]3CN(C(=O)CC4CC4)C[C@H]3C2)O1,0.1756671826547468
C[C@@H](O)C(=O)N1Cc2nccn2CC(NC(=O)CC2CCCCC2)C1,0.000948571415693587
C[C@@H]1[C@@H](OC(=O)C2(C)CCCCC2(F)F)[C@@H]1C(=O)OC(C)(C)C,0.0006514116822717355
C[C@@H]1C[C@H]1[C@@H]1C[C@H]1NC(=O)CS(=O)(=O)N1CCc2ccccc2C1,0.0002927401629479144
C[C@H](CNC(=O)CCC1CC1)Nc1ncc2c(n1)CCOC2,0.0010103182868750765
C[C@H](O)C1CN(C(=O)c2ccc(F)c(C(=O)O)c2)CCO1,0.000318899898216276
C[C@H](OC(=O)C1Cc2ccc(Cl)cc21)c1cnccn1,0.00037867774710975395
C=Cc1ccc(C(=O)NCC2(CNc3cc(O)ncn3)CCC2)cc1,0.7949333276003937
CC[C@@H]1C[C@H](C(=O)N(CC)CCCn2cccn2)CC(=O)N1,0.00039050446255132137
CC[C@H](C)[C@H](O)C(=O)NC(CCN(C)Cc1ccccc1)COC,0.00055831573768778
CC(=O)NC1CCC(N(C)C(=O)NCc2cccc(N)n2)CC1,0.0002628900210484149
CC(=O)NCc1cn(C2CCN(C(=O)[C@@H]3CNC(=O)N3)C2)nn1,0.06902282035163469
CC(=O)OC(C)(C)c1cn(C2CN(C(=O)Cn3cccc3)C2)nn1,0.00042032385441723196
CC(C(=O)N(C)C(c1ccccc1)c1ccccn1)N1CCOCC1,0.0006913527383910693
CC(C(=O)N1CCN(C(=O)CN(C)C)CC1)n1cc(C2(F)COC2)nn1,0.14241216577628113
CC(C(=O)N1CCn2c(n[nH]c2=O)C1)c1c(Cl)cccc1Cl,0.0004676452072527264
CC(C)(C)OC(=O)NC1(C)CC(C(=O)NCC2CC(=O)N(C3CC3)C2)C1,0.2307099529945185
CC(C)C(CO)C(=O)NC[C@H](CO)Nc1nnc(-c2ccccc2)o1,0.537545093553357
CC(C)C(F)C(=O)N1CC2(CCN(C(=O)c3ccncc3O)CC2)C1,0.15693688289450308
CC(C)CC(=O)NC(C)(CNC(=O)c1ccc2[nH]ncc2c1)C1CC1,0.0005151548936546275
CC(C)COC1CCN(C(=O)c2c[nH]nc2OCC(F)F)CC1,0.21650489061270906
CC(C)Cc1oncc1C(=O)N1CCN(c2cn[nH]c(=O)c2Cl)CC1,0.5336227888934559
CC(C)OCCC(=O)N(C)CCN(C)Cc1cc(F)ccc1F,0.000475445005192823
CC(C)c1nc(CN2CC(C)(C)CC2c2ccccc2)n[nH]1,0.000759405877280432
CC(CN(C)C(=O)c1cc(C#N)ccc1F)NC(=O)c1ccnnc1,0.0006110394484025919
CC(CNC(=O)C1(N(C)C)CC1)NC(=O)c1ccc(C2(C)CC2)cc1,0.00039985980693337935
CC(N#C@H](C)c1ccnn1C)C1=CON2CC(C)(C)C[C@H]12,0.0
CC(NC(=O)OC(C)(C)C)C(=O)N1CCc2cc(F)cnc21,0.0006431925651369395
CC(O)CS(=O)(=O)N[C@@H](c1ccccc1)C(F)F,0.0003788899225464405
CC1(CC(=O)N2CCC3(CC2)CN(C(=O)C2(C)CC2)CCO3)CCCC1,0.0009053202126711042
CC1CC(CN2CCCC(CNC(=O)CC34CCC(CC3)C4)C2)CCO1,0.0009284576386829797
CC1CC(NCc2cccc(C(=O)c3cncn3C)c2)CO1,0.00038481098229832734
CC1CC1C(=O)N[C@H]1CCCCN(C(=O)c2ccc(C(N)=O)s2)C1,0.00044080338587933925
CCC(=O)N1CC(NC(=O)N(C)CC2(O)CCc3ccccc32)C1,0.00030883529219826605
CCC(=O)N1CC2CC1CCC2NC(=O)c1ccc([C@@H](C)N)cc1,0.0005002607928011991
CCC(C)C(C)C(=O)N1CC(NC(=O)CCCC(=O)OC)CC1C,0.0006270291334121669
CCC(CC(=O)N1CCCC(C)(NC(=O)C(O)COC)C1)OC,0.00030429234773749327
CCC1(C(=O)NCC2(O)CCN(c3nc4c(cnn4C)cn3)C2)CC1,0.0006449398671798071
CCC1CC1C(=O)NC1CCC(C)N(C(=O)c2cn[nH]c2)C1,0.0003103248006845815
CCCC(=O)NC1CCN(Cc2cc(C)ncn2)CC1,0.0005036583816075732
CCCCC(=O)NC(CNC(=O)c1cnn2c(C)cccc12)C1CC1,0.17576156255397613
CCCN(CC)CCNC(=O)c1cnc(C(=O)OCC(C)C)cn1,0.21217803077263875
CCCc1cc(=O)[nH]c(CNC(=O)c2ccc(OCC)cc2Cl)n1,0.0006865218144320584
CCN(CC)C(=O)CCCC(=O)N1CC2(CNC(=O)[C@@H](C)O)CC1CO2,0.09654135956649357
CCN(CC)CCNc1ccc(C2CC2(F)F)cn1,0.0005518934728582473
CCN(CCNC(=O)C1(COC)CCC1)C(=O)c1ccc(C)s1,0.0004868096201711245
CCN1C[C@H]2C[C@@H]1CN2C(=O)c1cnc2c(Cl)cc(C)cn12,0.0007722939806799204
CCN1C(=O)CCC1C(=O)N1CCN(c2c(F)cccc2F)CC1,0.0006742313296280931
CCNC(=O)N1CCN(c2cccc(C(=O)OC)n2)CC1,0.00040936941704820937
CCOC(C(=O)NC1CC(CNC(=O)C2(CC)CCC2)C1)C(C)C,0.00035438347207774874
CCOCC1CCCN(C(=O)NC2CC(=O)N(CC3CC3)C2)C1,0.0004360175978234754
CCOc1ccc(NNC(=O)C2(N)CCCC2)cc1Cl,0.0014513971258809108
CCOc1nc(C(=O)N2CC(c3nnc(N)o3)C2)ccc1C,0.0003921497959452906
CCSC(C)C(=O)N1CCC[C@@H]1CNC(=O)C1(COC)CCCO1,0.00044442606708828517
CCc1nc(C2CCN(C(=O)c3ccc(CNC(C)=O)o3)CC2)n[nH]1,0.00026264310403259207
CCc1nn(C)c(CC)c1CNC1CC(CO)(OC)C1(C)C,0.0006390048602091873
CCc1nnc(NC2CN(C(=O)C(C)S(N)(=O)=O)CC(C)(C)C2)o1,0.000457156909351837
CCc1noc(CCN2C(=O)CCN(CCSC)C2=O)n1,0.00021458780039732594
CCn1c(CC(O)CF)nnc1N1CCCC2(CCC2)CC1,0.0009318489397467141
CCn1nc(C)c(C(=O)N2CCCC2Cc2cn(CC)nn2)n1,0.0003555429970869594
CN(C)CCCC(=O)N1CC[C@H](NC(=O)C2CC3CCCC32)C1,0.00035717878538939283
CN1CC(CC(=O)NCC2(C(N)=O)CN(C(=O)c3cnoc3)C2)C1,0.00012497660982226767
CN1CCN(S(=O)(=O)N(C)C2(c3ccccc3Cl)CC2)CC1,0.000441269199794004
CN1CCN(c2cc(C(=O)NCC3C[C@@H]4COC[C@@H]4O3)ccn2)CC1,0.0006196117353236149
CN1CCOCC1C(=O)NCC1(O)CN(C(=O)C2CCCOC2)C1,0.18937546423917972
CNC(=O)NC1(C(=O)N[C@H]2CC2(C)C)CCC(O)CC1,0.00035035687772638573
CNC1(C(=O)N2CCC(C(=O)NCc3ccc2)CCC2)CCC1,0.0
CNS(=O)(=O)CC(=O)N1CCC2(CC1)CC2NC(=O)C1CC12CC2,0.09185397136384149
CO[C@H](C)[C@H](N)C(=O)N1CCc2ccc(O)cc2C(C)C1,0.00029235653461653937
CO[C@H](C)C(=O)NC1CCCC12CN(c1nccc(C)n1)C2,0.0007953088019959617
CO[C@H]1COC[C@H]1S(=O)(=O)NCc1cc2c(cc1F)NC(=O)CO2,0.0004225074952885673
COC(=O)[C@]1(C)2C[C@H](NC(=O)CN3CCN(c4ccncn4)CC3)C[C@H]1C2,0.0
COC(=O)C1(O)CCN(C(=O)c2cn(C)nc2-c2ccccc2C)C1,0.3483677323416691
COC(=O)CC1(CCNC(=O)Cc2ccc(CC(N)=O)cc2)CC1,0.00023665307854681578
COC(=O)N1CCCN(Cc2nc(N)nc(N(C)C)n2)CC1,0.000330919827750923
COC(=O)c1ccc(NC(=O)CCc2nnc(C(C)(C)C)o2)cc1F,0.29126785635849006
COC(=O)c1ccnc(CCNC2CC(SC)C2)n1,0.00028636949873929533
COC(=O)c1ncc(NCC2CN(C)CCO2)c2ccsc12,0.6144018693333158
COC1CCCN(NC(=O)c2cn(CCc3ccccc3)nn2)C1,0.00032615628509838677
COCC1(C(=O)OC)CN(C(=O)C2CCC(=O)N2C2CC2)C1,0.00027654344410695284
COCC1(C)COCCN1C(=O)CN(C)c1ccc(C#N)cn1,0.0010047570394674924
COCCC(=O)NC[C@H]1CCCN(C(=O)C(C)OCC(C)C)C1,0.0005861908345683929
COCCC1(C(=O)OC)CCN(C(=O)c2cnc(CO)nc2C)C1,0.00030166964507433316
COCCN(C)c1ccc(CNC2CCC(N(C)C)CC2)cc1F,0.0008386358513282531
COc1cc(CC(=O)NS(=O)(=O)N(C)C(C)C)ncn1,0.00021995640035808012
COc1cc(Cl)cc(C(=O)NCCn2cc(CO)nn2)c1,0.0003469107588009301
COc1ccc(C(=O)N2CC3(CC(OC)c4nccn43)C2)c(C(C)C)c1,0.0005237278942766404
COc1ccc(F)c(C(=O)N2CC[C@@H]3COC(=O)[C@@H]32)c1OC,0.22717361512186554
COc1ccncc1C(=O)Nc1ccc([C@@H](C)N)cc1C,0.0013213071785168392
COc1nc(N(C)C)ccc1NCC(=O)Nc1c(C)cccc1C,0.3013523120416594
CS(=O)(=O)c1ccc(NC(=O)C[C@H]2CCOC2)c(Cl)c1Cl,0.0012847439982016369
CSc1c(Cl)cncc1NC(=O)NCCc1cncs1,0.0013213955638711264
Cc1cc(C(=O)NCC(C)N(C)c2nccc(C(C)(C)C)n2)cn1C,0.0013585084938564469
Cc1cc(C)cc(CC(C)NC(=O)[C@@H]2CC3(CN2)OCCO3)c1,0.0004415773614779138
Cc1cc(C)n(Cc2cn(CC(=O)N3CCCCCC3C3CC3)nn2)n1,0.0010080048252514243
Cc1cc(N)cnc1C(=O)N[C@H](C)CNC(=O)C1CCCOC1,0.0004125380899197106
Cc1ccc(C(=O)N[C@@H](C)CNC(=O)Cn2nccc2C)cc1O,0.00036052638494660694
Cc1cccnc1C(=O)N[C@@H]1CN(C(=O)CC(F)(F)F)C[C@@H]1C,0.0004574583139707831
Cc1ccnc(N(C)C(C)C)c1NC(=O)CC1(CS(C)(=O)=O)CC1,0.0006776620609714411
Cc1ccnc2ccc(C(=O)N3CC[C@@H](NC(=O)[C@H]4C[C@@H]4C)C3)cc12,0.0006846783244386769
Cc1cn(C)cc1C(=O)NC1CN(C(=O)CC(C)(C)C#N)CCC1(C)C,0.0010890638452683743
Cc1cn2cnnc(C(=O)NC3(C(=O)O)CCC3)c2n1,0.000300500104435396
Cc1cncc(COC(=O)C2(C3CCC3)CC2(F)F)n1,0.0009171808470202564
Cc1n[nH]c(CC(=O)NCC(C)CN(C)c2nnn(C)n2)n1,0.00021745567500409702
Cc1nc(N)nc(N2CC[C@H](NC(=O)CCCC(=O)N(C)C)C2)n1,0.000227012047414144
Cc1ncc(C(=O)N(C)C[C@H]2CCCN2C(=O)C2CCCC2O)c(=O)[nH]1,0.0002929359283547905
Cc1ncc(C)c(NC2CN(C(=O)CCCN3CCCC3)CC2C)n1,0.001399918894333443
Cc1noc(CNC(=O)c2nc(CSC(F)F)no2)n1,0.00040334363207998066
Cc1ocnc1C(=O)N(C)C(C)CNC(=O)CSC(F)(F)F,0.00047918090403862386
Cc1oncc1C(=O)NC1(CF)CCN(C(=O)C2COC(C)C2)C1,0.1657779521484075
Cc1oncc1C(=O)NCCN(C)Cc1cnn(C(C)(C)C)c1,0.00033983001388871554
Cn1cc(CC(=O)NC2(C)CN(C(=O)C(C)(F)F)C2)nn1,0.00029096766359387196
Cn1ccnc1C(NCC1(C)CCC(=O)N1)c1ccc(Cl)cc1,0.00047169584884414043
N#Cc1nccnc1NCC1(n2ncc(Br)n2)CC1,0.0011810583797689227
N[C@@H]1CC[C@H](NC(=O)c2c(Cl)ccc(F)c2OC(F)F)C1,0.0006772197082127053
NC(=O)CN1C2CCCC1CN(C(=O)c1cscc1Cl)C2,0.0005021925042265639
NC(=O)c1cc(C(=O)N2CCC[C@H]3CN(CCCF)C[C@H]32)ccn1,0.00030205142412469295
Nc1cccc(CNC(=O)N2CCC(C(=O)c3ccc(F)cc3)CC2)c1,0.7595879367795307
O=C(CCc1ccc(O)cc1)NC1CC(CNC(=O)c2ccco2)C1,0.0005045800761540223
O=C(NC(CNc1nnco1)C1CC1)c1ccccc1CC(F)(F)F,0.5952341559818708
O=C(NCC1CCCN(Cc2ccn(C(F)(F)F)n2)C1)C1CC1,0.00033849898813774736
O=C(Nc1ccc(F)c(C(F)(F)F)c1F)NC(CO)C1CC1,0.001046838350238443
O=C(O)CN(Cc1cccc(Cl)c1Cl)[C@@H]1CCOC1,0.0005384074054391982
O=C(c1ccc(-c2ccccc2)oc1=O)N1CC(F)(CO)C1,0.5478693533516694
O=C1CC(C(=O)NCC2CC3(C2)CC2(CCC2)C3)CC1C(F)(F)F,0.0012164500051161573
O=C1CCCC2(C(=O)OCc3nc(-c4c(F)cccc4F)no3)CCCN12,0.4482411776556971
O=C1NCCc2cc(C(=O)NCc3cccc(CO)c3)ccc21,0.00037200974814568285
O=S(=O)(CCc1cccs1)N(Cc1ccc(F)cc1)C1CC1,0.0005919754423124331
Fc1cc(Br)cc(OC2COC2)c1Cl,0.0006599223176099687
C[C@@H](O)CNC(=O)Nc1nc2ccc(F)cc2s1,0.0006582499793740074
C[C@@H]1C[C@H]1C(=O)N1CCC2(C1)CN(C(=O)OC(C)(C)C)C2,0.000653660029778787
CC[C@@H]1[C@@H](NC(=O)c2ccn3cnnc3c2)CCN1CC(F)F,0.0005215820019113779
CC[C@H](CC(=O)NCCN(C)C(=O)c1ccnc2[nH]ccc12)C(C)C,0.0005805563513310935
CC(=O)N(C)CC(=O)NC1(C)CCN(C(=O)c2cccc(N)n2)C1,0.14258665445969146
CC(=O)OCCC(=O)N1CCOC(C(C)NC(=O)[C@H]2C[C@@H]2C)C1,0.00048679183991282287
CC(=O)c1ccc(C(=O)N2CCN(C(C)c3nc(C)cs3)CC2)[nH]1,0.24130554542167634
CC(C)[C@@H](O)[C@@H](C)C(=O)N1C2CCC1CN(C(=O)OC(C)(C)C)C2,0.000438421917961228
CC(C)(C)OC(=O)[C@H]1CCCN(C(=O)c2ccnn2C2CCC2)C1,0.28917342134824603
CC(C)C[C@@H](CN(C)C)NS(=O)(=O)c1cccc2c1COC2=O,0.0003806279059388289
CC(C)C[C@H](NCC(F)(F)F)C(=O)NCC(=O)Nc1ccncc1,0.0004942004778147021
CC(C)C(=O)N1CC(NC(=O)c2cnn(CCN3CCCC3)c2)C1,0.2952527589546279
CC(C)C(CNC(=O)C1CNC(=O)CC1(C)C)NC(=O)C1(F)CCC1,0.20423456745645893
CC(C)c1[nH]ncc1C(=O)N(C)C(C)CNC(=O)C1(C)CCC1,0.00055107773485127
CC(CNC(=O)C(C)(C)CN(C)C)N(C)C(=O)C1(C2CCCO2)CC1,0.20791882294611552
CC(CNC(=O)C1CC2(CC(C#N)C2)C1)N(C)C(=O)CC1CC(F)C1,0.40745843482975186
CC(CNC(=O)Cn1cccc1)N(C)C(=O)c1cc(O)ncn1,0.000245308745536633
CC(O)c1cn(-c2cccc(CNC(=O)[C@H]3CCC(=O)O3)c2)nn1,0.00031312959485875404
CC1(C2CC2)CN(Cc2ncc(Cn3cccn3)s2)C1,0.0009097538026899963
CC1(CS(C)(=O)=O)CCN(C(=O)NC2CCc3[nH]ncc3C2)CC1,0.0004864229761050493
CC1(Cn2c(=O)oc3ccc(Cl)cc32)CN(C2CC2)C1,0.0013549573758562994
CC12CCC(C(=O)N[C@@H]3CCN(CC(=O)NC(C)(C)C)C3)(CO1)C2,0.2738795601977121
CC1CC(NC(=O)CO)CCN1C(=O)c1ccc(O)c(C(C)(C)C)c1,0.0004533292818291342
CC1CN(C(=O)C(C)(C)C(N)C2CCOCC2)CC(=O)N1,0.00044555445705382607
CC1CN(C(=O)CC2COCc3ccccc32)CC1(F)F,0.00046038879867673504
CC1CN(C(=O)c2ccsc2-n2cnnn2)CC1(F)F,0.25816185962533467
CCC(=O)N1CCN(c2snc(Cl)c2C#N)[C@H](C)C1,0.0013901555792417216
CCC(C#N)C(=O)NC1CN(C(=O)c2ccn(CC(C)C)n2)CC1C,0.0006900438781889747
CCC(C)(C)CC(=O)N[C@H]1C[C@@H](NC(=O)C(C)(C)OC(C)=O)C1,0.00044623961420872416
CCC(C)C(OC)C(=O)NC[C@@H](C)NC(=O)C(C)OC1COC1,0.00033580036277571526
CCC(C)OCC(=O)N1CCN(C(=O)c2ccc(C#N)cc2)CC1,0.0009014892996673387
CCC(CC#N)N1CCS(=O)(=O)c2ccc(O)cc2C1,0.0005580093819634992
CCC1CCCC1C(=O)N1CCC2(CC1)CC(=O)C2,0.0009047748938735979
CCCCC(=O)N1CCCC1(C)CNC(=O)c1n[nH]c2ccc(O)cc12,0.2745704306372009
CCCN(CCC)S(=O)(=O)N(C)C1CCN(C2CC2)CC1,0.0005077500608592892
CCCn1ncc(C(=O)Nc2ccn(C3COC3)n2)c1C1CC1,0.0003941283673981502
CCN(C(=O)C1CCOC1)C1CCN(C(=O)C2CC3CCCC32)C1,0.0005644132527441752
CCOC(=O)[C@@H](NC(=O)CC1(CSC)CC1)C1CCCC1,0.001299311279037655
CCOC(=O)COc1cccc(NC(=O)CNC(=O)C(C)(C)C)c1,0.0005152881440235184
CCOC(=O)N1CC(NC(=O)C2NCCc3c(C)cccc32)C1,0.0003161808174179194
CCOC(=O)NCC(=O)Nc1cc(F)cc(OCC(C)C)c1,0.001172403274741993
CCOC(CC)C(=O)NC[C@H]1C[C@H](NC(=O)C2(C)CCCCO2)C1,0.0006385291644507128
CCSCC(C)N(C)C(=O)[C@H](N)CCc1ccccn1,0.00035690185879978
CCc1[nH]c(C)nc1C(=O)NCC1(O)CN(C(=O)c2[nH]nc(C)c2O)C1,0.18679318660505875
CCc1cc(C)nc(N2CCCCC2CNC(=O)[C@@H]2CNC(=O)N2)n1,0.0004621478353268751
CCc1ccc(S(=O)(=O)Nc2ccc(N(C)C(C)=O)cc2)cc1C,0.0007661679667283132
CCc1ccc(Br)c(F)c1C(=O)N1CC(=O)NC12CC2,0.00043138229566762565
CCc1ccsc1C(=O)N1CCCC(N(CCOC)c2nnnn2C)C1,0.0008695498518773886
CCc1nnc2c(C(=O)N(C)CCOC)cccn12,0.0002537155176395546
CCn1ncc(N)c1CCC(=O)N1CC(C2CCC2)C1,0.00034416424746112965
CN(C(=O)C1(C)CC1)C1CCN(C(=O)c2ccc(=O)[nH]c2)CC1,0.00026009057043334144
CN(C)C1CN(C(=O)c2ccc(CSc3nc(O)nn3C)cc2)C1,0.0004401178965037561
CN(C)c1cnc(CNC(CO)c2cscn2)cn1,0.00040534788229869376
CN(CCc1cccc(O)c1)C(=O)Nc1ccn(C2CCC2)n1,0.0005699293008949852
CN(c1ccnc(N2CCOCC(CF)C2)n1)[C@H]1[C@@H]2CNC[C@@H]21,0.3931199472768648
CN1CC(=O)Nc2cc(C(=O)OCc3cccc(O)c3)ccc21,0.5570991482820733
CN1CCC2(CC1)CN(S(=O)(=O)C1CCCOCC1)CCO2,0.0002660038110846041
CN1CCN(Cc2nnc(Sc3ccncc3)o2)CC1CF,0.00045708354590280647
CNCC1CCN(C(=O)Nc2ccccc2C2CNC(=O)C2)CC1,0.001118267590001657
CNS(=O)(=O)CCCN1CCC(OCc2ccc(F)cc2)C1,0.0004024988312748404
CO[C@@H]1CCCN(C(=O)c2n[nH]c(Br)c2C)[C@@H]1C,0.0005044345740724863
CO[C@@H]1CCN(c2nnc(-c3ncnn3C)n2CCC#N)C1,0.0009729040330503361
CO[C@H]1CC(OC(=O)[C@@H]2C[C@H](c3ccccc3)CN2C)C[C@H]1OC,0.00045183345407022707
COC[C@@H](COC(=O)c1c(C2CCC2)cnn1C)OC,0.0008787160222919248
COC[C@@H]1C[C@H]1NCC1CN(Cc2csc(C)c2)CCO1,0.0002829928724748219
COC(=O)c1cc(CNC(=O)Nc2ccn(C)n2)oc1C,0.0011333023978431095
COC(=O)c1nccc(N[C@H](C)CNC(=O)C2CC(C)CO2)n1,0.000766727681705555
COC(C)(C)CC(=O)NC(CNc1ncccn1)C1CCCCC1,0.0013477932803363255
COC(C)CC(=O)N1CC[C@H](NC(=O)C2CC23CC(C)(C)C3)C1,0.19935482542327576
COCC(O)C(=O)N[C@@H](C)CCNC(=O)Cc1cc(F)c(C)cc1F,0.0002975493941979618
COCC1(C(=O)N2CC(CNc3nnc(CO)s3)C(C)(C)C2)CC1,0.0005290073601073779
COCC1(C(=O)N2CCC(CF)(NC(C)=O)C2)CCOCC1,0.0004120487374077804
COCCC(=O)N1C[C@@H](F)C[C@H]1CNC(=O)c1ncc(OC)cn1,0.00026313975378491265
COCCC(=O)N1CC2CCC1CN2C(=O)C1(C(F)F)CCC1,0.00035699002450825925
COCCC(=O)N1CCCC1(C)CNC(=O)[C@@H]1CNC(=O)N1,0.09927380249999725
COCCn1ccc(NC(=O)NCC2(OC)CCC2)n1,0.00030791876713937396
COc1cc(C(=O)NCc2nccc(C(F)(F)F)n2)ccc1F,0.0006654273950095368
COc1cc(CC(=O)N2CC[C@@H]3COC(=O)N[C@H]3C2)ccc1O,0.0003478067726650965
COc1ccc(CC(C)C(=O)NCC2CN(CCCF)C2)cc1OC,0.00047889298246220856
COc1cccc(N2CC(C(=O)N3CC4CC4(O)C3)CC2=O)c1,0.00045773357158633744
COc1ccccc1[C@H](C)N(C)C(=O)C(C)Oc1ccccc1C#N,0.0005885103009697261
COc1nc(C(=O)N2CCN3C[C@H](O)C[C@H]3C2)cc2ccccc12,0.0003842583358405503
COc1ncccc1C(=O)N1CC([C@H](C)NC(=O)c2cnc[nH]2)C1,0.2074600035009124
CS(=O)(=O)NCCOC(=O)C12COC(C(=O)OC(C)(C)C)(C1)C2,0.0002577207434985275
Cc1c(F)ccc2[nH]c(C(=O)NC(C(=O)O)C(C)(C)C)cc12,0.26486149813676146
Cc1cc(C(=O)N[C@H]2C[C@@H](NC(=O)CNC(=O)C3CC3)C2)nc(C)n1,0.00023004979621213335
Cc1cc(C(=O)N(CCO)CC2CCCO2)c2c(C)nn(C)c2n1,0.0006123389943852433
Cc1cc(C(=O)NCCC2(O)CN(C(=O)c3coc(C)c3)C2)nc(O)n1,0.15740577491982236
Cc1cc(CN)oc1C(=O)N1CCC(c2cccc(F)c2F)C1,0.000559252727962172
Cc1cc(NC(=O)C(O)CC2CCCCC2)ncc1C(F)F,0.6229281221321903
Cc1cc(NC(=O)CN2CC(C)(C)c3ncccc32)no1,0.0009779545196320963
Cc1cc(NCC(C)(C)NC(=O)c2cccc(C)n2)nc(CO)n1,0.0004365663418804952
Cc1cc(F)c(C(=O)N(C)CC(C)Nc2nnc(C)c(C)n2)cc1F,0.0005812106288526244
Cc1cc2[nH]c(=O)[nH]c(=O)c2cc1S(=O)(=O)N[C@@H]1CC[C@H]1N(C)C,0.0005172023385804478
Cc1ccc(-c2nn[nH]n2)c(C(=O)NC[C@H]2C[C@@H]3CC[C@H](C2)N3)c1,0.3397757385531001
Cc1ccc(-n2cccc2)c(NC(=O)N2CCC3C(C2)C3(F)F)n1,0.5832010002593478
Cc1ccc(C#N)c(N2CCSC(C)(C)CC2)n1,0.0014920836675090588
Cc1ccccc1CN(C)C(=O)CNC(=O)COC(C)C,0.00033898614104851054
Cc1cnn(-c2cccc(N(C)C(C)CNC(=O)C3(C)CNC3)c2)c1,0.0012671310897800542
Cc1nc(C(=O)NCC(F)c2ccccc2)ncc1Br,0.0005345063059039074
Cc1nc(CCCC(=O)N2CCN(C[C@H](C)O)C[C@@H]2C)no1,0.0002482310157333977
Cc1nc(CNc2cccc(S(N)(=O)=O)c2C)c(C)s1,0.00066000551545305
Cc1ncc(C(=O)N2CCC(NC(=O)C[C@H]3CCOC3)C(F)C2)c(N)n1,0.4495267708490161
Cc1nccc(C(=O)N(C)C(C)CNC(=O)c2scnc2Cl)n1,0.0005173133978976994
Cc1noc(C)c1C(=O)N[C@H]1[C@@H]2CN(C(=O)COC3(C)CCC3)C[C@@H]21,0.0003976321842122612
Cc1nsc(NCC(C)CNC(=O)c2conc2C2CC2)c1C#N,0.001750616894295776
Cc1occ(=O)c(C)c1-c1cn([C@@H](C)CNC(=O)C(C)CO)nn1,0.0
Cc1onc(Br)c1CNC1CC(NC(N)=O)C1,0.0007663555611234122
Cn1c(C(=O)Nc2ccc(CN3CCCCC3)cn2)nc2c1CCCC2,0.0017574406419097002
Cn1nc(C2CCCN(C(=O)Nc3cnc(CC4CC4)nc3)C2)nc1N,0.24477855215729913
Cn1nc2c(c1CN1CCC(OCC3CCCO3)CC1)CSCC2,0.0006042582170025057
Cn1ncc(CN2CCC3(CC2)CN(C(=O)c2cn[nH]c(=O)c2)C3)n1,0.000453391641662016
N#C[C@@H]1CNC[C@H]1S(=O)(=O)N1CCCC1C(=O)c1ccc(F)cc1,0.19603979015270045
N#CC1(CCOC(=O)c2cccc3c2CCC(=O)N3)CC1,0.716405326863549
N#CCC1(CNC(=O)Nc2cnc(-c3ccccc3)o2)CC1,0.0018743799537466444
NC[C@@H]1CCC[C@H](CNC(=O)c2csc(=O)c3ccccc23)C1,0.0005198716512448459
O=C(C[C@@H]1CCNC1)NCCc1noc2cc(F)ccc12,0.000665711191097001
O=C(C1CC12CC2)N1CC[C@@H](NC(=O)C2(c3ccccc3)CCC2)C1,0.0004154696548397869
O=C(NC[C@H]1CCCN1C(=O)C(F)(F)c1ccccc1F)C1CCC1,0.0004733761464572968
O=C(NC1CC(NCc2ccccc2)C1)c1cnc2n1CCC2,0.0005424728130235617
O=C(NC1CCN(C(=O)Cn2nnnc2C2CC2)C1)c1cnsn1,0.0001657648098698167
O=C(NCCS(=O)(=O)C(F)(F)F)N(Cc1ccccc1)CC1CC1,0.0007125332017886841
O=C(Nc1c(F)cccc1NC1CC1)[C@H]1C[C@@H]2CC[C@H](C1)C2=O,0.4097806771007412
O=C(O)[C@H]1CC[C@]2(CC1)CN(S(=O)(=O)Cc1ccon1)CCO2,0.00031923422275250405
O=C(O)c1nnn(CCO)c1-c1ccccc1Br,0.000661911511440461
O=C(c1c[nH]nn1)N1C[C@@H]2CC[C@H]1[C@@H]2NC(=O)C(F)(F)F,0.00030561984377913324
O=C(c1cc(Cn2cc(C3(O)CCC3)nn2)nn1)N(CC1CC1)C1CC1,0.0
O=S(=O)(c1cnccn1)N1C[C@H]2CCC(F)(F)[C@H]2C1,0.12126301668427214
C[C@@H](NC(=O)c1c(F)cncc1Br)C1CCC1,0.000340620405807151
C[C@@H]1CC[C@@H](O)[C@@H](CNC(=O)c2cccc3c2nnn3C)C1,0.0005514887642914858
C[C@@H]1CN(C(=O)C2CCC(O)CC2)C[C@@H]1NC(=O)c1ccccc1F,0.0005669782424426155
C=Cn1ccnc1CNC(C)c1cc(F)ccc1NC(C)=O,0.0008740714692910016
CC[C@@H]1NC(=O)CCN(Cc2cnccc2C)[C@@H]1c1nc(C(C)C)c[nH]1,0.00043510189295760165
CC(=O)N(C)CC(=O)NC1(C)CN(C(=O)C(C)c2ccsc2)C1,0.000293046141668506
CC(=O)NC1(C)CCN(C(=O)c2cc3c(cn2)CCCC3)CC1,0.2926056474999544
CC(=O)c1ccc(N2CCN(C(=O)CC(C)C)CC(C)(F)C2)c(F)c1,0.6600563875495163
CC(C(=O)NC1(C(N)=O)CCS(=O)(=O)CC1)c1ccc(F)cc1,0.00031120028706675733
CC(C(=O)NCCn1cncn1)n1cnc(C#N)n1,0.0002861459198068332
CC(C)[C@H](O)C(=O)N1CCCC(CN(C)C(=O)CC2OCCC2C)C1,0.00033556916356578713
CC(C)(C)C(=O)NC1COCCN(C(=O)CCC(F)F)C1,0.00047137921838513855
CC(C)(CNC(=O)c1cnnn1C1CC1)C1CCCN1C(=O)CO,0.22693494329264677
CC(C)CC(=O)N[C@H](C)C1CN(C(=O)c2ccc3c(n2)OCCO3)C1,0.13164115562469936
CC(C)CCC(=O)N1CCC(N(CCO)C(=O)C2CC23CCC3)CC1,0.0005979154107813042
CC(C)CNS(=O)(=O)NCC1(c2ccccc2)CC1,0.0005619352386462757
CC(C)N(C(=O)CN(C)Cc1ccc[nH]1)c1ccccc1,0.0006715096513408124
CC(C)c1nc(C(=O)N2CCC3(CCCN3C)CC2)c[nH]1,0.00039954417392880375
CC(C)n1ccc(CNC(=O)Cc2ccncc2F)n1,0.0005085363961552724
CC(CCNC(=O)c1ccc(N(C)C)cc1)NC(=O)C12CC(CO1)C2,0.43788870700738386
CC(CN(C)C(C)C)NC(=O)Cc1ccccc1Br,0.0003936049787280021
CC(CNC(=O)Cc1ccsc1)CNC(=O)[C@@H](C)c1ccccc1,0.0004980725321509386
CC(CNC(=O)N1CCCCC(S(=O)(=O)N)C1)S(C)=O,0.0003452734834266256
CC(CNC(=O)s1ncn(C)c1Cl)N(C)C(=O)[C@H]1CC1(C)C,0.00047035460656821593
CC(CF)C(=O)NC1CCCN(C(=O)c2cc(C(N)=O)ccn2)C1C,0.00033530624056563496
CC1(C)CCc2cc(NC(=O)NCc3nccnc3O)ccc2O1,0.000871291035133624
CC1(C)OCCC1C(=O)NCC1CCN1C1CCCC1,0.000917871983792771
CC1CCC(NC(=O)c2cc(C#N)cs2)C(=O)N1Cc1ccco1,0.0015139874725283292
CC1Cc2cn[nH]c2C(C(=O)N2C3CCCC2CN(C(=O)CO)CC3)C1,0.2616982153124532
CCC(=O)N(CCNC(=O)CC(C)c1c(C)noc1C)C1CC1,0.00036384874021724097
CCC(=O)N1CCN(C(=O)c2cn(C)nc2-c2cccc(F)c2)C1,0.001005906209305561
CCC(=O)NCC(=O)NC1CCN(C(=O)CCC(=O)NC)CC1,0.12266008858079674
CCC(C)(CO)CNc1nccc(-n2ccc(C(=O)OC)n2)n1,0.0009675873554307476
CCC(C)(NC(=O)C1CCC(=O)NC1)c1ccc(F)cc1,0.0005053077314605174
CCC(C)C(=O)NC(C)(CNC(=O)CC1CCC(=O)N1C)C1CC1,0.21594273181790738
CCC(CO)C(=O)NCC1CN(C(=O)C2(C)CCC(C)C2)CC1C,0.00033733526750127603
CCC(NC(=O)Nc1cnc(C)c(F)c1)c1c(C)nn(C)c1C,0.0011882108783898035
CCC(O)CC(=O)N1CC(C)(NC(=O)C2=C(Cl)CCOC2)C1,0.0003013860203012266
CCC1(C(=O)NCCN(C)C(=O)c2ccccc2OCC(C)C)CC1,0.0004886309044920883
CCC1(C)Oc2ccc(NC(=O)N3C[C@@H](O)[C@H](CCOC)C3)cc2O1,0.00142913429822388
CCCC(O)CC(=O)N1CCCC1c1nc(-c2cccnc2)n[nH]1,0.0014548319898946235
CCCN(CCNC(=O)c1ccc(N(C)C)cc1)C(=O)C1CCCO1,0.3110117976630288
CCN(CCNC(=O)c1cc(OC)[nH]n1)C(=O)C(C)CC1CCC1,0.1802385940332942
CCNC(=O)c1cn(CCc2ccc3c(c2)OCCO3)nn1,0.0002875012100512828
CCOC(=O)C1CC(NCCc2ccc(C3CC3)cc2)CCN1,0.000353033558686586
CCOC(C(=O)N1CCC(NC(=O)C2CCO2)C1)C1CC1,0.00035766845912121067
CCOC1CC(NC(=O)C2CC3c4ccccc4C(=O)N2CC3)C1,0.0003666677537152262
CCOc1ccnc(NC(CCN2CCOCC2)c2ccccc2)n1,0.001005724573864316
CCc1cc(F)ccc1C(=O)N[C@@H]1CCS(=O)(=O)[C@@H]1C,0.00043604310361107057
CCn1cc(C(=O)N(C)CC(O)CN(C)Cc2cccc(C#N)c2)cn1,0.0007351797400122762
CCn1cc(N(CC(C)C)C(=O)[C@@H]2CCO[C@H]2c2ccnn2C)cn1,0.0009044615077598968
CCn1ncnc1CN1CCCc2c(Cl)cccc2S1(=O)=O,0.0004729202798134111
CN(CC(=O)N1CCC(CN(C)C(=O)Cc2ccn[nH]2)C1)C(=O)CO,0.00017452659139305778
CN(CCC=Cc1ccccc1)CC1CCN(C(=O)c2cnccn2)C1,0.7941031249844552
CN(Cc1conc1C1CCC1)C(=O)C1CCCCNC1,0.0012832296662577192
CN1C(=O)COc2ccc(NC(=O)c3nnn(C)c3C(F)F)cc21,0.5464691580438857
CO[C@H]1C[C@H](NC(=O)c2cc(C(F)(F)F)ncn2)C1,0.0005111989186367574
COC[C@@H](CN1C(=O)c2ccc(OC(F)F)cc2S1(=O)=O)OC,0.00038626468207684367
COC(=O)[C@@H]1C[C@H]2CC[C@@H]1C[C@H]2Nc1cncc2nnnnn12,0.0
COC(=O)[C@@H]1CC[C@@H]1NC(=O)N1CCCCc2nc(C)ccc21,0.000720566499109372
COC(=O)C1N(C(=O)c2cc3cnn(C)c3s2)CC1(C)C,0.4392153892560962
COC(=O)c1cc(C(=O)N2CCC(OC)(C(=O)OC)C2)n2c1CNCC2,0.0003367362408619731
COC(=O)c1cc(C)cc(C(=O)NC2CN(C(=O)CSC)C2)c1,0.00040373321387315273
COC(=O)c1cc(N2CC[C@@H](NC(=O)c3ccon3)C2)ncn1,0.24201674042764207
COC(=O)c1ccc(C2CCCN2C(=O)C23CC2COC3(C)C)cc1,0.0005358216178859294
COC(=O)c1ccc(NC(=O)N(C)C(C(=O)O)C(C)O)s1,0.0005680231096438683
COC(=O)c1ccccc1N(C)C(=O)NC[C@H](C)C(=O)O,0.0007011823601800133
COC(C(=O)N[C@@H]1CCN(C(=O)COC2CC2)C1)c1ccccc1,0.00031424146023159967
COC1CN(c2nc(-c3cccc(C)c3,0.0
COCC(=O)N1C[C@@H]2C[C@H]1CN2c1ccc(C#N)nc1,0.38874750139273306
COCC(=O)N1CC2CCC(NC(=O)c3csc(=O)[nH]3)C2C1,0.0002415528407745545
COCC(=O)NC1CCCC1CNc1ncnc2cc(C)c(OC)cc12,0.0010055216397076479
COCC(O)C(=O)N1CCC1CNC(=O)c1ccn(C2CCCC2)n1,0.0002582886725711158
COCC1(C2CCC2)CN(C(=O)c2coc3cc(O)ccc23)C1,0.3744224728777892
COCC1(NC(=O)CN(C)CC(=O)Nc2ccccc2)CCC1,0.00036902208095941137
COCCC(=O)N1CCC(C2(NC(=O)c3cccc(O)c3)CC2)C1,0.0005440948138495304
COCCc1ncc(CN2CCC(Cn3ccnn3)CC2)s1,0.0004142072421826976
COCc1nnc(NC2CC(=O)N(c3ccccc3F)C2)nc1C,0.000490652395265934
COc1cc(C#N)ccc1CNC(=O)NCC1CC(=O)N(C2CC2)C1,0.0007919930976396349
COc1cc(CNC[C@@H](O)COCc2ccccc2)cc(OC)c1C,0.000475038742568603
COc1cc(NC(=O)C2(CO)CCNC2)c(C)cc1OC,0.0005679105603608384
COc1cc(OC)nc(C(=O)N2CCC(c3ccc(C)cn3)CC2)n1,0.0007776691018978352
COc1cc(OC)nc(N2CC([C@@H](C)NC(=O)c3occc3C)C2)n1,0.42761595530574026
COc1cc(F)cc(Cn2nnnc2N2CCOCC2C2CC2)c1,0.0005790298935610464
COc1ccc(C(=O)N2CC([C@H](C)NC(=O)C3(O)CCC3)C2)c(C)c1,0.3063887153440082
COc1ccc(C(NS(=O)(=O)Cc2ccccc2)C(C)N)cc1,0.0004913855861470037
COc1ccc(C)nc1CNC1C(=O)NCC12CCCCC2,0.0007167604955147235
COc1cnc(N2CCN(C(=O)c3cnccc3O)C[C@@H]2C(C)C)nc1,0.6445225741211038
COc1cncc(OC)c1NC(=O)c1nc(NC(C)C)oc1C,0.5099189884494222
COc1ncc(CNC(=O)c2scnc2C(C)C)cc1Cl,0.0006431465565268285
COc1ncc(COC(=O)C2CCCC(F)C2)c(C)n1,0.000682240351816887
Cc1cc(C#N)cc(C)c1CN1CCCC(O)C(F)(F)C1,0.0005510997110933972
Cc1cc(C(=O)N2CCN(C(=O)c3nc(N(C)C)ncc3C)[C@H](C)C2)[nH]n1,0.28617937889053213
Cc1cc(C)cc(NC(=O)C(C)OC(=O)C2(C#N)CC(=O)C2)c1,0.0007936836155580116
Cc1cc(C)n(-c2ccc(CNC(=O)N[C@H]3CC(=O)N(C)C3)cc2)n1,0.00044118771758701244
Cc1cc(CN(CCO)C(=O)NCC2CCc3ccccc32)no1,0.0004668779233823697
Cc1cc(S(N)(=O)=O)c(C)c(N2CC(CO)OC(C)(C)C2)c1,0.00041523834860754795
Cc1ccc(-c2nc(CN3CCO[C@@H](C)C3)co2)cc1,0.001511652979124066
Cc1cccc2c1CC(C(=O)NCCN(C)CC(F)(F)F)N2,0.0005867655126417438
Cc1cncc(C(=O)N2CCN(C(=O)c3c[nH]c(C)n3)CCC2C)c1O,0.2620523665892218
Cc1csc(C(=O)N[C@H]2C[C@@H](CNC(=O)c3cc(C)n(C)c3)C2)c1,0.2730881168997696
Cc1nc(C)c(CCOC(=O)C2SCCc3sccc32)c(=O)[nH]1,0.0005900988843210107
Cc1nc(Cn2nnc(NC(=O)C(C)(C)C3CCCC3)c2C)no1,0.00047102023324566746
Cc1nc2c(=O)n(CCNC(=O)NC3(C)CCCCC3)c(C)cc2[nH]1,0.0007312028518711239
Cc1occc1C(=O)N1CCCC1(C)CNC(=O)C(C)C,0.0005849406447189134
Cn1cc(CNC(=O)NCC2CCNC2)c(C(F)F)n1,0.0003954894128959165
Cn1cccc1S(=O)(=O)CC(=O)NC(C)(C)C(C)(C)C,0.0006358423628531777
N#CC1(C(=O)OCc2nncs2)CC2CCCCC2C1,0.001710801168793141
N#Cc1ncccc1CCC(=O)NCC(CO)Cc1ccco1,0.0007869975753674822
NC(=O)C1CCN1C(=O)Nc1ccn(-c2ccccn2)n1,0.0004459350338893585
NC1(CNC(=O)c2cc(F)c3[nH]c(=O)ccc3c2)CCC1,0.0005217101484815052
Nc1cc(C(=O)N2CCCN(C(=O)c3ccon3)CC2)ncc1F,0.0005593901324711395
O=C([C@@H]1C[C@@H](O)CN1)N1CC2(Oc3ccccc3)C1,0.0
O=C(C(O)C1CC1)N1CC2(CC2)CC1CNC(=O)[C@H]1C[C@@H](O)C1,0.0005747672326327572
O=C(C1CC(F)C1)N1CCC(n2cc(Cn3cccn3)nn2)C1,0.0007183991133776033
O=C(CCC1CC1)N1CC2CCC(C1)N2c1nncs1,0.0007363827576433639
O=C(CN1CCOCC1)NC[C@H]1C[C@@H](NC(=O)C2CCCS2)C1,0.0002049034083465197
O=C(NC[C@@H]1CC[C@H](C2CC2)O1)N1CCC(CCCO)C1,0.00042521412687426287
O=C(NCC12CCCC1C2(F)F)Nc1cccc(CO)c1,0.0016181735544041624
O=C(NCCC1(O)CN(C(=O)c2ccsc2)C1)c1cc(Cl)on1,0.16843834072340533
O=C(NCc1c(Br)nc2n1CCC[C@@H]2O)C1(C2CC2)CCC1,0.0006607207787918771
O=C(O)c1cnc(N2CCN(c3ccccc3)CC2)c(Cl)c1,0.6212921249584374
O=C(c1cc(CO)cc(CO)c1)N1CC(Nc2ccncn2)C1,0.0004931580241317998
O=C1CCC(COC(=O)C2CC2(F)c2ccccc2)CCN1,0.0005280234979264453
O=C1CCS(=O)(=O)C2(CCN(Cc3cccc4ccccc34)CC2)C1,0.0006041579833623111
O=S(=O)(NCc1ccc2c(c1)OCO2)C1CC2(CC2)C1,0.0004606507090291743
FC1(F)[C@@H]2[C@H]1CN(c1nc3ncnc(Cl)c3n1CC1CC1)C2,0.001340612055348534
c1ccc(CN2CCC(C3CCCNCC3)CC2)nc1,0.0005817633724449506
C[C@@]1(CNC(=O)CCc2ccncn2)CCCN1C(=O)C1CC12CC2,0.0007045756835993868
C[C@@H](NC(=O)C1(c2ccccc2)CCC1)C(=O)OC(C)(C)C,0.0006812045406027446
C[C@H](CNC(=O)c1ccc(CN(C)C)[nH]1)NC(=O)c1ccc(O)cn1,0.00025206118998649435
C1CC2(CO1)CCC(NCC1(OCC3CCOC3)CCOCC1)CN2,0.00031625540779708835
CC[C@@H]1CN(c2ncncc2OC)C[C@@H]1NC(=O)c1cocc1C,0.0011176640237459785
CC[C@@H]1OCC[C@H]1NC(=O)c1cccc(NC(=O)NCc2ccncc2)c1,0.0006206663595149168
CC(=O)N1CCC(CF)(NC(=O)CN2CCCS2(=O)=O)C1,0.09124495265404542
CC(=O)Nc1cccc(C(=O)NC(C)(C)C(=O)OC(C)(C)C)c1,0.0006070025914491241
CC(=O)c1cc(C(=O)N2CC3CC(NC(C)=O)CC3C2)c(C)o1,0.1346649960722614
CC(=O)c1cccc(OC(F)(F)C(=O)NC2=NOC(C)(C)C2)c1,0.3053645149992759
CC(C(=O)NC1CCC(NC(=O)C(O)C2CCCC2)CC1)n1cncn1,0.0005979723270545241
CC(C)CC(CC(C)C)C(=O)N(C)CC(C)Nc1nnnn1C,0.0014128531618407712
CC(C)CC1CCCC2(C1)NC(=O)C1CCC(=O)N1CCN2C,0.25562666978173415
CC(C)c1nnc(NC(=O)C2CCOC3(CCC3)C2)s1,0.0009598935291947669
CC(CNC(=O)C1CC12CCC2)NC(=O)[C@@H](O)c1ccccc1,0.00039056600078627996
CC(CO)C(=O)N1CCC[C@]1(C)CNC(=O)c1cnnn1C1CC1,0.00043559743824799505
CC(Cc1ccccc1)C(=O)N1CCCc2ccc(O)cc21,0.001565091128269105
CC(NC(=O)C(O)C(F)F)C1(O)CCN(C(=O)c2cncs2)C1,0.00038157964182261323
CC(NC(=O)OC(C)(C)C)C(=O)Nc1cn(C)nc1-c1ccncc1,0.0015359304367993476
CC1(C)CC1CCC(=O)N1C[C@@H](F)C[C@H]1CNC(=O)C(F)C1CCC1,0.2219281080455225
CC1(C)CCN(C(=O)COC2CC2)CC1NC(=O)c1cc(O)no1,0.00041935990210293094
CC1(C)NC(=O)CC1C(=O)N1CCCC12CCN(C(=O)C1(C)CC1)C2,0.1576659053151923
CC1(CC(=O)N2CCC3(CC2)CN(C(=O)c2cc(C#N)on2)C3)CC1,0.0014915887315300725
CC1(NC(=O)c2cocn2)CCN(C(=O)C2CCCS2(=O)=O)C1,0.0002658507297044078
CC1CC1C1CC1C(=O)N1CCS(=O)(=O)c2ccccc2C1,0.00035740064735302477
CC1CCN(C(=O)OC(C)(C)C)CC1CNC(=O)N(C)C1COC1,0.19346130401522463
CC1CN(C(=O)c2cnco2)CCC1CNC(=O)[C@H]1C[C@H]2[C@@H](C1)C2(C)C,0.0007468332519299697
CC1CN(CCN2CCC(O)(C(C)c3ccccc3)CC2)CCO1,0.0005239542613676241
CC1OCCC1(F)C(=O)NC1CCN(c2ncnc3[nH]ccc23)C1,0.0005453232003441891
CCC(=O)N1CCN(C(=O)c2cnn3ncccc23)[C@H](C)C1,0.21970421991856587
CCC(=O)NC(C)C(=O)N1CCC2(NC(=O)c3c[nH]c(C)n3)CCCC12,0.00034504792252825145
CCC(=O)NC1CN(C(=O)c2ccc(CO)cc2)C2(CCOCC2)C1,0.00035223615166700195
CCC(CNC(=O)COCc1ccccc1)NC(=O)C1CCC(=O)C1,0.00033364890878447793
CCC(NC(=O)N(C)Cc1cccs1)C(=O)N1CCCCC1,0.0006626554037568127
CCC1(C(=O)N2CC(NC(=O)c3ccc(C(N)=O)o3)C2)CCOCC1,0.1169911172115157
CCCc1cc(C(=O)N(C)CC(C)NC(=O)c2nc(=O)[nH][nH]2)cc(=O)[nH]1,0.0002174798226147213
CCN(C(=O)c1cccnc1)C1CCN(C(=O)c2c(C)ncn2C)C1,0.24243910338043637
CCN(CCNC(=O)c1cc(F)c[nH]1)C(=O)c1n[nH]cc1C,0.1492578753054444
CCN(CCNC(=O)c1cn2c(n1)COCC2)C(=O)C(O)C1CC1,0.00029277441741211056
CCN(CCSC)C(=O)c1ccc2oc(CO)cc2c1,0.0007978000298141704
CCN1CCC(N2CCC(CCNC(=O)c3nc[nH]c3C)CC2)C1=O,0.3780095019072119
CCOC(=O)CCC(C)(C)NC(=O)c1cc(C)c(CC)[nH]c1=O,0.000517786781126684
CCOc1ccc([C@@H](CC)NCC(O)COC(C)C)cc1,0.00048044050787840687
CCSc1nccnc1-c1noc([C@@H]2CCC(=O)NC2)n1,0.0012817088463485259
CCc1cc(C(=O)NCC2(OC)CN(C(C)=O)C2)nn1CCO,0.00023321237298694152
CCc1ncoc1C(=O)N1CC2CC(Nc3ncncc3Cl)C2C1,0.0007736849903236367
CCn1cc(C(=O)NCC2(NC(=O)C(C)C(C)SC)CC2)cn1,0.0006026560881066453
CCn1ccc(CN(CCNC(=O)CSC(C)(C)C)C2CC2)n1,0.0004966056543230026
CCn1ncnc1C(=O)N[C@@H](C)CNC(=O)c1cnn(C2CC2)c1,0.00019772544810401244
CN(C(=O)NCC1(F)CCOCC1)c1ccccc1F,0.0009209250821119378
CN(C)CC(O)CNC(=O)C12CCCC(C(=O)OC(C)(C)C)(C1)C2,0.0004397532106914316
CN(CC(=O)NC1CC1)C(=O)c1nc2ccccc2s1,0.0006407332069705673
CN(CCOc1ccc(Cl)cc1)C1CCCNC(=O)C1,0.0004493713208123246
CN1CCC(N(CCNC(=O)CCc2cncc(F)c2)C2CC2)CC1,0.0012661169230962538
CN1CCC(N2CCC3(CC(NC(=O)c4ccccc4)C3)C2)C1=O,0.0006347490263711627
CNC(=O)C1(C)CCN(C(=O)NCC2CCCN(C(=O)[C@H](C)O)C2)C1,0.15668462760801594
CO[C@H](C)C(=O)NC[C@@H](C)NC(=O)c1cn(C)nc1C1CCCC1,0.0006947486352241361
COC(=O)C1(CNC(=O)c2cc(C)c(Cl)cc2OC)CCOC1,0.00047305018767666406
COC(=O)c1ccccc1C1(CNC2C[C@@H]3C[C@@H](OC)C[C@H]23)CC1,0.0006535454155534029
COC(C(=O)N(C)CC(C)NC(=O)Cc1c(C)nn(C)c1C)C1CC1,0.0004405208349842672
COC1(c2cnnn2C)CN(C(=O)CC2(sc3ccccc3)CC2)C1,0.0
COc1cc(C(=O)N[C@@H](C)CN(C)CCC(=O)O)cc(OC)n1,0.0005779126489445938
COc1ccc(C(CN2CCOCC2)NC(=O)C2CC23CC3)cc1,0.00042021215265932983
COc1ccc2nc(CN3CCOC(CO)CC3)sc2c1,0.0006755230991481848
COc1cccc(C(=O)N(C)CCCN(C)C(=O)CC2(C)CC2)c1C,0.3020729695716692
COc1cccc(CNC23CCOC2CCCC3)c1OC1CCC1,0.00163492937039896
COc1cccc(SCC(=O)N(C)C2(CC(=O)O)CC2)c1,0.0006483323905543458
CS[C@H]1CN(c2cc(C3COCCN3C)ncn2)C[C@@H]1NC1CC1,0.00032772870095216784
CSCC1CC(NC(=O)C(N)Cc2ccc(C#N)cc2)C1,0.0013204432423228308
CSCc1ccc(NC(=O)C2(N)CC3(CCOCC3)C2)cc1,0.35184520357452365
Cc1cc(-c2ccc(S(=O)(=O)CCO)cc2)ccc1CO,0.0008080146664943213
Cc1cc(=O)c(C(=O)NCC(NC(=O)C2CCCC3CC32)C2CC2)c[nH]1,0.0008891546887745553
Cc1cc(=O)cc(C(=O)N2CCN(C(=O)C3CC4CC4C3)C[C@H]2C)[nH]1,0.17819843483346234
Cc1cc(C#N)nc(NC2(CNC(=O)C[C@@H]3CCCC[C@H]3O)CCC2)n1,0.7149186996157335
Cc1cc(C(=O)N(C)C(C)CNC(=O)C2CCCC2(C)C)cnc1C,0.0005563918367773722
Cc1cc(C(=O)NC2(CNC(=O)C3(C4CC4)CCC3)CC2)[nH]n1,0.00041316307201406857
Cc1cc(C(=O)NCC(NC(=O)c2nccn2C)C(C)C)on1,0.2568352268389314
Cc1cc(C(=O)NCc2ccccc2C2CC2)c[nH]c1=O,0.16577439234262115
Cc1cc(C(=O)OCc2ccsn2)nc(C2CC2)n1,0.00040889093582092154
Cc1cc(C)c(C(=O)NC(C)C2CC3(CCN(c4nnco4)CC3)C2)[nH]1,0.0010459892831427738
Cc1cc(CNC(=O)[C@@H]2N[C@@H]3C[C@H]2CC3=O)nc(OC2CCC2)n1,0.11598108742890559
Cc1cc(O)c(NC(=O)C2CCCC23CCNCC3)cn1,0.0006340009789988407
Cc1cc(F)ccc1NC(=O)c1cncc(S(C)(=O)=O)n1,0.0006183240403637211
Cc1cc(Cl)cc(C)c1NC(=O)N1CCC(NS(C)(=O)=O)C1,0.0010057772694273134
Cc1ccc(C(=O)N(C)C[C@H]2CCCN2c2cnc(C#N)c(C#N)n2)[nH]1,0.0013805504347909065
Cc1ccc(CN2CCC(C)(NC(=O)c3ccco3)CC2)cn1,0.0003709074970522447
Cc1ccc(OCC(=O)N2CCN(Cc3ncon3)C[C@@H]2C)cc1C,0.00045711038542251947
Cc1cccc2oc(COC(=O)C3CCCN3C)cc12,0.000736717636825014
Cc1ccnc(NC[C@H]2CCCN2C(=O)C2CCCCN2C(C)C)n1,0.0006288601885892516
Cc1ccnc(NC(=O)N2C[C@H]3CC[C@@H]3C2)c1Br,0.4483472551235912
Cc1cn2c(n1)CC(C(=O)NCC1CCCc3cc(C(=O)O)cn31)CC2,0.0008526420762580676
Cc1nc(C)n(CCC(=O)N(C)CC2CCN(C(=O)[C@@H]3C[C@H]3C)C2)n1,0.00019688119520269454
Cc1nc(N[C@H]2C[C@@H](NC(=O)C3CCCS3)C2)cc2nncn12,0.0003375132642442085
Cc1nc(O)cc(N2CCCC(CNC(=O)c3cc(CO)on3)C2)n1,0.0007117464243856957
Cc1ncc(C(=O)NC[C@@H]2C[C@H](o)CN2Cc2ccccc2)cc1C#N,0.0
Cc1ncnc(N2CCC(CCNC(=O)CC3CN(C)C3)C2)c1C#N,0.001134285143603845
Cn1c(CNC(=O)c2ccnn2CCF)nnc1C1CC1,0.0003694381772974316
Cn1cc(C(=O)N2C3CCCC2CC(=O)C3)c(Cc2ccccc2)n1,0.2387762282200585
Cn1cnc(C(=O)N2C[C@H]3CCN(C(=O)CC4(C)CC4)CC[C@H]3C2)c1,0.0014164773422816513
Cn1nc(C(=O)NC[C@@H]2C[C@H](F)CN2C(=O)c2ccc(C#N)[nH]2)cc1O,0.23194424952804443
Cn1ncc2c(=O)[nH]c(N(CCNC(=O)CC3(C#N)CC3)C3CC3)nc21,0.0010238896168320063
Cn1nccc1COCc1nnn[nH]1C(CC1CC1)C(=O)O,0.0
Cn1nncc1COC(=O)c1cccc(OCC2CCCO2)c1,0.0005401351963482056
N#CC1(CC(=O)Nc2nc(-c3ccc(F)cc3)cs2)CC1,0.7681479684736163
N#CC1(CNC(=O)c2csc(-c3cccs3)n2)CC1,0.8135217304292813
N#Cc1c[nH]c(CN2CC3(C2)OC(=O)NC32CCOCC2)c1,0.0005118810317403745
N#Cc1ccc(NCC(=O)Nn2cccn2)c(C(F)(F)F)c1,0.001007717082386383
N#Cc1cnc(C2CC2)nc1N(CCNC(=O)c1cccnn1)C1CC1,0.410351263644249
N[C@@H]1COCC[C@@H]1NC(=O)c1nc2c(s1)NCCC2,0.0007774503430837327
N[C@H]1C[C@@H]2CC1C[C@H]2C(=O)N1C[C@H](c2ccccc2)O[C@H](C(=O)O)C1,0.0004961924281971236
O=C(C1CC2(CCC2)C1)N1CC2(CCCN(CCF)C2)C1,0.001503232769445506
O=C(CC1(CO)CCC1)N1CCC(C(F)(F)F)C12CCOCC2,0.0004980448563937971
O=C(CC1OCCc2ccsc21)N1CCC12CCCOC2,0.0006973787081059986
O=C(CCn1ccc2ccccc21)N1CCC(N2CCCC2)C1,0.0008995142013284624
O=C(Cc1ccccn1)NCC1CCN(C(=O)CCc2nnc[nH]2)C1,0.00018182696426309288
O=C(Cn1cnc(C2CC2)n1)OCc1ccc(Br)o1,0.00025393467531486895
O=C(NC1(CO)CN(C(=O)Cn2cncn2)C1)c1cc[nH]n1,0.0001848864046172946
O=C(NC1C(=O)Nc2cc(OC(F)F)ccc21)c1cc[nH]c(=O)c1,0.4022222801909083
O=C(NC1CCN(C(=O)c2cccnc2O)CC1)c1ccncc1F,0.42227953284911623
O=C(NCC[C@@H]1CCC[C@H]1O)c1cc(OC(F)F)ccc1Cl,0.0008064678993097324
O=C(NCC1CC(C2CC2)=NO1)c1ccn(-c2ccncc2)n1,0.5232160644751437
O=C(O)C12CCC(CC1Nc1nccc(C(F)(F)F)n1)C2,0.0009439564356039737
O=C(c1cc(Br)sc1Cl)N1C[C@@H]2OCO[C@@H]2C1,0.0005417090253557928
O=C1N[C@@H](CC(=O)NCC(NC(=O)C23CCC(CO2)C3)C2CC2)CO1,0.2044382766519748
O=C1NC(C2CCN(C(=O)NCCc3nnc4n3CCC4)CC2)CO1,0.0002858659067146312
O=c1c2ccccc2nnn1CCNC1(C(F)F)CCOCC1,0.00046017724095496603
OC[C@H](Cn1cc([C@@H]2C[C@H]2C(F)(F)F)nn1)NC(=O)C1CC(F)(F)C1,0.0003284075714908996
Clc1cnc(OC2CCN(CCC3OCCO3)C2)nc1,0.000459619027145959
C[C@H](CNC(=O)c1cc2ncccn2n1)NC(=O)C(O)C1CCOCC1,0.00023167125229796838
CC(=O)Nc1cc(C(=O)NC2(C)CCC(F)(F)C2)cc(Cl)c1C,0.0008362373176603787
CC(C(=O)N1CC2(COC(CNC(=O)C3CC3C)C2)C1)C(C)(C)C,0.0002510649621477819
CC(C(=O)N1CCCCCC(N)C1)n1cc(-c2ccccc2Cl)nn1,0.0011861714030289828
CC(C(F)C(=O)N1CC2CC(=O)C2(C[C@H](C)O)C1)C(F)(F)F,0.0007714131761781804
CC(C)[C@@H](O)C(=O)N[C@@H](C)CNc1ncnc(C(C)(C)C)n1,0.0004178979464061262
CC(C)(C)OCC(=O)N1C2CCC1CN(C(=O)c1cccc(F)c1)C2,0.0007949526626094184
CC(C)(O)C(=O)NC[C@H]1C[C@H](NC(=O)c2coc3c2COC3)C1,0.0004530750048877909
CC(C)(O)C(=O)NCC1CN(C(=O)C2(C#N)CC3(CC3)C2)CCO1,0.2562211456724547
CC(C)CC(NC(=O)Cc1cnco1)c1nnn[nH]1,0.00029642032271459613
CC(C)Cn1nccc1C(=O)N1[C@H]2CC[C@@H]1C[C@H](C(C)N)C2,0.0004674401297288838
CC(C)N(CC(F)(F)F)C(=O)Cc1csc(C2CCCO2)n1,0.000718056190454875
CC(C)OCc1ccc(NC(=O)C2Cc3nncn3C2)cc1,0.0007104464962585692
CC(C)c1ccc(CCCC(=O)N[C@@H](C)[C@H](C)O)cc1,0.0005921736330094594
CC(C)c1nn(C)cc1C(=O)NCC1COCCN1CC1CC1,0.0004909271706801127
CC(Cc1cccc(O)c1)NC(=O)c1ccnn1C1CCOCC1,0.0008499558065296943
CC(NC(=O)CN1CCn2ncnc2C1)C1(N2CCOCC2)CC1,0.0003318201417161085
CC(NCC1(C(=O)N(C)C)CCOCC1)c1cc(F)ccc1Cl,0.0005000533280010748
CC(O)(CNC(=O)c1ncoc1C1CCCO1)c1ccncc1,0.00037462490360415265
CC(O)C(=O)N1CCCC(C2CC2NC(=O)c2cnnn2C)C1,0.00027463677982795376
CC(O)C1CC1C(=O)NC1CCC(N(C)C(=O)CCC2CC2)CC1,0.27923891005755364
CC1(C)[C@@H]2CC[C@@]1(NS(=O)(=O)c1ccc3scnc3c1)C(=O)C2,0.0009027933435171082
CC1(C)C(O)CC1CC(=O)N1CC2CC1CN(C(=O)c1cn[nH]c1)C2,0.0005540215641676795
CC1(C)CC(OC(=O)c2csc3cccnc23)CNC1=O,0.0006538992721286777
CC1(C)CN(C(=O)CCF)CC1NC(=O)CCCc1ccsc1,0.0007112715386501783
CC1=C(C(=O)NCC2(NC(=O)c3coc(C)c3)CCC2)SCCO1,0.22526992887789696
CC1CCC(C(=O)NCC2(C)CCCN(C(=O)[C@H]3C[C@@H](O)C3)C2)O1,0.0004392668868300743
CC1CCCC(OCC(=O)N[C@@H](C)CCNC(=O)c2cnsc2)C1,0.0007341435993118752
CC1CN(C(=O)c2cn(C)nn2)CCC1NC(=O)C1C(C)(C)C1(C)C,0.0003024411126178083
CCC(=O)Nc1ccc(NC(=O)N2CCN(C)C(C)(C)CC2)cc1,0.0012212569620897835
CCC(C(=O)N1CCC2(C1)CN(C1CCNC1=O)C2)N1CCCC1=O,0.15000883825425937
CCC(C)N(CC)C(=O)Cn1cc(-c2c(C)nn(C)c2C)nn1,0.0009493104776878951
CCC(CC)(CO)CNC(=O)C1CC(c2ccccc2)=NO1,0.23647082770302846
CCC(O)CC(=O)N1CC(C)(NC(=O)COC2(C)CCOCC2)C1,0.000312128295517515
CCC1(COC(=O)c2ccnc3c2nnn3C)CCOCC1,0.0004368665485159573
CCC1CCCC1(C)C(=O)N1CC(CO)(NC(=O)c2cnco2)C1,0.0003042061699231472
CCCC(O)CNC(=O)N(Cc1ccccc1)[C@@H]1COC[C@H]1OC,0.00037098732816916104
CCCN1CCC2(CC1)CC2NC(=O)c1cc2ccccc2[nH]1,0.001157878992760554
CCCOC(=O)N(C)CC(=O)Nc1cc(Cl)ccc1C#N,0.0016538569361084956
CCCc1nc(C(=O)NCCC(C)NC(=O)c2coc(C#N)c2)cs1,0.0010984885254198078
CCN(C(=O)N1CCc2c(F)cc(F)cc21)c1ccccn1,0.0009360776647235015
CCN(C)CCNC(=O)N,0.00033838438839329436
CCN(C)c1ccc(CN2CCC(OC)(C(F)(F)F)C2)cn1,0.0007599013547139064
CCN(CC)CCn1cc(NC(=O)c2nccnc2N)cn1,0.0005947698705909392
CCN(Cc1cn(C)nn1)C(=O)c1ccc(C(C)(F)F)cn1,0.0003008523978327534
CCN1CCC1C(=O)N1CCC(C2(O)CN(C(=O)C3CC3)C2)CC1,0.00039170287326042763
CCO[C@]12CC[C@H]1CN(C(=O)CNc1ccccc1F)CC2,0.0014669761953265722
CCOC(=O)C1CC12(O)CN(C(=O)C1(S(=O)(=O)CC)CCCC1)C2,0.0
CCOC1(c2nc(Cc3cc(Cl)cc(C(=O)OC)c3)no2)CC1,0.0004915397549112061
CCOC1CC2(C1)CC2NC(=O)NC1C(C)OC(C)C1CC,0.0004346337058192466
CCOc1ccc(C(=O)NC(C)C2CCCCN2C(=O)CO)cc1O,0.0006666050203483594
CCS(=O)(=O)c1ccc(C(C)NC(=O)C2(C#N)CCC2)cc1,0.0009033208627517497
CCc1cccc(OC)c1NC(=O)NC1(C(=O)O)CCC1,0.0012806542336751213
CCc1nnc(NCC2CCCC2NC(=O)C(CC)N(C)C)o1,0.00045967299999816256
CN(C(=O)CN1C[C@H]2CN(C(=O)c3cc4n(c3)CCCC4)C[C@H]2C1)C1CC1,0.0002982732948795863
CN(C(=O)NC1CCN(C2CCCCC2)CC1)c1cncc(C#N)c1,0.0010199908832600065
CN(C)C1(C(=O)NCC2CCCN2C(=O)Cc2nnco2)CCCC1,0.0002722050155766162
CN(CC1CCC1)c1nnc(-c2cc(O)no2)n1CCC#N,0.690481832013527
CN(CCN(C)C(=O)c1cnn(C)c1C1CC1)C(=O)C1CC2(CCC2)C1,0.001457408522106921
CNC(=O)CCCC(=O)NC[C@H](C)NC(=O)C(C)c1ccc(C)s1,0.0004200488548577878
CO[C@H](C)[C@H](NC(=O)Nc1cc(N(C)C)ccn1)C(=O)O,0.22965347505193864
COC(=O)[C@H]1[C@@H]2CC[C@H](C2)[C@H]1NC(=O)C(C)C1CCC1,0.00042463043476721675
COC(=O)c1cc(C)nc(N2CCCC(c3cc(C)no3)C2)n1,0.0005250551624565453
COC(=O)c1cc(F)cc(S(=O)(=O)NC2CCC(C3CCC3)C2)c1,0.0002875609612893788
COC(=O)c1ccc(CN2CCCS2(=O)=O)c2c1CCNC2,0.00026519874641713764
COC(=O)c1cnc(NC2COc3cc(F)ccc32)s1,0.5436560097156707
COC(=O)c1oc(C(=O)N(C)Cc2cn[nH]c2)cc1C,0.0006013630415818294
COC(CCSC)C(=O)NS(=O)(=O)c1c(C)csc1C,0.00044740351015413077
COCC(=O)N1C[C@@H](F)C[C@H]1CNC(=O)C(C)N1CCCCCC1,0.0004649792338190959
COCCN(CCNC(=O)C(C)C(C)C)C(=O)C1(C2CC2)CC1,0.0003619520131871329
COCCc1nnc(N2CCC[C@@H](NC(=O)[C@H]3C[C@@H]3C)C2)s1,0.0003601707182357968
CON1CCC(N(C)c2ncnc3c2ccn3C)CC1,0.0013032704107647155
COc1cc(CN2CCN(C(=O)[C@]34CCC[C@H]3CNC4)CC2)cc(=O)[nH]1,0.0003341313043872134
COc1ccc(N(CC2CC2)C(=O)N2CC(=O)N(C)C2)cc1,0.000536179150778498
COc1cccc([C@@H](NC(=O)NC2CSC23CCCCC3)C(=O)O)c1,0.00043927433825471636
COc1cccc([C@H]2[C@H]3CN(C(=O)c4cccc(CC#N)c4)CC23)c1,0.0016799376101715464
COc1cccc(CCNC(=O)N(C)c2cnn(C)c2)n1,0.0007455445649457303
COc1cccc(S(C)(=O)=NC(=O)C(C)C2COC2)c1,0.0005039594818836349
COc1ccccc1[C@H](C)NC(C)C1CCS(=O)(=O)CC1,0.0005083725766785397
COc1ccccc1[C@H]1C[C@H](NC(=O)N[C@@H]2C[C@H]2C(F)F)C1,0.0005635542691100848
COc1cccnc1CC(=O)O[C@@H]1Cc2ccccc2C1=O,0.0003446181602194665
COc1nccc(C)c1NC(=O)Nc1nn(C)cc1Cl,0.0014536716022762308
CS(=O)(=O)N1CC[C@H](CNC(=O)N2CCOC3(CCCC3)C2)C1,0.15815789296330543
CSCCC(=O)NC1(CNC(=O)c2cncc(C(C)=O)c2)CCC1,0.00044314021644084107
Cc1cc(C(=O)NC(C(C)C)C(C)(C)CO)nn1C1CCC1,0.000797759759091078
Cc1cc(C(=O)NC2COC2)nn1-c1cccc(NC(=O)OC(C)C)c1,0.46699719146041213
Cc1cc(C(=O)Nc2ncn(C(C)C)n2)cnc1C(F)F,0.0005557112519209233
Cc1cc(C)c(C(=O)N2CC([C@H](C)NC(=O)c3oc(C)cc3C)C2)[nH]1,0.2026388685464817
Cc1cc(CC(C)NC(=O)N[C@@H](C)c2cccs2)n[nH]1,0.0005693392396328591
Cc1cc(NC2CC3(CCSCC3)C2)nc(C(C)(C)C)n1,0.0019439577652391729
Cc1ccc(CC(=O)N[C@H]2CC[C@H](NC(=O)Cn3cccc3)CC2)o1,0.17463145979263153
Cc1ccc(CN(C)C(=O)c2c(C)cc(=O)[nH]c2C)cc1,0.0006936974121002152
Cc1ccc(Cl)c(O)c1C(=O)N1CC2CSCC(C2)C1,0.26588465075604967
Cc1ccc2[nH]cc(C(=O)N3CCOC(CNC(=O)CO)C3)c2c1,0.0003219462691505838
Cc1ccnc(C(=O)N(CCCO)Cc2cccc(Cl)c2)n1,0.0005093361812958747
Cc1cncc(C(=O)N[C@@H](C)CCNC(=O)C2(F)CCOC2C)c1O,0.24827059453777142
Cc1coc(C(=O)NC[C@@H]2CCCN2C(=O)C2CCCO2)c1,0.1589596419748376
Cc1ncc(C)c(N2CCN(C(=O)C3(C4CCC4)CC3)CC(O)C2)n1,0.0003993826769981523
Cc1ncnc(C(=O)N(C)CCCN2CCOCC2)c1Br,0.0003194762954446841
Cc1nn(C2CCC2)cc1C(=O)NCCN1CCC(C)(C)C1,0.000669481318779851
Cc1ocnc1C(=O)N1CC[C@@H](NC(=O)Cc2cn(C)nn2)C1,0.00019791820458119972
Cn1c(CC(=O)N2CC(=O)NC3CCCCC32)nc2ccc(F)cc21,0.0008520794933426789
Cn1cc(C(N)=O)c(CNC(=O)C2Cc3ccccc3N2C(=O)C2CC2)n1,0.00037100647886843075
Cn1nc(C(F)F)cc1C(=O)NCC1CCCN1C(=O)C1CC1,0.0003883721413986589
Cn1ncc(C#N)c1C(=O)N1CCN(C(=O)c2ccc[nH]2)CC1,0.2795815651089396
N#CC1(C(=O)Nc2cc3ccccn3n2)CCCOC1,0.6599026662033849
N#Cc1ccc(N2CCN(Cc3ncc(Br)cn3)CC2)cc1,0.0015971205717231517
NCCC1CN(C(=O)c2sccc2S(C)(=O)=O)CCO1,0.0005012492195284575
O=C(CC[C@@H]1CCCN1)N1CC[C@H](Nc2ccc(F)cc2)C1,0.0013211175055257
O=C(CN1CC[C@H](NC(=O)OCc2ccccc2)C1)NC1CC1,0.0003624363748003952
O=C(COCC1CC1)NC[C@@H]1CCCN1C(=O)CC1CC(O)C12CCC2,0.2009278619348636
O=C(Cc1ccon1)N(CCO)C1CCN(C(=O)C2(F)CC2)CC1,0.17308998151285568
O=C(Cn1nccn1)NCC1CCN1C(=O)Cn1cccnc1=O,9.806019558915173e-05
O=C(N[C@@H]1CCCN(C(=O)Cc2cc[nH]c2)C1)OCc1ccc(F)cc1,0.0007863651684939066
O=C(N1CCc2ocnc2C1)N1CCC(c2ccc(O)cc2)CC1,0.0003176757579200001
O=C(NC[C@H]1CCCN1C(=O)CC1CCOC1)c1cnoc1,0.2767945208835736
O=C(NC1CC(NCc2cccnc2)C12CCC2)c1ccncc1F,0.0005807531059253851
O=C(NCC12CCCC(C1)OC2)c1ccc(Cl)cc1O,0.0007567008891520213
O=C(NCc1ccnc(NC2CC2)c1)N1CC(CO)CC1C1CC1,0.0004759743562267755
O=C(Nc1cc2ccccc2nn1)N(CCO)C1CCC1,0.0009029071056888165
O=C(c1[nH]ncc1Cl)N1CCN(c2nncs2)CC1,0.0006300797849482595
O=C(c1cnc2ccn3ncccn121)N(CCO)CC1CC1,0.0
O=C(c1csc(Cc2ccccc2)n1)N1CCOCC(C2CC2)C1,0.0006436874426351759
O=C(c1occ2c1CCC2)N1CC(CC2CCOCC2)C1,0.0008560632782027016
O=C1CCCc2nc(NCCn3cc(C4CCCO4)nn3)ccc21,0.28596952456240776
O=S(=O)(CCc1csc2ccccc12)NC1C(CCO)C1,0.0009746203509239711
O=S(=O)(N1Cc2ccccc2C1)N1CCc2c(F)cc(F)cc21,0.0010064285326160198
O=S1(=O)CCC(NC(c2ncccn2)C2CC2)c2ccccc21,0.0005449795232081925
C[C@@H](O)C(=O)N1CC(NC(=O)C2CCCS2)(c2ccccc2)C1,0.00039163859943677873
C[C@H](O)c1ccc(NC(=O)c2ccc(OC3CCC3)cc2)cc1,0.0014488943438036527
C[C@H]1CC[C@@](C)(C(=O)NC2(CNC(=O)CC#N)CC2)C1(C)C,0.0008903021387402694
C[C@H]1CCCN1C(=O)N[C@H]1CCCN(C(=O)OC(C)(C)C)C1,0.000361002672171694
C[C@H]1CN(C(=O)C(C)(O)C2CC2)CCN1C(=O)CC1(O)CCCC1,0.0005291949504987712
C[C@H]1CN(C(=O)OC2(C)CCOC2)C[C@@H](C)N1CC(F)F,0.0004025552475608668
CC[C@@H](C(=O)N1CC(C)(NC(=O)c2ccc(SC)o2)C1)N(C)C,0.00029839391025698214
CC[C@@H]1C[C@H](C(=O)N(CC(=O)N#N)C(CF)COC)CC(=O)N1,0.0
CC(=O)N(C)CC(=O)N1CCC(C(C)NC(=O)c2c[nH]cc2C)CC1,0.2090809844369534
CC(=O)NC(COC1CCN(C(=O)Cn2nnnc2C)CC1)C1CC1,0.09561935301180265
CC(=O)c1cc(COC(=O)C2CCN(c3ccccc3)C2)on1,0.5763440505058269
CC(C)(C(=O)N1CCN(c2ccccc2)CC1)S(=O)(=O)C1CC1,0.0006781846073879693
CC(C)(O)C(=O)NCC1(C2CC2)CCN(C(=O)CC#N)C1,0.25318925338322845
CC(C)CC(=O)N1CCN(C(=O)CCc2ncccc2C(=O)O)CC1,0.00022375861573470745
CC(C)COC1CCN(c2ccc(C(=O)N(C)C)cn2)CC1,0.0011949493607450834
CC(C)OCCC(=O)N[C@H]1CC[C@H](NC(=O)C(F)(F)C2CC2)CC1,0.0004148513409623882
CC(C)c1ccsc1C(=O)N1CCC(Nc2ccc(C#N)cn2)C1,0.7799275870016906
CC(CC(=O)N[C@H](C)CNC(=O)C(C)(C)n1cccn1)C1CC1,0.00033465001950494933
CC(CC1CN(c2ncnc(Cl)c2F)C1)NC(=O)C1COC(C)C1,0.0010280079824803196
CC(CN(C)C(=O)OC(C)(C)C)NC(=O)c1ccc2cnccc2n1,0.0006929972303452072
CC(CNC(=O)[C@@H]1C[C@H]1c1c[nH]cn1)(C1CC1)N1CCOCC1,0.0006110085903121649
CC(CNC(=O)c1cnc(C2CC2)o1)NC(=O)Cc1cccc(F)c1F,0.00039666485989387255
CC(NC(=O)CNC(=O)c1ccccc1F)C(F)(F)F,0.0004108697274601667
CC(NC(=O)COc1cccc(=O)[nH]1)c1cccnc1,0.0003788982184836461
CC(Nc1ncnc(Cl)c1F)C1CCN(C(=O)c2cnoc2)CC1,0.6486528761034586
CC(OCC1CC1)C(=O)N[C@H]1CCN(c2cc(-n3ccnc3)ncn2)C1,0.0012063188932961426
CC1(C)CS(=O)(=O)N(CC(=O)N2CCC(CC(C)(C)C)C2)C1=O,0.0004455138242902609
CC12CC2(CNC(=O)N2CC(S(=O)(=O)c3ccc(F)cc3)C2)C1,0.2155358777052111
CC12CCC(CN1C(=O)NCc1nnn(C(C(C)(C)C)C1(C)C)C2,0.0
CC1=NOC2(C1)CN(C(=O)CCc1cc3ccccc3[nH]c1=O)C2,0.20703206246917966
CC1C(NC(=O)c2nccn2C)CCCN1C(=O)c1ccns1,0.20468339199590524
CC1CC(C(=O)N(C)CC2CN(c3nnc(C(C)(C)C)o3)C2)CO1,0.0004908642317008021
CC1CC(C(=O)N2CCC(=O)C2c2ccc(F)cc2)C(C)O1,0.0005435833069159584
CCC(C(=O)NC1CN(C(=O)Cc2nnco2)CC1C)n1cccn1,0.0003218030826835653
CCC(C)(C)C(=O)NC(C)CNC(=O)COc1ccc(F)cc1,0.0005580183134144615
CCC(C)CC(=O)N1CCOCC2(COCCN2)C1,0.0003415784374442757
CCC(CC)C(C)C(=O)N1CCC[C@@H](NC(=O)c2cnoc2)C1,0.2962520445922394
CCC1(C)CC1C(=O)NC1(COC)CCN(c2nnn(C)n2)CC1,0.00044348291181253046
CCCCC1(C(=O)N2CCCN(C(=O)C3(CF)CC3)CC2)CC1,0.0006722910165637387
CCCc1cc(NC(=O)CN(C)CC)sc1-c1nn[nH]n1,0.000568169254704906
CCCc1ncoc1C(=O)N1CCC[C@H](NC(=O)c2cc(C)n(C)c2)C1,0.0006502311571328155
CCN(C)CC(=O)N1CC(Cc2ccc(Br)cc2)C1,0.0004995521001029951
CCN(CCNC(=O)[C@@H](C)N(C)C)C(=O)Cc1cnc2c(C)cccn12,0.0005226762854285163
CCNC(=O)CN1CCN(C(=O)Nc2ccccc2OC2CC2)CC1,0.0003117053848387839
CCOC(=O)N1CC(NC(=O)c2cc(Br)c(C)[nH]2)C1,0.0004307637481590525
CCOC(C(=O)N[C@@H]1C[C@@H]2CC[C@H](C1)[C@@H]2O)C1CCCC1,0.0010516894588130934
CCOC(C)(C)C(=O)N1CCC(C(C)NC(=O)c2cccc(O)c2)C1,0.27048918416947315
CCOC1COCCC1CC(=O)NS(=O)(=O)c1ccc(C)cc1,0.00035954902348232266
CCOCC1CN(Cc2cc(O)c(F)cc2Br)C1,0.0005567670411495839
CCOc1cccc(CN2CCC(O)(C(F)(F)F)CC2)c1OC,0.0005798470938270401
CCSc1c[nH]c(=O)c(C(=O)NCCN2CCN(CC)CC2)c1,0.0005122006664694821
CCc1c[nH]c(C(=O)NC2(CNC(=O)C3(CO)CCOCC3)CC2)c1,0.000539900151157131
CCc1cc(NCCN(CC)C(=O)c2cccc(OC)c2C)nc(C)n1,0.0008823941662828463
CCc1cnc(CC(=O)N2CCCCC(CCNC(=O)[C@@H](C)O)C2)[nH]1,0.00033948413452824735
CCc1nccc(N2CCN(c3cccc(F)c3)C(=O)C2)n1,0.0008228302366659422
CCc1onc(C)c1C(=O)NCC1CCN(C(=O)CC2CCC2)C1,0.0005229071369833146
CCc1oncc1C(=O)NC1CCN(c2ncc(Cl)cn2)C1(C)C,0.0009537480896486545
CN(C(=O)C12CC1C2)C(Cc1ccccc1)C1CCCC1,0.0011688381364924178
CN(C)CCN(Cc1ccsc1)C(=O)c1cccnn1,0.0004090145830980702
CN(C)CCN1CC(C(=O)NC2(c3ncccc3F)CC2)CC1=O,0.11352459714846862
CN(C)c1cccc(C(=O)N2CCC(NC(=O)c3cncnc3)C2)c1,0.2604847945387141
CN(CCOc1cccc(Cl)c1)c1cnc(C#N)cn1,0.7630392566632423
CN(CCc1ccns1)C(=O)C(n1cc(CCC#N)nn1)C(C)(C)C,0.0012018238240112445
CN(c1nnc(C(F)(F)F)s1)C1CCN(C2CC2)CC1,0.00038899852386283944
CNC(=O)C(CO)NC(=O)CC1CC(C)(C)CN1Cc1ccccc1,0.0003554754483031877
CNC(=O)NCC(=O)N1CC([C@@H](C)NC(=O)CCOC(C)C)C1,0.00022877746650234093
CNc1cccc(C(=O)NCC2CCCN(C(=O)c3ccccn3)C2)n1,0.0007408567632525036
CO[C@H](C)C(=O)N[C@H]1CCCN(C(=O)C(C)Oc2cccc(F)c2)C1,0.0004131188986910243
COC(=O)CC1COCCN1Cc1cncc(OC)n1,0.0003076301885122351
COC(=O)CCc1cc(NCc2cn(C)cn2)nc(C)c1C,0.001253087804372554
COC(=O)N(C)CCCC(=O)Nc1ccc(CCN)c(Cl)c1,0.0010020281046253618
COC(=O)c1ccc2c(c1)NC(=O)CCN2S(=O)(=O)c1c[nH]nc1C,0.26686456299764855
COC(=O)c1cn[nH]c1S(=O)(=O)NC(=O)C1CCOC1,0.00021358330769024112
COC1CC(C(=O)N2CCC[C@@H](NC(=O)c3ccnc(Cl)c3)C2)C1,0.0005287822784657483
COCC(=O)N(C)CC1CCCN1C(=O)c1ccoc1,0.00041483815653034804
COCC(C)C(=O)N1CCC(C)N(C(=O)CCC2CC2)CC1,0.00042822502472484366
COCC1(C)CCN(C(=O)Nc2cccc3c2OCCO3)C1,0.0016140876098076674
COc1c(Cl)ncnc1N1CC[C@H](NC(=O)C(F)CC2CC2)C1,0.001300226319472336
COc1cc(C(=O)NC(C)C2CCCN(c3ccncn3)C2)sn1,0.0012356106974735486
COc1cc(CNC(=O)CC2CCC3(CC2)OCCO3)ccc1C,0.0005458682764716483
COc1ccc([C@H]2C[C@@H](NC(=O)C3CCC(=O)N(C)C3)C2)cc1,0.0004972423976695085
COc1ccc(C(=O)NC2CC3CC2CC3(F)F)c(C(F)F)c1,0.00038320223985102106
COc1ccc(F)c(OC)c1C(=O)N1CCC2COCCC21,0.0009799197464051745
COc1ccc2nc(O)c(C(=O)N3CC(C4CC4)C3)cc2c1,0.0006269873203687399
COc1ccccc1[C@@H](O)CNC(=O)NC1CCCc2[nH]ncc21,0.0004332246885515659
COc1ncccc1C(=O)N1CC(Nc2nc(C#N)ncc2C)C1,0.0011049169105661696
CS(=O)CCC(=O)N1CC(NC(=O)c2cncnc2)CC2(CC2)C1,0.00074088401609516
CSC(C)C(=O)N1CCCC(NC(=O)c2ccn3c2CCCC3)C1,0.0010151238712488712
CSC(C)C(=O)N1CCOCC1CNC(=O)C1CCCOC1,0.0003232516250098072
Cc1[nH]ccc1C(=O)N1CC(C)(C)CC1CNC(=O)Cn1ccnn1,0.0005690288545641747
Cc1c(C#N)cccc1C(=O)N(C)CC1CCN(C(=O)[C@@H](C)O)C1,0.31422506210272344
Cc1cc(C(=O)N[C@H]2CCCN(Cc3nonc3C)C2)cnn1,0.0004256309864435915
Cc1cc(C(=O)N2CC[C@@H](NC(=O)[C@@H]3COC(=O)N3)C2)c(C)s1,0.00039172762385482693
Cc1cc(C)nc(N2CCC[C@@H]2CNC(=O)c2ccc(F)c(F)c2)n1,0.0011784180839371373
Cc1cc(CC(=O)N(C)CCN(C)c2cc(Cl)nc(C)n2)n(C)n1,0.00071553401638806
Cc1cc(COC(=O)Cc2ccnn2C)cc(C)c1Cl,0.0008359045027654957
Cc1cc(Br)ccc1C(=O)N[C@@H]1CCC[C@H]1CO,0.0007428248512355053
Cc1ccc(C(=O)N2CCCC(NC(=O)CC3CC(C)(C)CO3)C2)n1C,0.0005280984086574828
Cc1ccc(F)cc1C(=O)N1CCC[C@H]1CNC(=O)C(F)(F)CO,0.00040077006099665613
Cc1ccc(Cl)cc1CNC(=O)N1CC(CN2CCOCC2)C1,0.0004961126985635494
Cc1ccc2nc(N(C)C(C)CNC(=O)C3=C(Cl)CC3)sc2n1,0.7693506245837356
Cc1cccnc1C(=O)N1CC2(NC(=O)CNC(=O)C3CC3)CCC1C2,0.19535607080673417
Cc1cnc(NC(C)C2CCN(C(=O)CN3CCCCCCC3)C2)nc1,0.0017004901894290066
Cc1cnnc(NC(=O)N(C)Cc2ccc(S(C)(=O)=O)cc2)c1,0.000537905460630132
Cc1nc(N)nc(N2CC3CC2CCC3NC(=O)C(O)C2CCC2)n1,0.00041769550151159
Cc1nc2ccccc2cc1CCNC(=O)C1CN(CC(F)F)C1,0.0004499260713846958
Cc1ncc(N)cc1C(=O)N1CCC1CNC(=O)C1NC(=O)CC1C,0.0004581657893603799
Cc1nccc(NCC(C)(C)NC(=O)Cc2sc(C)nc2C)n1,0.0005463764365675438
Cc1ncnc(C)c1N1CC(N)CC12CN(C(=O)OC(C)(C)C)C2,0.46706981640462625
Cc1ncoc1C(=O)NC(C)CNC(=O)CC1OCCCO1,0.0003582840959788942
Cc1nsc(N2CC3(CN(C(=O)c4ccc[nH]4)CCO3)C2)c1C#N,0.0012411488429124706
Cc1occ(C(F)(F)F)c1CCNC(=O)[C@@H]1C[C@H](F)CN1,0.00038336653898358487
Cc1sc2cccnc2c1C(=O)NC1CCCC12CNC2,0.000499294384447455
Cn1ncc2c(NC3CCCN(C(=O)C4(C)CCCCO4)C3)ncnc21,0.001462233027928182
N#CCC(=O)NCC1CCN(C(=O)C2CC3CCC2C3)C12CC2,0.6746457506878072
NC(=O)OC1CCN(C(=O)NCC2(CC(F)F)CCC2)C1,0.0005382213046700064
O=C(C1CC2(CCC2)CN1)N1CCS(=O)(=O)Cc2ccccc21,0.0007108162638631872
O=C(CCCc1ccc(O)c(F)c1)N1C[C@H]2COC[C@H]2C1,0.0005771991417976728
O=C(CN1CC[C@@H]2C[C@]2(O)C1)NC(=O)NCc1ccc(Cl)cc1,0.0005669715427438749
O=C(CN1CCC(CO)CC1)NS(=O)(=O)c1cnn2c1OCCC2,0.00021154348023950283
O=C(NCC(=O)N1CCSc2ccccc2C1)C1CCCCC1,0.0005564808366454867
O=C(O)CC1(CNC(=O)c2[nH]ncc2Br)CC1,0.0004156053906425416
O=C(c1ccc(Br)c(O)n1)N1CCC2CCC(C1)S2(=O)=O,0.00048681693299863164
O=C(c1cnoc1-c1ccccc1)N1CCC(O)C12CCC2,0.39446541892536513
O=C(c1nccc(Br)c1O)N1CC(OC(F)F)C1,0.0004991731607056175
O=C(c1ncnc2ccsc12)N1CCN2C(CCS2(=O)=O)C1,0.0005060377791493263
O=C1CN(CC2CC23CCC(F)(F)CC3)CCN1CC1CCC1,0.00047281259424272276
O=C1OC[C@H]2CCN(CCn3ncc(C(F)(F)F)n3)[C@@H]12,0.00033076193373637164
C[C@@H]1[C@H](C(=O)N(C)Cc2nccc3ccccc23)CCN1C,0.000603982456338658
C[C@H](C(=O)NC1CCCCCN(C(=O)c2ccc(O)cn2)C1)N(C)C,0.0004489836344681541
C[C@H](NS(C)(=O)=O)C(=O)N(C)CC(=O)N1CCOCC1,0.11497661159730775
C[C@H](O)[C@H](NC(=O)NC1CCC2OCCC2C1)C(=O)O,0.0002839955917931528
C[C@H](O)C(=O)N1CC(n2cc(CNC(=O)CCC(F)(F)F)nn2)C1,0.00025157268074524477
C=C1c2ccccc2C(=O)N1CC(=O)N1CC2(CC(COC)=NO2)C1,0.0004624274045602132
CC[C@@H]1C[C@H](C(=O)Nc2cc3c(cc2F)NC(=O)CO3)CC(=O)N1,0.5038614627026234
CC[C@@H]1C[C@H]1C(=O)N1CCN(C(=O)c2cnc(C3CC3)o2)CC1C,0.14047986958756595
CC[C@@H]1CN(c2nnccc2C#N)C[C@@H]1NC(=O)C(F)CC1CC1,0.0014918076097101612
CC(=O)c1ccc(NC(C)C2CCN(C(=O)C3(C)CC3F)CC2)nc1,0.23898004974841186
CC(=O)c1ccccc1NC(=O)N1CCC2(CC1)CNC(=O)O2,0.4002076261475095
CC(C(=O)N(C)CCNC(=O)[C@@H]1CCCN1C(N)=O)c1cnn(C)c1,0.0001722586927715318
CC(C(=O)O)N1CCN(C(=O)c2cnn(C3CC3)c2)CC1,0.10862432346253777
CC(C)(C)OC(=O)N1CC(O)(Cc2nc(C3CCOC3)no2)C1,0.0003962572323293363
CC(C)(C)c1ccc(C(=O)N2CCC2c2cn(C3CCCC3)nn2)cn1,0.0006963646845206402
CC(C)(C)n1ncc(C(=O)N2CCNC(=O)C2(C)C)c1N,0.0005020470639774836
CC(C)(CNC(N)=O)NC1CCCC(c2ccn[nH]2)C1,0.0004480485056984025
CC(C)(CF)C(=O)NC1CCCN(c2ncc3c(n2)CCCC3)CC1,0.0016961403078334762
CC(C)COC(C)COC(=O)c1ncn2ccccn12,0.0
CC(CC(N)=O)C(=O)N1CCCC1CNC(=O)c1nscc1N,0.0007433765402536801
CC(CCO)C(=O)NCC1CC2CCC1N2C(=O)COC1CC1,0.000348399358903523
CC(CNC(=O)Nc1c2c(nn1C)CCC2)Cc1ccccn1,0.0006839345452620252
CC(N1CCN(c2ncnc[nH]2)CC1)C(C)(C)n1cccc1,0.0
CC(NC(=O)C1(CN)CC1(F)F)c1ccc(Br)cn1,0.0005358115264814305
CC(NC(=O)COCc1ccc(C#N)cc1)C1(C(N)=O)CC1,0.00047180719861680283
CC(NC(=O)c1cc(C2(O)COC2)on1)c1ccn(C(C)C)n1,0.00039657546660576556
CC(O)C(=O)NCC1CCN(C(=O)c2cnsc2)C1(C)C,0.23289731498152053
CC(O)c1ccc(NC(=O)C2(CN)CC23CCS(=O)(=O)CC3)cc1,0.0003513875517053502
CC(F)CN1CCN(C(=O)c2ccnc3[nH]ncc23)CC1,0.0003194348601778062
CC(c1ccccc1)C(N)C(=O)N1CC(CC2CCOCC2)C1,0.00036497346847239596
CC1(F)C(=O)NCC1C(=O)NC1(CNc2nccnc2C#N)CCC1,0.0009894606255876398
CC1=NOC(C(=O)NC2(C)CCN(c3ncc(C#N)cc3F)CC2)C1,0.39368269505563747
CC1C#N)CN(C(=O)C2COC(C)(C)N2C(=O)OC(C)(C)C)C1,0.0
CC1CC(CCNC(=O)NCCc2ccccc2C#N)CC(C)O1,0.001727635882800228
CC1CC(CNc2ccncc2C#N)CN1C(=O)CCc1ccncc1,0.001734964389181305
CC1CC(NC(=O)CN=S(C)(C)=O)CN1C(=O)c1n[nH]c(N)n1,0.00027038044029405455
CC1CC1C(=O)N1CCCC12CCN(C(=O)c1cnn(C(C)C)c1)CC2,0.0011165274887999965
CC1CCC(CN2CCC(CNC(=O)c3ccc(=O)[nH]n3)C2)O1,0.00043989350261849355
CCC(=O)NCC(=O)NC1CC2(C1)CN(C(=O)c1nocc1C)C2,0.0002231284216102875
CCC(C(=O)NS(=O)(=O)CC1(CC)CC1)c1ccccc1,0.0006134511828677875
CCC1(C(=O)N2CC(CNc3nc(C(C)(C)C)ccc3C#N)C2)CC1,0.7490195877841008
CCC1C(=O)NCCN1C(=O)c1cccc2cc(OC)n(C)c12,0.0005915145776818197
CCC1CCCC1(C)C(=O)N1CC(NC(=O)c2c(C)cc(C)[nH]c2=O)C1,0.0004251386530262508
CCCC(NS(=O)(=O)c1c(C)cccc1C#N)c1nnn[nH]1,0.0003332763109745555
CCCCN(Cc1ccc(C)cc1)CC(O)CC1(C(=O)O)CC1,0.0006975474043564279
CCCCS(=O)(=O)N1CCC(NC(=O)N2CCOCC(OC)C2)C1,0.09264930132790448
CCCN(C(=O)c1cccn2ccnc12)C1CCNC1,0.0013619244430702906
CCCN1CCN(C2CCN(C(=O)COC3CCCOC3)CC2)CC1,0.0006903389836260124
CCCc1ccc(C(=O)N2CCC3(CC2)CC(=O)NCC3O)s1,0.0005618980910876751
CCCc1ccc(C(=O)Nc2cnc(C)c(C(=O)OCC)c2)[nH]1,0.0008996397310690807
CCN(CC)C1CCN(C(=O)Nc2cccc(OC)c2)C1,0.0011495627428124572
CCN(CC1CCC1)S(=O)(=O)c1cc(OC)nc(Cl)c1,0.0005356467135403265
CCOC(=O)C1CCCN(C(=O)[C@@H]2CCO[C@H]2CC)C1,0.00038090881889985413
CCOCc1cc(C(=O)NC2(C)CC(C)(C)C2)ccc1OC,0.0007710161965530851
CCOc1ccc(C(=O)N2CCC3(CC(NC(=O)C(C)O)C3)C2)cc1C,0.3841763457884523
CCc1cc(NCC2(O)CN(C(=O)[C@@H](O)Cc3ccccc3)C2)ncn1,0.000597460031729161
CCc1ncc(C(=O)N2C[C@@H]3C[C@H]2CN3C(=O)CN2CCC2)c(=O)[nH]1,0.00020120769966602936
CN(C(=O)CNc1ncccn1)C(CNC(=O)CC1(O)CC1)C1CC1,0.0004292487927202789
CN(C)C1(C(=O)NCCC2(CNc3ncnc(Cl)c3F)CC2)CC1,0.0010057063587310471
CN(C)C1CC(OC(=O)c2ccnc(C3CCCC3)n2)C1,0.0007298761860797388
CN(C)CC(=O)N1CCC(F)(CNC(=O)C2(S(C)(=O)=O)CC2)CC1,0.12372303009709774
CN(C)CCC1CCN(C(=O)[C@@H]2[C@@H](c3ccccc3)C2(F)F)C1,0.0007805810785056774
CN(CCS(C)(=O)=O)C(=O)c1cccc2sccc12,0.29648875049971846
CN(Cc1cn(CCOc2ccccc2F)nn1)C1(CO)CCC1,0.00042128052014593506
CN1CC(NCc2ccnn2CC(F)(F)F)Cc2ccccc21,0.0008046705909302947
CN1CC(NS(=O)(=O)c2cc(O)cc(F)c2)CC1(C)C,0.00040045906190650383
CN1CCC(=O)NC(c2nc(-c3cc(Cl)cn3C)no2)C1=O,0.0010495372081812243
CN1CCCCC1C(=O)NC1(C)CCN(C(=O)c2cncn2C)CC1,0.0009223622503411514
CNC(=O)C1(NC(=O)C(C)Nc2cccc(C#N)c2)CC1,0.2964441831815791
CNC(=O)CCCN(C)C(=O)NCC1CCC(c2ccccc2)O1,0.000413922903501952
CO[C@H](C)C(=O)N1CCN(c2nc(C)ccc2C#N)C(CCO)C1,0.4580427936866648
COC(=O)C(O)CNc1cc(Br)c(F)cn1,0.00043537866851698113
COC(=O)c1cc2oc(C(=O)NCC3(O)CCNCC3)cc2[nH]1,0.00031925461150021515
COC(=O)c1ccc(N(C)C(CC(=O)O)C(F)F)c(C)c1Cl,0.0011924333024340037
COC(=O)c1cn(CC(=O)NCC2(S(C)(=O)=O)CCCC2)cn1,0.0003101916134135835
COC(C(=O)N1CCCN(CC(C)(C)O)CC1)C1CCCC1,0.0007408682404439122
COC(C)CC(=O)N1CC2C(CNC(=O)c3ccsc3)C2C1,0.000287443774044764
COC1(CNC(=O)CCc2cnn(C)n2)CCCCC1,0.0010250750343589682
COC1CCCCC1C(=O)NC[C@H]1CCCN(C(=O)C(C)C#N)C1,0.09952322602573208
COCC(C)(O)C(=O)NC1CCCCN(C(=O)C2(C#N)CC2)C1,0.32257249360725193
COCC(C)S(=O)(=O)NC(=O)c1cncc2cnccc12,0.00030870036681134076
COCCN1CCC(CNC(=O)NC2CN(C)CC2(C)C)C1,0.0002667291758713391
COc1cc(C(=O)N2CCN(C(=O)c3ncsc3C)C[C@H]2C)n[nH]1,0.24944482064941279
COc1cc(C)nc(NC2(CNC(=O)C3CC4(C3)CC4F)CC2)n1,0.0007177043737447841
COc1cc(NCC2(OC)CN(C(=O)CC3COC(=O)C3)C2)ncn1,0.0005542546620229963
COc1ccc(CCNC(=O)NC[C@H]2COC(=O)O2)c(OC)c1,0.00032577479135017205
COc1ccc(Cl)cc1NCC(=O)NC1CCNCC1(C)C,0.0009126905842050524
COc1ccc2c(c1)CC(C)CN2C(=O)C1(n2cccn2)CCOCC1,0.001694386790369539
COc1cccc(C(C)NCC2(c3ncccc3F)CC2)c1,0.0005057735952977788
COc1cccc(O)c1C(=O)NC1CC(C)N(C(=O)C2CCCO2)C1,0.24068778410533714
Cc1[nH]ccc1C(=O)N1CCC(N(C)C(=O)C23CCCCC2C3)C1,0.0011975365385416695
Cc1cc(C)cc(-n2ncc(CN[C@H]3C[C@@H](O)C3)n2)c1,0.0004126466374448429
Cc1cc(C2(NC(=O)C34CCCC(=O)N3CCC4)CC2)ccc1Cl,0.0005934021305383539
Cc1cc(CC(=O)NC2(C3CCCN(c4ncns4)C3)CC2)n[nH]1,0.3333371454132068
Cc1cc(CNC(=O)CNC(=O)NCc2ccccc2)sn1,0.00036045126757974706
Cc1ccc(C(=O)N(C)CCNC(=O)C2(NC(N)=O)CCOCC2)cn1,0.00026442852795034846
Cc1ccc(C(F)(F)F)cc1C(=O)N1CCOCC(C(C)(C)C)C1,0.0006800064926878283
Cc1ccc(CN2CCC(NC(=O)C3(F)CCOCC3)C(O)C2)cc1,0.00042530321887265625
Cc1ccc(F)c(S(=O)(=O)N2C[C@H]3CCC[C@H](C3)C2)c1,0.0005694915606312905
Cc1cccc(-n2ncc(NC(=O)C3CC(N)C3(C)C)n2)c1,0.27625206294203547
Cc1cccc(C(OC(C)C(=O)N(C)Cc2ncc[nH]2)c1,0.0
Cc1cccc(C)c1OCC(O)CNCC(C)(O)c1ccc(F)cc1,0.0005724983256681279
Cc1cn(C)cc1C(=O)NCCN(C(=O)c1cncc(N)n1)C1CC1,0.4630378235174522
Cc1cnc(Cl)nc1N1C[C@H](O)C[C@@H](NC(=O)C(C)(C)C)C1,0.0005822954010620988
Cc1coc(C(=O)NCC2CN(C(=O)c3ccc(C)c(C)n3)CCO2)c1,0.17221072306105453
Cc1nc(C(=O)N2CCC(C3COCCN3C(=O)CCF)CC2)c[nH]1,0.24237235114305472
Cc1nc(C)n(CCC(=O)NC(C)CC2CN(c3ncc(O)cn3)C2)n1,0.0009068166584164324
Cc1nc(NC[C@@H](C)NC(=O)c2ccc(C(N)=O)cn2)ccc1C#N,0.33353782330803305
Cc1ncc(C(=O)N(C)CC2COCCN2C(=O)Cn2nccn2)o1,0.00025320977156113297
Cc1onc(CC(=O)N2CCC3CN(C)CC3C2)c1C#N,0.0009226730605782
Cn1ccnc1C(=O)NC1CCN(C(=O)C2(C#N)CC2(C)C)CC1O,0.0007404044241497152
Cn1nncc1CCNc1cc(C(F)(F)F)cnn1,0.0005874790863168999
N#CCC1CC(n2nnnc2N2CCCC(C(=O)N3CCCC3)C2)C1,0.0010231139526627518
NC(=O)COC1CCN(S(=O)(=O)N2CCC(C(=O)O)CC2)CC1,0.00024398720808877777
NC(CC1CCOC1)C(=O)N1CCC(=CBr)CC1,0.19584628447311522
NC1(CCC(=O)NCC2(OCCO)CCCCC2)CCOC1,0.0005531640796792403
NC1CCCCN(C(=O)C2(c3ccccc3F)CC2)C1,0.0005320624771380978
Nc1ccncc1C(=O)N[C@H]1C[C@@H](NC(=O)C2(C3CC3)CCCO2)C1,0.3143458312638321
O=C(COC1CC1)N[C@H]1CCN(C(=O)C2=C(Cl)CC2)C1,0.00041596355960614776
O=C(COc1ccon1)N1CCN(C(=O)COc2ccccn2)CC1,0.16847433949569277
O=C(N[C@@H]1CCN(C(=O)CN2CCCC2)C1)c1cccc(Cl)c1F,0.00046982800974051394
O=C(NC1CS(=O)(=O)c2ccccc21)[C@@H]1C[C@H]1c1ccc(F)cc1,0.0005257875142633691
O=C(NCC1CC(OC(F)(F)F)C1)c1snc(Cl)c1Cl,0.26796493144706074
O=C(NCC1CCN1CC=CCl)c1cc(-c2ccccc2)no1,0.2699303148064171
O=C(Nc1cccc(-c2cnccn2)c1)C1CC2CCC(C1)S2,0.9182586329121565
O=C(O)C1(CCc2cn(-c3ccc(Cl)cn3)nn2)CCNC1,0.0004280217766229362
O=C1OC[C@@H](CNC(=O)C2(c3cc[nH]n3)CCOCC2)O1,0.00042849427430435274
OC(CCc1ccccc1)CN(CC1CCOCC1)C1CCC1,0.0009311421909364997
C[C@@H](CNC(=O)Cc1ccccc1)NC(=O)c1ccoc1Cl,0.0004328478214910749
C[C@@H](NC(=O)CCC1CCOC1)C1CN(C(=O)C2C(F)(F)C23CC3)C1,0.19793484654177562
C[C@@H]1CN(c2nnc(CCO)n2CC#N)CCN1C(=O)OC(C)(C)C,0.0008222130350912004
C[C@H](O)C(=O)N1CCCC1CN(C)c1cc(O)ncn1,0.0003793608977693816
C[C@H]1C[C@@H]1C(=O)NC1CCCC12CN(C(=O)c1cnsc1)C2,0.26221637030486605
CC[C@H]1CC[C@H](C(=O)N2CCN(C)C(CNC(=O)C3CC3)C2)CC1,0.273374984879359
CC(=O)CCC(=O)N1CCCC1CNC(=O)c1cccc(C)c1,0.1427086823365256
CC(=O)CCCC(=O)N1CCC(CCN(C)Cc2nnn(C)n2)CC1,0.0002593293640056091
CC(=O)CCc1cn(C[C@@H]2CCCN2C(=O)C2CC(C)C2C)nn1,0.00017463822053945748
CC(=O)NC1CCCN(C(C)C(=O)N(C)c2ccccc2)C1C,0.0005313400052124588
CC(=O)c1cc(C(=O)Nc2ccc3c(c2)CN(C)C3=O)ccc1C,0.0009017968317596097
CC(C#N)C(=O)NC1CCN(C(=O)COc2ccc(F)cc2)CC1,0.0011627844941796465
CC(C)(C(=O)NCC1CCN1C(=O)C1CCC(=O)N1)C(F)F,0.15971549960994202
CC(C)(C)OC(=O)NCCN(Cc1cccc2c1CCOC2)C1CC1,0.0005333790503180471
CC(C)C[C@H]1NC(=O)CCN(CC(C)(C)C2CCCCO2)C1=O,0.0006039543369517561
CC(C)C(O)CC(=O)N1CCC(NC(=O)CC#N)CC1,0.0004317589425190122
CC(C)CC1(C(=O)O)CCN(C(=O)C2CNCC(O)C2)CC1,0.0005222547556697566
CC(C)NC1CCN(C(=O)C2CCN(C(=O)C(C)C)CC2)CC1,0.00040930929587808696
CC(C)c1nnc(N2C[C@H]3[C@H](NC(=O)C4(C)COC4)[C@H]3C2)o1,0.0003096780088973404
CC(Oc1cccc(Cl)c1)C(=O)N1CCN(CCCF)CC1,0.0006731133855996598
CC(F)(F)C1(CNC(=O)Cc2cccc3cnccc23)CC1,0.20516581690944374
CC(F)CN1CCC(NC(=O)c2ccn3ccccc23)CC1,0.0003868202208575689
CC(c1cccc(C#N)c1)N1CCC(NC(=O)c2ncoc2CN)CC1,0.0015434622536113713
CC1(C)OCCC1NC(=O)c1cc(C2(O)COC2)on1,0.0002303703922817355
CC1(CNC(=O)c2cnc(Cl)[nH]2)CCN(C(=O)C23CC2C3)C1,0.3314978404451396
CC1=NOC(C(=O)N2CCC(n3cc(CN4CCCC4=O)nn3)C2)C1,0.000611187780225491
CC1CC(C(=O)NCC2(Cn3cc(-c4ccn[nH]4)nn3)CC2)C(C)O1,0.0011019822983709467
CC1CC(C)N(C(C)C(=O)NC(=O)NC(C)(C)C)CC1,0.00036483157271224365
CC1CCC(NC(=O)CCC2CC2)CN1c1nc2ccccc2o1,0.0017297090088764806
CC1CN(C(=O)C2CC2F)CCN1C(=O)c1nnc(C(C)C)s1,0.00033141267055388705
CC1Cc2cn[nH]c2C(C(=O)Nc2ccc(C(F)F)cc2)C1,0.0014840348292916162
CC=Cc1cn(-c2ccccc2CNC(=O)C(C)(C)CCCO)nn1,0.0016650988962835442
CCC(=O)N[C@H]1CN(C(=O)C(C)(F)c2ccc(OC)cc2)C[C@H]1C,0.0004972122472464334
CCC(C(=O)NCCN(C)Cc1cnon1)c1ccc2c(c1)OCO2,0.0003177576595769921
CCC(C)(C#N)C(=O)NCc1ccc2c(c1)CCN2C(C)=O,0.0014035190474557375
CCC1(C(=O)N2CCC(NC(=O)C(C)c3cnccn3)C2)CC1,0.000754732431165901
CCC1(F)CN(C(=O)c2cccc(-c3cc[nH]n3)c2)C1,0.0008769425017423177
CCCC1(C(=O)NC[C@H]2C[C@H](NC(=O)Cc3cc(C)nn3C)C2)CC1,0.0003619879610554251
CCN(CCNC(=O)c1ncccn1)C(=O)c1ccc(OC)c(O)c1,0.21679353021105374
CCNc1scnc1C(=O)N1CCCC1Cn1cc(CO)nn1,0.00073080340558172
CCO[C@@H]1C[C@@H]N(C(=O)c2ncc(-c3ccccc3Cl)o2)C1,0.6919000643008765
CCOC(=O)C[C@@H](NC(=O)c1ccc(N2CCCC2)cc1)C1CC1,0.6259973248096842
CCOC(=O)C1(NCC(=O)N(CC)CCC#N)CCCC1,0.0007155419791655717
CCOC(=O)c1cccc(OCCN2CCCCC2C(=O)NC)c1,0.00032512002604340444
CCOCC(=O)N(C)CC(C)NC(=O)C1(C)COc2ccccc2O1,0.00039729818756099205
CCOCC(=O)N1CCN(C(=O)c2ccc(Cl)cn2)C[C@H]1C,0.0003326204136077721
CCS(=O)(=O)NC(C)C(=O)N1CC(Oc2cccnc2)C1,0.0003285099006246112
CCc1ncc(C(=O)NCC(Cc2ccccn2)C(=O)O)c(C)n1,0.00032965787425092173
CCc1nn(C)c(C(=O)N[C@H](C)CCC(=O)O)c1Cl,0.00038944439544269293
CCc1nnc(C(C)NC(=O)C(F)C2CCCCC2)o1,0.0008120078980593914
CCn1c(N2CCC(OC(=O)N(C)C)C2)nnc1[C@@H](C)O,0.0002781512768220135
CCn1cc(C(=O)NCC(C)N(C)C(=O)C2CCS(=O)(=O)C2)nn1,0.0002465055904384962
CCn1ncc(S(=O)(=O)N2CCC(C)C(F)(F)C2)c1Cl,0.0004433277874799244
CCn1ncc(Cl)c1C(=O)N1CC(NC(=O)C2CC2)CCC1C,0.00046462824581692126
CCn1ncnc1C(=O)N1CCCN(C(=O)c2sccc2F)CC1,0.2159407459048223
CN(C(=O)NC1COc2ccc(F)cc2C1)c1cccnc1,0.0010528207897708124
CN(C(=O)Nc1ccc(Br)cc1)[C@@H]1COC[C@H]1O,0.0005198563622449584
CN(C)C(=O)OC1CCCN(C(=O)c2nc(Cl)cs2)C1,0.0003957717425870415
CN(C)CCn1cc(C(=O)NCC2CCCNCC2)c2ccccc21,0.42838267330027396
CN(CCN(C)C(=O)COCc1ccncc1)C(=O)Cc1cccnc1,0.00028998099914586957
CN(CCNC(=O)C12COC(C1)C2)C(=O)c1cnc2nccn2c1,0.42359920149014896
CN1CCCCC1CNC(=O)NC1COC(C2CC2)C1,0.0004015837034601046
CNc1cccc(C(=O)N2CC[C@@H](NC(=O)C(O)C(C)(C)CC)C2)n1,0.0003701270378171523
COC(=O)c1cc(OC)c(OC)cc1NC(=O)c1cn(C)c(=O)[nH]1,0.4840988360319725
COC(=O)c1coc(C(=O)NC(C)CNC(=O)c2ccccn2)c1,0.0003246497741252822
COC(C)(C)CC(=O)N1CC(O)(CNC(=O)CC(C)n2cccn2)C1,0.0002150728472878158
COC(C)C(=O)N1CC(CN2CCN(Cc3cccc(C)c3)CC2)C1,0.0004152148652568405
COC(C)CCC(=O)N[C@H]1C[C@H](CNC(=O)CC2CC3CC3C2)C1,0.0005970888811414246
COC1(CN)CN(C(=O)c2cnn3ccc(C)cc23)C1,0.09281879994238851
COC1(CNC(=O)CCF)CN(C(=O)c2ccc(Cl)c(F)c2O)C1,0.0004107135242529318
COC1C(NC(=O)NCCC(C)C)CC1(C)C(=O)OC(C)(C)C,0.0005851990895083436
COC1COCCC1CC(=O)Nc1ccc(-c2nn[nH]n2)cc1,0.0009646349865364326
COCC(=O)N1C2CCC1CC(N(C)C(=O)CC1(O)CCC1)C2,0.0003533962697552042
COCC(N)(C(=O)NCC1(SCC(C)C)CCNCC1)C(C)C,0.000314546490841709
COCC1(C(=O)N2C[C@@H]3CN(c4nnc(C)s4)C[C@@H]3C2)CCCO1,0.0005148600263347406
COCC1CCCN(C2CCN(C(=O)[C@H]3C[C@@H]3C(F)F)CC2)C1,0.00031561597560274534
COCc1nc(Cl)cc(N(C)CC(C)NC(=O)c2[nH]ccc2C)n1,0.0008781821744055874
COc1cc(C(=O)OC(C)(C)C)ccc1-NC(=O)N1C[C@@H](O)[C@H](C)C1,0.0007214911905757306
COc1cc2c(c(OC)c1OC)CN(C(=O)c1sncc1C)CC2,0.0005315767445311384
COc1ccc(C)nc1C(=O)N1CCOC(C)(c2nn[nH]n2)C1,0.0002470592184112439
COc1ccc(CCNC(=O)c2cc(CN3CCNC(=O)C3)on2)cc1,0.00035306292403264756
COc1cnc(N(C)C2CCN(C(=O)CNC(=O)C3CC3)CC2)nc1,0.0005090529402935783
CS[C@H]1C[C@@H](CNCC(C)(O)C(=O)OCc2ccccc2)C1,0.0006085365896631805
CS(=O)(=O)C1CCN(C(=O)COc2ccc(Cl)cn2)CC1,0.0004161524962889847
Cc1[nH]cnc1C(=O)N1C[C@@H](C)[C@@H](NC(=O)C2CN(C)CCO2)C1,0.14158758901946106
Cc1c(CCl)ncnc1NC(CNC(=O)c1cnn(C)c1)C(C)C,0.0008035823240801095
Cc1cc(=O)cc(-c2nc(CCC3CCCO3)no2)n1C,0.001506153133899295
Cc1cc(C)c(C(=O)NC2COCCN(c3cc(O)ncn3)C2)c(=O)[nH]1,0.00037065236706639753
Cc1cc(CNC(=O)Nc2ccc(NC(C)C)nc2)sn1,0.0008347072893018338
Cc1cc2cc(NC(=O)N(C)C3COC3)ccc2n(C)c1=O,0.0007872006849288565
Cc1ccc(C(=O)NC2(C)CN(C(=O)c3csnc3C)C2)nc1,0.22785836687786512
Cc1ccc(C(=O)NCC(NC(=O)C2CCCC2O)c2cccc2)[nH]1,0.0
Cc1cccc2c1ncn2CC(=O)NCC1CN(C)CCN1C,0.0006649117135079022
Cc1ccccc1C(C)C(=O)N[C@@H](C)CNC(=O)c1cn[nH]c1C(C)C,0.0005452306086979856
Cc1ccccc1OCC(=O)NC1CN(C(=O)C(C)(C)CC(F)F)C1,0.23072819422950022
Cc1ccnc2cccc(C(=O)N3CC(C)(C)OC(C)(C)C3)n12,0.0
Cc1cn(C)nc1C(=O)N1CCN(C(=O)c2cnnn2C)[C@H](C)C1,0.00022122517472326062
Cc1cnc(COC(=O)Cn2nc(C)c(CCC(C)=O)c2C)o1,0.0004460808083905847
Cc1cnsc1C(=O)N[C@H]1C[C@@H](NC(=O)C2(F)C(C)(C)C2(C)C)C1,0.0010361859262951838
Cc1cocc1C(=O)N1CCN(Cc2cc(F)ccc2F)C[C@@H]1C,0.0006453146044616674
Cc1n[nH]c(NC(=O)c2ccnc(C(F)(F)F)c2)c1Cl,0.0008901958009308293
Cc1nc(C(=O)N2CCN(C(=O)C3OCC3(C)C)CC23CCC3)co1,0.29791060137420244
Cc1nc(O)cc(-c2cccnc2OC(C)C(=O)N(C)C)c1Cl,0.0006504545641389845
Cc1nc2c(cnn2CCOC(=O)C(C)(F)C(C)(C)F)c(=O)[nH]1,0.0008327995611150319
Cc1ncc(C(=O)N2CCC(F)(CNC(=O)Cn3cnnn3)CC2)o1,0.00018563502068808782
Cc1ncc(C)c(N[C@@H]2CCN(C(=O)[C@H](NC(N)=O)C(C)C)C2)n1,0.0006010619772618173
Cc1ncc(CC(=O)NCC(NC(=O)C(C)c2cccnc2)C(C)C)o1,0.0003582206402773097
Cc1nccc(CCC(=O)NC(C)c2cccnc2O)n1,0.00032891244075584523
Cc1nnc(CCOC(=O)CC2CCCC2(F)F)o1,0.0005252048298250097
Cn1cc(Br)c(CC(=O)NC2(C(N)=O)CCCOC2)n1,0.00031929219445981353
Cn1nc(NC(=O)c2ccn(C3CC3(F)F)n2)cc1C(=O)O,0.0010863348607472755
Cn1nc(Br)nc1N1C[C@@H]2CCN(C)[C@@H]2C1,0.0005141948255047067
Cn1nnc(C(=O)N2CCC(CCNc3ccc(C#N)cn3)C2)n1,0.0010281456085508662
N#CC1(C(=O)N2CCC(n3ncc4cccnc43)C2)CC2(CC2)C1,0.0016477342167033294
N#Cc1ccc(NC(=O)CN2CCc3c(nc[nH]c3=O)C2)cc1,0.0007385010958968688
O=C(CC(F)(F)F)NC[C@H]1C[C@H](NC(=O)C2CCS2(=O)=O)C1,0.12845999508778982
O=C(CCOc1ccccc1)N1CCN(Cc2cccc(F)c2)CC1,0.0004716356384179835
O=C(CN1CCC(F)C1)N(Cc1nc2ccccc2[nH]1)C1CC1,0.0008607701332089586
O=C(N[C@H]1CC[C@H](CNc2ccncn2)CC1)c1cc2c(s1)CCC2,0.0011593892022935051
O=C(NC1CC2CC1CC2O)c1ccccc1Cc1ccccc1,0.0005990868020745129
O=C(Nc1ccn(C2CC2)n1)c1ccc(N(C(=O)C2CC2)cc1Cl,0.0
O=C(Nc1ccn(Cc2ccncc2)n1)N1CC(F)(C2CC2)C1,0.0005203756299057236
O=C(O)c1cncnc1C(=O)NC1CCCc2ncccc21,0.0003903869126331914
O=C(c1cc2cccnn2n1)N1CCC(O)(C2CC2)CC1,0.2195424147105956
O=C1CCC2CCN(C(=O)c3ccc(CO)cc3)C1C2,0.2441454314177347
O=C1CCCC2(C(=O)N[C@H]3C[C@]4(CCCCN4C(=O)CO)C3)CCCN12,0.42226925663895337
OC[C@@H]1C[C@@]1(F)CN1CCC(c2ccccc2C(F)(F)F)CC1,0.0005552055087347304
OC(CN1CCNC(C(F)F)C1)Cc1ccc(Cl)c(Cl)c1,0.000463324392543707
C[C@@H](CNC(=O)C12CCC(C1)OC2)NC(=O)CS(C)(=O)=O,0.09828610838139952
C[C@@H](CNC(=O)c1cc(O)no1)NC(=O)C12CCCCN1CCC2,0.11419525028014618
C[C@@H](CS(N)(=O)=O)Nc1cc(Cl)nc(C2CCCC2)n1,0.3167084525660991
C[C@H]1C[C@@H]1C(=O)N1CC(S(C)(=O)=O)CC12CCOCC2,0.0004896410707399077
CC[C@@H](C(=O)N1CCC(CNC(=O)[C@H]2CNC(=O)N2)C1(C)C)N(C)C,0.00027347484993886083
CC(=O)N1CCCC(CNC(=O)c2coc3c2CNC3)C1,0.0003192089919327639
CC(=O)NC(CC(=O)Nc1ccc(C(=O)O)c(F)c1)c1cccs1,0.32151930528337985
CC(=O)OC1CCN(C(=O)c2ccccc2N2CC(=O)NC(C)(C)C2)C1,0.0006031052511317986
CC(C(=O)N1C[C@H](C)[C@H](NC(=O)c2cn[nH]c2)C1)c1cccs1,0.0005432528146448077
CC(C)(C(=O)NC1CC2(CC2)C1)n1ccc(C2CC2)n1,0.0009354757734200689
CC(C)(C)OC(=O)N1CCC(CNC(=O)N2CCSCC2)C1,0.0006462010525500952
CC(C)Oc1ccccc1C(=O)NC1CC2(CC(O)C2)C1,0.0006430631313300325
CC(C)c1nc2ccc(NC(=O)N3CC[C@H](NC(N)=O)C3)cc2s1,0.0012429041237579357
CC(CCNC(=O)c1ccccc1)NC(=O)c1cnc2n1CCCC2,0.00035081430062803605
CC(CO)(NC(=O)N(Cc1nccs1)C1CC1)c1ccccc1,0.0005575101465494542
CC(CO)C(=O)NCC1CCCN1C(=O)c1cnc(C2CC2)[nH]c1=O,0.0006082253904417392
CC(N)CCNC(=O)C(C)Oc1ccc(Br)cc1,0.0004711888703065243
CC(O)C1CC1C(=O)N1CCN(C(=O)c2ccc3nncn3c2)CC1,0.0005031606132625734
CC(O)CCNC(=O)c1cnc2ccccc2c1N1CCOCC1,0.436546965821076
CC1(C)Cc2c(C#N)c(NC(=O)c3nnn(C(C)(C)C)n3)nn2C1,0.0009958349244859632
CC1CC(C(=O)N2CC(NC(=O)C3CCCn4nccc43)CCC2C)C1,0.0007543399625099587
CC1CCOC1CC(=O)N1CCCC1CN(C)C(=O)c1cccc(N)n1,0.0008982259041114828
CC1CN(C)CCO1,0.0002543330931128429
CC1Cn2nccc2N1C(=O)NC[C@@H](O)CC(=O)OC(C)(C)C,0.0003698926945635769
CC1OCCC1(O)CNC(C1CCCC1)C1(CO)CC2(CCC2)C1,0.0009950731141167202
CCC(=O)N1CC2(C1)CN(C(=O)[C@@H]1CSCN1C(C)=O)CCO2,0.06948459625572019
CCC(=O)NC1(CNC(=O)c2ccnc(C(N)=O)c2)CCC(CC)C1,0.0002953685531262651
CCC(C)OCC(=O)N1CC2CCC1(C1CC1)C2C(=O)O,0.16553887951154644
CCC1(CNC(=O)NCc2nnn(C)c2C(F)F)CCOCC1,0.0003721169361128849
CCC1CCN(C(=O)c2nn(CC)nc2Br)CC1,0.0006295515722871223
CCCC(OC(=O)c1cc(C)n(CCOC)n1)c1nnn[nH]1,0.00031268123219669154
CCN(C[C@H](C)O)C(=O)COc1c(Cl)cccc1OC,0.0005186944622547415
CCN(C(=O)[C@@H](C)OC)C1CCN(C(=O)c2cc3cc(C)ccc3o2)C1,0.0007538123403244601
CCN(C)CC(=O)NCCN(CCOC)C(=O)C1(COC)CCCC1,0.0005820800060396464
CCN(CCNC(=O)C1(F)CCC1)c1ncnc(C)c1OC,0.1635627184504415
CCN1CCC1C(=O)N1CCN(C(=O)c2ccc(=O)n(C3CC3)c2)CC1,0.14237824122710407
CCOC(=O)c1cc(F)ccc1S(=O)(=O)NC(=O)C(C)(CC)CC,0.0004533998779786991
CCOc1nccc(C)c1C(=O)NC1CN(C(=O)Cn2ccnn2)C1,0.09242608385439896
CCS(C)(=O)=NC(=O)C(C)n1cc(-c2cncc(C)c2)nn1,0.0005036069490562879
CCSc1nc(C)cc(NCC23CCOC(CN)(C2)C3)n1,0.23795374164969446
CCc1c(C(=O)NCCN(CC=CCl)CCOC)cnn1CC,0.0008974965192383069
CCc1cc(C(=O)N2C[C@@H]3C[C@H]2CN3C(=O)Cc2cn[nH]c2)n(C)n1,0.17498879729626463
CCc1cc(C(=O)N2CCC(c3nnc[nH]3)CC2)cn(C)c1=O,0.0002982609499000865
CCc1cc(CC(=O)N2CC(C)OC(C)C2c2ccc(C#N)cc2)n[nH]1,0.0006303674102867469
CCc1cncc(S(=O)(=O)Nc2ccccc2C(=O)OC)c1,0.0007603516628180864
CCc1oncc1C(=O)NC1CN(C(=O)Cn2cncn2)CC1(C)C,0.0004947420550097202
CCn1cc(CN(C)C(=O)c2cnc(C3CCCO3)s2)cn1,0.0007735398867353592
CCn1cc(NC(=O)c2c[nH]c(=O)c(Br)c2)cn1,0.0005599640713279927
CN(C(=O)CCF)C1CCC(NC(=O)c2ccc3ocnc3c2)CC1,0.0006758766447150097
CN(C)C(=O)OC1CN(C(=O)N2CCC(CF)(C(F)(F)F)C2)C1,0.21063024000173874
CN(C1(c2cccnc2)CC1)S(=O)(=O)c1cnc(Cl)n1C,0.0006031610875781854
CN(Cc1nccn1C)C(=O)NC(CO)C1CCCO1,0.0003030534579525558
CN1CC(CC(=O)NCC2(C)CCCN2C(=O)CCc2nccn2C)C1,0.0003409258566137192
CN1CCC[C@@H]1C(=O)N1CC2CCC(NC(=O)Cn3cccc3)C2C1,0.0007776342986733086
CNc1ccc(CNC(=O)[C@H]2CCCCN2C(C)=O)cc1,0.00045533044494684347
CO[C@@H](CNC(=O)OC(C)(C)C)C(=O)OC(C)c1ccco1,0.0005022950594367886
CO[C@H]1CC(C(=O)N(C)C(C)c2ccc(Cl)cc2)C[C@H]1OC,0.0005428483376055062
COC(=O)[C@@H]1[C@@H]2CCC[C@@H]2CN1S(=O)(=O)CC1CCCCO1,0.0002895409920023745
COC(=O)[C@@H]1C[C@H](C(F)(F)F)CN(c2ccc(C)c(C(=O)OC)n2)C1,0.00104246690338113
COC(C(=O)N1C[C@@H]2C[C@H]1CN2C(=O)CN1CC2CC2C1)C1CC1,0.00018068223133938923
COC(CNC1(c2cccc(F)c2)CC1)c1ccc(C#N)cc1,0.0009514201530168498
COC1(CNC(=O)C2CC2C)CN(C(=O)C2Cc3ccccc3O2)C1,0.00045710895351014716
COC1CCC(NC(=O)NCc2cnc3ccccn23)CC1,0.0015739087825895662
COCC(=O)NCCC1(O)CN(C(=O)C2(C)CCCC2)C1,0.00029226269662905414
COCC1(O)CCN(C(=O)C2CCC(S(C)(=O)=O)CC2)C1,0.0003341380115603876
COCC1(O)CCN(C(=O)c2ccc(CC3CC3)cc2)C1,0.0005682531445319855
COCC1CC(NC(=O)NC(C)c2cccc3cc[nH]c23)C1,0.0005926576808707478
COCCC(=O)N1CCN(C(=O)c2cc(Cl)c(Cl)[nH]2)C(C)C1,0.00031888914519600495
COCCC(CO)NC(=O)c1cncc(-c2cccc(OC)n2)c1,0.0006039817558565557
COCc1ccc(CN[C@@H](CO)c2ccc(Cl)cc2)o1,0.00047067939808798483
COCc1ncc(NC(=O)NCC(O)c2cccnc2)c(C)n1,0.0003712601497889839
CON1CCC(C(=O)N2CCC(NC(=O)c3ccoc3)C2)CC1,0.0006238460438569919
COc1cc(C(=O)Nc2nc(C)c(=O)n(C)n2)cc(OC)c1C,0.0005382811119428965
COc1cc(C)ccc1C(=O)NC1CCN(C(=O)C(C)C2CCC2)CC1,0.0006766850625969217
COc1ccc(CN(C)Cc2cscc2Br)nn1,0.0005149891446225339
COc1ccc(CN2CCN(C(=O)c3cnco3)CC2)c(F)c1,0.00055348039244148
COc1cccc(F)c1C(=O)N1CC(CO)(NC(=O)C23CC2C3)C1,0.15135909496614938
COc1cccc(S(=O)(=O)N2CCC(C(=O)O)(C(F)F)C2)c1,0.00033164250863661226
COc1ccccc1[C@H](C)NC(=O)N(C)C[C@@H]1CCC(=O)N1,0.0003652613103115662
COc1cnc(N2CCN(C(=O)c3cccc(OC)c3OC)CC2)cn1,0.0008172856233192227
CS(=O)(=O)Cc1ccc(CNC(=O)c2cn(C3COC3)nn2)cc1,0.0002892038038842407
CSCC(=O)NCC1CCCC1NC(=O)C[C@H]1CCOC1,0.00029463257691086464
Cc1[nH]c(C#N)cc1C(=O)N[C@H]1C[C@H](NC(=O)c2sccc2Cl)C1,0.0007504565564334557
Cc1c(CN=S2(=O)CCC3(CCNCC3)C2)oc2ccccc2c1F,0.0
Cc1cc(=O)c(C(=O)NCCC(C)NC(=O)CCCC(F)F)c[nH]1,0.0004944618510860165
Cc1cc(CNC(=O)NCc2cccc(C#N)c2F)c(C)s1,0.0007992852921161951
Cc1cc(OCC(=O)Nc2nn(C)cc2Br)ccc1Cl,0.0018250000852429655
Cc1ccc(NC(=O)[C@@H]2CCCN2CC(F)(F)F)c2[nH]ncc12,0.001041913138278853
Cc1ccc2nc(C(=O)NCC(C)OC(F)F)c(C)n2c1,0.000620994799769098
Cc1cccc(C(=O)OC2CC(=O)N(C3CC3C)C2)c1C(F)(F)F,0.0005005406089242696
Cc1cccc(N(CCC#N)C(=O)[C@H](O)[C@@H]2COC(C)(C)O2)c1C,0.0012746189574732512
Cc1cnc(NC(=O)N2CC3C4CCC(O4)C3C2)c(C)c1,0.0010509453655729373
Cc1cnc(NCC2(NC(=O)c3cccc(F)c3C)CCCC2)nc1,0.0010271979723715428
Cc1cncc(CC(=O)N2CCCCCC(S(C)(=O)=O)C2)c1,0.0012032196389965084
Cc1coc(C)c1C(=O)N(C)CC1CN(C(=O)CCC2(C)CC2)C1,0.0005549542760537916
Cc1n[nH]c(-c2ccccc2)c1NC(=O)NCC1CCN1C(C)(C)C,0.0016193855092296375
Cc1nc(C(=O)NCC2(NC(=O)CC3CC(F)(F)C3)CCC2)c(C)o1,0.0005062187509574834
Cc1ncsc1C(=O)N(C)C[C@H]1CCCCN1C(=O)CC1CC1,0.0008849731703450173
Cc1nsc(N[C@H]2CCCN(C(=O)c3cn(C)c(=O)n3C)C2)n1,0.0007566389551080793
Cn1cc(CC(=O)N[C@H]2C[C@@H](NC(=O)[C@H]3CNC(=O)N3)C2)cn1,0.05778052237604593
Cn1cnc(CC(O)C(=O)N[C@H](CF)C(F)(F)F)c1,0.000319016211923416
Cn1nc2c(c1CNC(=O)N1CC(O)(C(C)(C)C)C1)CCCC2,0.0005548266733608855
Cn1nccc1C(O)C(=O)NCC1CCN(C(=O)CC2CC2)C1,0.00032510782098548564
N#CCC(=O)NCC(O)CNC(=O)c1c(Cl)cc(Cl)cc1Cl,0.0004131631492501986
N#Cc1cc(F)c(C(F)(F)F)cc1N1CCN(Cc2nn[nH]n2)CC1,0.0011791254296176247
N#Cc1ccnc(C(=O)N2CCOCC23CCOCC3)c1F,0.4653959140132716
NC[C@@H]1CCC1(NC(=O)c1ccc(F)c(O)c1Cl)C(=O)O,0.00048645923005851907
O=C(C1CC2CCC(C2)C1)N1CCCC1c1nn[nH]n1,0.4596965084805761
O=C(CC1CCC(=O)N1)N[C@@H]1CCCN(C(=O)c2ccccc2F)C1,0.0002930816201219084
O=C(CCCc1ccncc1)N(Cc1ccccn1)C1CCNC1,0.0011276294377798597
O=C(CNc1nc(-c2ccccc2)ns1)NC1CCCC1,0.001476653354329506
O=C(Cc1cc(Cl)ccn1)NCc1cc(C(F)F)on1,0.0004966317826760004
O=C(Cc1csc(-c2cnccn2)n1)NC1[C@@H]2CC[C@@H]2C[C@H]1N1CCC1,0.0015097350122792838
O=C(Cn1cncn1)NCC1CCN(C(=O)C2CC2)CC12CCC2,0.0007360258246277297
O=C(NC1CN(C(=O)c2c[nH]c(C3CC3)n2)C1)c1ccc(CO)cc1,0.128972127848886
O=C(NC1COc2ccc(Cl)cc21)c1cnc(C2CCOCC2)[nH]c1=O,0.23602816976308386
O=C(NCC(CNc1nccnc1F)C(F)(F)F)C1CC2CC2C1,0.0004992084770760228
O=C(NCC1CNCCC1(F)F)c1cc2c(s1)CCNC2,0.0003912445411584453
O=C(NCCC1CCCC1)C1(n2cc(-c3ccccc3)nn2)CC1,0.0017953806365455301
O=C(O)CN(CC(F)(F)F)c1cccc2nonc12,0.4301035104213142
O=C(O)Cc1ccc(C(=O)N2CC[C@@H]3CNC[C@@H]3C2)cc1,0.0003281936836777874
O=C(c1cccc2c1CCC2)N1CCOc2ccncc2C1,0.0006666162936937015
O=C(c1cocn1)N1CC(NC(=O)C2(F)CC3(CCC3)C2)C1,0.22165741440054665
O=C1C[C@H](C(=O)NC2CN(C(=O)c3cccc4cccnc34)C2)CN1,0.19012070077233997
O=S(=O)(N[C@@H]1[C@H]2C[C@H]2C[C@H]1O)c1ccc(-c2ccccc2)s1,0.000769910490380695
O=S(=O)(NCC12CCCCC1C2(F)F)c1ccc(O)cn1,0.0003940444999568045
c1ccc(CC2OCCCC2NC2CCN(C3CC3)C2)cc1,0.000746565964863273
c1nc(-c2ccccn2)cc(N2CCN(Cc3cnc[nH]3)CC2)n1,0.0013813252308950144
C[C@@]12CN(C(=O)C3(c4cc[nH]n4)CC3)C[C@]1(C)CS(=O)(=O)C2,0.0002760011207777714
C[C@@H](CCNC(=O)c1ccc2ocnc2c1)NC(=O)C1(C)CC1F,0.0007316794542049379
CC(=O)C(C)CCC(=O)N[C@@H]1CCCN(C(=O)c2cc(Cl)no2)C1,0.22823654262521195
CC(=O)Nc1ccc(C(=O)N2C[C@H]3[C@H](NC(=O)C(C)CO)[C@H]3C2)s1,0.0003397153480358449
CC(C(=O)N[C@H]1C[C@@H](NC(=O)CC#N)C1)c1cc2ccccc2o1,0.0013736117870659277
CC(C(=O)Nc1nnc(N2CCOCC2)[nH]1)C1CCC(C)(O)CC1,0.0002921649866940627
CC(C)(C#N)C(=O)N1C[C@H]2CN(C(=O)C3CCCCS3)C[C@H]2C1,0.0011870653199586591
CC(C)(O)C1CCN(C(=O)CCn2ccc3cccnc32)CC1,0.0006822679136647965
CC(C)C(=O)N1CSC[C@H]1C(=O)N1CCOC2(CCCCC2)C1,0.00045874546758793743
CC(C)C(C(=O)Nc1cc2cccnc2nn1)N1CCC(C(=O)O)CC1,0.2967613238450183
CC(C)C(CC1CC1)NCC1(Cn2cc(C(=O)O)nn2)CC1,0.0005686926005863411
CC(C)C(O)C(C)(C)CNCc1ccccc1-n1ccnn1,0.0007523469565238329
CC(C)Cc1ccccc1NC(=O)N1CCCCC1C(=O)O,0.0015696872051325305
CC(C)n1nccc1C(=O)N1CCN(C(=O)CC2CCC3CC3C2)CC1,0.001060838565529319
CC(CNC(=O)[C@@H]1CCCN1C(N)=O)NC(=O)c1coc(Cl)n1,0.00029171535998768534
CC(CNC(=O)c1cn2ccccc2n1)CNC(=O)[C@@H](C)O,0.000228474666008816
CC(CNC(=O)c1cnnn1C)N(C)CCC(C)S(C)(=O)=O,0.00031363715561257417
CC(NCC12CC(CO)(CCO1)C2)C(=O)Nc1cccc(C#N)c1,0.0012337845582878362
CC(Oc1ccccc1C#N)C(=O)NC1CCC(CS(C)(=O)=O)CC1,0.0014991554312614374
CC1(C(=O)N2CCC(C3(NC(=O)C4CCO4)CC3)CC2)CC(F)(F)C1,0.3627417947616099
CC1(C(=O)NCC2CCC3CC2CO3)CC(NC(=O)OC(C)(C)C)C1,0.0004155822926280974
CC1(C)NC(=O)CC1C(=O)NCC1CC(NC(=O)C2CCC(=O)C2)C1,0.00017219052224355191
CC1(CC(O)CN2CC3CN(Cc4ccccc4)CC3C2)CCCO1,0.00033016568321127455
CC1(NC(=O)c2ccoc2)CN(C(=O)c2cc(O)cc(=O)o2)C1,0.21161554395870447
CC1=C(C(=O)N2CCN(c3ccc(C#N)c(C)n3)CC(C)(F)C2)CCO1,0.0016548544043065757
CC1=C(C(=O)NC[C@H]2C[C@@H](Nc3nc(C)ns3)C2)SCCO1,0.3480418170286224
CC1CC(C)CN(C(=O)CN2CC[C@H](NC(=O)[C@@H]3CCOC3)C2)C1,0.0002367972286715024
CC1CC1CC(=O)N(C)CCNC(=O)C1CCN(C2CC2)CC1,0.0002440131542708305
CC1CCC(NC(=O)c2ccc(Cl)cn2)C(C)N1C(=O)[C@H](C)O,0.00042167250208945296
CC1CN(CCOC(=O)c2cccc(-c3nn[nH]n3)c2)CC(=O)N1C,0.00047745115675448786
CC1CNCCC1C(=O)N1CCN(C(=O)c2ccc(Cl)cc2)[C@H](C)C1,0.00032989335456259515
CC1NCCN(C(=O)c2cn(CC(F)(F)F)cn2)C1C,0.0004018823136209922
CCC(C#N)C(=O)N1CC(C)(NC(=O)c2ccc3c(c2)ncn3C)C1,0.0013539825193148553
CCC(C)(C#N)C(=O)NCC1CC(NC(=O)[C@H]2CCC(=O)N2C)C1,0.0010776352825127872
CCC(C)(O)c1cn(C2CCN(C(=O)C3(C)CCOC(C)C3)C2)nn1,0.0007847206142536105
CCC(CCOC)C(=O)NCC1CC(C)N(c2cc(C)ncc2F)C1,0.5080610590849978
CCC(CNC(=O)c1coc(=O)c2ccccc12)NC(=O)C1(CF)CC1,0.3334017645420817
CCC(O)CC(=O)N1C[C@H]21CN(C(=O)c1ncn3cccnc13)CCO2,0.0
CCC1(C(=O)OC)CCN(C(=O)NC2CCN(C(C)(C)C)C2)CC1,0.2585819515298349
CCCC(=O)N1C[C@@H]2CN(C(=O)CC3CCCCC3C)C[C@@H]2C1,0.0007621321136845482
CCCC(C)C1CCCN1C(=O)C1CCN(S(N)(=O)=O)CC1,0.0005184270485584386
CCCCN(C)CC(C)NC(=O)c1cc(CO)c(C)o1,0.00031703152813502135
CCN(CC(=O)N1CCN(C(=O)C(O)C2CCCC2)C(C)C1)C1CC1,0.29080678381018993
CCN(CCNC(C)c1ccc2c(c1)COC(=O)N2)C1CC1,0.0008150818902790535
CCN1C(=O)CC[C@H](C(=O)N[C@@H](C)C(C)(C)O)[C@H]1c1ccnn1C,0.0004420865741003102
CCOC(=O)[C@@H]1CC[C@H](C(=O)Nc2cccc(N3CCCCC3)c2)C1,0.5062837118043629
CCOC1(C(=O)N2CC[C@H](Nc3ccnc(C4CC4)n3)C2)CCC1,0.0005428244370688315
CCOC1CC(NC(=O)N2CC(CC(N)=O)OC(C)(C)C2)C1,0.0005418066453368675
CCOC1CC(O)(CNC(=O)Nc2nsc(-c3ccccc2)n2)C1,0.0
CCOCC(=O)N1CCCC(N(C)C(=O)[C@H]2CSCN2C(C)=O)C1,0.00029284174913472036
CCSCc1ccc(NC(=O)N2N[C@@H]3CC[C@H]2[C@@H](O)[C@H]3O)cc1,0.0004762291381777465
CCc1ccc(C(=O)N(C)C(C)CNC(=O)c2nncn2C2CC2)cc1,0.00039400691301209667
CCc1ccc(C(=O)NC2(CNC(=O)c3cnc(C)[nH]c3=O)CC2)s1,0.00045182404447073024
CCc1ccc(OCC(O)CN(C)C(=O)NC2C3CCOC3C23CC2)cc1,0.0
CCn1ccnc1C(=O)N(C)CC1CCCN(C(=O)C(C)(O)C2CC2)C1,0.0004333471488698444
CN(C(=O)NC1CCN(c2ncccn2)CC1)[C@@H]1COC[C@H]1O,0.0003492649549075628
CN(C)C(=O)CN(C)C(=O)c1ccccc1SCc1ccco1,0.0005640602633252604
CN(C)c1nccc(CNC(=O)c2n[nH]c3c2COCC3)n1,0.000377938519007327
CN(CC(=O)N(C)CC1CCN(C(=O)C2CCC2)C1)S(N)(=O)=O)=O,0.0
CN(Cc1ccc(S(N)(=O)=O)s1)C(=O)C1(CO)COC1,0.0003177832244034396
CN1CCCC(C(=O)N2CC3C(CNC(=O)CC(F)(F)F)C3C2)C1,0.15571239451965496
CN1CCCC1C(=O)NC1CCN(Cc2ccccc2)C(C)(C)C1,0.0005404244667704464
CN1Cc2ccccc2C(NC(=O)c2cc(C3CC3)on2)C1=O,0.0005244861497922104
CNC(=O)NCC1CCCN(CC2CCC(C(=O)OC)C2)C1,0.00032089980141373836
CNC(=O)c1cc(C(=O)Nc2cccc(N3C4CCC3CNC3C4)c2)c[nH]1,0.0
CNC(=O)c1cnc(CN2CCCC(C(=O)N3CCCC3)C2)s1,0.0006593077852007998
CNC(=O)c1nn[nH]c1NC(=O)Nc1cncc(Cl)c1,0.00045006749558525747
COC(=O)N[C@@H](CC(C)C)C(=O)N1CC[C@@H](Oc2ccccc2)C1,0.0004809260240559578
COC(=O)c1csc(C)c1S(=O)(=O)N1CCC(C)(C(F)F)C1,0.0006650180460387817
COC(C(=O)NC1CCN(C(=O)c2cccnc2O)CC1)c1ccccc1,0.19125793777416505
COC(C)(C)C(=O)N1CC2CC(C1)N(C(=O)c1ccccc1F)C2,0.20988440183923535
COC(C)C(=O)NCC1(C)CCCN(C(=O)C23CCC(CC2)O3)C1,0.0004472754852555853
COC(CC(C)C)C(=O)N1CC(CO)Cc2ccc(F)cc21,0.0006955551094471801
COC1(C(=O)NC[C@H]2CC[C@H](NC(=O)c3ccccn3)CC2)CCC1,0.3633955141097546
COC1(CC(=O)N2CCN(C(=O)CCn3ccnc3)C[C@@H]2C)CC1,0.34633009926133806
COCC1(C(=O)NC(C)CNC(=O)C2CCc3[nH]nnc3C2)CC1,0.0002633539386358006
COCC1(C(=O)NCCc2ccc(NC(C)=O)cc2)CC1(F)F,0.2820364485466197
COCC1(NC(C)=O)CCN(C(=O)c2cncc(F)n2)CC1,0.13538650999783117
COCCC(C)(O)C(C)(C)CNC(=O)c1nnc(C)s1,0.0003014768470015698
COCCc1nc(S(=O)(=O)Nc2c(F)cc(F)cc2F)n[nH]1,0.0005022190701740044
COCCn1nc(C)c(CNC(=O)NC2[C@H]3CCC[C@@H]23)c1C,0.00034486216278264964
COc1cc(=O)n(C)cc1C(=O)Nc1nc(C(C)(C)C)cs1,0.0012210315280333328
COc1cc(C(=O)NCCN(C(=O)C(C)C2CC2)C2CC2)ccn1,0.14970490663793148
COc1cc(C)c(C(=O)Nc2nnc(C(C)C)s2)cc1OC,0.46307966328166755
COc1cc(NC(=O)CSc2ccc(C#N)c(Cl)c2)cnn1,0.47716082428073187
COc1ccc(C(=O)N2CCC(OC(C)=O)C2)c(C(F)F)c1,0.0005779351500971279
COc1cccc(C2(C(=O)N(C)CCNC(=O)CN(C)C)CCCC2)c1,0.0005875003527044642
COc1cccc(S(=O)(=O)N2C[C@@H]3CCC(=O)N[C@@H]3C2)c1,0.00031298622576097086
COc1cccnc1CC(=O)NC(C)COc1c(C)cccc1C,0.0010211656519811538
COc1cncnc1N1CCC(O)(CCNC(=O)c2cnoc2C)CC1,0.0005159854709002518
COc1csc(C(=O)N2CC3CC2CCC3O)c1Cl,0.0008136620634688606
CS(=O)(=O)NCC1CCCN(c2ccc3nnc(CO)n3n2)C1,0.0004109527378852976
CSC(C)C(=O)N(C)C[C@H]1CCCN1C(=O)CCc1ccncc1,0.0005609689218195056
Cc1cc(C(F)F)oc1C(=O)NCC(C)CNC(=O)C1CCCCO1,0.25196554831177376
Cc1cc(C)c(C(=O)NCC2(C)CN(CC3CCOCC3)CCO2)o1,0.00042164702044897697
Cc1ccc(C(C)C(=O)NC[C@@H]2COCCO2)cc1Cl,0.0004862251391332484
Cc1ccc(C2COCCN2C(=O)Nc2nccc(C)n2)o1,0.0006106739556130858
Cc1cccnc1C(=O)NCC1(O)CC(Nc2ncc(F)cn2)C1,0.0004753879278479309
Cc1ccnc(O)c1C(=O)N[C@H](C)CNC(=O)c1ccnn1CC#N,0.0006896600451598574
Cc1cnc(N2CCN(C(=O)CCc3nccs3)CC2C)nc1O,0.0008205826830750668
Cc1cnc(NC(=O)c2c(C)nsc2C)c(Br)c1,0.437358689434243
Cc1n[nH]cc1CC(=O)N1CCC(N(C)c2ccccc2Cl)C1,0.000966661876989265
Cc1nc(-c2ccco2)cc(N2C[C@@H](C)[C@@H](NC(=O)C(C)C(C)O)C2)n1,0.6159278555162137
Cc1nc(C#N)cc(N2CCCC3(NC(=O)C4(C)CC4)CCCC23)n1,0.0015743195770369716
Cc1nc(CN2CCN(C(=O)Nc3ccccc3Cl)CC2)co1,0.0012570665093441513
Cc1nc2c(C(=O)N3CC(N)C4CC43)ccnc2n(C)c1=O,0.0005649233656967968
Cc1ncc2c(n1)CCC(NC(=O)[C@]13CCC[C@H]1NCC3)C2,0.0008927174394380415
Cc1nocc1C(=O)NC1CCN(C(=O)c2cn(C(C)C)nc2C)C1,0.23023238363988446
Cn1cc(OC2CN(C(=O)C(F)(F)CC3CCCO3)C2)cn1,0.0004780734456241584
N#Cc1ccc(CCNC(=O)NCc2ccnc(OCC3CC3)c2)cc1,0.0016575542515877924
N[C@]1(c2cccc(NC(=O)C3COC4COCC43)c2)COC[C@H]1O,0.00041174322269913485
NC(=O)CCCC(=O)NCC1(NC(=O)c2ccc3c(c2O)CCC3)CC1,0.13905128938337316
NC(=O)NC(=O)CN1CCC2(CCN(C(=O)Cc3n[nH]c(C4CC3)n3)C2)C1,0.0
NC(C(=O)N1CCC2(C1)C(=O)NCCN2C1CCOCC1)c1ccco1,0.00030030126511129484
O=C(CO)NC1CC2(CCN(C(=O)c3cccc4c3NCCC4)CC2)C1,0.4547225117284205
O=C(Cc1cncnc1)NC1CCN(C(=O)C2=C(Cl)CC2)C1,0.000457876940332283
O=C(NCC1CC2(C1)CC21CCC1)c1ccc2c(c1)COCCN2,0.000498245705331836
O=C(NCC1CN(c2ccccc2)C(=O)O1)C1CC2(CCCC2)CO1,0.0013560900581853603
O=C(NCCN1CCN(C2CC2)CC1)c1ccc2ccccc2c1Cl,0.5442780511839391
O=C(NCc1ccc(C(=O)O)c(C2CC2)n1)c1cc2n(c1)CCCC2,0.0006711096965906043
O=C(NCc1ccsn1)N1CCN(c2ccc(C#N)nn2)CC1,0.0009087419293328823
O=C(Nc1ccc(F)c(C(F)F)c1)c1ccn2c1CNCC2,0.0008981474976009684
O=C(c1c(Cl)nsc1Cl)N1CC(O)(c2ccsc2)C1,0.2575611674534959
O=C(c1cc(O)no1)N1CCCN(C(=O)c2ncc(F)cn2)CC1,0.13013591961071705
O=C(c1cc2c(s1)CCC2)N1CCN(C(=O)[C@@H]2CCOCCN2)CC1,0.00042269888862590485
O=C1CC(C(=O)NC2(c3ccccc3F)COC2)c2cccnc2N1,0.0007285497660270523
OC1(C(F)F)CCN(Cc2ccc(-n3cccn3)c(Cl)c2)CC1,0.0006024040246640507
FC(F)COc1cccc(NCc2cnc(C3OCCO3)s2)n1,0.00040389689056913704
C[C@@H](CNC(=O)C1CC12CC(O)C2)NC(=O)C(C)(C)c1nccs1,0.00044366899755813016
C[C@@H](CNC(=O)c1ncccc1Cl)NC(=O)Cn1cc(CO)nn1,0.0001739267926965326
C[C@@H](CF)NC(=O)C(C)(O)c1ccc(Br)cc1,0.0004760406863891747
C[C@@H](Cn1cc(-c2ccnn2C)nn1)NC(=O)CCC1CCOC1,0.0011892488805827568
C[C@@H](O)C(=O)NCC1CC2(CCN(c3ccnc(C#N)n3)CC2)CO1,0.0008825815771156758
C[C@H](N)[C@H](C)NC(=O)NCc1ccc(OCc2ccncc2)cc1,0.0005366348340846911
C[C@H]1C[C@@H]1C(=O)N1CCC2(CCN(c3cc(OC(F)F)ncn3)C2)C1,0.00029527707058983165
CC[C@@H]1CN(C(=O)C2(C#N)CC2)C[C@@H]1NC(=O)C1(C)CCCCC1(C)C,0.5198108798951495
CC[C@@H]1CN(C(=O)c2ccncc2F)C[C@@H]1NC(=O)CSC(C)C,0.20874232818676547
CC(C(=O)N1CC(C2CN(C(=O)C3(CS(C)(=O)=O)CC3)C2)C1)C1CCC1,0.0002328370495496659
CC(C(=O)Nc1ccc(N2CCCC2CO)cc1F)(C(C)C)C(F)F,0.001000072228562613
CC(C)[C@H](O)C(=O)N1CCN(c2cc(-c3ccccc3)ncn2)CC1,0.0010106952413751122
CC(C)(C)CCC(=O)NC1CC2(C1)CN(C(=O)c1cc(F)ccc1F)C2,0.2608922215932049
CC(C)(O)CC(=O)N1CC[C@H](NC(=O)CCC2CCOC2)C1,0.00034416141053377625
CC(C)C(C)C(=O)NCC(C1CC1)N(C)C(=O)c1cc(C2CC2)on1,0.1428512718179294
CC(C)C(F)C(=O)N1CC(NC(=O)c2occc2C2CC2)C1,0.35279685916548315
CC(C)CN(C)C1CCCN(C(=O)c2ccn3cncc3c2)C1,0.0011906782535393908
CC(C)N1CCCC1C(=O)N1CCC1CNC(=O)C1CC(F)(F)C1,0.2026391876198188
CC(C)c1nccc(NC2(CNC(=O)C3(C(F)F)CC3)CC2)n1,0.001551945795420282
CC(CC(C)NC(=O)c1ccccn1)NC(=O)[C@H]1CCCS1,0.0004342188467786956
CC(CC1CCCS1(=O)=O)c1nc(C(C)C(F)(F)F)no1,0.0006174659108485987
CC(CCNc1nnc(C(C)(C)C)s1)NC(=O)Cc1cncs1,0.001249216026815745
CC(CNCc1cc(S(C)(=O)=O)cs1)CN1CCN(C)CC1,0.0004642298899004123
CC(NC(=O)c1cc2n(n1)CCCO2)c1ccc(C(F)(F)F)cc1,0.0004831744773393274
CC1(C(=O)N2CCc3cc(-c4nn[nH]n4)ccc3C2)CCCO1,0.0006119869437771053
CC1(C)[C@H]2C[C@H](C(=O)N3C[C@H]4CN(C(=O)CCC(F)F)C[C@H]4C3)C[C@H]21,0.0003589778031301994
CC1(C)CC1CCC(=O)NC1CN(C(=O)C2COCc3nccn32)C1,0.0003001280425092349
CC1(C)CNCC(C(=O)NCCN(Cc2ccccc2)C(=O)C2CC2)O1,0.0007317174592067183
CC1(NC(=O)N2CCCC2C2CCOCC2)CCOC1C1CC1,0.0005534452593563934
CC1CC(NC(=O)Cc2cccnc2)CCN1C(=O)c1ncccn1,0.0008396108042797042
CC1CN(c2nnc(-c3ccc(C#N)s3)n2C)CCC(C(F)F)O1,0.0015978052896210536
CCC(F)C(=O)N1CCC(Nc2cc(=O)n3ccccc3n2)C(C)C1,0.43980589905503864
CCC1(C(=O)N[C@@H](C)CNC(=O)c2cc(C)sn2)COC1,0.0003661153062654414
CCC1(C(=O)N2CCN(C(=O)C3CC3)C(C)C2)CCCC1,0.0006066170917214217
CCC1(C(=O)NC(C)CCNc2nnnn2-c2ccccc2)CCC1,0.6102601760715102
CCCC(C(=O)NC1CCCN(C(=O)c2ccc(=O)[nH]c2)C1)N(C)C,0.13063970426470048
CCCC1(NC(=O)CN2C(=O)CCSc3ccccc32)CCOC1,0.0007689388103970942
CCCn1cc(CN(C)CC(C)(C)CN2CCOCC2)c(C)n1,0.000564460183017389
CCN(C)c1ccc(C(=O)NC(CO)c2ccco2)cc1,0.0007584070999903216
CCN(CC(=O)N1CCC(CCNC(=O)c2ccoc2C)C1)C1CC1,0.0006409052723416204
CCN(CC1CC1)C(=O)c1ccccc1-n1cc(C2CCOC2)nn1,0.294293293697399
CCN(CCNC(=O)c1c[nH]c(=O)cc1C)c1ccc2nccnc2n1,0.0006055424224368902
CCN(Cc1ccc(C(C)(C)C)cc1)C(=O)C(NC(C)=O)C(C)C,0.0006750642061633901
CCNC(=O)CCC(=O)N(C)C(C)CNC(=O)Cc1ccn(C)n1,0.0002198951891493399
CCOC(=O)CN(Cc1nnc(-c2cccnc2)o1)C1CC1,0.0013417003417652167
CCOC(C)C(=O)N1CCCC1CN(C)c1ncc2c(ncn2CC)n1,0.0007618470489582398
CCOc1cc(F)cc(NC(=O)COCC(C)(C)C)c1,0.0011229174737914778
CCc1oc(C)cc1C(=O)NC1(CO)CN(C(=O)[C@@H]2C[C@@H]3C[C@@H]3C2)C1,0.0004654294257682697
CCc1oncc1C(=O)N1C[C@@H](C)[C@@H](NC(=O)c2cc(Cl)c[nH]2)C1,0.0007001730886270576
CN(C[C@H]1CCCN1c1nccn2nnnc12)C(=O)C1CNC(=O)C1,0.000430982766758717
CN(C(=O)C(C)(C)C)C1CCN(C(=O)c2n[nH]c3ccccc3c2=O)C1,0.2532112916078583
CN(C(=O)CC1(C)CC1)C1CCCN(C(=O)c2c(N)ncn2C)CC1,0.0005412089481424101
CN(C(=O)NCc1ccc2[nH]ncc2c1)C1C2CCOC2C1(C)C,0.0010464430686705501
CN(C)C1(C(=O)N2CCN(C(=O)c3cccn4Ccnc34)CC2)CC1,0.0
CN(C)C1CCN(S(=O)(=O)c2cc(C#N)ccc2Cl)C1(C)C,0.0008234226569415361
CN(C)CCOc1ccc(NC(=O)NC2(C(=O)O)CCOC2)cc1,0.0006896126045645129
CN(CC(O)Cs[C@@H]1CCNC1)CC1CCCCC1(C)C,0.0
CN(CC1CCN(c2nnccc2C#N)CC1)C(=O)CNC(=O)C1CC1,0.3933446884871034
CN(CC1CN(C(=O)C23CCCCC2OCC3)C1)C(=O)c1cocn1,0.0008976885678947399
CN(CCCN(C)C(=O)C1CCC1(C)C)CCN1CCOCC1,0.00034373065372474035
CNC(=O)c1cccc(C(=O)NCC(C)N(C)Cc2nncs2)c1,0.00046990114310484
COC(=O)C1CC1C(=O)N[C@@H]1CCCN(c2cnc(F)cn2)C1,0.00029601819991101986
COC(=O)CCC1CC(NC(=O)N(C)CC(C)O)C1,0.0004307521549568525
COC(=O)c1cnc(CCNC(=O)N2C[C@H](C)O[C@H](C)C2)s1,0.0004175573484036649
COC(CN1CC2CCCCC21C(=O)Nc1ccc(C(N)=O)nc1,0.0
COC1(CS(=O)(=O)N2CC(CN(C)C)C3(CC3)C2)CCCCC1,0.0005534908480759771
COC1(c2ccc(C(=O)NC3CCC(C#N)C3)cc2)COC1,0.0013097032534362396
COC12CCC(NC(=O)N3CCSc4ccncc43)(CC1)C2,0.48837121949720647
COCC(C)(NC(=O)CCc1cccc2c1OCO2)c1cccnc1,0.0005366805696314234
COCc1ccccc1C(=O)NC(Cn1cncn1)C(=O)OC,0.00041885412735292386
COc1c(F)cc(Br)cc1NC(=O)CC1CCNC1=O,0.0005964325722060689
COc1ccc(C)cc1N(C)c1nnc(CCO)n1C,0.000528530475055813
COc1ccc2oc(C(=O)N3CCN(CC(C)O)C(C)(C)C3)cc2c1,0.3740039317793251
COc1cccc2cc(C(C)NC3CCCC4(C3)OCCO4)oc12,0.0009563231241914201
COc1ccnc(C(=O)NCC(NC(=O)c2ccco2)C2CC2)c1,0.0004947823897563934
COc1cncc(C(=O)N[C@@H](C)CNC(=O)c2c(C)noc2N)n1,0.20360412195629976
COc1ncnc(N(C)CC(C)CNC(=O)C2(CF)CC2)c1OC,0.0012564477466004698
Cc1[nH]cnc1C(=O)N(C)CC1CN(C(=O)C2CCCN2C2CC2)C1,0.3280705519983907
Cc1[nH]cnc1C(=O)N1CCCCC(NC(=O)c2cc(C3CC3)no2)C1,0.17661386052531125
Cc1c(C(=O)NC(CNC(=O)CC2(O)CC2)C2CC2)noc1C1CC1,0.15421057706324312
Cc1cc(C2CCNCC2)ncc1C(=O)NCC1COCC(C)C1,0.0004311526533728552
Cc1cc(CC(=O)NC2CN(C(=O)Cc3ccccc3)C2)ccn1,0.00033751938544239734
Cc1cc(CN2CCOCC2CN2CCOCC2)ccc1-n1cncn1,0.0005043587341144021
Cc1cc(NC(=O)C2=C(C#N)CCC2)cc(C(N)=O)c1,0.47810398584448854
Cc1cc(F)cc2c1CN(C(=O)CS(=O)(=O)C1CCCC1)CC2,0.000494998319310091
Cc1ccc(CC(=O)NCCN(C)C(=O)c2oc(C)nc2C)cn1,0.00023546196943651418
Cc1ccc(Cl)cc1C(=O)N[C@H]1C[C@@H](NC(=O)c2cccn2C)C1,0.0010051481335910735
Cc1cccc(C(C)(C)NC(=O)Cn2c(=O)ccn(C)c2=O)c1,0.00040545259814292933
Cc1ccccc1C(=O)N1C[C@H](C)[C@H](NC(=O)C2CCCO2)C1,0.0004653193470888537
Cc1ccccc1Nc1ccnc(N2CC[C@]3(C2)C[C@@H](O)C3)n1,0.7510214239396787
Cc1cccnc1C(C)NS(=O)(=O)CC1(C)CCCC1,0.00040780262286703017
Cc1ccn2cc(C(=O)N=S3(=O)CCC(C#N)C3)nc2c1,0.0008400452512918036
Cc1cnnn1-c1ccc(NC(=O)C(C)SCC2CCCO2)cc1,0.0008217962586369421
Cc1nc(-c2cccc(C(=O)NC3CC(=O)N4CCCCC34)c2)[nH]c1C,0.0010073974184320355
Cc1nc(C(=O)N(C)C2CCCN(C(=O)c3cc(C)c(C)nn3)C2)n[nH]1,0.0003175426938045606
Cc1nc(C(=O)NCC(C)N(C)C(=O)c2coc(Cl)c2)n[nH]1,0.12879539500351272
Cc1nc(NCC2CCCC2NC(=O)C(C)O)cc2nncn12,0.0003976633794169665
Cc1nccn1CC(=O)NC1(C)CN(C(=O)Cc2ccco2)C1,0.0002530405379601548
Cc1nccnc1CN1CCN(C(=O)C2COC(C)C2)[C@@H](C)C1,0.0005191231887486875
Cc1ncnc2c1CCN(C(=O)C1Cc3ccccc3CO1)CC2,0.000440242284072392
Cc1nnc2n1CC(C(=O)N1CCC[C@@H](NC(=O)CC3CC3C)C1)C2,0.00034442223951774173
Cc1noc(C(C)N(C)CCNC(=O)C2CCC3CCCCC3C2)n1,0.5400912139615623
Cc1oc(C(=O)N(C)Cc2ccccc2Cl)cc1S(C)(=O)=O,0.0005571669839671084
Cn1cc(C(=O)OC2=NOCC2)c(-c2cccc(Cl)c2)n1,0.5295132608831081
Cn1ccc(CCC(=O)N2CCCC3(CCCNC3=O)C2)n1,0.0003590472284291978
Cn1nc2ccc(NC(=O)NCC(=O)NC3CC3)cc2c1Cl,0.00123776790726038
Cn1nccc1C(=O)N(CCO)Cc1ccc(Cl)c(Cl)c1,0.0006969199490660415
N#Cc1cccc(CS(=O)CC(=O)NC2CCS(=O)(=O)C2)c1,0.00027976219990199174
N#Cc1cnc(NCC2(O)CCOc3ccccc32)c(F)c1,0.001245945455718677
N#Cc1ncc(Cl)c(NC2Cc3ccccc3C2)n1,0.7662573328636416
NC(=O)OC1CN(S(=O)(=O)c2cc(Cl)cc(Cl)c2)C1,0.0004399089644812803
NC(CCO)C(=O)Nc1ccc(-c2ccncc2)c(Cl)c1,0.0009608218976775538
O=C(C1CCc2ccccc2O1)N1C[C@@H](NC(=O)C2(CO)CC2)CO1,0.0005298154424250173
O=C(CCc1ccc2c(c1)OCO2)N1CC2CCC(O)CC2C1,0.0007787179734572587
O=C(CO)NCCc1ccccc1N1CCCC(Cc2ncccn2)C1,0.0012112620187982304
O=C(COC(=O)CC1CC2(CC2)CO1)c1ccncc1Cl,0.0002853062129387376
O=C(COc1ccc2c(c1)CCCC2)N1CC2CCC(C2)C1,0.0007227434255860967
O=C(Cc1ccc(O)cc1)Nc1n[nH]cc1Br,0.0006619353955096852
O=C(NC(CO)CC1CCCCC1)N1CCc2cc(F)cc(F)c21,0.0017011561009526708
O=C(NC1(CO)CCN(Cc2ccccc2)C1)c1c[nH]cc1C1CC1,0.00035103189493969247
O=C(NC1CCC(c2ccc(F)cc2)C1)[C@@]12CCCN[C@@H]1COC2,0.0007171712288466203
O=C(NC1CCn2nnnc2C1)c1cnc(Cl)[nH]1,0.00017061952450805895
O=C(NCC1CCC(F)(F)CO1)c1cncc(-c2ccccn2)c1,0.0011249962267792127
O=C(O)[C@@H]1[C@@H]2CC[C@H]1N(Cc1nccn1C1CC1)C2,0.0007375916563897603
O=C(O)CC1(C(=O)O)CCN(CC2(CC3CC3)CCC2)C1,0.0006608810539667702
O=C1NCCN1Cc1cc(-c2nccc(OCC3CC3)n2)no1,0.5711754430342055
O=S1(=O)[C@@H]2CN(Cc3ccc(F)c(CO)c3)C[C@@H]2CC12C(F)(F)F,0.0
OCC1(CNCc2ccc3c(c2)COC3)COCC2COCCN21,0.00032585735693913936
C[C@]1(O)CN(C(=O)c2c[nH]nc2-c2cccc(Cl)c2)C1,0.0007700788953346726
C[C@H](C(=O)N1CCN(C)CC1CNC(=O)CC1CCOCC1)N(C)C,0.00020783199879755696
CC(=O)NC(C)CN(C)C(=O)c1ccc(-c2nn[nH]n2)c(C)n1,0.0005260988618893622
CC(=O)NC(CC(C)C)C(=O)N[C@@H](C)C1CN(C(=O)2CCC2)C1,0.0
CC(=O)NCC1(NC(=O)c2ccc3[nH]ccc3c2)CCCC1,0.0007332657769667828
CC(=O)NCc1ccccc1NC(=O)c1cc[nH]c1C1CC1,0.0005393450016049747
CC(C#N)C(=O)NC1CCC2CN(C(=O)COc3ccccc3)CC21,0.001129750528229507
CC(C(=O)N1CCC[C@H](CNC(=O)[C@@H]2[C@H]3COC[C@H]32)C1)n1cccc1,0.0005168544249114844
CC(C(=O)Nc1ccc(Cl)cc1)N1CC(C2CC2)C1C1CC1,0.5887873251135017
CC(C)(C)OC1CC(NC(=O)OC2CC3CCC2C3)C1,0.0007034469707641632
CC(C)(O)C(=O)N[C@H]1C[C@@H](CNC(=O)[C@@H]2C[C@@H]3C[C@@H]3C2)C1,0.0003430474539074695
CC(C)(O)C(=O)N[C@H]1CCN(C(=O)CSc2cnn(C)c2)C1,0.0003733513034266988
CC(C)C(N)C(=O)Nc1cccn(Cc2ccccc2)c1=O,0.0007639866301765311
CC(C)O[C@H]1C[C@@H](NC(c2cscn2)C2CC2)C1,0.0004733476991324849
CC(C)n1ccc(CCNC(=O)N[C@@H](C)c2cccc(O)c2)n1,0.0005797566979532853
CC(CC(=O)c1ccc(Cl)cc1)C(=O)N1CCC2(CCNC2)C1,0.00042085133617750285
CC(CS(C)(=O)=O)C(=O)NC(c1ccccc1)c1cnn(C)c1,0.00032685201941896555
CC(N)(C(=O)N1CCN(Cc2ccc(F)cc2Cl)CC1)C(F)(F)F,0.000569472860015264
CC(F)(F)c1cc(NC2CC3COCC3C2)nc(=O)[nH]1,0.0008746657146747196
CC(F)CCNC(=O)N1CC2CCC(NC(=O)OC(C)(C)C)C2C1,0.2543052879776233
CC1(C#N)CCN(c2nnnn2Cc2ccc(C#N)cc2Cl)C1,0.4513298350765431
CC1(C(=O)N[C@H]2C[C@H](NC(=O)C3COc4ccc(F)cc43)C2)CCC1,0.0005003515642986088
CC1(C)CC(NC(=O)c2ccccc2Cl)CCN(C(=O)C2(O)CC2)C1,0.0007476618251849117
CC1CCN(C(=O)C2CC2)C1CNC(=O)c1c[nH]c2ccccc12,0.0005590731499832711
CC1COCCN1CC1CCN(Cc2cccn2C(F)F)CC1,0.000726735008123195
CC1Oc2ccc(C(=O)OCC3(C(F)(F)F)CC3)cc2C1C,0.0005915173654391048
CCC(=O)N1CCCC1CNC(=O)c1nc(=O)[nH]c(=O)[nH]1,0.00017404297785027938
CCC(=O)c1cccc(NCc2cn(CC)nc2C(=O)O)c1,0.3743975477806105
CCC(C)C(=O)N1CC[C@@H](NC(=O)c2cccc(C)c2)C1,0.0006767544436568848
CCC(Cn1nnnc1N1CC2(CCC(=O)N2)C1)c1ccc(Cl)cc1,0.000860995533955097
CCC1(C)CC(C(=O)N2CCCC(Nc3ccnc(C)n3)C2)C1,0.0006170518324173979
CCC1(N2CCOCC2)CCN(C(=O)C2CCc3ncccc3C2)CC1,0.0007666193590909173
CCCC(=O)N1CC(NC(=O)c2c(C)ccnc2C)C(C)(C)C1,0.24746611472596314
CCCC(=O)N1CCC(C(=O)N[C@@H](C)Cn2cc(CO)nn2)CC1,0.0002605379371681754
CCN(CC)C[C@]12COC[C@H]1CN(C(=O)CCCc1ccccc1OC)C2,0.000534189124478159
CCN1CCCN(C(=O)Cc2ccccc2OC(F)F)CC1,0.00046505512571949777
CCNC(=O)CN1CC[C@@H](NC(=O)C(C)(C)CNC(=O)OC)C1,0.00034192618278274954
CCOC(=O)[C@@H]1CSCN1S(=O)(=O)c1c(C)oc(C)c1C,0.00044877484299901547
CCOC(=O)C(NS(=O)(=O)c1c[nH]nc1C1CCC1)C1CCC1,0.00035564115515547025
CCOC1C(C)C1C(=O)NC1(CNC(=O)c2ccc(C)[nH]c2=O)CC1,0.0005205709855436038
CCOCC(=O)N1CC(O)(C(C)NC(=O)c2cccc(OCC)n2)C1,0.12401969371937069
CCOCC(=O)N1CCN(c2nccc(C)c2C#N)C(CCO)C1,0.41704612011895376
CCOc1ccccc1COC(=O)c1coc(CC)n1,0.0005856520877897702
CCc1[nH]ccc1C(=O)NCC1CC(NC(=O)c2cnn(C)c2C)C1,0.15247167653887012
CCc1c[nH]c(C(=O)NCC(O)CNC(=O)[C@H]2C[C@@H]2c2ccccc2)c1,0.0006687557657550961
CCc1conc1C(=O)N(C)C(C)C1CCOCC1,0.000618275798015876
CCc1nc(C)c(C(NC(=O)Cc2cn(C)cn2)C2CC2)s1,0.0005212838945790173
CN(C)C(=O)C1CCCN(C(=O)c2c[nH]c3cccc(F)c23)C1,0.40905282021447587
CN(C)C(=O)c1cc(NC(Cc2ccccc2)C2CC2)ccn1,0.0010435204808089864
CN(C)C(=O)c1cc(NS(=O)(=O)c2ccns2)ccc1Cl,0.0009332634663035299
CN(C)CCc1cn(CC2CCCN2C(=O)[C@H]2CNC(=O)N2)nn1,0.00017735965146547912
CN(C)c1ccc(NC(=O)C(N)CCS(N)(=O)=O)cn1,0.3166672828419949
CN(CC(F)F)C(=O)Nc1nccn(Cc2ccc(Cl)cc2)c1=O,0.000607954815652377
CN(CCN(C)C1CCCCC1)C(=O)c1cc(C#N)cn1C,0.001094462003877079
CN(CCNC(=O)C1(O)COC1)C(=O)c1ccc(Cl)s1,0.13309500271947752
CN(Cc1cccc(=O)[nH]1)C(=O)c1scc2c1OC(C)(C)C2,0.0006907680452788845
CN1CCC(N2CCCCC2CNC(=O)C(F)C(F)(F)F)C1=O,0.15800413950022849
CN1CCN(C(=O)[C@@H]2CCCN2C)CC1CNC(=O)Cc1cncn1C,0.00028051068638445376
CN1CCOc2ccc(NC(=O)NC3CC(C)(C)NC(C)(C)C3)cc21,0.0013740246507478098
CNC(=O)C1CC(n2cc(C3CCCCN3C(=O)COC)nn2)C1,0.17805921472530223
CNC(=O)c1cc(NC(=O)C2CCc3ncncc3C2)nn1C,0.0006396704057878285
CNS(=O)(=O)c1cc(C)cc(C(=O)N(C)Cc2ncc(C)n2C)c1,0.0005790848673528493
CNc1ccc(C(=O)OCc2ncc(C(=O)OC)n2C)nc1,0.4978222202855397
CO[C@@H]1CCO[C@H]2CN(C(=O)Cc3c(F)cccc3Cl)C[C@@H]12,0.0005562479429847548
CO[C@@H]1CS(=O)(=O)[C@@H]2CN(C(=O)c3ccnc4[nH]c(C)nc34)C[C@H]12,0.00047263422482524955
COC(=O)[C@@H](N)[C@@H]@H](C)NC(=O)C12CCC(CC1(F)F)C2,0.0
COC(=O)CC1CCCN1S(=O)(=O)c1ccc(OCC(N)=O)cc1,0.0002694430704506314
COC(=O)N(C)CC(=O)N1CC([C@@H](C)NC(=O)c2ccncc2F)C1,0.19444500036235923
COC(C)CN(C)C(=O)NC1CCCc2[nH]c(=O)c(C(N)=O)cc21,0.00024034255592159237
COCC(=O)NC(C(=O)N(C)C1CCCSC1)c1ccccc1,0.00024636004222170816
COCC(=O)NC(C)c1cn([C@H](C)c2ccncc2)nn1,0.0003732924826010821
COCCC1(C(=O)O)CCN(C(=O)Cn2cc(C)cn2)C1,0.00038053752553088776
COCc1nc(NC(=O)C[C@H]2C[C@H](NC(C)=O)C2(C)C)no1,0.000535238909821717
COCc1nsc(N2CC(N(C)C3COC3)C2)n1,0.0006146217677628959
COc1c(C)ncnc1N1C2CCC1(CNC(=O)C1CCOC1C)CC2,0.41986874195293844
COc1cc(C(=O)NC2CCN(CC3CC3)C2)ccc1Cl,0.0007087258336896855
COc1cc(CNC(=O)Cc2ccc(CN)cc2)ccc1C#N,0.00056105598019011
COc1cccc(CN(C)Cc2ccc3c(c2)OCO3)c1C,0.0008042750442182884
COc1cccnc1CC(=O)N1CCC2(CC1)CNC(=O)N2,0.00021622965558752745
COc1ccnc(N2CCCCC2CNC(=O)C2(F)CCC2)n1,0.24298332611758555
CS(=O)(=O)CC1(CNC(=O)C2(F)CCNC2)CCC1,0.00024905200736055323
CSC1(C(=O)N2CC(CNC(=O)c3occc3C(C)C)C2)CC1,0.0006885609381090169
Cc1[nH]ncc1C(C)NCc1cnc(Cl)s1,0.2148582274537752
Cc1cc(C(=O)N(C)C[C@H]2CCCN2C(=O)c2cocc2C)c[nH]1,0.21124512582590962
Cc1cc(C(=O)N(C)C(C)CCNC(=O)CC23CCC(CC2)C3)ncn1,0.001101037166036595
Cc1cc(C(=O)N2CCC(c3[nH]nc4c3CNCC4)CC2)[nH]n1,0.15966637809985632
Cc1cc(C(=O)N2CCC3(CC(NC(=O)C4CC4C(C)O)C3)C2)co1,0.000602196784220062
Cc1cc(C)c(CC(=O)NC(C)(CO)c2ccc(F)cc2)c(=O)[nH]1,0.0003913123837098893
Cc1cc(N)n(CC(=O)N2CCC(NC(=O)C3(N(C)C)CC3)C(F)C2)n1,0.11601671916004226
Cc1cc(S(C)(=O)=O)cc(C(=O)NCC(C)Nc2nccnc2F)c1C,0.0010370907955770574
Cc1cc(Cl)cc(C)c1CC(=O)N1CCCCC(N)C1,0.0007018946348349991
Cc1ccc(C(=O)NC(C)C2(O)CN(c3ncnc(N)n3)C2)cc1Cl,0.000468605876431139
Cc1ccc(C(=O)NC2(C)CCCN(C(=O)c3ncn(C)n3)C2)nc1C,0.1690711809111068
Cc1ccc(F)cc1NC(=O)CCN1C(=O)CCc2ccccc21,0.632750936684814
Cc1ccc(S(=O)(=O)N(CC2CCCO2)c2ncccn2)nc1,0.0006308848128917546
Cc1ccc2c(c1)CCN(C(=O)N1CCOc3ccccc3C1)C2,0.0007560888747421897
Cc1ccccc1CC(=O)N1CCS(=O)(=O)CC12CCC2,0.0004957133873163451
Cc1cnc(C(=O)N2CCC(Nc3cc(O)ncn3)C(C)C2)cn1,0.0010370872907343885
Cc1cocc1C(=O)N1CCCC2(CN(C(=O)Cn3nccn3)C2)C1,0.0010170501238833194
Cc1csc(C2(NCC(O)c3cccnc3)CCC2)n1,0.0004955757814253987
Cc1n[nH]c(CC(=O)N2CCC[C@@H]2CNc2ccc(C#N)c(C#N)n2)n1,0.00046760530942464
Cc1n[nH]c(CC(=O)N2CCC[C@H]2CNC(=O)C2(O)CC2)n1,0.00017829742720342796
Cc1nc(C(=O)N2CCC(C)C(NC(=O)C(F)C(C)C)C2C)c(C)o1,0.0005737790233701772
Cc1nc(C)c(CC(=O)N2CCC(O)C(F)C2)s1,0.0004710441542857587
Cc1nn([C@@H]2C[C@@H](C(=O)O)N[C@H]2C)cc1-c1ccc2c(c1)OCCO2,0.0009448524993736452
Cc1nnc(C(=O)N2CC3CCCC(C2)N3C(=O)CC2CC2)s1,0.28612639000917456
Cc1nnc(N(C)C(C)CNC(=O)Cc2cccnc2C)o1,0.0002881722706334334
Cn1ncc(CCC(=O)N[C@H]2C[C@H](NC(=O)C34CCC(CO3)C4)C2)c1N,0.00034192138809183435
Cn1nccc1-c1nnc(NCC2CC3(CCC3)C2)s1,0.0014235294591622878
N#CCCN(Cc1cccc2c1CCOC2)C1CCNC1,0.001000946760977137
N[C@H]1CC(F)(F)C[C@@H]1C(=O)NCCc1ncoc1C(F)(F)F,0.0005607474046905426
Nc1cc(O)nc(C(=O)N2CC(CNC(=O)c3ccnnc3)C2)c1,0.0004284210473604192
O=C([C@H]1CC[C@@H](C(F)(F)F)O1)N1[C@H]2CC[C@@H]1C[C@@H](F)C2,0.22756894113829176
O=C(C1=CS(=O)(=O)CCC1)N1CCCCc2sccc21,0.0009740077413245486
O=C(CC1OCCO1)N[C@H]1C[C@H](NC(=O)C2(F)CCOCC2)C1,0.00023482271498105362
O=C(CCCc1ccccn1)N1CC[C@H](Nc2ccncn2)C1,0.0014441051237523103
O=C(COc1ccon1)Nc1cccc(N2C(=O)CCS2(=O)=O)c1,0.30118646016533757
O=C(Cn1cc(CN2CCOC[C@H]2C(=O)O)nn1)NCC1CCC1,0.00033221216718965554
O=C(N[C@H]1CCN(C(=O)C2CC23CC3)C1)c1ccc(O)c(C(F)(F)F)c1,0.0004886553128099861
O=C(NC12CCN(CC1)CC2)C1CCCN(C(=O)c2ccccc2)C1,0.3130966247574965
O=C(NC1CCC1N1CCOCC1)c1cncc2c1CCC2,0.0005606924815431633
O=C(NCC1CCCN1C(=O)c1cccc(F)c1F)C(F)C1CCC1,0.3242334116152946
O=C(NCCC(=O)N(C1CCCC1)C1CC1)c1ccc2[nH]nnc2c1,0.5837671275610504
O=C(NCCc1c[nH]c2cnncc12)C1CCOCC12CCC2,0.0014815608896214
O=C(O)C(F)(F)[C@@H]1CCN(C(=O)c2cccc(=O)[nH]2)C1,0.23004820841674534
O=C1CCC2(CC1)CCN(CC(O)CCC(O)c1ccccc1)C2,0.0004200118977357246
O=C1NC[C@@H](C(=O)NC23CCCC2N(C(=O)c2cncc(O)c2)CC3)N1,0.0002491416888083286
c1cnn2nc(N3CCC(C4OCCO4)CC3)cc2c1,0.0005726489732557238
C[C@@H]1[C@H](O)CCCN1C(=O)Nc1ccncc1N1CCOCC1,0.0007561967084682601
C[C@H]1CN(C(=O)c2cnc3cccnn23)C[C@H]1NC(=O)C1CC12CC2,0.21440704921705214
CC(=O)N[C@H]1CC[C@H](NC(=O)c2c(F)cccc2F)CC1,0.0005351253256854889
CC(=O)N1CCCC2(C1)CN(C(=O)C(C)(C)c1ccccc1)C2,0.0004679761573209778
CC(=O)NC1CC2(C1)CN(C(=O)CCc1nc(=O)[nH][nH]1)C2,0.0002621718032591652
CC(C)(C(=O)O)c1ccc(NC(=O)c2cncnc2)cc1,0.38715005422381626
CC(C)(C)OC(=O)NC(C)(CNc1cc(C#N)ccn1)C1CC1,0.8544041959510995
CC(C)(NC(=O)NCCC12CCC(CC1)C2)c1cn(CCO)nn1,0.0009158570712402956
CC(C)(O)CC(=O)NC1(CNC(=O)c2cncc(Cl)c2O)CC1,0.00034191963925823537
CC(C)C(=O)N[C@H](C)C1CN(C(=O)c2ccc(F)c(O)c2F)C1,0.0005780923888222924
CC(C)OCCC(=O)N1CCCCC1CNc1n[nH]c(=O)s1,0.0004085944425991602
CC(Cc1ccc(Br)cc1)N[C@@H]1CCO[C@@H]1C(N)=O,0.0005195083488354404
CC(Cc1cccc(F)c1)C(=O)N(C)CC1CN(C)C1,0.00032092612394200664
CC(NCc1ccc(CO)o1)c1n[nH]c(C2CCC2)n1,0.00027901125815848744
CC(Oc1ccccc1C#N)C(=O)N(C)c1cccc(C(=O)O)c1,0.3740162427692276
CC(F)CCN1CCC(NC(=O)c2cccc(-c3ccoc3)c2)C1,0.0008641358527936728
CC1(C)C(CC(=O)NC2CCN(C(=O)c3ccc[nH]3)C2)CC1CC(=O)O,0.0004251436561197341
CC1(NC(=O)c2ccc3c(n2)OCCO3)CN(c2cc(O)ncn2)C1,0.0003608713133894213
CC1CN(C(=O)c2cscn2)CCN1C(=O)c1cccn(C)c1=O,0.12320913797472317
CCC(=O)NC1CC(NC(=O)Cc2ccsc2)C12CCC2,0.00039143440406354756
CCC(C)(O)C(=O)NC[C@@H](C)NC(=O)C1CC(C)(F)C1,0.00039089401992150913
CCC(C)C(O)CNC(=O)NC(C)c1cnn(-c2ccccc2)c1Cl,0.0009059594312979581
CCC(CNC(=O)C1CCC1(C)C)NC(=O)C1Cc2ccccc2C1,0.0003671993404969697
CCC(O)C(C)C(=O)N1CCC1CNC(=O)C1CCCOC1C,0.00034593280078801545
CCC1CC1C(=O)N1CCC(CNC(=O)c2ccnc3ccnn23)C1,0.35114072728188434
CCCC(=O)N1CC(CNC(=O)CN(C)C(=O)OC)Cc2ccccc21,0.0009755669360017422
CCCC(=O)N1CCC(O)(CNC(=O)CCCC2CC2)CC1,0.0005338998423891598
CCCC1(C(=O)N[C@H]2CCCCN(C(=O)c3cc(C#N)[nH]c3C)C2)CC1,0.8409755757556691
CCCC1CCN(C(=O)c2c[nH]nc2-c2ccc(C#N)cc2)C1,0.0018674698137259914
CCCN1C(=O)CCc2ccc(NC(=O)NCC3CSC3)cc21,0.001741868621943985
CCCc1nc(C(NC(=O)C2CC2(C)c2ccccc2)C(C)C)no1,0.00025837467253446065
CCCn1ccc(C(=O)NC2CN(C(=O)CCc3ccsc3)C2)n1,0.00040995685958934534
CCN(C)C(=O)CN1CCC(CNC(=O)c2cc(C(N)=O)c[nH]2)C1,0.07558536839937022
CCN(C)CC(=O)N1CCC[C@H](Nc2ncnc3c2nnn3CC)C1,0.0005337081796273821
CCNC(=O)[C@@H]1CCC[C@H](NCc2ccc3cc(C)ccc3n2)C1,0.0004723740229296329
CCOC(=O)[C@@H]1[C@H]2CC(NCc3ncc(C4OCCO4)s3)C[C@H]21,0.0007686209096545856
CCOC(=O)CC(C)(C)CCOC(=O)CCC1OCCO1,0.0005309220984868653
CCOC(=O)c1n[nH]c(CN2CCC(C3CCCCC3)C2)n1,0.0006296817296237638
CCOC(C(=O)NC(C)C1CN(C(=O)c2ccncn2)C1)C1CC1,0.00040535485472729976
CCS(=O)(=O)Nc1ccc(NC(=O)c2cncc(C3CC3)c2)cc1,0.0004238269421693098
CCc1[nH]c(C)nc1C(=O)N1CCCC[C@H]1CNC(=O)C1(C)CCC1,0.0009846669589659207
CCc1cnc(C(=O)NC(CC)CNC(=O)CC(C)CC(C)=O)s1,0.0003750189054483917
CCc1nc(C(=O)NC(C)CN(C)c2cc(C(C)C)nc(CC)n2)co1,0.0008439624741059178
CCn1nc(C)c(-c2noc(C3(N(C)C)CCCC3)n2)c1C,0.0014403974641901795
CCn1ncnn1,0.00022361701652113113
CN(C)CC(O)CC(=O)NC1CCN(C(=O)c2ccc(=O)[nH]c2)C1,0.0819775706414721
CN(CC(C)(C)CNC1CCNC1=O)C(=O)c1ccccc1,0.0003460127891598244
CN(CC1CCCN1C(=O)C1(C)CNC(=O)C1)C(=O)C1(F)CC1,0.1485147432509441
CN(CCNC(=O)C(F)(F)C1CCOCC1)c1nncs1,0.0003675082771638725
CN(Cc1cccc(CNC(=O)c2ccccn2)c1)C(=O)C1(C)CC1F,0.00054381639211977
CN1CC(CC(=O)N[C@@H]2CCN(C(=O)c3ccc(=O)[nH]n3)C2)C1,0.10040903723942039
CN1CCC(N2CCCC(O)(c3ccc(Cl)cc3)C2)C1=O,0.00045094197017033356
CN1CCNC(=O)C12CCN(C(=O)c1cccc(C(=O)O)c1)CC2,0.1367484037455903
CNC(=O)CCC(=O)N1C[C@@H]2CN(C[C@H](O)COC)C[C@@H]2C1,0.0001557833115816593
CNC(=O)Cn1cc(NC(=O)C2CCNC3(CC3)C2)cn1,0.1779736620753451
CNC(=O)N1CCC(C(C)NC(=O)c2ccc(C(C)(C)C)nc2)CC1,0.17417361413391258
CNC(=O)c1cnc(N2Cc3c(c(C(=O)O)nn3C)C2)nc1,0.0006956148765038066
CNCc1ccc(NC(=O)c2cc(C3CC3)nn2C)cc1,0.0015042524948436047
CO[C@@H]1CCC[C@H]1NCC(O)Cc1cccc(Cl)c1,0.00038717573600623563
CO[C@@H]1CN(C2CCOCC2)C[C@H]1NCC(O)COc1ccccc1,0.0003556996705843581
CO[C@H](C)C(=O)N1CCCC1C1(NC(=O)CCc2cc(C)on2)CC1,0.00036161673514645574
COC(=O)C1CC(N2CCCC2CC2CCOCC2)CO1,0.0005373528348628614
COC(=O)CCC(C)NC(=O)NCc1sccc1Br,0.0006186979972722941
COC(C(=O)N1CC2C(CNC(=O)CC(C)C)C2C1)c1ccccc1,0.0003248399074527235
COC(C)(C(=O)N1CC(O)(CNc2nnco2)C1)C1CC1,0.0005839675292191444
COC(C)CCC(=O)NC(C)CNC(=O)c1ccc2n[nH]c(=O)n2c1,0.00026460686140906264
COC(CNC(=O)N1CC(C(=O)O)OCC1c1ccccc1)C1CC1,0.00045480587933182585
COC1(C(=O)N2CCN(C(=O)c3n[nH]c(C)c3C)[C@@H](C)C2)CCCC1,0.25893818897952464
COC1(C)CN(CC(=O)O[C@@H]2CCOC[C@@H]2C(F)(F)F)C1,0.00038069108871172146
COCC(=O)C(C#N)c1ncc(C2(OC)CC2)cc1C,0.0010129031699221591
COCC(O)(CNC(=O)c1cc(F)cc(Br)c1)COC,0.00044099949028260485
COCc1ccc(C(=O)N2CCC2CNC(=O)C2(C#N)CCC2)cc1,0.0012303718738630681
COCc1cccc(-n2nnnc2NC(=O)CNC(=O)NC2CC2)c1,0.0004884543671728885
COc1c(C(=O)OC(C)CC2CCCO2)ccnc1C(F)F,0.000584214011033674
COc1ccc([C@@H]2CCNC(=O)C[C@H]2C(=O)O)cc1Br,0.00041141521705638176
COc1ccc(C(=O)N2CCN(C(C)c3ncc[nH]3)CC2)cc1,0.00045780059474722425
COc1ccc(OCNC(=O)N2CCNS(=O)(=O)C(C)C2)cc1F,0.00047348811109841887
COc1cccc(-c2cc(C(=O)NC(C)C(=O)N(C)C)on2)c1,0.0007091085097982242
COc1cccc(CN(C)C(=O)C2CCOC3(CCCCC3)C2)n1,0.00045380073785255653
COc1cncc(C(=O)NC[C@H]2C[C@@H](NC(=O)c3cccc(C)c3)C2)n1,0.3055481354010898
CSC(C)(C)C(=O)NC(C)CC1CN(C(=O)CCC(C)=O)C1,0.00046720534553708137
Cc1[nH]nc2cccc(C(=O)N[C@@H](C)CCNC(=O)C(C)O)c12,0.0006048672262205626
Cc1c(Cl)cccc1C(=O)NC(CNC(C)=O)CC(C)C,0.0004794304531460255
Cc1cc(C(=O)OCc2noc(C(C)C)n2)c(C)n1C1CC1,0.2153002261509174
Cc1cc(CCNC(=O)Nc2cccc(OC3CC3)c2)nn1C,0.0017338460694406729
Cc1cc(COC(=O)c2ccc(OC(F)F)c(F)c2)no1,0.0006668937631264607
Cc1ccc(CNC(=O)COc2ccc(F)cc2Cl)c(=O)n1C,0.000518946206175869
Cc1cccc(CCNC(=O)Nc2cn(C)nc2OCC(F)(F)F)n1,0.0011668072684106914
Cc1cccc2c(=O)n(CCNC(=O)[C@H]3C[C@@H]4CC[C@H](C3)O4)cnc12,0.0007703848511659535
Cc1ccccc1CC1CN(C(=O)[C@@H]2C[C@@H]2c2nc[nH]n2)C1,0.0005591662116312053
Cc1ccncc1C(=O)N[C@H]1CCCCN(C(=O)c2coc(C)n2)C1,0.23016999157152138
Cc1cnc(NCC(C2CC2)N(C)C(=O)c2ccn(C(F)F)n2)nc1,0.0012134993749418985
Cc1coc(C)c1C(=O)NC1CC2CN(C(=O)[C@H](C)O)CC2C1,0.0003550338233864512
Cc1cocc1C(=O)N[C@H]1C[C@H](NC(=O)c2coc3c2COC3)C1,0.286296187189996
Cc1nc2n(c1CNC(=O)CNS(=O)(=O)c1ccccc1F)CCC2,0.00031719670719152756
Cc1ncc(C(=O)N[C@H]2[C@@H]3CN(C(=O)c4scnc4C)C[C@@H]32)n1C,0.17487494910102683
Cc1nccc(N2CCCC3(CCN(C(=O)C4CCC(C)O4)C3)C2)n1,0.0010574708279107508
Cc1ncnc(C#N)c1C(=O)Oc1cc(C(N)=O)ccc1C,0.0006510998782017205
Cc1ncnc(N2CC(CN(C)C(=O)c3ccncc3F)C2)c1C#N,0.5341195404692182
Cc1ncncc1C(=O)NC1(C2CCN(CC3CCC(C)O3)CC2)CC1,0.0006292334680297822
Cc1nn(C)c(C)c1CC(C)C(=O)N[C@@H]1CN(C(=O)CN(C)C)C[C@@H]1C,0.00025983240564663514
Cc1noc(C)c1CCNC(=O)c1cc(S(N)(=O)=O)ccc1F,0.00031106304039607926
Cc1nocc1CC(=O)NCC(NC(=O)Cn1cnnn1)C1CC1,0.06900456556893601
Cc1nsc(C)c1C(=O)N(C)CCN(C)C(=O)C(C)C(F)(F)F,0.0007101414483692372
Cn1cc(C(=O)N2CCN(Cc3csc(C(C)(C)C)n3)CC2)cn1,0.0006912659828087756
Cn1ccc(CC(=O)N2CC3(CCN(CCn4cccn4)CC3)C2)n1,0.43618184579685004
Cn1nc(NC(=O)c2cnc(COCC(F)F)s2)cc1F,0.0010327203346894766
N#CCCN(C(=O)c1cncc(=O)[nH]1)C1CCOCC1,0.2772594899912197
N#CCOc1ccc(CC(=O)NC2CCCN(c3ncccn3)C2)cc1,0.0012083976450851474
NC[C@H]1C[C@@H](NCc2cnn(-c3cccc(Cl)c3)c2)C1,0.00041886928651261874
Nc1cncc(C(=O)N2CCCC(NC(=O)c3ncccc3F)C2)n1,0.26789376755288474
Nc1ncc(C(=O)N2CCC(NC(=O)c3conc3C3CCC3)C2)o1,0.1508223617175701
O=C([C@@H]1CCNC[C@@H]1c1ccccc1)N1CCCC(n2cccn2)C1,0.0008223231370990536
O=C(COCC1CCCNC1)NCCc1ccc(O)c(CO)c1,0.0003230307990714732
O=C(Cc1ccncc1Cl)N1CCCC(c2cn(C3CC3)nn2)C1,0.0012951028996313224
O=C(NC[C@H]1CCCN1C(=O)C1CSC1)c1ncccc1O,0.00022961906950816268
O=C(NCC(O)CNC(=O)c1csc(C2CC2)n1)C1=C(Cl)CC1,0.00025652178904199093
O=C(NCC(O)Cc1cccc(F)c1)c1ccccc1O,0.0005614282021395355
O=C(O)C1CCN1C(=O)NCc1cncc(C(F)F)c1,0.00038301376867855367
O=C(c1ccc(CO)cc1)N1CCCN(c2ccccc2)S1(=O)=O,0.0007720476503324369
O=C1CCC(C(=O)N2CCC3(CCCN(C(=O)c4cocn4)C3)C2)C1,0.15599349776884677
O=C1COC(C(=O)NC[C@H]2CCCN2C(=O)c2cnn(CC3CC3)c2)C1,0.000308928026471946
O=C1CS(=O)(=O)N2CCN(C(=O)Nc3cc4ccccn4n3)CC12,0.27888804945852924
O=C1NCc2cc(C(=O)N3C[C@@H]4CCC[C@@H]4[C@H]3CO)ccc21,0.00043493782963059603
O=S(=O)(N1CCCCC1)N1CCC(O)(c2ccn[nH]2)C1,0.00021879325792386074
O=S(=O)(NCC1(F)CCCCC1)N(Cc1cccnc1)C1CC1,0.00040467514998431073
OC[C@@H]1CN(Cc2ncc(C3CC3)o2)[C@H]2CCCC[C@@H]2N1,0.0011250824368579495
Fc1c(Br)cnn1Cc1ccccc1,0.0005954646735878835
C[C@@H]1C[C@H]1C(=O)NC1CCN(C(=O)c2cc(F)c[nH]2)CC12CCC2,0.0006193085841369012
C[C@H](O)C(=O)N1CC(NC(=O)Cc2ccccc2F)Cc2ccccc21,0.0009010459335417211
CC(=O)CCc1cn(CCCN(C(=O)CCCC2CC2)C2CC2)nn1,0.3363869116960007
CC(=O)NC1CC(NC(=O)c2csc3ccccc23)C12CCC2,0.0006004977457202107
CC(=O)Nc1ccc(C)c(S(=O)(=O)NCC2CC(=O)N(C)C2)c1,0.00042283658543701874
CC(C(=O)N1CC2(CCCC2)C2CCC(F)(F)C2)N1C)C1CCOC1,0.0
CC(C)(C)OC(=O)CC(C#N)C(=O)N1CCC2(CCC2O)CC1,0.0006890283333315028
CC(C)(O)[C@H]1CCCN1C(=O)c1cccc(-c2ncn[nH]2)c1,0.0009441967218276079
CC(C)C(=O)N1CCC[C@]1(C)CNC(=O)c1cccc(=O)[nH]1,0.18042803135894545
CC(C)C(=O)N1CCc2cc(C(=O)N3C[C@@H](O)[C@@H](O)C34CCC3)ccc21,0.0
CC(C)C(CO)C(=O)N1CCN(C(=O)c2coc(Cl)c2)C[C@@H]1C,0.0005036130007381403
CC(C)Cc1ccc(C(=O)N(C)CCNC(=O)C2CCC2F)cc1,0.0004918967423991561
CC(C)N1CCO[C@@H](CNC(=O)c2ccc3c(n2)OCCO3)C1,0.0003256458527479496
CC(C)n1nnnc1CN1CCN(C(=O)c2ocnc2C2CC2)[C@@H](C)C1,0.00030104377434905815
CC(CN(C)C(=O)C1(C(F)F)CCCO1)NC(=O)c1cnco1,0.00034611765286709535
CC(CNC(=O)CC1(CO)CCC1)Nc1ccc(C#N)cn1,0.5397539142682815
CC(CNC(=O)c1ccc(CN2CCN(C)CC2)s1)C1CC1,0.00032144745636741655
CC(CNC(=O)c1ccc(F)cc1)N(C)C(=O)c1ccn(C(C)C)n1,0.0008921909197396691
CC(NC(=O)c1cnns1)C1CCN(C(=O)CCc2c[nH]cn2)C1,0.0006231734997197665
CC1(C(=O)N2CCN(C(=O)c3ccc4c(c3)CCN4)CC2)COC1,0.0010052364027603414
CC1(NC(=O)CCF)CCN(C(=O)C2C(F)(F)C23CCC3)CC1,0.20425197398304237
CC1(NC(=O)Cc2cc(F)ccc2F)CN(C(=O)c2cnsc2)C1,0.0004588310193558338
CC1(NC(=O)c2cc(F)ccc2F)CN(C(=O)CCC(F)F)C1,0.25978984486814327
CC1=NOC(C)(C(=O)OCC(=O)c2ccc(F)cc2F)C1,0.20581586121176262
CC1CC(C)(C(=O)N[C@H]2C[C@@H](CNC(=O)C3CCS3(=O)=O)C2)C1,0.1675698688631823
CC1CC1C(=O)N1C2CCC1CN(Cc1ccccc1C#N)C2,0.001497783886750938
CC1CCN(C(=O)C(F)(F)CO)CC1CNC(=O)C1NC(=O)CC1C,0.2055574796945585
CC1CCN(c2nnnn2CC2CCOC2)c2ccccc21,0.0012018383608189702
CC1CN(C(=O)c2cc(Oc3ccccc3)ccn2)CC(=O)N1,0.0009446352560160857
CCC(=O)N1CCC2(CC1)OCCC2NC(=O)c1ccon1,0.15268608236385675
CCC(CN1C2CCC1CN(C(=O)C1CN(C)CCO1)CC2)OC,0.00031247649370215783
CCCC(C)(C)C(=O)N1CC(CN(C)C(=O)c2coc3c2COC3)C1,0.00042639907423573995
CCCC(C)C(=O)N1CCCCC2(CCN(C(=O)c3ncc[nH]3)C2)C1,0.0014597712694186023
CCCC(C)NC(=O)N1CC(CO)OC2(CCOCC2)C1,0.00030231024141636316
CCCC(OC)C(=O)NCC1C2CCCC1N(C(=O)C1CC(=O)C1)C2,0.1198038208387534
CCCN1CCCCC1CNC1CC(CC(=O)OC)C1,0.0005714795619727293
CCCn1ccnc1CCCN(C)CC1(S(C)(=O)=O)CC1,0.0007055597522563912
CCN(C)c1ccccc1CNC(=O)NCC(CC1CC1)C(=O)OC,0.0006202057530583089
CCOC(=O)[C@H]1[C@H]2CN(c3nccc4cc(F)c(F)cc34)CC[C@H]21,0.0005279589904166269
CCOC(=O)c1nc(N2CCC(SC)C2)nc2[nH]ccc12,0.000911087400881968
CCOc1ccccc1C(=O)NCC1(C)CN(CCCO)CCO1,0.00040958494221949893
CCS(=O)(=O)N(C)CCNC(=O)CC1Oc2ccccc2NC1=O,0.00036397274920864527
CCc1cc(C(=O)NC2COC3(C2)CN(C(=O)CC#N)C3)cc(=O)[nH]1,0.15851134455346594
CCc1cc(CNS(=O)(=O)c2sccc2OC)[nH]n1,0.0005143335270807357
CCc1ccc(C(=O)N2CC[C@H](Nc3nc(C(F)(F)F)ns3)C2)[nH]1,0.0009862770831075896
CN(C)CC1(C(=O)N2C[C@H]3[C@H](NC(=O)c4cccnc4)[C@H]3C2)CC1,0.0006295808092278937
CN(C)CCn1cc(C(=O)OCc2cccc(C(=O)NC3CC3)c2)cn1,0.00038365546986453346
CN(c1nc2cccnc2s1)C1CC2CCC(C1)N2C(=O)CO,0.0005562687583943185
CNC(=O)c1cc(C)nc(NC2CN(C(=O)C3CSC3)C2)n1,0.0007153763344015725
COC(=O)[C@@H]1C[C@@H]1CNC(=O)CCc1ncc(-c2ccco2)o1,0.0014643845603393134
COC(=O)C(CCC1OCCO1)NC(=O)C(CC(C)C)n1cccc1,0.0008355973306465453
COC(=O)c1ccc(NC2CC3(C2)CN(C(=O)c2ncccn2)C3)nc1,0.00047580957623386607
COC(=O)c1cccc(NC(=O)NC(C)C(OC)C(F)(F)F)c1C,0.001200739811104178
COC1(C(=O)N2CCCN(c3cccc4nccn34)CC2)CCC1,0.6947771600177804
COC1(C(=O)NCC(C)Cn2cccn2)CCSC1,0.0005175123101651679
COC1(C(=O)NCC2CCN(C(=O)c3ccc(O)cc3)C23CC3)CCC1,0.2549112015183625
COC1(C(=O)NCc2ccc(C(N)=O)o2)CCSC1,0.00028451041182769334
COC1(COC(=O)c2ccnn2-c2ccccc2)CCOC1,0.0005547332746525494
COCC(C)C(=O)NCCN(C)C(=O)c1cnn(CCO)c1N,0.0005563378384106669
COCc1cc(C(=O)NC2CCN(c3ccncn3)C23CCC3)no1,0.00030237985297350766
COCc1ccc(C(=O)NC[C@H]2CCCN2C(=O)C2OCC2(C)C)[nH]1,0.00047149693635092254
COc1cc(C(=O)NC(C)CCNc2nnco2)cc(OC)c1OC,0.0004914572314977533
COc1cc(CCN(C)C(=O)N[C@@H](C)[C@H]2CCC[C@H]2O)ccc1O,0.000720806198471465
COc1cc(F)c(CN2CC[C@@H](O)[C@H]2c2cccc(C)c2)cc1F,0.000733060435106231
COc1ccc(-c2cc(C(=O)NC3CCN(CC(C)(C)O)CC3)no2)cc1,0.3098815300818648
COc1ccc(-c2ncc(C(=O)N3CCC3(C)C)cn2)cc1,0.001695234053093459
COc1ccc(C)nc1NC(=O)c1coc(OC)n1,0.0007497777129651454
COc1ccc(CNC(=O)c2cccn(C(C)(C)C)c2=O)cc1Cl,0.0006679168990364893
COc1cccc(C(OC)C(=O)NC(CO)C2CCCOC2)c1,0.00033178937784371896
COc1cccc(CNCC(C)(O)c2cc(C)oc2C)n1,0.0004396815286686763
COc1ccccc1C(O)CN(C)c1ccc(Br)cn1,0.0008268644039914542
COc1ccccc1C1(C(=O)N(C)CCC#N)CCCC1,0.0014389684399619457
CS(=O)(=O)CCNC(=O)N1CCOC(c2ccccc2F)C1,0.0003566167669059569
Cc1c[nH]nc1C(=O)NC1CC2CCCC(C1)N2C(=O)C(C)C1CC1,0.0015291397218551977
Cc1c(C(=O)N(C)C2CN3CCC2CC3)c(Cl)nn1C,0.0004355629038309846
Cc1c(C(=O)N(C)CCNC(=O)CC2CC2C)c2ccccc2n1C,0.0007054774776928355
Cc1cc(C(=O)N[C@H](C(N)=O)C(C)C)c2ccc(Cl)cc2n1,0.0005793538276520211
Cc1cc(C(=O)N2CCCN(c3nccc(C#N)n3)CC2)co1,0.0012836330300534159
Cc1cc(C(=O)NC(C)CC(C)NC(=O)CC(O)C(C)C)oc1C,0.000453104139095343
Cc1cc(C(=O)NCCN(C(=O)CCOC2CC2)C2CC2)cn1C,0.000776434894875068
Cc1cc(C)c(C(=O)N2CCC[C@H]2CNC(=O)C2(C)CCC(=O)NC2)[nH]1,0.0004891597698276314
Cc1cc(C)c2cnn(CCC(=O)OC3COC4(CCOC4)C3)c2c1,0.0005203226314947489
Cc1cc(NC(=O)NC(C2CC2)C(F)(F)F)cc(C)c1C(C)N,0.0007315559196523389
Cc1cc(NCC2CN(C(=O)c3nnc(C)s3)C2)ncn1,0.000625373299574729
Cc1ccc(C)c(SCCC(=O)N(CC(=O)O)CC(=O)O)c1,0.00041442175500505847
Cc1ccc(N(CCNC(=O)CC(C)(O)C2CC2)CC2CC2)cc1C,0.0008896000780069823
Cc1ccccc1CCCN(C1CC1)S(=O)(=O)[C@H]1CCOC1,0.0003431617940791114
Cc1cccnc1-n1cc(C(C)(C)NC(=O)C(O)C2CC2)nn1,0.0004566057526069895
Cc1ccnc(NC[C@@H](C)NC(=O)C2CC(=O)N(C)C2C)n1,0.0006425490487146019
Cc1cn2c(CNC(=O)C3CC3C3CC3)c(C)nc2s1,0.0004820739888898134
Cc1cn2c(n1)CCC(NC(=O)N1CCCOCC13CC3)C2,0.0006136715816438416
Cc1cnc(NC(CNC(=O)C2CCCCO2)C2CCC2)nc1,0.0012438435262711015
Cc1coc(C(=O)NC(CCNC(=O)C2(CF)CCC2)C(C)C)c1,0.0006908856961970611
Cc1cocc1C(=O)N1CCCC1c1nnc2n1CCC2,0.00040870447611785973
Cc1nc(CN2CC(C(C)NC(=O)C3Cc4ccccc43)C2)oc1C,0.00039972483383556473
Cc1nccnc1C(=O)NC[C@H]1C[C@H](NC(=O)C2CCCC2O)C1,0.00031257946592211247
Cc1nnc(N2CCCC[C@H](NC(=O)C(F)Cc3ccccc3)C2)s1,0.0013164622358136074
Cc1noc2ncc(C(=O)NS(C)(=O)=O)cc12,0.0002580000239021766
Cc1ocnc1C(=O)N(CCNC(=O)c1snnc1C)C1CC1,0.0004235488593612191
Cn1nccc1C1CNCCN1C[C@@H](O)C[C@H](C(C)(C)C)C1,0.0
N#Cc1ccc2cc(C(=O)NC3C(F)(F)C34CC4)cnc2c1,0.5772901616623186
N[C@@H]1C[C@@H]2OCC[C@H](C(=O)Nc3ccccc3N3CCSCC3)[C@H]21,0.42872945216994685
NC(=O)c1cc(OCC2CCC3(CC2)CC3)ccc1OCCC(N)=O,0.0009047265219130177
Nc1nc(C(=O)N2CCCN(C3CCCC3)CC2)nc2c1CCC2,0.0011012924906746479
O=C(CC1CC(n2cnnc2)C1)NCC1(C(F)(F)F)CCC1,0.000363000391790961
O=C(CC1CC1)N1CCN(C(=O)[C@]2(N3CCCC3)C[C@H](O)C2)CC1,0.1014965846117758
O=C(CCc1cn[nH]c1)N1CCC2(C1)CN(C(=O)C1CCC1)CCO2,0.32539394698774754
O=C(CO)N1CC(C2CN(C(=O)COCc3ccccn3)C2)C1,0.0003300629109540796
O=C(COCC1CC1)N1CCCCC1c1nn[nH]n1,0.00046988517539320687
O=C(COCC1CCCO1)Nc1ccnn1Cc1ccccc1,0.0007261353650998351
O=C(Cc1c[nH]c2c(Cl)cccc12)N1CCNC(=O)C(F)(F)C1,0.00050166748353565
O=C(Cc1ccc(=O)[nH]c1)NC[C@H]1C[C@@H](NC(=O)CN2CCOC2=O)C1,0.0002595198364079023
O=C(N[C@H]1C[C@H](NC(=O)C2CCO2)C1)c1cn2c(n1)CCCC2,0.0003486374220960159
O=C(NC[C@H]1C[C@@H](NC(=O)c2cc(Cl)ccn2)C1)c1ccccc1,0.0006968902973945191
O=C(NC1CCCN(c2cccc(Cl)c2)C1)C1CCCn2ccnc21,0.0012898269861713694
O=C(NC1CN(CC(F)(F)F)C1)c1cccc(Cl)c1O,0.0005146169193790224
O=C(NCC1CCS1)c1cncc(OC(F)F)c1,0.0005051890662156424
O=C(NCc1ccc(O)cc1)c1c(F)cccc1OC(F)F,0.000796829302808256
O=C(NS(=O)(=O)CCC(F)(F)F)C1COc2ccccc2O1,0.000576809379121593
O=C(O)c1cc(C(=O)N2CCCN(CC3CCCO3)CC2)ccc1F,0.268133568711347
O=C(O)c1ccc(CC(=O)N2CC[C@]3(C2)C[C@@H](O)C3)c(F)c1,0.2092946839922241
O=C(O)c1csc(CC2CCCN2Cc2ccc(OC3CC3)cn2)n1,0.0010033972407946354
O=C(c1ccc(=O)[nH]n1)N1CC(Cc2cn(CC3CCOC3)nn2)C1,0.00030384698805735054
O=C(c1ccnnc1)N1CC2(CCN(C(=O)C3CCOCC3)CC2)C1,0.0005484874391947121
O=C1CC(c2ccc(C(=O)Nc3nncn3C3CC3)cc2)C1,0.000302202702763484
O=C1CC2(CCNCC2)C(C(=O)Nc2ccc(C(C)(C)CF)cc2)CN1,0.0009103677665465775
O=S(=O)(NCC1CCC2(C1)OCCO2)NC1CCC2(CC1)CC2,0.0004604996223624946
O=c1cccnn1C1CCCN(c2nc3c(s2)COCC3)C1,0.0006362405605292481
C[C@@H](CN(C)C)NC(=O)c1nn(-c2ccccc2)cc1CC(F)(F)F,0.0006167003822307524
C[C@@H](NC(=O)CCc1ccccc1)C(=O)NS(=O)(=O)C1(C)CC1,0.1510533586350636
C[C@@H]1C[C@H]1C(=O)N1CC2CCC1C(CNC(=O)C(F)F)C2,0.00027182992483727015
C[C@H](C(=O)N[C@H]1C[C@H](NC(=O)c2ccccn2)C1)N(C)C,0.10854412373591932
C[C@H](NC(=O)C1CC2(CCC2)CO1)C1CN(C(=O)CC2(C)CC2)C1,0.13460823722557422
CC[C@H](C)[C@H](NC(N)=O)C(=O)NC(C)CNC(=O)[C@H]1C[C@@H]1C(F)F,0.00046395910214368864
CC[C@H](NC(=O)N1CC(C)Cn2nccc21)c1ccccc1F,0.0016432727685135105
CC(=O)N[C@H]1C[C@@H](Nc2nc(C(F)(F)F)nc3c2CCC3)C1,0.0006309317780991696
CC(=O)N(C)Cc1ccc(C(=O)OC(C)c2ncco2)cc1,0.0005104511826909789
CC(=O)N1CC[C@@H](NC(=O)N2CCC(c3ccccc3F)CC2)C1,0.0004158965249295685
CC(C(=O)N[C@H]1C[C@H](c2cccc(Cl)c2)C1)c1cnn(C)c1,0.0005012596641101031
CC(C)[C@@H](O)C(=O)NC1(CNC(=O)CNC(=O)C(C)(C)C)CCC1,0.19604123205036486
CC(C)(C)C1CC(C(=O)NC2(C(=O)O(C)[C@H]3CC[C@H]3O)CCCC2)C1,0.0
CC(C)(C)OC(=O)[C@H]1C[C@@H](O)CN1C(=O)[C@@H]1CC[C@@H]2C[C@@H]1C21CCCCO2,0.0
CC(C)(C)OC(=O)Cn1cc(NNC(=O)N2CCC(O)CC2)cn1,0.0005142598069723556
CC(C)(O)C(=O)N1CC(Nc2cc(=O)[nH]c(=O)[nH]2)CC(C)(C)C1,0.0005128810080904722
CC(C)(O)CC(=O)NC1CC2(CCN(C(=O)Cn3cnnn3)C2)C1,0.0002124056234609287
CC(C)C[C@@H](C(N)=O)n1cc(CNC2CCC(C)(C)CC2)nn1,0.0005816564252140674
CC(C)C1(C(=O)N2CC[C@@H](NC(=O)c3cncc(Cl)n3)C2)CC1,0.0005800510437918387
CC(C)CCC(=O)NCC1CN(C(=O)Cn2nccc2N)CC1C,0.00043689392781605786
CC(C)COC(C)C(=O)N1CC(NC(=O)c2cnn3c2CCC3)C1,0.20059792008562574
CC(C)NC(=O)Nc1ccc(S(=O)(=O)C2CCOC2)cc1,0.0005456911782698396
CC(C)c1nc(NC2CCOC(c3cccs3)C2)nc(N(C)C)n1,0.0009652071315091221
CC(CCNC(=O)C(C)CF)NC(=O)c1sccc1Cl,0.0004412185554653655
CC1(C)C(NC(=O)CC2CS(=O)(=O)C2)CCN1c1ncc(O)cn1,0.0007805192606806944
CC1(C)CCCC(O)(CNC(=O)C(CC(F)F)C2CCC2)C1,0.00034666141031534323
CC1(C)OC2C3CC(C(=O)NC[C@@H]4C[C@@H](O)C4)C(C2)(C)CC1(O)CO,0.0
CC1(NC(=O)c2ccc3nonc3c2)CCN(C(=O)C2CCO2)CC1,0.21447496552863574
CC1C(NC(=O)C2(C(F)F)CCC2)CC2CCC1N2C(=O)C1(C)CC1,0.28812144332393397
CC1CCC(C(=O)O)N(C(=O)c2cc(-c3ccccc3)n[nH]2)C1,0.5277019371576348
CCC(=O)N1CCCC1C1(NC(=O)c2cnc(C)n2CC)CC1,0.0003383648164630676
CCC(=O)N1CSC[C@H]1C(=O)NCc1ccc(OC)c(OC)n1,0.0003326696804959209
CCC(C(=O)N[C@H]1C[C@@H](NC(=O)c2coc(C#N)c2)C1)C(C)C,0.0013498546125011886
CCC(CC)CN1CCC(NC(=O)C(O)Cc2ccccn2)C(O)C1,0.00026015028273768863
CCC1(C(=O)N2CCCC(N(C)C(=O)c3ccc(O)cc3)C2)CC1,0.3074910098938928
CCC1CC1C(=O)Nc1ccc(C(F)(F)F)c(S(N)(=O)=O)c1,0.0007385036161309932
CCCC(=O)N1CC2CCC(NC(=O)c3cocn3)C2C1,0.1863764313852994
CCCC(=O)NC1C(C)CCN(c2cc(OC)ncn2)C1C,0.0005138464613534164
CCCCN(C(=O)c1cc(CC)nn1C)c1ncc(C)cc1C,0.0011015502490128559
CCCCN1CCC[C@@H]1CCNC(=O)COc1ccsn1,0.0005100233147523654
CCCNC(=O)CN(C)c1cnc(C(F)(F)F)cn1,0.0004357496510183531
CCN1C(=O)CCC(C(=O)Nc2nn(C)c(=O)n2C)c2ccccc21,0.0005087509839862584
CCN1CCC(NC(=O)c2cc(N(C)C)ccc2F)C(F)(F)C1,0.000900415521788997
CCOC(=O)CC1(NC(=O)C(C)Oc2ccc(OCC)cc2)CCC1,0.0006007218373187182
CCOC(=O)CC1(NC(=O)c2ccsc2C(F)F)CC1,0.0006363896365496136
CCOC(=O)CN(Cc1ccccn1)C(=O)c1ccc(C(N)=O)o1,0.00044390887877788994
CCOC1(CN(C)C2CCN(C3CCOCC3)CC2)CCOC1,0.00043702601494411417
CCOC1CC1C(=O)N[C@H](C)CNC(=O)c1csc(C)c1N,0.0005156536403135747
CCOCC(=O)NCCC(C)NC(=O)CNc1ccccc1Cl,0.0007313876724345237
CCOc1c(F)cccc1NC(=O)c1ccc(CN)c(F)c1,0.0011198979897558282
CCOc1nc(C)ccc1C(=O)N1Cc2cn[nH]c2CC1C,0.00046863394675436694
CCc1ccccc1C(=O)N1CCCC(NC(=O)c2cncnc2)CC1,0.00043997575608114545
CCc1nnc(N2CCCC(NC(=O)Cc3cnn(CC)c3)C2C)s1,0.0004524537727260371
CCc1noc(CN(CC)C(=O)C(CC(=O)O)OC(C)C)n1,0.0004035279792650346
CCn1cc(Cl)c(C(=O)OCc2c(Br)nnn2C)n1,0.00048675057756067966
CCn1cnc(C(=O)NCc2ccc(CNC(=O)CC#N)cc2)c1,0.0012908010203582646
CN(C(=O)c1cc(OC2CCCC2)ccn1)C1Cc2ccccc2C1,0.0010676779642484588
CN(C)C(C)(C)(C)C(=O)N[C@H]1CCN(C(=O)Cc2cc[nH]c2)C1,0.0
CN(C)S(=O)(=O)c1cc(C(=O)OCc2cc(F)cnc2F)co1,0.00041010760674583386
CN(CC1COc2ccccc2O1)CC(O)c1ccc(F)cc1Cl,0.0005967542354508777
CN(CCN1CCNC(=O)C1)c1nnc(-c2cccc(F)c2)n1C,0.0008518586369656027
CN1CCC(C(=O)NC2(CO)CN(c3ncncc3C#N)C2)CC1=O,0.22737946331227715
CN1CCN(CCCN(C(=O)c2n[nH]c3c2COCC3)C2CC2)CC1,0.0005961515942518678
CO[C@H](C)[C@@H](CO)NC(=O)c1ccc(Nc2ccccc2F)nc1,0.0006776287324905035
CO[C@H]1C[C@@H](N(C)C(=O)c2ccnc(C(F)(F)F)c2N)C1,0.0003473095406553299
COC[C@@H]1CCCN1c1nnc(C2CCC(=O)N2)n1CC(C)C,0.0006403250751136496
COC(=O)[C@@H]1CC[C@H](NC(=O)Cc2ccc(OC)c(F)c2)C1,0.0005435613444126511
COC(=O)N1CCCC1C(=O)N(CC(C)(C)C)c1ccncc1,0.001285648355472197
COC(=O)c1ccccc1CC(=O)OCC(=O)Nc1cnn(C)c1,0.4684174091551117
COC1(C(N)=O)CN(C(=O)c2cc(C(F)(F)F)nn2C)C1,0.0002822421979611133
COC1(CNC(=O)c2ccc(C(C)(F)F)cc2)CCSCC1,0.0012495403407876797
COC1CC(CNC(=O)N2[C@@H](CO)CC[C@@H]2CO)C1(C)C,0.00027225031144854597
COCC(C)(NC(=O)Nc1ccc(-c2ncco2)cc1)C(=O)O,0.71410677470736
COCC(CN1CCCCC1)NC(=O)N(C)C1CC2CCC(C1)N2,0.0006509616976995452
COCC1(C)CN=C(N2CCN(c3ccccc3OC(F)F)CC2)N1,0.6121480036807014
COCCN(CC1CC2OCCC(C1)C2(F)F)C1CCOCC1,0.0005632092505064317
COCCN(CCNC(=O)c1cnn(C)n1)C(=O)c1cn[nH]c1,0.0002498863513484875
COc1c(C)cnc(-c2ncccn2)c1Br,0.0012618320118344892
COc1cc(OC)c(C(=O)OC(C)C(F)(F)F)cc1OC,0.0007867366879187195
COc1cc(F)c(S(=O)(=O)N2C[C@H]3[C@@H](C2)[C@@H]3C(F)F)cc1OC,0.0005617143884589541
COc1ccc(C(=O)N2CC3CC(C2)N(c2cc(=O)[nH]c(=O)[nH]2)C3)cn1,0.0004615771636281548
COc1cccc2ncc(C(=O)N3CC4CC(C3)N(C(C)=O)C4)cc12,0.00041314630915279953
COc1nccc(C)c1CNCc1ncc(C(F)(F)F)cn1,0.0005432543349082258
CS(=O)(=O)Nc1ccc(C(=O)NCc2cccc3c2OCCO3)cc1,0.0008315236447638407
CSCC(=O)N1CC2(CC2)CC1CNC(=O)c1cc2ccccn2c1,0.43526780157428396
Cc1c([C@@H]2OCC[C@@H]2CNC(=O)OC(C)(C)C)cnn1C,0.0006116303498328798
Cc1cc(C(=O)NCC2(O)CN(C(=O)CCC(=O)C(C)(C)C)C2)on1,0.0002205051347804912
Cc1cc(C)c(C)c(NC(=O)N2C[C@@H]3CCN(C)[C@@H]3C2)c1,0.0015682707325514295
Cc1cc(CNC(=O)c2cc(Cl)c(C#N)cn2)ccc1N1CCOC1,0.7982729119946688
Cc1cc(N2CCCC(CN(C)C(=O)[C@H]3CC3(C)C)C2)nc(C(C)C)n1,0.0005371937469591785
Cc1cc(S(N)(=O)=O)cc(C(=O)NC2CC(C)(C)NC(C)(C)C2)c1C,0.00047977475819750676
Cc1ccc(C(=O)NCC2(F)CCC2)cc1-n1cc(C2(O)CC2)nn1,0.0003721121351516255
Cc1ccc(N2CCCN(C(=O)C3(O)CCSCC3)CC2)cc1C,0.439768423384618
Cc1cccc(N2CCN(Cc3cnn(CC(C)C)c3)CC2C)n1,0.0012651272761647733
Cc1ccnc(NC(=O)N2CCN(Cc3ccnn3C)CC2)n1,0.0009727517963628822
Cc1cnn(CC(=O)N2CCC3(CC(NC(=O)c4ncoc4C)C3)C2)c1,0.0006960045550392136
Cc1conc1CC(=O)NCC(C)NC(=O)c1cnc(NC2CC2)s1,0.0009237121010131807
Cc1n[nH]cc1C1CCN(C(=O)OC(C)(C)C)CC1C(N)=O,0.0003928304329720076
Cc1n[nH]nc1C(=O)NC(C)c1cnccc1C(F)(F)F,0.0005081755899419638
Cc1nc(CC(=O)NC2CCc3ccccc3OC2)cs1,0.000527809851717884
Cc1ncc(C(=O)N2CC[C@H](NC(=O)c3cnc[nH]3)C2)n1C,0.1636997369497554
Cc1ncc(C(=O)N2CCc3ccccc3C2CNC(=O)C2CCC2)o1,0.00047339191170280487
Cc1ncc(S(=O)(=O)NCC2C3CCC32)c(C)c1Br,0.000337193741715
Cc1ncoc1C(=O)N1CCC(CNC(=O)C(F)(F)C2CC2)C1(C)C,0.36239787347921326
Cc1nnc(C(=O)Nc2cnc(N(C)C)nc2)c(C)c1C,0.0003823316665135449
Cc1nnc(CCC(=O)N[C@H](C)CNC(=O)C2COC(C)(C)C2)o1,0.00030545432509163236
Cc1nnc(N(C)CCNC(=O)CN2CC3CCC2C3)nc1C,0.0007395705401157112
Cc1noc(C(=O)N(C)CC(C)NC(=O)C2CN(S(C)(=O)=O)C2)n1,0.00020041045185000038
Cc1noc(Cl)c1CC(=O)NC(C)Cc1ccc(F)cc1F,0.0005424101155081852
Cc1nsc(NC2CCCN(C(=O)C[C@H]3CCCC[C@@H]3O)C2)n1,0.0007020062477164047
Cc1oc(CO)cc1C(=O)N1CC(NC(=O)c2coc(C3CC3)n2)C1,0.17391702750844107
Cn1ccc(C(NC(=O)c2ccc3c(c2)OCCO3)C(C)(C)C)n1,0.0007050524793366936
Cn1ccnc1C1(O)CN(Cc2ccnn2C2CCOCC2)C1,0.0005699476497235478
N#Cc1ccc(NC2CN(C(=O)C3CCC3)CC23CCOCC3)cn1,0.0013132392791181165
NC(=O)N1CC(Nc2ncnn3cc(Br)cc23)C1,0.00065925111553968
O=C(CSc1n[nH]c(=O)[nH]1)NC1(CO)CN(C(=O)c2ccc[nH]2)C1,0.1072168379714138
O=C(Cc1nnco1)NCCC1CCN(C(=O)c2ccc(Cl)cn2)C1,0.00037696849274749834
O=C(N[C@@H]1CCCN(C(=O)c2cncnc2)C1)c1ccc(C(F)F)o1,0.20863366189011648
O=C(N[C@H]1CC[C@H](N2CCOCC2)CC1)c1ccc2[nH]ccc2n1,0.36477554009195307
O=C(NCC1(Nc2ncns2)CC1)C1(O)CCCCC1,0.0004908557589486904
O=C(NCC12CC(C(=O)O)(CCO1)C2)c1cnc2ccoc2c1,0.0005820335190583072
O=C(NCC1CCC=CO1)NC1CC2CS(=O)(=O)CC2C1,0.18278194695176067
O=C(NCC1CCN(C(=O)C(F)C2CCOC2)C1)c1ccccc1,0.00030480753347201324
O=C(NCc1cnoc1)Nc1cccc(OC2CCC2)c1,0.0006568982141544341
O=C(O)[C@@H]1CC[C@H]1C(=O)Nc1cccc2c1N(C(=O)C1CC1)CCC2,0.0015069187582188498
O=C1C(CC(=O)N2CCC(F)C2)CCN1C1CCOCC1,0.00041503701151613504
O=C1CC[C@H](C(=O)N2CCCCC2CCNc2n[nH]c(=O)s2)N1,0.0003347944720771007
O=C1NCc2ccc(C(=O)OCC3CCC34CCOCC4)cc21,0.000670954530223345
C[C@]12CN(C(=O)c3ccc(-n4cnc(=O)[nH]c4=O)cc3)C[C@H]1CSC2,0.00024777624439059257
C[C@@H](CNC(=O)C12CCCN(CC1)C2)NC(=O)c1ccc(C(N)=O)cn1,0.0754968407765993
C[C@@H]1C(C(=O)NC2(c3ccc(Br)cc3)COC2)[C@@H]1C,0.00044854234024308264
C[C@H](CC(F)(F)F)C(=O)N[C@@H](C)CNC(=O)CC1(O)CCC1,0.00046932856956400705
C[C@H]1C(CNC(=O)NCc2ccncc2OCC(F)F)[C@@H]1C,0.0004529100619823247
CC[C@H](C)[C@H](O)C(=O)N1CC(C)C(NC(=O)c2[nH]cnc2C(C)(C)C)C1,0.0005136454674450386
CC[C@H](N)CN(CC)C(=O)c1cccc(OCC(F)(F)F)c1,0.0006804953462990328
CC(=O)C1(NC(=O)c2ccncc2OC(F)F)CC1,0.0004621718137485036
CC(=O)NC[C@@H]1CCCCN1C(=O)C(C)n1cc(-c2ccccn2)nn1,0.0013104053991526655
CC(=O)NC1CC(C)N(C(=O)c2ccc(CCc3ccccc3)[nH]2)C1,0.0004841290070020735
CC(C)(C)OC(=O)NC1CC2(CCC2CNCC2CC2)C1,0.0006105494638346682
CC(C)(C)OC1CC(OC(=O)C(OCC(=O)O)c2ccccc2)C1,0.0005964593066650718
CC(C)(C)c1nsc(NC(=O)N2CC(=O)NCC23CCC3)n1,0.1819116303549468
CC(C)(CC(=O)O)C(=O)NCCN(CC1CC1)C(=O)c1ccncc1,0.0003758073905351433
CC(C)(CO)NCc1ccc2c(c1)CN(C(=O)OC(C)(C)C)C2,0.0005621044772689026
CC(C)N(C)C[C@H]1CCCCN1C(=O)C(F)c1ccc(F)cc1,0.000544064712969354
CC(CCNc1ccccn1)OC(=O)CCCc1cnccn1,0.0009117257117909303
CC(CNC(=O)CC1CCC1NC(=O)OC(C)(C)C)C1CCCC1,0.00025313175624827264
CC(c1nccs1)n1nnnc1N1CCO[C@@H](C(F)(F)F)C1,0.00044589982598973834
CC1(C(=O)Nc2cccc(-c3nnc4n3CCCC4)c2)CC(=O)C1,0.0014362487753739332
CC1=NOCC1C(=O)NC1(CNC(=O)c2cccc3occc23)CC1,0.0008469130877860763
CC1C(C(F)(F)F)CCN1C(=O)c1cnc2c(c1)CCCC2,0.000524419290522415
CC1CCC(CNC(=O)N2C[C@@H](O)[C@H](N3CCOCC3)C2)OC1,0.0005711782530074014
CC1CCN2C(=N1)N(C(=O)NC1COc3ccccc3C1)CC2,0.0007800556842588698
CC=Cc1cn(C(C)C(=O)NC(c2ncccn2)C2CC2)nn1,0.0014352260194657985
CCC(=O)NCC(=O)NC(CC)CNC(=O)C1Cc2ccncc2C1,0.06030212399014585
CCC(C)(OC)C(=O)N[C@H](C)C1CN(C(=O)c2oncc2C)C1,0.22540732176246855
CCC(CNC(=O)c1cnnn1CC)NC(=O)c1cnc(N)c(O)c1,0.18734624556369342
CCC(O)[C@H]1CCCN1C(=O)c1sccc1C(F)F,0.0006283029533325528
CCC1CC1C(=O)N1CCC(NC(=O)C(C)Oc2ccccc2)C(F)C1,0.0005541472197357205
CCCC(NC(=O)CC1CC(F)C1)C(=O)OC(C)(C)C,0.0007926527168292407
CCCC1(C(=O)N2CC([C@@H](C)NC(=O)c3cnc4[nH]ncc4c3)C2)CC1,0.6786173541408312
CCCCC(=O)N1CCCC(NC(=O)c2ncc(F)cc2F)C1C,0.29975880878339994
CCCN1CCC(C2CCCNC(=O)C2)(NC(=O)COC)CC1,0.0004062587054034344
CCCc1cc(C(=O)N2CC(NC(=O)NCC)C2)c(C)o1,0.0005122550267074828
CCN(CC)CCCC1CCN(C(=O)CC2CCN2)CC1,0.0005716421286544127
CCN(CCNC(=O)Cc1cccnc1)c1nnc(C)c(C)c1C#N,0.0009892810350509203
CCN(CCNC(=O)c1ccn2ccccc12)CC1CCCOC1,0.00045050907117614433
CCN1CCC(NC(=O)c2coc3c(C)cccc23)CC1C,0.001094205138828967
CCN1CCOCC1C(=O)NC[C@@H]1CCCCN1C(=O)c1c[nH]nn1,0.10062881058441431
CCNC(=O)N[C@@H]1c2ccccc2C[C@H]1NCC1(C)CCCOC1,0.0006962229102240257
CCOC(=O)c1conc1C(=O)N1Cc2cc(CNC(C)=O)ccc2C1,0.00034131347493294707
CCOC1COCCC1NC(=O)NCC12CC(C1)C(C)(C)O2,0.0005665465804099644
CCOc1cc(C(=O)NCc2ccsc2Br)n[nH]1,0.0007472155404687172
CCc1nc(C(=O)N2CC(NC(=O)c3cocn3)C2)c(N)s1,0.28653661018496757
CCc1nc(NC(=O)Nc2ccc(F)c(F)c2C)nn1C,0.0010982243589960983
CCn1nc(C(=O)N2CCC[C@H]3CN(C(=O)C(C)C4CC4)C[C@H]32)cc1O,0.0005257097067906344
CCn1nc(C)c(CNC(=O)[C@@H]2C[C@H]3C[C@@H]2C[C@H]3N)c1C,0.00029066613207304556
CCn1ncnc1CN1CCN(C(=O)C(F)CC2CC2)[C@@H](C)C1,0.00048640153269712753
CN(C(=O)C(F)F)C1CCN(c2cc(Cl)nc(C3CC3)n2)CC1,0.23000088148387418
CN(C(=O)CCc1nc2c(cnn2C)c(=O)[nH]1)C1(C(N)=O)CCCC1,0.00032541148499134234
CN(C)CCN1CCN(C(=O)NCc2ccc(F)c(Cl)c2)CC1,0.0005430030683290152
CN(Cc1n-cn(C)n1)C(=O)N1CCOCC1c1ccnn1C,0.0
CNC(=O)C1(NC(=O)c2cc(-c3ccc(Cl)s3)no2)CC1,0.0006356495144039363
CNC(=O)c1ccc(NC(=O)NCc2ccc(CCN)cc2)c(OC)c1,0.0013554671949140406
CNCc1ccc(C(=O)NCCc2cc(O)cc(F)c2)cn1,0.00044721798832745245
CO[C@@H]1CN[C@@H](C(=O)NCc2ccsc2C(F)(F)F)C1,0.00046675794448583453
CO[C@H](C)C(=O)N1CC(NC(=O)c2ccccc2)Cc2ccccc21,0.0007246107511311901
COC(=O)[C@@]1(NC(=O)c2cc3ccccc3cc2O)C(C)[C@H]1C,0.0009231152475089043
COC(=O)C12CC(NC(=O)C(F)(F)C(O)C3CC3)(C1)C2,0.00019894441510625698
COC(=O)N1CC(CNC(=O)c2ccc(C)cc2Cl)C1,0.0004824325496747557
COC(=O)NCC(=O)N[C@H]1CC[C@H](NC(=O)CCC2CC2(C)C)CC1,0.1488247843133298
COC(=O)c1cc(N2CC(C3CS(=O)(=O)C3)C2)cc(OC)n1,0.19529851578449867
COC(=O)c1cc(F)ccc1NC(=O)NC1CC2(CC(CO)C2)C1,0.0006754179226767684
COC1(CC(=O)N(C)CCN2CCCS2(=O)=O)CCC1,0.0003503307922295011
COC1(CNc2ccc3[nH]nc(C#N)c3n2)C(C)(C)CC1(C)C,0.0017675422937538218
COC1CCN(C(C)(C)CNC(=O)[C@H](O)COCc2ccccc2)CC1,0.00035478820573485974
COCCN(CCNC(=O)c1cccc(Cl)c1)C(=O)C1(O)CC1,0.1267648750379467
COc1cc(C(=O)N2CC3CC2CN(C(=O)C(C)CF)C3)ccn1,0.00029191490819169426
COc1ccc(C(=O)N2CCN(C3CC3)CC2C)cc1C(C)N,0.0006897364508839946
COc1cccc(C(=O)NC2CCN(c3ncns3)C2)n1,0.0003636130197928739
COc1cccc(C(=O)NCC2CCCCC2NC(=O)C(C)C#N)c1,0.0012619298161737915
COc1ccncc1C(=O)OCc1nn(C)cc1Br,0.0005790532369298203
COc1cnc(C(F)(F)F)cc1C(=O)N1CCOc2ncc(C)cc21,0.39792767087766984
CS(=O)(=O)c1ccc(=O)n(Cc2ccc(C3CC3)cc2)c1,0.00033521080973198064
CSC(C)C(=O)N1CC(NC(=O)c2cncs2)CCC1C,0.0005875356036040866
CSC(C)C(=O)NC1(C)CN(C(=O)c2c(N)ncc3c2CCC3)C1,0.0003904344074475381
CSCC(=O)NC1(C)CN(C(=O)C(O)c2ccc(Cl)cc2)C1,0.00030456321776698244
Cc1c[nH]c(CCC(=O)N2C[C@@H](C)[C@@H](NC(=O)c3c(C)cnn3C)C2)n1,0.0004607555181727833
Cc1c(C(=O)O[C@H](C)C2CCOCC2)noc1-c1cnn(C)c1,0.5055192499068992
Cc1cc(NC(=O)Cn2c(C#N)nc(C)cc2=O)c(F)cc1F,0.00040770940540494667
Cc1cc(O)nc(C(C)N(C)Cc2ccc(N(C)C)nc2)n1,0.0006524881789395373
Cc1cc(O)nc(C)c1NCc1cnc(CNC(=O)OC(C)(C)C)n1C,0.0013137151327853134
Cc1cc(O)nc(NC(=O)Cc2cn(C)c(=O)cn2)n1,0.0007403530442347509
Cc1ccc(C(=O)N(C)CCNC(=O)c2ccncn2)n1C,0.18258840761344208
Cc1ccc(CC(=O)NCCN(C)C(=O)C(C)OCCN(C)C)s1,0.0004262212176101256
Cc1ccc(NC(=O)c2c(N)ncc3c2CCC3)cc1OCCO,0.0010609572399775777
Cc1ccc(O)c(S(=O)(=O)N(C)C(C)c2ccsc2)c1,0.0006379271572421192
Cc1ccn(-c2ccnc(NC(C)CC(O)C(C)(C)C)n2)n1,0.0010662082044087529
Cc1cnc(NC2CN(C(=O)Cn3cc(C(F)(F)F)nn3)C2)nc1C,0.00037705776553831945
Cc1nc(C(=O)N[C@@H](C)CNC(=O)C2CCCn3cnnc32)n[nH]1,0.00024720376532381093
Cc1nc(C)c(CC(=O)N[C@H]2C[C@@H](Nc3nnc(C)c(C)n3)C2)s1,0.0005218039629140061
Cc1nc(C2CC2)oc1C(=O)N1CCCCC1CNC(=O)[C@H]1CC1(C)C,0.000258491220569934
Cc1ncc(C(=O)N2CCCC(OC3CCC3)C2)n1C,0.0011253779059045516
Cc1ncc(CC(=O)N2CC(NC(=O)c3ccc4c(c3)CCO4)C2)s1,0.2056062341517582
Cc1nnc(N(C)CC(C)NC(=O)c2cccc3c2CCC3)nc1C,0.0006027263386303758
Cc1nscc1C(=O)NC1(C2CCN(c3ncc(C#N)cc3C)C2)CC1,0.8210045458404848
Cc1oc(C)c(C(=O)NC[C@H]2CC[C@H](CC(=O)O)CC2)c1F,0.0004917578483082441
Cc1ocnc1C(=O)N1CC(NC(=O)C23CC2C3)CC(C)(C)C1,0.15752579453251309
Cn1cc(Cl)c(NC(=O)NC2(CO)CCCC(F)(F)C2)n1,0.001385133732086799
Cn1cnc2cccc(CNC(=O)N3CC(S(C)(=O)=O)C3)c21,0.0005026183580870631
Cn1nc(C(=O)N2CC(NC(=O)CNc3ccccn3)C2)cc1C1CC1,0.2733121576017182
Cn1ncc(C2CC2)c1CNC(=O)N1CCC[C@H]1C(F)F,0.000812968832916364
N#CC1(C(=O)NCC1CCNC(=O)[C@@H]2Cc3ccccc3N2)CC(=O)C1,0.0
N#Cc1ccc(CCS(=O)(=O)NCC2CCC(N)C2)cc1,0.0009017354122910983
N#Cc1cnc(N2CCC3(CC(NC(=O)C4CCCC4)C3)C2)c(F)c1,0.8173631160578199
NC[C@@]1(F)CC[C@@H](C(=O)N[C@@H]2CCOc3c(F)ccc(F)c32)C1,0.0004154538457273697
NC(=O)c1ccc(C(=O)N2CCC2CNC(=O)CN=S(C)(C)=O)cc1,0.0002096284124143014
O=C(C1CC2CCC1C2)N1CCN(C(=O)c2sccc2Cl)CC1,0.34985237805255687
O=C(C1CCOCC1)N1CCC2CCC(C1)N2CC1CC(F)(F)C1,0.0015533957712680008
O=C(CO,0.0
O=C(Cn1cc2ccccc2n1)OCC1(CO)COC1,0.0007213338912102837
O=C(NC1CC(OC(F)F)C1)c1cccnc1OCC(F)(F)F,0.0006313542143815658
O=C(NCC1(N2CCC2)CC(F)(F)C1)c1ccn2nncc2c1,0.16771237112770684
O=C(NCC1CCc2cc(F)ccc21)N1OC2CCC1C2,0.0006658544559324627
O=C(NCc1ccc(OC(F)F)cc1F)NC1CNCC12CCOC2,0.0005255923668612818
O=C(NCc1ccc2cc(O)ccc2c1)N1CC2(CCC2)C[C@@H]1CO,0.4013562878113495
O=C(Nc1cc(O)ccc1F)C1CCN(CC(F)F)CC1,0.0008175978543194032
O=C(O)c1cn(C2CCN(Cc3ncccc3O)CC2)nn1,0.00035012028154413397
O=C(c1cc(Cl)ccn1)N1CC(F)(c2ccccc2)C1,0.0005893913857641046
O=C(c1ccnc(OCc2ccccc2)c1)N1CC[C@@H](CCO)C1,0.00040991188286626984
O=C(c1coc(=O)c(C2CC2)c1)N1CC[C@@H]2OCC[C@@H]2C1,0.0005659023993567871
O=C1CN(c2ccc(C(Cc3cc(Cl)ccc3)C3CC3)nn2)CCN1,0.001184336922799355
O=C1NC[C@@H](C(=O)OCCc2nc(-c3ccccc3)no2)O1,0.00047921329423154026
O=C1NCCC1N1CCN(C2C3CCC2CC(O)C3)CC1,0.0002366371518886927
O=C1OCCc2ccc(NCc3nnc4n3CCC4)cc21,0.24714343614666737
O=S(=O)(NCC1(CO)CC2CCC1C2)c1cccc(C2CC2)c1,0.00048474281674660457
O=S(=O)(c1ccsc1)N1CCC2(CCNCC2)CC1,0.0004772358486831275
C[C@@H](CCNC(=O)C(C)(C)C(C)(F)F)NC(=O)C1CC1(F)F,0.000806652037806893
C[C@@H]1C[C@H]1C(=O)N[C@@H]1CCN(C(=O)c2ccc3[nH]ncc3c2Cl)C1,0.0008292166026981237
C[C@@H]1CCC[C@H]1NC(=O)c1ccc(CC#N)cc1F,0.0017076522343277606
C[C@@H]1CN(C(=O)C(C)(C)O)CCN1C(=O)CC1CCCCN1C,0.0003235042675389549
CC[C@@H](C(=O)N1CCN(c2cccnc2C#N)CC1)N(C)C,0.45179467192786166
CC[C@@H]1C[C@H]1C(=O)N1CC(n2nnnc2C(F)(F)F)C1,0.00032190016923707126
CC[C@@H]1C[C@H]1C(=O)N1CCC(N(CCO)C(=O)C(C)OC)CC1,0.0003653744292391254
CC[C@@H]1CN(C(=O)c2ccc(C)o2)C[C@@H]1NC(=O)C1CC(F)(F)C1,0.0006135050166107051
CC(=O)N(C)CC(=O)N(CCNC(=O)c1cscc1C)C1CC1,0.000437243130807576
CC(=O)NCCC(=O)NCC1(C)CCCN1C(=O)c1ccn(C)c1,0.0003471295347836476
CC(=O)c1ccnc(N2CC3COCC(C2)O3)c1Br,0.0005417715820154168
CC(C(=O)N[C@H](C)CNc1nc2cc(C#N)ccc2o1)C1CCC1,0.0018288534377093365
CC(C)(C)c1nc(=O)[nH]c(CNC(=O)c2ccc3c(c2)COCC3)n1,0.00034562915242362886
CC(CC(=O)N1CCCC(C)(NC(=O)CC2(O)CCC2)C1)C(F)F,0.2478378452845696
CC(CNC(=O)COCC1CC1)N(C)C(=O)c1cc2ccccc2n1C,0.0006115563593866281
CC(CO)C(=O)NCc1ccc(CCNC(=O)[C@@H]2CCCO2)cc1,0.00025893488478420987
CC(OC[C@H](C)NC(=O)OC(C)(C)C)C(=O)N(C)c1cnn(C)c1,0.0009029192933181538
CC(c1ncccn1)N1CCC1CNC(=O)c1ncccn1,0.00035045554814761855
CC1(C)C[C@@H](CNC(=O)Cc2cncs2)N(C(=O)CC(C)(F)F)C1,0.0007371147801835085
CC1(C)CN(C(=O)N[C@H]2C[C@@H]2C(F)F)c2cccc(F)c2O1,0.0010268958366613453
CC1(C)COCCC1NS(=O)(=O)c1cccc(Cl)c1Cl,0.0006337136835261655
CC1(C)NC(=O)C(CC(=O)N2CC(C(=O)O)Cc3[nH]ncc32)O1,0.0005454128051230852
CC1(CNC(=O)C2CCOC2)CN(Cc2cccc(F)c2)CCO1,0.00043593204686318324
CC1CC1CC(=O)N1CCC(NCc2cnn(C)n2)CC1C,0.00018430093882389938
CC1CC1CN(C)C(=O)c1ccc2c(c1OC(F)F)CN(C)C2,0.0005967977738596757
CC1CCC(C(=O)N(C)CCNC(=O)c2cc(C(N)=O)c[nH]2)O1,0.11344126432101453
CC1Oc2ccccc2N(CC(=O)N2CC3(CN(C)CCO3)C2)C1=O,0.00047386441289363763
CCC(C)(O)c1cn(C[C@H]2CCCN2C(=O)C(C)(CC)CC)nn1,0.0004136300160710972
CCC(C)C(=O)NC1(C)CCN(C(=O)c2nccc(=O)[nH]2)C1,0.0003753676611023979
CCC(C)NC(=O)CCSc1ccc(CC(=O)N2CCCC2)cc1,0.00061621400687754
CCC(CC(=O)NC1(C)CN(c2cc3nncn3cn2)C1)OC,0.00044508662010021724
CCC1(C(=O)NC2C3CCCCN(c4ncccn4)C32)COC1,0.0007829909760980003
CCCC(C)(O)CC(=O)N[C@@H]1CCN(C(=O)[C@@H]2C[C@H]2CC)C1,0.000403790986880483
CCCCC(O)CCC(=O)N1C[C@@H](C(=O)O)C[C@@H]2COCC[C@H]21,0.15928557731192497
CCCCc1cc(NC(=O)N2C[C@H]3CSC[C@H]3C2)[nH]n1,0.4669010223280378
CCCN(CCNC(=O)C1CCCOC1)C(=O)c1cnc(C)n1C,0.00045457327129953535
CCN(CC1CCOC1)C(=O)CCC(=O)c1c(C)nn(C)c1C,0.00036066412555559973
CCN(CCNC(=O)c1ccc(=O)[nH]n1)C(=O)C1(C)CC(C)(C)C1,0.2431808287412676
CCOC(=O)c1c(N[C@H](C)CNC(=O)c2cncnc2)ncn1C,0.0008051433341888679
CCOCc1nnc[nH]1C(=O)c1cnc(C2CCOCC2)[nH]c1=O,0.0
CCOc1ccc(-c2cc3c(nn2)CCN(C(=O)C(C)(O)COC)C3)cc1,0.0009295309071525736
CCc1cc(CC(=O)N2CCC3(CCCOC3)C2)n(C)n1,0.0004897538613807877
CCc1ncc(Cl)c(C(=O)OC(CC)C2COCCO2)n1,0.00041796922531952516
CCc1oncc1C(=O)N1CC[C@@H](NC(=O)C(C)n2cncn2)C1,0.00028666586105670816
CCn1c(CN2CCCC(=O)C2)nnc1N1CCNC(=O)C1C,0.20199568205208152
CCn1nccc1CN1CCOC(c2cccc3c2OCO3)C1,0.0004761415781659451
CN(CC(=O)NCc1nc2ncccn2n1)C1CCS(=O)(=O)C1,0.0001349734977960137
CN(CC(C)(CO)CO)C(=O)c1cnc2c(c1)CCCO2,0.12299268396258507
CN(CCCN(C)C(=O)c1sccc1Cl)C(=O)C1(C#N)CC1,0.0011832460589274634
CN(CCn1cc(-c2cncc(Cl)c2)nn1)CC1CC2(CCC2)C1,0.0015926538124913876
CN(Cc1n[nH]c2c1CCC2)C(=O)C1(CF)CC2(CC2)C1,0.0004757776499065098
CN1C[C@H](NC(=O)c2csc(Cc3ccccc3)n2)CC1=O,0.00040037531884971883
CN1CCC(NC(=O)Nc2nc(C3CC3)cs2)C(C)(C)C1,0.0009396073253541345
CNC(=O)CCC(=O)N1CCC[C@H](Nc2ncc(C(C)(C)O)cn2)C1,0.00032554170020479957
CNC(=O)CN1CCCN(c2nc3ncccc3o2)CC1,0.00043030847648288864
CNC(=O)NC(C)C(=O)N1C[C@H]2[C@H](NC(=O)c3cnn(C)c3N)[C@H]2C1,0.000283008922308576
CNC(C(=O)N1CCC(c2[nH]ncc2N)C1)c1cnn(C)c1,0.0008772181930560763
CNc1ccc(C(=O)N2CCC(NC(=O)C(C)CC(N)=O)CC2)cc1,0.0007359963139287953
CNc1nc(C(=O)NC2(CNC(=O)COC3CC3)CC2)cs1,0.0003231960313751149
COC[C@@H](O)CN1CCCC1CNC(=O)Cn1ncn2nccc2c1=O,0.00016059063399034832
COC(=O)CCC(=O)NCC1CCN(C(=O)c2ccnnc2)C1(C)C,0.00033021060779983135
COC(=O)N[C@H](C(=O)N1CC(F)(c2cn(CCF)nn2)C1)C(C)C,0.0002750924348920334
COC(=O)NCCc1cn(Cc2ccc(C(F)F)cc2)nn1,0.0004117724452341573
COC(=O)c1nn(C)cc1NC(=O)c1ncccc1N,0.0008706159306445154
COC(C)CN(C)C(=O)N1CC2(C1)Oc1ccccc1C2,0.00037518825391702417
COC1(C(=O)OCc2cc3ccccc3o2)CNC1,0.000533394469555489
COC1(CC(=O)NC(CCN(C)C(=O)c2cccnc2)C(C)C)CC1,0.24155917096792753
COC1(CNC(=O)C2(C)CC2)CN(C(=O)c2cocc2C)C1,0.0007719780021890014
COC1CC(F)(F)CCC1NCc1nc(C(C)(C)C)co1,0.000796745892329744
COCC(O)CN[C@H]1CN(c2c(C#N)cccc2C#N)C[C@H]1OC,0.0006494268245447536
COCC(F)CNC(=O)Nc1ccn(C2CCN(C)CC2)n1,0.0004858822348218956
COCCC(C)(O)C(C)(C)N1CC2CCC(NC(=O)OC(C)(C)C)C2C1,0.22188200991087767
COCCN1C[C@H]2CN(C(=O)c3c(C)ccc4ccncc34)C[C@H]2C1,0.27265243000714434
COCCc1cc(NC(=O)NC2CCc3nc2C)n(C)n1,0.0
COCc1ccc(Cn2nnnc2N2CC(C(N)=O)C2)cc1,0.0003216399325527794
COc1c(O)cc(C(=O)NCC2C3CCOCC32)cc1C#N,0.0012289121821029698
COc1ccc2nc(NCC(F)C(F)(F)F)c(C#N)cc2n1,0.001772480094731995
COc1cnc(N[C@@H]2CCN(C(=O)C3CCCC3S(C)(=O)=O)C2)nc1,0.36068045315439995
COc1nc(C)ncc1C(=O)NCC1CCN(C(C)=O)C1(C)C,0.1567949513066496
CS(=O)(=O)NCC(=O)Nc1cc(-c2ccccc2)cc(F)c1,0.0014411840101905679
Cc1cc(C(=O)N2CCC(NC(=O)CCc3c(C)noc3C)C2)on1,0.00046510357974023826
Cc1cc(C(=O)N2CCN(c3ccnc(Cl)n3)[C@@H](C)C2)cn1C,0.0014844297492709506
Cc1cc(C(=O)NC(C)CCNC(=O)c2cccnn2)cc(C)c1F,0.0004088463260950797
Cc1cc(C)c(CC(=O)N(C)C2CCN(C(=O)CC#N)CC2)c(C)n1,0.0007606388206812192
Cc1cc(CC2CCCC2N2C[C@@H](CO)[C@H](C3CC3)C2)c(C)s1,0.0012447353113074495
Cc1cc(NC(C)CN2C[C@H](C)O[C@H](C)C2)nc(CO)n1,0.00040041809595317107
Cc1cc(F)cc(C2CC2)c1NC(=O)N1C[C@H]2C[C@@H]1CO2,0.0008171538001248047
Cc1cc(F)ccc1C(=O)NCC1CN(C(=O)C2(CO)COC2)C1,0.0003008098726644527
Cc1cc(S(N)(=O)=O)cc(C(=O)NC2CC3CC(C(=O)O)CC32)c1C,0.00026685306250590947
Cc1ccc(CO)nc1NCc1ncn(C(C)(C)C)n1,0.0006568372342296245
Cc1ccc(NC(=O)CN2CCC(CNC(=O)c3ccn(C)c3)C2)cc1,0.000919721133276262
Cc1cccc(COCC(=O)N2CCC(NC(=O)c3ccncc3)C2)c1,0.00033848512471749205
Cc1cccc(NC(=O)N2CCC(c3cncn3C)C2)c1,0.0015868106095645942
Cc1cccc2oc(NC3(C)CCC(NC(=O)CO)CC3)nc12,0.0012049503028029463
Cc1ccnc(C(=O)NCc2ccc(COC(C)C)cc2)c1,0.0005166548689598209
Cc1ccsc1-c1cn(C2CN(C(=O)COC3(C)CCC3)C2)nn1,0.0006347028635761163
Cc1cnc(CNC(=O)CCc2ccc(Cl)cc2)cn1,0.00040458662004562435
Cc1cnc(NC2(CNC(=O)c3cccc(CN(C)C)c3)CC2)nc1C,0.0005440787844931485
Cc1cncnc1NC1CCCC12CN(C(=O)CCC1CCCN1C)C2,0.0012946442544470244
Cc1cocc1C(=O)N(C)C1CC2CCC(C1)N2C(=O)c1ccnn1C,0.3581721502495446
Cc1nc(C(=O)N2CC(Nc3ccnc(Cl)n3)C2)c(C)o1,0.3822853047223442
Cc1nc(C)c(C(=O)NCC2(NC(=O)C(C)C3CCC3)CC2)nc1C,0.14240289526509464
Cc1nc2c(c(C)c1CC(=O)NCc1cn(C(C)C)nn1)CCCC2,0.0004301952197016185
Cc1ncnc(N2CCC(CNC(=O)c3ccn(C(C)(C)C)n3)C2)c1F,0.0014224970253399695
Cc1ncoc1C(=O)N1CCCC(N(C)C(=O)c2ccc(C#N)o2)C1,0.3726765292505742
Cc1nnc(C(C)Nc2ncc3c(n2)SCC(=O)N3)[nH]1,0.0005176222449918514
Cc1nocc1C(=O)N1CCC2(CC1)CC(Nc1nccc(C)c1C#N)C2,0.849865597969374
Cn1cc(CC(=O)NCc2nnn(C)c2C(F)(F)F)nn1,0.00043562855505965495
Cn1cc(N)c(-c2cn(C[C@H]3C[C@H]3C(F)(F)F)nn2)n1,0.0004368739867830301
Cn1cccc1C(=O)N1CCCC(NC(=O)C2CC3(CCC3)C2)C1,0.0012992461506533138
Cn1cnnc1CC(=O)NC1(C2CCN(C(=O)c3ncccn3)C2)CC1,0.0003739106073426441
Cn1ncc(N)c1C(=O)N1CC2CCC1CN2C(=O)C1CCC1(C)C,0.00044087362874941694
Cn1nccc1[C@@H]1OCC[C@H]1COC(=O)Cc1cccc(OCC#N)c1,0.001464057565147727
N#Cc1cncnc1NC1CN(C(=O)C2=C(Cl)CC2)C1,0.4613558609752904
NCc1ccc(C2CCN(c3ncccc3C(F)F)CC2)cc1,0.0014331206983536967
O=C(COC1CCCC1)OCc1ccccc1-n1cnnn1,0.0004186969162065432
O=C(COc1ccc2ncsc2c1)N1CCC(CO)C1,0.3504624013529736
O=C(COc1cncc(Cl)n1)N1C[C@@H]2CN(c3nnco3)C[C@@H]2C1,0.4225217525103094
O=C(Cc1ccccc1OC(F)F)NC1=NCC(=O)N1,0.0008736230696308552
O=C(NC1(CNC(=O)C2CCOC2)CCC1)c1n[nH]c2c1CCC2,0.0005429534637793506
O=C(NCC1CNC2CC12)C1(c2cccnc2)CC(F)(F)C1,0.0006745754169465394
O=C(c1c[nH]nn1)N1CCCOC(CNCC2CCc3ncnn32)C1,0.00017703558971589697
O=C(c1cnsn1)N1CCC1CNC(=O)C1(C2CCCO2)CC1,0.0006455544799653914
O=C(c1ncoc1-c1ccon1)N(CC(F)F)C1COC1,0.5972267981276203
O=C1CCCc2cc(NC(=O)CNC(=O)c3ccccc3)ccc21,0.001168400863420974
O=C1CN(C2CC2c2ccccc2)C=CN1c1cccc(F)c1,0.0008664044315600502
O=C1NC(C2CCN(C(=O)c3occc3Cl)CC2)CO1,0.0005592470790728887
O=C1OC[C@@H](CO)N1Cc1csc(-c2ccc3c(c2)OCO3)n1,0.000875158531962214
C[C@@H](CO)n1cc(-c2ccccc2CNC(=O)C(C)(C)C2CC2)nn1,0.0006287787933140301
C[C@@H](Cc1c(F)cccc1F)N(C)C(=O)c1cc2c(cc1O)OCO2,0.0007620044790020836
C[C@@H]1CN(C(=O)Cc2ccco2)C[C@@H]1NC(=O)c1ccncc1F,0.0004131275949572197
CC[C@H](C)[C@@H](O)C(=O)N1CCOCC1c1ccc2c(c1)CCCC2=O,0.23304772060463064
CC(=O)NCC(C)(C)C(=O)NCc1ccccc1CN(C)C(C)=O,0.0003442940001364611
CC(=O)NCC1CCN(C(=O)NC[C@@H]2[C@H]3C[C@H]2C[C@H]3O)CC1,0.00028564544244549914
CC(C(=O)N1CCCC(C(C)NC(=O)C2CC3(CCC3)C2)C1)C1CC1,0.36358144023688865
CC(C)[C@H]1CN(C(=O)Nc2ncc(C3CCOCC3)s2)CCN1C,0.0016745656034142637
CC(C)(C#N)C(=O)NC[C@H]1CCCN1C(=O)c1cccc2[nH]cnc12,0.6826054615547478
CC(C)(C)C1(CNC(=O)C2CC2)CCN(c2ncnc3nc[nH]c23)C1,0.3995271752987896
CC(C)(C)c1nc(CN2CCN(C(=O)c3c[nH]nc3N)CC2)c[nH]1,0.00047880334257625835
CC(C)(CO)CN1CCC(Nc2nccnc2Oc2ccccc2)CC1,0.0018016739641111348
CC(C)(CO)CNC(=O)Nc1ccccc1CN1CCCCC1=O,0.001199709387510388
CC(C)(CS(=O)(=O)N1CCC12CC(C(=O)O)C2)OCC(F)(F)F,0.00043927801622545
CC(C)C(C)(C)CN1CCC(=O)N(Cc2cn(C[C@@H]3CCC[C@H]3C)nn2)C1=O,0.0005817961929275929
CC(C)CCS(=O)(=O)Cc1csc(C2CCC2)n1,0.0007103616289002813
CC(C)N(CCNC(=O)c1coc(C2CCC2)n1)C(=O)OC(C)(C)C,0.0006343863343536979
CC(C)NC(=O)CN1CCN(C(=O)CCC2CCCCO2)CC1,0.0003096172406196731
CC(C)OC(C)(C)C(=O)N1C[C@H]2[C@H](NC(=O)c3cc(N)cc(O)n3)[C@H]2C1,0.1461159908889154
CC(CCNC(=O)CNc1ccc(C#N)cc1)NC(=O)C1CC1C(C)O,0.0006494965022448518
CC(N)c1ccc(C(=O)N2CCN(C3CCOC3)CC2)cc1,0.00041578599753462766
CC(Nc1cc2[nH]cnc2nn1)C(=O)NCCF(C)C,0.0
CC(O)C(=O)N1CCCC(N(C)c2nc3c(cc2C#N)C(C)CCC3)C1,0.6538431918119185
CC1(C(=O)NCC2CC(O)(C(F)(F)F)C2)CCC(=O)N1,0.0003531351909377959
CC1(C)COCC(CC(=O)NC2CN(C(=O)c3cnccn3)C2)O1,0.12046822188777291
CC1=C(C(=O)N2CC([C@H](C)NC(=O)CCNC(=O)CO)C2)CCC1,0.00021047180183930467
CC1CC(CN2CCN(c3ccc(C#N)cc3)CC2)CN1,0.001429279136265217
CC1CC(NC(=O)c2ccnc(N)c2)CN1C(=O)[C@H]1C[C@](F)(CO)C1,0.0004922856017925038
CC1CC1C(=O)N[C@@H](C)CNC(=O)CCSc1ccc(F)cc1,0.3044392155256021
CC1CCCCN1C(=O)CCNC(=O)C1OC(=O)c2ccccc21,0.00041288040955748197
CC1CN(C(=O)C2(S(C)=O)CCC2)CC(c2ccsc2)O1,0.0006231935606123899
CC1CN(Cc2ncccn2)CC2(CCN(C)CC2)O1,0.00043158891167152766
CC1NC(=O)CCC1CNC(=O)c1ccc2c(c1)cc(C#N)cn2,0.000984538922984737
CCC1(C)CN(Cc2ncsc2Br)CCO1,0.0004993002135896449
CCC1CC1C(=O)N1CCC(NC(=O)CCc2nc(C)c[nH]2)C(F)C1,0.00036062155973797124
CCCC(C)C(=O)NCc1cnn2c1CN(CC)CC2,0.00034632770534418205
CCCN(CCNC(=O)C1=C(C)OCC1)C(=O)c1ccc(C)nc1,0.12665689898072072
CCCN1CCOCC1CNC(=O)c1ccc(C)c2occc12,0.0007288236967190127
CCCn1ccc(C(=O)N2CCN(Cc3ncc(C)o3)C[C@@H]2C)n1,0.0005065906829933609
CCCn1cccc1C(=O)N[C@H]1C[C@H](CNC(=O)c2ccoc2Cl)C1,0.25274655845662525
CCN(C(=O)CC1(CCN)COCCO2(CCCC2)C1)C(C)C,0.0
CCN(C)CCCN(C)C(=O)NC(C1CCC1)C1CCC1,0.000632100598861152
CCN(C1CCN(S(=O)(=O)N(C)C)CC1)C1CCC1,0.18472901024382474
CCN1CCC(N(C)C(=O)c2csc(S(N)(=O)=O)c2)CC1,0.0003323830697407076
CCO[C@@H]1CN(C(=O)c2cc(OC)ccc2OC)C[C@H]1CN,0.0004959831478604202
CCOC(=O)CCN(C(=O)CC1Cc2ccccc2NC1=O)C1CC1,0.5111193465443813
CCOC(=O)NCC(=O)N1CCC(NC(=O)Cc2ccccc2)CC1C,0.000322815333286099
CCOCC(=O)N1CCC(C2CCCN2C(=O)[C@H]2CCC(=O)N2)C1,0.17093719355655326
CCOc1cc(N2CCC[C@H](NC(=O)c3ccc(CO)o3)C2)ncn1,0.0006776566013973494
CCc1cncc(S(=O)(=O)N(C)CC(=O)Nc2ccccc2)c1,0.0006177823465247989
CCc1cnoc1C(=O)NC1(C)CN(C(=O)c2nc[nH]c2C(F)(F)F)C1,0.0006316824380176572
CCc1nn(C)c(C(=O)N2CCNCC(CO)C2)c1C,0.00028412115666743936
CCn1cc(C(=O)NC2CCCCN(c3nnc(C)o3)C2)cn1,0.0007772024655417317
CCn1nc(C)c(C(=O)N2CCC(NC(=O)CCC(=O)NC)CC2)c1C,0.0005277135059773554
CCn1nccc1C(=O)N1CCOCCC1COCc1ccccc1,0.0004293195506488695
CN(C(=O)NC1CC(C2CC2)C1)c1ccc(NC(=O)c2ccncc2)cc1,0.5177408080821403
CN1CCC(C)(c2nc(-c3cccc(S(C)(=O)=O)c3)no2)C1=O,0.0006481462769463911
CN1CCn2c(CN(C)S(=O)(=O)C3CCCN(C)C3)nnc2C1=O,0.00020875430748518484
CNC(=O)c1ccc(-c2nc(C3(S(C)(=O)=O)CC3)no2)cc1,0.0008602080666678299
COC(=O)[C@@H]1C[C@H]1C(=O)OC(C)CN1C(C)=CC(O)CC1,0.0002974563919753621
COC(=O)[C@H](C)c1ccc(OC(CC2CCOCC2)C2)cc1,0.0
COC(=O)N1CCN(C(=O)c2nccc(C)n2)C[C@@H]1C,0.00027063210741987744
COC1(C)CCN(CC(C)(O)c2cccc(C(F)(F)F)c2)CC1,0.0005232621604324919
COC1CCC(CCn2c(C3CC3)nnc2N2CCN(C(C)=O)CC2)CC1,0.0013028926198637824
COCC1CC2(CCN2C(=O)N(C)Cc2sccc2Cl)C1,0.0008546448647283019
COCCN(C(=O)C1CS(=O)(=O)C1)C1CCN(C)CC1,0.0003159586752132499
COc1cc(C(=O)N2CC(C)CN(c3nccnc3F)C(C)C2)n[nH]1,0.000869535922699696
COc1cc(Cl)ccc1C(=O)N1CCC(NC(=O)C2CC2F)C1,0.00039274150312449383
COc1ccc(-c2cncc(C(=O)NCC(C)(C)C(=O)O)c2)cc1,0.547710159982936
COc1ccc(O)c(S(=O)(=O)Nc2ccnn2C2CCOC2)c1,0.0008035801151949731
COc1cccc(COCC(O)CNC2CC(CSC)C2)c1,0.0005576755589398639
COc1cccc(N(CC(C)(C)O)S(=O)(=O)N(C)CCC#N)c1,0.0010592402522085272
COc1cccc(N2CCCC(NC(=O)c3[nH]ncc3C(F)F)C2)c1,0.0014324272889318834
COc1ncc(-c2noc(C(F)(F)CCN)n2)cc1Cl,0.00107063430982587
CS(=O)(=O)c1ccc(CNCc2cc(C(F)F)n[nH]2)cc1,0.0004132224352579153
CSCC(=O)NCCN(C(=O)c1nc[nH]c1C(F)(F)F)C(C)C,0.00039166122884415995
CSCC(C)(C)C(=O)NCC(O)CNC(=O)[C@H]1C[C@@H]1C,0.00026232269451243427
Cc1[nH]ccc1C(=O)N1CCC[C@@H]1CNC(=O)c1cn(CCO)nn1,0.00019081195992162278
Cc1[nH]cnc1C(=O)N(C)CC(C)(C)Nc1ncc(C#N)cc1F,0.0015737959281091607
Cc1cc(C(=O)N2CC[C@@H](NC(=O)CN3CCC3)C2)ncc1N,0.20889186635130547
Cc1cc(C(=O)NC2CCN(C(=O)c3ccn(C)c3)C2)c(F)cc1F,0.2729833545708074
Cc1cc(CC(=O)N[C@H]2CN(C(=O)C34CCC(F)(CC3)C4)C[C@H]2C)on1,0.000565422613735487
Cc1cc(CCC(=O)N2CC3(C2)CS(=O)(=O)C3)sc1C(=O)O,0.00041535228174964376
Cc1cc(CNc2ccnc(C(=O)N(C)C)c2)nnc1C(F)(F)F,0.0005593739973694788
Cc1cc(COCC(=O)NC2c3ccccc3OC2C)on1,0.00037917772739479627
Cc1cc(N[C@@H]2C[C@@H]3CC[C@H](C2)N3C(=O)c2ccno2)nc(CO)n1,0.00039133550618263496
Cc1cc(NC[C@H]2CCCN2C(=O)Cc2ccn[nH]2)c(C#N)cn1,0.0014343425818703788
Cc1cc(OCC(=O)OCCS(=O)(=O)c2ccccc2)cs1,0.0005506394836223847
Cc1ccc(-n2cnnc2)c(C(=O)N2C3CCC2CN(C)C3)c1,0.0004176010915641637
Cc1ccc(C(=O)N(C)C(C)CNC(=O)C2CCC(C(=O)N(C)C)C2)o1,0.00038126171819946397
Cc1ccc(C(=O)N2CCC(CN(C)C(=O)c3[nH]nc(C)c3O)C2)cc1,0.25216039867774787
Cc1ccc(CNC(=O)C(C)N(C)CC(O)c2ccc(Cl)cc2)cc1,0.0005662944134428994
Cc1ccc(Cc2noc(CCC3C(=O)NCCN3C(C)C)n2)o1,0.0004762223499011025
Cc1ccccc1C(=O)N(CCN(C)C(=O)C(F)C(C)C)C(C)C,0.0005254085577118385
Cc1ccnc(C(C)NC(=O)NCC2(S(C)(=O)=O)CC2)c1,0.0003120503376105144
Cc1ccnc(NCCN(C)C(=O)c2nccnc2S(C)(=O)=O)n1,0.00040686336988374254
Cc1ccoc1CC(=O)N1CCN(C(=O)c2ccc3c(c2)CC3)C[C@H]1C,0.0006512110744837026
Cc1cn2ccc(C(=O)N3CC(N4CCOC(F)(F)C4)C3)cc2n1,0.2327582247802374
Cc1cnc(-c2cccc(NC(=O)NC3(CCF)CC3)c2)[nH]1,0.001899455420861729
Cc1nc(CNC(=O)N[C@H](C)c2cccnc2)cc(N,0.0
Cc1nc2ncnn2c(NC2(CNC(=O)C3(C)CC(C)(C)C3)CC2)c1C,0.26916511790481884
Cc1nccc(N[C@H]2C[C@H](NC(=O)C(O)Cc3ccccc3)C2)n1,0.0003573508637071507
Cc1nccnc1C(=O)N(C)C[C@H]1CCCCN1C(=O)[C@H]1C[C@@H]1C,0.000695733588831003
Cc1nnc(N[C@H]2C[C@H](NC(=O)CNC(=O)c3ccc(F)cc3)C2)s1,0.23073170991671377
Cc1nnc(N2CCC[C@]2(C)CNC(=O)c2nn[nH]c2C2CC2)o1,0.0003072145924271831
Cc1nnsc1C(=O)NC1CCCN(C(=O)c2ccoc2)CC1,0.0003561385933892975
Cc1nsc(N2CCOCC23COC3)c1C(F)(F)F,0.0008109551298006061
Cn1ccc(=O)c(C(=O)NC2CCN(C3CCOCC3)CC2)c1,0.0002305919067275112
Cn1nc(O)c2c1CCN(C(=O)c1ccc(C(C)(C)C)cc1)C2,0.0004858501191530017
Cn1nccc1[C@@H]1CNC[C@H]1C(=O)N1CC(C2CCCC2)C1,0.0004195721574170144
N#CC1CNCC12CCN(C(=O)[C@@H]1C[C@@H](c3nc[nH]n3)CN1)CC2,0.0006515138659528389
N#CCc1ccnc(NC2CCN(C(=O)c3ccoc3Cl)C2)n1,0.001163015508915779
N#Cc1cnc(C2CC2)nc1N1CCC(Oc2ccccc2F)C1,0.8277165844269813
O=C(C1CCO1)N1Cc2ccccc2Oc2ccccc21,0.0010285576997692582
O=C(CC1(c2ccc(-c3ccccc3)cc2)CC1)NCC1(O)CC1,0.0006895705553110178
O=C(CCNC(=O)N1CCOCC1)Nc1cccc(-n2ccnn2)c1,0.00046981768859794465
O=C(CCn1cccn1)NCC1CN(Cc2ccns2)C1,0.0007334464874294646
O=C(CCn1ccnn1)NCC1(NC(=O)[C@@H]2CCC(=O)O2)CCC1,0.00015878353592151456
O=C(CN1CCCC(NC2(c3ccccn3)CC2)C1)Nc1ccccc1,0.0005312745041994447
O=C(Cn1cncn1)N1CC2(C1)CN(C(=O)Cc1ccccc1)CCO2,0.0002861038943497968
O=C(Cn1nccn1)NC1CCN(C(=O)C2CC(F)(F)C2)CC1F,0.0003172143702247126
O=C(N[C@H]1c2ccccc2CC[C@H]1O)c1ccc(F)c(Cl)c1,0.0005080841714791637
O=C(NC1CCCOC12CCC2)c1cnn2c1CCCC2,0.0008902239720059585
O=C(NCC(O)c1ccc(Cl)c(Cl)c1)c1cn2c(n1)CCCC2,0.0003111202870406542
O=C(NCCc1ccc(-c2ccccc2)cc1)N1CC2CC1CC2O,0.0012822293384778345
O=C(c1ccc(Cc2nn[nH]n2)cc1)N1C[C@@H]2C[C@H](C1)[C@@H]1CN2,0.0
O=C(c1ncoc1C1CCC1)N(Cc1ccc(F)cc1)CC(F)F,0.3777521584636282
O=C1NC[C@H]2CN(c3c(F)cncc3Br)C[C@@H]12,0.22937201179279107
C[C@@H](CNC(=O)C1C2CCCC21)NC(=O)Cn1ccc(=O)[nH]c1=O,0.00019738665189278305
C[C@@H](CNC(=O)c1cccc2c1OCCO2)NC(=O)c1cc(O)ncn1,0.16370079600156096
C[C@@H](O)C(=O)N1CC2(CN(C(=O)c3ccc4c(c3)CNC4=O)CCO2)C1,0.09164796193125989
C[C@H]((CNC(=O)OC(C)(C)C)NC(=O)[C@H]1COc2ccccc2N1,0.0
C[C@H](Cn1cc(C2CCCC2)nn1)NC(=O)c1cnn2c1CCCN2,0.0005699522884642763
CC[C@H](C(=O)N1CC(C)(c2cn(-c3ncccc3C)nn2)C1)N(C)C,0.0004457732554863966
CC(=O)N1CC(C(=O)N2CC(O)(CNc3nccc(C)n3)C2)C1,0.3077291358181587
CC(=O)c1ccc(CNC(=O)N2CCCC(O)C2C)cc1,0.00032483981950170483
CC(C(N)=O)N1CCN(C(=O)C(F)(F)c2ccccc2)CC1,0.00034291311618960945
CC(C)(C)OC(=O)COC1CCOCC1OC(=O)CC1COC(=O)C1,0.0003391522082066134
CC(C)(CNC(=O)Nc1ccsn1)c1ccncc1Cl,0.0006390402073604204
CC(C)(Cc1nnn[nH]1)C(=O)NCC1CN(C(=O)c2nncs2)C1,0.09676020491392631
CC(C)n1cccc1CN1CCC(S(C)(=O)=O)CC1,0.0003796601227650823
CC(CC(=O)N1CCC(OCCN)C1)C1OCCc2sccc21,0.000306239979231521
CC(NC(=O)N1CC(COC(F)F)C1)C1CCCc2sccc21,0.0006177607264060981
CC(c1ccccc1)C(CO)NC(=O)C1(N)CC2(CCC2)C1,0.0003097839250547262
CC(c1nn[nH]n1)N1CCC(N2CCN(c3ccccc3)CC2)CC1,0.00043632284666271623
CC1(C)C2CCC1(C(=O)N1C[C@@H]3CN(C(=O)[C@@H](O)CNC(C)=O)C[C@@H]3C1)C2,0.19931033989810773
CC1(C)CCC(O)C(CNC(=O)N2C3CCC2CC(CCF)C3)C1,0.0005926421623055491
CC1(C)CCC1C(=O)N1CC[C@@H](Nc2cc(=O)n3ccccc3n2)C1,0.33716175606427323
CC1CC1CC(=O)NCC1CCN(C(=O)C2(C#N)CC3(CC3)C2)CC1,0.4836878189278288
CCC(C(=O)N1CCN(C(=O)CC#N)[C@@H](C)C1)C1(O)CCCCC1,0.0009103655752066283
CCC(C(=O)NC(C)CN(C)Cc1cc(F)ccc1Cl)N(C)C,0.0006268851789279785
CCC(CC)CC(=O)N[C@@H](C)CNC(=O)c1ccc(C#N)cn1,0.0015606711376091687
CCC(CNC(=O)c1cn[nH]c(=O)c1)NC(=O)Cc1ccoc1,0.00018747911708891376
CCC(O)c1cccnc1N1C2CCC1c1cnc(C#N)nc1C2,0.0014702072356746127
CCC1CN(Cc2cc3c(OC)cccc3[nH]2)CC(C)S1(=O)=O,0.0007731315393431896
CCCC(=O)N1CCC(O)(C2(C(=O)O)CCOCC2)CC1,0.0003733955173246502
CCCC(CCC)C(=O)N(CC)C1CCN(c2cc(F)ncn2)C1,0.0011373729363365096
CCCC1(C(=O)NC(C)CN(C)C(=O)CCC2CC(OC)C2)CC1,0.0009028044177146589
CCCN1C[C@H]2CN(C(=O)c3ccc4c(c3)nnnn4C)C[C@H]2C1,0.0
CCN(C)CC(=O)NC1CCCC2CN(C(=O)c3cc(C)sn3)CC21,0.0003599883072500572
CCN(CC(=O)NC(C)(C)CCc1ccccc1)C(=O)c1cncnc1,0.0004427382191936951
CCN1CC(NC(=O)C2Cc3ccncc3C2)CC1=O,0.12441505580475654
CCOC(=O)C1(F)C[C@@H](O)[C@H](NC2CCC2c2ccc(Cl)cc2)C1,0.0006671234368402737
CCOC(=O)c1cnn(CCNC2CC(c3cccc(F)c3)C2)c1N,0.00040517936763030183
CCOC(C)C(=O)N(CCNC(=O)c1cnn(C)c1)C1CC1,0.17948718918680875
CCOC(CC)C(=O)N[C@@H]1CCCN(c2cc(O)ncn2)C1,0.0003843318939375856
CCOCc1cc(CN(C)Cc2ccc(CO)c(F)c2)ccc1OC,0.0005706827580816303
CCOc1ccc(CN(CCCC(=O)OC)Cc2cnc(C)nc2)cc1,0.0005266016308518741
CCc1c(C(=O)N2CC(CC(=O)O)OC(C)(C)C2)nnn1CC,0.00041419543626018614
CCc1ccc(C(=O)OC)cc1S(=O)(=O)N1CCCN(C2CC2)CC1,0.27163271414598816
CCc1ccc(OC2CCCN(c3ccc(C(C)=O)c(C#N)n3)C2)nc1,0.0014448898446436024
CCn1nc(C)cc1C(=O)NC1(c2ccc(C#N)cc2)CCOCC1,0.0008507046987024638
CN(C(=O)c1ccccn1)C1CCN(Cc2ccc3c(c2)COC3)C1,0.0004462745308849072
CN(C)[C@@H]1COC[C@H]1COC(=O)c1cccc(CS(C)(=O)=O)c1,0.00037226715217754614
CN(C)Cc1ccc(CNC(=O)c2cncc(C3(C)CC3)c2)cc1,0.00033740251136209795
CN(CC1CCN(C(=O)C2(O)CC2)C1)c1nc2ccccc2cc1C#N,0.001288450438596508
CN(CC1CN(c2ccnc(Cl)n2)C1)C(=O)CC(C)(C)C(F)F,0.0007241029389245059
CN(Cc1ccnc(N2CCCC2)c1)C(=O)N[C@@H]1CCC[C@@H]1N,0.0004195727745942629
CN1CC(C(=O)N2CCC(CNC(=O)C3(O)COC3)CC2)CC1=O,0.07554022574208247
CNS(=O)(=O)CC1CCCN(C(=O)c2ccc(C(F)(F)F)o2)C1,0.00043295128281171436
COC(=O)C1(OC)CCN(C(=O)c2ccccc2OCC(N)=O)C1,0.0002684285101445488
COC(=O)c1cc([C@H](C)NC(=O)c2cc3c([nH]2)CCC3)ccc1OC,0.0006895073524919723
COC(=O)c1ccc(COC(=O)C2(C(F)F)CCC2)cc1,0.0005790218064092861
COC(=O)c1ccc(NC(=O)NCc2cnc3n2CCOCC3)cc1,0.0006008434138274355
COC(C(=O)N1CCOC(CNC(=O)c2ncn(C)n2)C1)C1CCC1,0.0003447940779548623
COC(C(=O)NC1CC2(C1)CN(C(=O)c1ccn(C)c1)C2)C1CC1,0.0007622665210880718
COC(C)(C1CC1)C(C)NC(=O)c1cccnc1OCC(F)F,0.2563311627999312
COCC(=O)NC1CC2CCC(C1)N2C(=O)c1[nH]c(=O)c(C)cc1C,0.1484480929972311
COCC1(CNC(=O)[C@H]2C[C@@H]2C)CCN(C(=O)C2(O)CC2)CC1,0.0003859657101782987
COCCC(=O)N(C)C1CCN(c2cc(F)ncn2)CC1,0.0003140828297556282
COCCC(=O)N1CCCC12CCN(C(=O)C1(C(F)F)CCC1)C2,0.00044967373370701625
COc1c(C(=O)N2CCN(C)C(c3nc(C)no3)C2)coc1C,0.00029210326502687576
COc1c(C(=O)OCc2ncccc2C(N)=O)c(C(F)F)nn1C,0.00039490528183672537
COc1ccc(CCNC(=O)C2CC3(CC(F)C3)C2)cc1,0.0005353194968463968
COc1ccc2[nH]ccc2c1C(=O)N1CCC(CNC(=O)CN(C)C)C1,0.2940579718833224
COc1ccccc1C(O)C(=O)Nc1ccn(C2CC2(F)F)n1,0.001086870449058404
COc1cccnc1CN[C@@H](C)c1ccc(S(N)(=O)=O)cc1,0.0003937240106510252
COc1nccc(C(=O)NC(CCO)CC(C)(C)C)n1,0.0005197927713356259
COc1ncccc1S(=O)(=O)N1CCC[C@@H]2[C@H](O)C(C)(C)[C@@H]21,0.0005922619010885641
COc1nn(C)cc1C(=O)N1CCC(C)N(C(=O)c2cccn2C)CC1,0.0005350941394226027
CS(=O)(=O)CC(=O)NC1CN(C(=O)c2cc3cc(Cl)ccc3[nH]2)C1,0.00035554071656606067
CSCC1(CCNC(=O)NC2C[C@@H]3CSC[C@H]3C2)CC1,0.0008911735540372385
Cc1c[nH]c(CCC(=O)N2CCN(c3ccc(C)cn3)CC2)n1,0.0009239963015027009
Cc1c(N2CCN(C)C(CF)C2)cc(C#N)c2c1CCC2,0.0014577671523024933
Cc1cc(C(=O)N[C@@H]2CCCC[C@@H]2Nc2nnn(C)n2)nc(O)n1,0.0009352126555738314
Cc1cc(C(=O)N2CCc3c(cn[nH]c3=O)C2)cc(C)c1F,0.000428453831055625
Cc1cc(C)cc(C(=O)N(C)CC2COCCN2C(=O)[C@@H](C)N(C)C)c1,0.0003831970291795089
Cc1cc(C)cc(NC(=O)N2c3ccccc3CC2C(N)=O)c1,0.0011795103847647252
Cc1cc(CC(=O)N(C)CCNC(=O)[C@H](O)c2ccc(F)cc2)n[nH]1,0.0003083177371096059
Cc1cc(CCC(=O)NC[C@H](C)NC(=O)c2ncccc2F)on1,0.0003494401035934684
Cc1cc(CNC(=O)[C@H]2C[C@H]3[C@@H](C2)C3(C)C)nc(N)n1,0.00032022045134096836
Cc1cc(S(=O)(=O)N[C@H]2c3ccccc3C[C@H]2O)co1,0.0003327248671822685
Cc1cc(Br)cnc1C(=O)N1CC(C)NC(C)C1,0.0005305314962367192
Cc1ccc(-n2cc(C(=O)NC3CCCS(=O)(=O)C3)nn2)cc1,0.00042881479903464516
Cc1ccc(C(=O)N2CCC(C3CCCN3C(=O)c3cc[nH]n3)C2)n1C,0.27812443496757533
Cc1ccc(CNCc2cnc3n2CCOC3)cc1OC1CC1,0.0004996785000451256
Cc1ccc(S(=O)(=O)NC(C)(CO)C(C)(C)C)c(F)c1F,0.00044653770677749026
Cc1ccc2c(c1)CN(C(=O)C1CCS(=O)(=O)CC1)CC2,0.0005933754735855935
Cc1cccc(C)c1OCC(=O)N1CCCC1c1ncno1,0.0005439684259444516
Cc1cccc(CC(=O)Nc2ccc(C(=O)O)cc2)c1Cl,0.000772431777502113
Cc1cccc(OCC(O)CN2CC3(NC(=O)OC(C)(C)C)CC2C3)c1,0.0005212027709915039
Cc1ccccc1CC(C)N(C)C(=O)c1cccc(C(=O)O)n1,0.0005601463177505962
Cc1ccnc(N2CCC[C@@H]2CCNC(=O)c2cccnc2C(F)F)n1,0.0006430376418398191
Cc1ccoc1-c1nnc(N2CCCC3(CCCO3)C2)n1C,0.0017126780736791654
Cc1cscc1C(=O)N1C[C@@H]2CN(Cc3conc3C)C[C@@H]2C1,0.0005981475523266186
Cc1nc(C(=O)N[C@H](C)CNC(=O)C2CC23CCOCC3)cc(=O)[nH]1,0.00022216912537724863
Cc1nc(C(=O)N[C@H]2CCN(C(=O)CCC(C)(C)O)C2)c(=O)[nH]c1C,0.1390201321127446
Cc1nc(C)c(C(=O)N2C[C@H]3[C@H](NC(=O)c4cnc[nH]4)[C@H]3C2)s1,0.2720775351684402
Cc1ncc2ccc(C(=O)N3CC4CCCC3C4O)cn12,0.0005402285074936993
Cc1noc(C)c1C(=O)N[C@@H]1CCN(C(=O)C2CC3(CCC3)C2)C1,0.0007879668544242606
Cc1noc(C)c1S(=O)(=O)Nc1cnn(C2CCN(C)CC2)c1,0.0007805130887629931
Cc1noc(N)c1C(=O)NC1CC(C)N(C(=O)CC(C)C)C1,0.3318087705183977
Cc1sc2ncc(C(=O)NCC3CC(O)C34CCC4)c(=O)n2c1C,0.000372350096750011
Cn1ccc2ccc(C(=O)N3CCCCC(C4CCOC4)C3)cc2c1=O,0.35402218061486523
N#Cc1ccc(C(=O)N2CCC(c3cn([C@H]4C[C@H]OC4)nn3)C2)c(=O)[nH]1,0.22050126750963792
N#Cc1cncc(N[C@H]2C[C@](F)(CNC(=O)Cc3ccn[nH]c3=O)C2)n1,0.00034802745227982003
NS(=O)(=O)Cc1ccc(C(=O)N2CCC3(COC3)C2)o1,0.0001409924100874282
Nc1nccc(C(=O)NC2CN(C(=O)c3cccc4c3OCCO4)C2)c1N,0.17868531969991083
O=C([C@@H]1CCCN1C1CCNCC1)N1CCCC2(CCSC2)C1,0.0011706680720236882
O=C(C1CN(CC(F)(F)F)CCO1)N(Cc1ccccc1)C1CC1,0.0003937657840646708
O=C(CN1CCC2(CC1)OC(=O)NC21CC1)NCc1cccc(Cl)c1,0.0006829556122959088
O=C(CNC(=O)N1CCc2cc(F)c(F)cc21)NC1CC1,0.0006778904065718208
O=C(CNC(=O)c1cc2cccnc2[nH]1)NCCN1CCCC1,0.16262256835625188
O=C(CNC(=O)c1ccccc1Cl)Nc1ccc(C(=O)O)cc1,0.0008346867613982206
O=C(N[C@H]1[C@@H]2CN(C(=O)c3cc[nH]c3)C[C@@H]21)C1(CO)CCC1,0.0006574145008154944
O=C(NC12CCC(F)(CC1)C2)C1CCCn2ncnc21,0.0005203701330618522
O=C(NC1CC2(C1)CN(C(=O)C1CCO1)C2)c1cc(O)ccn1,0.10054678281754563
O=C(NCC(=O)N1C[C@@H](NC(=O)C2CCC2)CO1)c1ccc(F)cc1,0.0003637073446037917
O=C(NCc1ccc(-c2cnco2)cc1)NC1(C2CC2)CCC1,0.0018875877575307942
O=C(NCc1nc2c(s1)COCC2)N[C@H](CO)CCCO,0.0002834010388047811
O=C(Nc1cccc(O)c1)N1CCCN(CCc2cccs2)CC1,0.001577593997264965
O=C(Nc1nc2ccccn2n1)C1CCN2CCOCC12,0.25001401893401365
O=C(OCc1nnnn1C1CC1)c1cccc(O)c1Br,0.0003707359400766184
O=C1C[C@@H](C(=O)N2CC(Nc3ccncn3)C3(CC3)C2)NC(=O)N1,0.1507103848789357
O=C1CCN(Cc2nccc(Cl)c2Br)C1,0.19989079555900813
OC1CCCC1CN1CCC2(CCN(C(=O)OC(C)(C)C)CC2)C1,0.0004587004133786803
C[C@H](CNC(=O)C1CC(C(F)(F)F)C1)NC(=O)c1ncnn1C,0.0004478761302332691
C[C@H](CNc1nc(C#N)ncc1Cl)NC(=O)C(C)(C)OCC(=O)O,0.0010845407201432965
C[C@H]1COC(C)(C)CN1S(=O)(=O)c1cnn(C)c1Br,0.0004255073337519571
C=Cn1nccc1C(=O)NC(C)(C)C1CCCN1C(=O)c1cnsc1,0.5060269810651387
CC[C@H](NC(=O)C1CCS(=O)(=O)N1)c1ccccc1F,0.00035591078662725327
CC(=O)NCC(=O)N(C)CC(C)NC(=O)CC1COCCO1,0.00024529748684941056
CC(=O)c1cc(C(=O)N[C@@H](C)CCNC(=O)c2cccnn2)n(C)c1,0.0002144452413016991
CC(C(=O)NC1CCC(CNC(=O)c2csnn2)C1)C1CCCC1,0.2293300325204482
CC(C)(C)c1cccnc1N1CCC2(C1)OC(=O)NC2(C)C,0.0005706204382028147
CC(C)(C)n1cc(Cl)c(C(=O)N2CCNCC23COC3)n1,0.000537013224500683
CC(C)COC(C)C(=O)NC(CC(=O)O)c1ccsc1,0.0005242066880469936
CC(CNC(=O)CCn1ccc(=O)cc1)NC(=O)C1CCCO1,0.00013688177987102154
CC(CNC(=O)c1cnc2n1CCS2)NC(=O)c1ccsc1,0.0005133136583954563
CC(NC(=O)CO)C1CN(C(C)C(=O)NCc2ccccc2F)C1,0.00021243275970834254
CC(c1ccc(S(=O)(=O)N[C@H](C)C2CCCC2)cc1)S(C)(=O)=O,0.0004482251665646361
CC(c1cccnc1)N(C)C(=O)C1(O)CC2CCC1C2,0.0006073212845046947
CC1(C(=O)N[C@H]2C[C@H](NC(=O)c3cc(O)no3)C2)CC1c1ccccc1,0.0005300453167812856
CC1(C(=O)N(CCO)CC2CC2)CCC(=O)N(c2ccccc2)C1,0.0005185182318693054
CC1(C)COC1C(=O)NC1(CNC(=O)c2ccc3[nH]nnc3n2)CC1,0.12087032516543621
CC1(C)Cc2ccc(C(=O)N[C@@H]3[C@H]4CC[C@H](O4)[C@@H]3C(=O)O)cc2O1,0.0004199683621813531
CC1(NC(=O)CCc2cncnc2)CCN(CCCO)CC1,0.0007181442087697886
CC1(NC(=O)c2cc3c(cc2O)OCO3)Cc2ccccc2C1,0.45442466380736185
CC1CN(Cc2ccccc2)CCC1NC(=O)c1nn2c(c1C)CCCC2,0.0007096435751039294
CCC(C)C(OC(=O)c1cnn(C)c1Cl)C(=O)OC,0.0004988527217913307
CCC(C)CCC(=O)NC(C)CCNC(=O)c1c(C)csc1C,0.0010694400493939141
CCC(CNC(=O)CS(=O)(=O)C1CC1)Nc1cc(C(=O)OC)ncn1,0.0002698886994605233
CCC1(CNC(=O)NCC(C)N2CCc3sccc3C2)CC1,0.0007066631628849607
CCC1CC1C(=O)N(C)C(C)CCNC(=O)C1CCC1F,0.00030227400936308187
CCCC(=O)NC[C@H](C)NC(=O)c1scc(Cl)c1Cl,0.0006901558573338859
CCCC(O)C(=O)N1CC(n2ccnc2C(C)O)C1,0.00032101314727336206
CCCCc1ccc(C(=O)NC(C)CNC(=O)c2csnc2C)cc1,0.000880090774109219
CCCN(C(=O)C1CSc2ccccc21)C(C)C(=O)O,0.0004863057472299438
CCCN1CC(NC(=O)c2coc3c2C(=O)NCC3)CC1=O,0.00024027403423608888
CCCNS(=O)(=O)NC(COC)C1CCCC1,0.0004018570194964828
CCCS(=O)(=O)N1CC(C2CN(C(=O)OC(C)(C)C)C2)C1,0.0002696390881291625
CCCn1c(C)cc(C(=O)N2C[C@H]3[C@H](Nc4nccc(C)n4)[C@H]3C2)c1C,0.0007679859135859452
CCCn1cc(C(=O)NCc2cc(C)cnc2C)c(C)n1,0.000803134996492429
CCN(C)CC(=O)N1CCC(O)(CNC(=O)c2occc2C)CC1,0.00029717124867715877
CCN(C)CC(=O)N1CCCCC(CNC(=O)c2cc[nH]c2C2CC2)C1,0.0007464788592648
CCN(CCNC(=O)c1nc(=O)[nH][nH]1)Cc1nc(-c2ccccc2)no1,0.0005133367327277736
CCN1CC(C)CN(C(=O)NCCc2ncc(F)cc2F)CC1C,0.0004284240709853425
CCN1CCN(C(=O)Nc2nnc(C)s2)C(C)(C)C1=O,0.1723900849953416
CCO[C@@H]1CCCC[C@H]1NC(=O)NC(C)c1cccc(OC)n1,0.0004306536986190348
CCOC(=O)CCC1CCCN(C(=O)CCCC2CCC2)C1,0.0013062771281702333
CCOC(=O)c1coc2cc(C(=O)N[C@H]3C[C@H](C(=O)O)C3)ccc12,0.44438563101448314
CCSCC(=O)NC(C)C1(O)CN(c2nc3ccccc3s2)C1,0.387784249457413
CCc1cc(C(=O)N[C@H]2[C@@H]3CN(C(=O)[C@@H]4COC(=O)N4)C[C@@H]32)n(C)n1,0.00028848020666253775
CCc1ccc(C(=O)N2C[C@@H]3CN(C(=O)c4csc(N)n4)C[C@@H]3C2)[nH]1,0.29504700239790865
CCc1cccc(C(=O)NCCN(CC(=O)N(CC)CC)C(C)C)c1O,0.0005559552966166978
CCc1nc2cccnn2c1C(=O)N(C)CC1OCCN1C1CC1,0.00045855264232898366
CN(C(=O)[C@H]1C[C@@H]1C(F)F)C1CCN(CC2CC2)CC1,0.0003008888058422782
CN(Cc1nncn1C)C(=O)c1ccc2c(c1)OCS2(=O)=O,0.00043635607017759507
CN1C(=O)CCC1C(=O)Nc1cccc(OC2CCOC2)c1,0.0005718622997994827
CN1CCC[C@@H]1C(=O)N1CCCC(C)(NC(=O)c2cnoc2)C1,0.00040347784836959426
CN1CCC(C(C)(O)CNCc2ccncc2Cl)CC1,0.00046270591788317837
CN1CCC(NC(=O)N2CCC(c3cccs3)C2)C1=O,0.0007071869699784306
CN1CCOCC1C(=O)N1CC[C@@H](NC(=O)c2cnn3c2CCC3)C1,0.1817767302383277
CNC(=O)N(C)c1ccccc1NC(=O)[C@H](C)N2CCOCC1,0.0
CNC(=O)c1ccc(C(=O)N(C)C(CNc2ncns2)C2CC2)cn1,0.21851741760390883
CO[C@@H]1CC[C@@H]2CN(C(=O)C3(c4ccc(Cl)cc4)CC3)C[C@@H]21,0.0005530374037773763
COC(=O)[C@@H]1C[C@@H]1CNC(=O)[C@]1(C)CC[C@@H](N)CC1,0.0004606063596840348
COC(=O)[C@@H]1CCCN1C(=O)Nc1ccc2cc(C#N)ccc2n1,0.7291428586216229
COC(=O)C(NC(=O)c1cccc(Br)c1)c1cccs1,0.0006294333109215256
COC(=O)c1cccc(NC(=O)c2cc(OC(F)F)n(C)n2)c1C,0.0012087053722293728
COC(C)(C)C(=O)Nc1cc(Br)c2nc(C)nn2n1,0.0004558054747796633
COC(C)CC(=O)N1CCOC2(CCN(c3ccncn3)CC2)C1,0.0007602014982362313
COC(C)CCC(=O)N1CC(CNc2ncc(Br)cn2)C1,0.0011340618202372087
COC(C)c1cn(C2CC(C(=O)N3CCN(C(C)C)CC3)C2)nn1,0.0007074343629348119
COC1(C(=O)N2CCN(C(=O)C3(C#N)CC34CCC3)CC2)CCCC1,0.0
COC1(CC(=O)NCCc2c[nH]c3ccc(F)cc23)CNC1,0.000502668022544108
COC1CC(Nc2ccnc(Cc3ccccc3)n2)C12CCNCC2,0.001017152562928006
COCC(=O)N1CCC(NC(=O)c2cnc3snc(C)c3c2)CC1,0.0003992843639926641
COCC(C)C(=O)NCC[C@H](C)NC(=O)c1ccc2cnc(C)n2c1,0.0004405985600534757
COCC(C)NC(=O)NCc1c(OC)cc(C)cc1OC,0.00052948696894152
COCC1CCCN(C(=O)c2nn(-c3ccccc3F)cc2O)CC1,0.4550906855587069
COCCc1nsc(NCc2ccc(C(=O)OC(C)(C)C)cc2)n1,0.0006621954764640622
COc1cc(N(CCNC(=O)c2cn[nH]c2C)C2CC2)ncn1,0.00039685420776110593
COc1cc(OC(F)F)ccc1NCc1ccn2nccc2c1,0.0017688330801117684
COc1ccc([C@@H]2C[C@H]2NC(=O)[C@@H]2C[C@H]2C(F)(F)F)cc1,0.00047476868418994784
COc1ccc(C(=O)NC2CSC(C)C2)cc1S(C)(=O)=O,0.0005123030565415826
COc1ccc(Cn2cnc(NC(=O)C(C)(O)C3CCC3)n2)cc1,0.0007783447542048965
COc1cccc(O)c1S(=O)(=O)NCCc1cccc(C)c1,0.0006522557172528315
COc1cncc(-c2cn(CCNC(=O)[C@@H]3C[C@@H]4C[C@@H]4C3)nn2)c1,0.0013712392240082085
COc1ncc(Cl)c(C)c1COC(=O)c1cccc(C(N)=O)c1C,0.0006452299504222052
CS(=O)(=O)C1(CNc2ccnc3ncnc(Cl)c23)CC1,0.000666293266747652
CS(=O)(=O)CCC(=O)N[C@H]1C[C@@H](NC(=O)C2CC(F)(F)C2)C1,0.00025290998250708974
CSCc1ccc(C(=O)NC2CN(C(=O)c3ccncc3C)C2)o1,0.14819401467892332
Cc1[nH]cnc1CCNC(=O)[C@@H](C)COc1ccncc1,0.0005493467731550292
Cc1c(CC(=O)N2CC=C(c3ccccc3)CC(C)C2)cnn1C,0.0006610642242027181
Cc1c(CC(N)C(=O)N2CC3CCC(C2)O3)sc2nccn12,0.0005402411687703412
Cc1cc(C)nc(N(C)CCCN(C)C(=O)C2CC23CC(O)C3)n1,0.0004002121919401902
Cc1cc(CNC(=O)C2(O)Cc3ccccc3C2)ccc1S(N)(=O)=O,0.00024349010869518476
Cc1cc(N(C)CCNC(=O)C2CNC(=O)C2)c(C#N)cn1,0.4082447989660812
Cc1cc(N2CCC(F)CC2)ccc1NC(C)C(=O)NCC(C)C,0.001326259513732796
Cc1cc(N2CCN(C(=O)[C@@H](O)Cc3c[nH]cn3)CC2)c(C#N)cn1,0.0008302635410151776
Cc1ccc([C@@H]2C[C@H]2C(=O)N2Cc3nncn3CC2C(=O)O)s1,0.00040648684529045006
Cc1ccc(C(C)(C)NC(=O)Cc2ccncc2F)nc1,0.0004540929797088248
Cc1ccc(CC(=O)N[C@H](C)C2CN(C(=O)c3cc(CO)on3)C2)cn1,0.0003807194895643926
Cc1cnc(NC(=O)NC[C@H]2CCCC[C@@H]2O)c(C)c1,0.0006735510942223976
Cc1cncc(NC(=O)N2CC3CC2(c2ccccc2)C3)c1,0.0012578678576629623
Cc1cnn(CCC(=O)NCC(C)Nc2nc(N)nc(C3CC3)n2)c1,0.0003130535756527053
Cc1coc(C)c1C(=O)N(CCNC(=O)CC12CCC(C1)OC2)C1CC1,0.0011039407928443415
Cc1cocc1C(=O)N1CC(NC(=O)C(C)(C)c2ccccc2)CC1C,0.0007609350793345052
Cc1n[nH]c(C(=O)N2C[C@@H](NCc3cn(C)nc3C)[C@H](C)C2)c1Cl,0.0004018570572305906
Cc1nc(O)ccc1C(=O)N1CCCC(CCNC(=O)c2ccco2)C1,0.21342944337303607
Cc1ncc(C(=O)Nc2ccc3c(c2)OCC(=O)N3C)cc1C#N,0.6414663402567589
Cc1ncc2ccc(N3CCC(NC4CCC4)CC3)nc2c1Cl,0.8431209640268063
Cc1nnc(N2CCC(NC(=O)C34COC(CCO3)C4)C(F)C2)s1,0.00047840826269340597
Cc1nnn(CC(=O)NC2(C)CN(C(=O)C(F)F)C2)n1,0.0002034029759681833
Cn1cc(S(C)(=O)=NC(=O)c2ccc3c(c2)NC(=O)C3(C)C)cn1,0.0006326628975656657
Cn1ccc(C(=O)NCC2CN(C(=O)c3ccc(=O)[nH]c3)CCCO2)c1,0.0901506284205288
Cn1nc(N)cc1C(=O)N1CC(CO)(NC(=O)c2ncc[nH]2)C1,0.2405890294453844
Cn1nccc1C(O)C(=O)NC1CN(C(=O)[C@@H](O)c2ccccc2)C1,0.0002889869471645996
N#CC1(C(=O)N(CCc2nnn[nH]2)Cc2ccccc2)CC(=O)C1,0.1091110596051404
N#CCCN1CCN(C(=O)c2cnc3ccncc3c2)CC1,0.361326261963722
N#Cc1cccc(C2=CCN(C(=O)NCC(F)(F)F)C2)c1,0.0011351806496981269
NC(=O)C1CCCN1S(=O)(=O)c1ccccc1Oc1ccncc1,0.0011581989289596605
NC(=O)CC1CCN(C(=O)NC2CCCC3(CC2)OCCO3)CC1,0.0004626355770434858
O=C(CNC(=O)c1cccc2c1CNC2=O)NC1CCC1,0.12797363120714317
O=C(Cc1cc2ccccc2o1)N1CCOC2(CCSCC2)C1,0.0008493873123294284
O=C(Cc1ccc(-c2ccccc2)nc1)N1CC(C2CCNC2)C1,0.0007649880328203974
O=C(N[C@H]1CCN(C(=O)c2cccnc2O)C1)c1ccc(CO)nc1,0.13622826959416176
O=C(NC[C@H]1CC[C@H](NC(=O)c2cnco2)CC1)c1ccc(=O)[nH]c1,0.2028605996493655
O=C(NC[C@H]1CCN(C(=O)CCn2cncn2)C1)C1CCO1,0.00021918443297468283
O=C(NC1(C(=O)OCCc2ccc(Cl)cc2)CCC1)c1cc(F)c[nH]1,0.0007214818075287807
O=C(NCC1CCN(C(=O)CC2CC2)C1)c1ccnn1CC1CC1,0.0010612790566231047
O=C1CN(C(=O)c2ccc(C3CC3(F)F)cc2)C(c2ccccc2)CN1,0.0006781354341728237
O=C1NCCN(C(=O)NC2Cc3ccccc3NC2=O)C1C1CC1,0.30925963519763744
C[C@@H]1C[C@H]1C(=O)NCC(NC(=O)COC1COC1)c1ccccc1,0.0003084781792830878
C=C(Cl)CN(C)CC1CCN(C(=O)c2ccoc2)C1,0.0009454011584257682
CC[C@@H](CO)NC(=O)c1c[nH]cc1Br,0.0003785417063197518
CC[C@@H]1C[C@H]1C(=O)N1CCC2(CC1)CC2NC(=O)c1ccc(C)nc1C,0.3707511404129938
CC[C@H](C)OC(=O)c1ccnc(OC2CCOC2)c1Br,0.0006171545195618564
CC(=O)N(C)C[C@H]1CCCN1C(=O)c1ccc2c(c1)CCNC2=O,0.000303315428631356
CC(=O)N(C)c1ccc(-c2noc(C3(C)CCC(=O)NC3)n2)cn1,0.4721422368865869
CC(=O)Nc1cc(C(=O)Nc2ccnc(CO)n2)ccc1C,0.0006248024275455997
CC(=O)c1ccc(N2CCCC(NC(=O)CCn3ccnc3C)C2)nc1,0.3928168636697766
CC(C(=O)N1CC2CCOCC2C1)S(=O)(=O)C1CCOCC1,0.0002871025736349949
CC(C)(C)OC(=O)N1CCN(C(=O)N[C@@]23CCC[C@@H]2C3)C12CCC2,0.4508219619559392
CC(C)(C)c1ccccc1C(=O)N[C@H]1C[C@@H](N2CCOCC2)C1,0.0004761249677509354
CC(C)C(CCN(C)C(=O)C1(C)CC1)NC(=O)c1ccc(C#N)[nH]1,0.0006308230934084096
CC(C)C(CO)C(=O)N[C@@H]1CN(c2ncc3c(n2)CCOC3)C[C@@H]1C,0.0005955427286252854
CC(C)C1(C)CC1C(=O)NC1(C)CCN(C(=O)c2ccc(C#N)cn2)C1,0.7245051010935722
CC(C)CC(=O)N1CC[C@@H](NC(=O)c2ccnc(-n3cccn3)c2)C1,0.37109353281887575
CC(C)N(Cc1cncn1C)C(=O)N1CCC2(C1)CS(=O)(=O)C2,0.0005189350086906128
CC(C)NC(=O)C(C)NC(=O)CCc1ccc(Cl)c(F)c1Cl,0.0004520634672903793
CC(C)c1c(C(=O)N(C)Cc2cn[nH]c2)cnn1C1CCC1,0.000598592571926636
CC(C)c1ccc(NC(=O)N(C)[C@@H]2CN(C)C[C@H]2O)nn1,0.0003488226871452488
CC(CC1CC(=O)O1)NC(=O)CCn1cc(CCN(C)C(C)C)nn1,0.0002497273128200678
CC(CCNC(=O)C1CCc2cn[nH]c2C1)NC(=O)C1CCO1,0.1454705743800027
CC(CCNc1n[nH]c(=O)s1)NC(=O)c1cc(CN(C)C)on1,0.0004488332683411071
CC(CNC(=O)CCc1ccccn1)(NC(=O)CCCC1CC1)C1CC1,0.0010844854069071855
CC(CSCc1ccccc1)NC(=O)C1(CO)CCCO1,0.0003896086344854406
CC(NC(=O)c1cc(OC(F)F)n(C)n1)c1ccn(C(C)C)n1,0.0006405684892611585
CC(OC(=O)[C@@H]1CN2CCC[C@H](C2)S1(=O)=O)C1CCC(O)CC1,0.0004058860921973509
CC(F)(F)C1(CNC(=O)Cc2cc(-c3ccccc3)on2)CCOCC1,0.001562893450165709
CC(F)(F)c1ccc(C(=O)NC(Cc2cccnc2)C(=O)O)cc1,0.0005169101903413803
CC1(C(=O)NC[C@H]2CC[C@H](CNc3nnnn3C2CC2)CCCO1,0.0
CC1(C(=O)NC2CCN(C(=O)C3(C(F)F)CCCC3)C2)CCCCC1,0.15265027520691593
CC1(C)CC[C@@H](O)[C@H](NCc2ccc(-c3ccco3)nc2)C1,0.0018774763756589001
CC1(CF)CN(C(=O)c2cc3c(s2)CCCNC3=O)C1,0.3814597732697142
CC1CC(NC(=O)CC2OCCCO2)CCN1C(=O)c1ccn(C)c1,0.000711908665667062
CC1Cc2c(C#N)cccc2N1C(=O)CC1(O)CCOC1,0.0008579184313454975
CC1c2nncn2CCN1C(=O)c1cc2n(n1)CCNC2=O,0.11434639755565736
CCC(=O)NCC1CCCCN1C(=O)c1cocc1C,0.0006807532733868196
CCC(C)c1ncc(NC(=O)N2C[C@H](C)N[C@H](C)C2)s1,0.000635713064835043
CCC(O)C(F)(F)C(=O)Nc1ccnc(-c2ccccc2)c1,0.0013500296003489916
CCC(SC)C(=O)N1CCN(C(=O)c2cnc[nH]2)C(C)C1,0.0005125158593513606
CCC1(C(=O)NC[C@@H]2CCCN2C(=O)c2nccc3[nH]ccc23)CC1,0.7749324905163294
CCCC(C(=O)NCC1CCN1C(=O)C1CCCC(F)(F)C1)N(C)C,0.25342670196239714
CCCC(OC)C(=O)NCC(=O)Nc1cccc(-c2nn[nH]n2)c1,0.0010660122558060977
CCCN(C(=O)Nc1cc(OC)ccc1OC(F)F)C(C)C(=O)O,0.0010756699643624092
CCCN(C(=O)c1cc(C(=O)OC)ccc1F)C(COC)C(=O)OC,0.00040795952296518315
CCCN(CCNC(=O)C(CC)NC(N)=O)c1nnco1,0.000443772626684414
CCN(CC)S(=O)(=O)Nc1cnc2cnccc2c1,0.18268641788525566
CCNC(=O)c1cc(NCc2cccnc23CCC3)ncn1,0.0
CCOC(=O)[C@H]1CN(c2nc(CC)ns2)C[C@H]1C(=O)OC,0.35126245455371574
CCOc1cccc(NC(=O)NC2COCCNC2=O)c1,0.0004279277476148966
CCOc1cnc(C(=O)NCC2C(C)(C)C2(C)C)cc1OC,0.0005429418531114151
CCc1cc(CC)nc(NCCC2CCC(NC(=O)C3CC3)C2)n1,0.0011946444580538842
CCc1cc(Cl)cnc1NC(=O)N[C@H]1C[C@@H](C(N)=O)C1,0.0005630120304144153
CCn1c([C@@H]2CC[C@H](C(=O)N3CCCC3CCO)O2)nc2ccccc21,0.3632241962766793
CCn1cc(C(=O)NCC2CC(Nc3ccnc(Cl)n3)C2)nn1,0.0008313589326895327
CCn1cnc(S(=O)(=O)NCC(CO)Cc2cc(F)ccc2F)c1,0.0004928258915479494
CCn1ncc(NC(=O)N(C)Cc2cccc(OC(F)F)c2)c1C,0.0014635910714278064
CN(C(=O)c1csnn1)C1CCN(Cc2cccs2)CC1,0.0005575099451073923
CN(C)c1ccnc(NC(=O)C2CCC(C(F)(F)F)N2)c1,0.00041966473384221186
CN1CC(C(=O)NC2CCN(C(=O)c3ccc(=O)[nH]n3)C2)CC1=O,0.00012940375671931505
CN1CC2CN(C(=O)CCNC(=O)C3CC3)CC1C2,0.0003462992185869575
CNS(=O)(=O)N1CCN(C(=O)Cc2c(C)noc2C)CC1,0.00023154956668746895
CO[C@@H]1CCN(C(=O)Nc2ccnn2C(C)c2ccccc2)C1,0.0009293092676608696
COC(=O)C(c1cccnc1)N(C)C(=O)CCc1cnn(C)c1C,0.0004852365692434758
COC(=O)N(C)CC(=O)Nc1cccc(OCc2ccccc2)c1,0.0007022634070701337
COC(=O)c1cc(C)c(CNCC2(c3ncccc3F)CC2)cn1,0.00046261106563234394
COC(=O)c1cc(N[C@H](C)c2ccc(F)cc2)nc(N)n1,0.0006202691629744998
COC(=O)c1ccc(C(=O)NC2CS(=O)(=O)C23CCCCC3)cc1C,0.0005015896822005283
COC(=O)c1nccnc1N1CCN(S(C)(=O)=O)CC1(C)C,0.00044878800693848867
COC(C)(C)c1nsc(NCC(C)CNC(=O)C2CCCO2)n1,0.0008588033945570021
COC(C)C(=O)NC1CCN(c2cc3nncn3cn2)C1(C)C,0.00045253007329867315
COC1(C(=O)Nc2cccc(C#N)c2CS(C)(=O)=O)CCOCC1,0.533294276765878
COC1CCCC(C(=O)NCC2CN(c3ncns3)CCO2)C1,0.0005149940729733665
COCC(C)CNC(=O)N1CCN(C(C)c2ccsc2)CC1,0.0004700791052227021
COCCc1cc(NC(=O)N(C)Cc2nc(C(F)(F)F)no2)n(C)n1,0.0009162583941300925
COCc1cc(C)cc(CN2CCC(c3nnc[nH]3)C2)c1,0.0003535886056856566
COCc1cc(OC)cc(S(=O)(=O)NCC2(C)CCN(C)C2)c1,0.00028858499048031803
COCc1cnn(-c2ccc(C(=O)N[C@H]3C[C@H]4CC(CO)C[C@@H]34)cc2)c1,0.0005206393529674356
COc1cc(N(C)C(C)CNC(=O)c2ccc3c(c2)CCC3)ncn1,0.000713312006937282
COc1cc(OC)c(C(=O)NC(CC2CCOC2)C(=O)O)cc1OC,0.0005840481728356463
COc1ccc2c(c1)(CNC(=O)C13CCC(CC1)OC3)OC(C)C2,0.0
COc1cccc(CN(C)c2cccc(C#N)c2S(N)(=O)=O)n1,0.001070643329710871
COc1ccccc1-c1cn(CC(=O)NN2CCC(C(C)(C)C)CC2)nn1,0.0005654063269656121
COc1cccnc1NC(=O)N(C)CC1(O)CCOCC1,0.0006164191685092342
COc1nccc(C(=O)N2CCC(C)C2CNC(=O)CSC)n1,0.000496907032728248
CS(=O)(=O)c1sccc1CNCc1cc(C(C)(C)C)[nH]n1,0.0005866953665916206
Cc1cc(C(=O)N(C)C(C)CNC(=O)c2[nH]ncc2C#N)cnn1,0.20760628876221385
Cc1cc(C(=O)N(C)Cc2n[nH]c(=O)o2)c(C)n1C1CC1,0.00030989176465952485
Cc1cc(C(=O)NCC(C)CNC(=O)c2cnc(C#N)s2)cc(C)n1,0.000612745732762629
Cc1cc(CS(=O)(=O)NC(C(C)C)C2(CO)CCCC2)no1,0.0004303924594054803
Cc1ccc(C2=NOC(CNC(=O)C(O)(CN)C(C)C)C2)cc1C,0.0004028136639413538
Cc1ccc(CCC(=O)N2CC(NC(=O)c3nc[nH]c3C)CC2C)cc1,0.00043448793204975574
Cc1ccc(CN2CCN(c3cccc(=O)[nH]3)CC2)cc11C#N,0.0
Cc1ccc(NCC2(CNC(=O)C(F)CC3CC3)CC2)nn1,0.0005284606617177605
Cc1cccc2cc(C(=O)N[C@H](C)C3CN(C(=O)C4(C)CC4)C3)oc12,0.41103836263886623
Cc1ccnn1CC(=O)NC1CCCN(Cc2cccc(=O)[nH]2)C1C,0.00029714961452248826
Cc1cn(C)nc1CNc1ncc(C(=O)N(C)C)cc1Cl,0.001164591416321693
Cc1nc(C(=O)N2CCC(CCCN(C)C)CC2)c2ccccn12,0.0004953257603971127
Cc1ncc(C#N)cc1-c1nc(C2=NN(C)CCS2)no1,0.6663613636864643
Cc1nccc(NCC2CCN(C(=O)c3cncs3)CC23CCC3)n1,0.25834011189553663
Cc1nccn1-c1ccc(C(=O)N2C[C@@H](C)C[C@@H](O)C2)cn1,0.0008204576090845684
Cc1ncncc1C(=O)NC[C@H]1C[C@@H](NC(=O)CC(F)(F)F)C1,0.000388188303804822
Cc1nnc(N(C)CC(C)NC(=O)c2ccc(Cl)cn2)o1,0.00047065641482608517
Cc1nnc2cc(N3C[C@H]4[C@H](NC(=O)CCCC(C)O)[C@H]4C3)ncn12,0.0004943075565243122
Cc1noc(C(C)C)c1C(=O)N1CC(CNc2nnc(C(C)(C)C)o2)C1,0.001241741761751339
Cc1occc(=O)c1OCC(=O)N1CC[C@@H](NC(=O)c2cnccn2)C1,0.10701166093529096
Cn1c(CO)cnc1S(=O)(=O)Cc1cc(Cl)ccc1Cl,0.0005704993637147466
Cn1nc(C2CC2)nc1CN1C[C@@H](C(=O)O)C[C@H]2CBr)C1,0.0
N#CC1(c2ccc(CN3CCn4c(CCO)nnc4C3)cc2)CCOCC1,0.2651353571245171
N#Cc1cc(CNc2cccc(C(=O)N3CCCNCC3)c2)ccc1F,0.8106615610125811
O=C([C@@H]1CNCCO1)N1CCC(c2cn(-c3ccccc3Cl)nn2)C1,0.00047465886597709454
O=C(CC1(O)CCC1)N[C@H]1C[C@H](CNC(=O)[C@]2(F)C[C@H]2c2ccccc2)C1,0.0004197156500742718
O=C(CC1(O)CCOC1)N1CCC2(C1)CN(c1ncc(O)cn1)C2,0.3447024994945134
O=C(CC1CCC(C(F)(F)F)CC1)NCCc1nc(C2CC2)no1,0.00033259955043715
O=C(CO)NCc1ccc(-n2cc(CN3CCCC3CO)nn2)o1,0.00016524026389053465
O=C(COC1COC1)N(CC1CCOCC1)c1ccc(F)cc1,0.0014272483668074107
O=C(Cc1ccc2[nH]nnc2c1)N1C[C@H]2COC[C@H]2C1,0.0003956548829102569
O=C(N[C@@H]1C[C@H]2CC[C@@H]1N2)c1ccnn1C(F)(F)F,0.0004348767718361947
O=C(NC1(C2CCOC2)CC1)c1cccc(-n2cc([C@@H](O)C3CC3)nn2)c1,0.00043094581809293575
O=C(NCC(=O)N1CC[C@H]1C1CC1)[C@H]1C[C@@H]2CC[C@H](C1)C2=O,0.10752064317964138
O=C(NCC1CCCN1C(=O)C1CC12CC2)c1coc(CC2CC2)n1,0.0009266775228889766
O=C(NCCC1CCN(CC2CC2)C1)c1ccc(F)c(Cl)c1,0.0005402995198030149
O=C(Nc1cc2[nH]cnc2cc1F)N1CCC(C2CCOC2)CC1,0.0012309314535098531
O=C(Nc1ccc2c(c1)CNC2=O)NC1C(C(F)(F)F)C1C(F)F,0.0007906205634102363
O=C(O)[C@@H]1CC2(CC[C@H]1N(C1CC1)S(=O)(=O)N1CCOCC1)CC2,0.0008432457919104697
O=C(O)C1CN(C2COC3(CCC3)C2)C2(CCCC2)CO1,0.0006883269133399292
O=C1CC[C@H](C(=O)NC2CCN(C(=O)c3[nH]cc4c3CCCC4)C2)N1,0.20849391541286508
O=S(=O)(Cc1noc(C2CC23CCNCC3)n1)c1ccccc1,0.0008929559327820553
C[C@@H](O)[C@H](NC(=O)Nc1ccc([C@@H](C)O)cc1)C(=O)O,0.00039674481481090054
C[C@H](O)C(=O)N1CCC2CCC(NC(=O)c3c[nH]c(C(N)=O)c3)C1C2,0.00019062792342173411
C1COC(CN2CCOC3(CCOCC3)CC2)(C2CC2)C1,0.0006845227656788095
C=Cn1ccnc1CN1CCC(c2ncccc2Cl)CC1,0.001718830143565047
CC[C@@H]1CN(C(=O)CCC2CCCCO2)C[C@@H]1NC(=O)c1cccnn1,0.36689236296285044
CC(C(=O)N1C[C@@H]2CN(CCCC3CCC3)C[C@@H]2C1)c1cccnc1,0.5183866420587399
CC(C)(C)OC(=O)NC1(c2ncc(-c3ccccc3)cn2)CCOC1,0.0014337819459836487
CC(C)(C)c1nc(CN2CCC(NC(C)(C)CCO)CC2)cs1,0.0006447356464632232
CC(C)(O)CC(=O)N1CCC(C2CCCN2c2ccc(C#N)nc2)CC1,0.7423200624665528
CC(C)(O)CCC(=O)N1CCCC(NC(=O)c2ncccc2O)C1,0.18226373256146486
CC(C)C(=O)N1CC2CCC1C(Nc1ncccc1C#N)C2,0.001521596483368779
CC(C)C(C)(C)C(=O)NC1CCC(Nc2ncnc3nc[nH]c23)CC1,0.0006387774024399602
CC(C)c1ncc2c(n1)ncn2CC(=O)NC1CSC(C)C1C,0.0007078889171232126
CC(C)c1nccn1CC(=O)N(C)C(C)C1CCSCC1,0.0010342812825192855
CC(C)n1cc(CC(=O)N2CCC3(CC2)CN(C(=O)CCF)C3)cn1,0.29976021096571975
CC(CNC(=O)c1cccc(O)c1)n1cc(C2(S(N)(=O)=O)CC2)nn1,0.0002344399452213011
CC(N)C(C)(C)C(=O)NCC1(CC(F)F)CCC1,0.0006640246387890712
CC(NC1CCN(C(=O)Cc2ccco2)CC1)c1nccnc1C(F)F,0.00046333734010462857
CC(O)(CNC(=O)OC(C)(C)C)C(=O)N1CC2CC1C(F)(F)C2,0.25669835889179465
CC(O)C(=O)NC1(C2CCCN2C(=O)c2cncnc2)CC1,0.00019499343516353142
CC(O)C(=O)NCC1(CCNC(=O)c2csc3ccccc23)CC1,0.5402584046271388
CC(F)(F)C1(CNC(=O)c2cnc3[nH]ncc3c2Cl)CC1,0.0007963311953282549
CC1(C)[C@@H](O)[C@@H]2CCN(Cc3ccc4ccncc4c3)[C@@H]21,0.0007516610697383873
CC1(C)CC(Nc2ncncc2-c2ccc(OC(F)F)cc2)CCN1,0.0016546343518322477
CC1(O)CCC(NC(=O)N2CC3CNCC2C3)CC1,0.00042668180032672697
CC1CCC(CCn2[nH]c(=O)c3ccc(O)cc3c2=O)CC1,0.44762683544908666
CC1CCCC1C(=O)NCC1CCCN1C(=O)C1(CO)CCC1,0.29149991387708535
CC1CCCN(C(=O)COc2cnn(C)c2)C1c1ccccc1F,0.0006316408888407257
CC1CN(C(=O)C2(C)CCC(F)(F)C2)CC(-2CC2)O1,0.0
CC1COC(C(=O)N[C@H](C)C2CN(c3ncnc(Cl)c3CO)C2)C1,0.0008780088937722502
CCC(=O)NCC(=O)NC1CCCC1CNC(=O)C(C)CC(N)=O,0.00024893160453879503
CCC(=O)NCC1(NC(=O)c2cc(CN(C)C)c[nH]2)CC1,0.0002563256823459861
CCC(C)C(=O)N1CCCN(C2CCOc3c(F)cccc32)CC1,0.0006383417448021561
CCC(C)N(CC(=O)O)S(=O)(=O)c1cc(Cl)cs1,0.000588753485084646
CCC(CC)CC(=O)N1C[C@H]2[C@H](NC(=O)CNC(=O)c3ccco3)[C@H]2C1,0.0004077877362212205
CCC(NC(=O)Cn1cc(CCNC(=O)NC)nn1)C1CC2(CC2)C1,0.0007821218781586194
CCC(F)C(=O)N1CCN(C(=O)CC(C)(O)C2CC2)CC1,0.0003178025197420875
CCCC1(C)C(=O)NCCN1S(=O)(=O)Cc1ccno1,0.0004482276937256379
CCCN(CCNC(=O)C1CC1)C(=O)c1ccccc1SCCO,0.0005538230990284474
CCCOc1ccc(CNCc2ccc3c(c2)C(=O)NCC3)c(C)c1,0.0007888806316770898
CCCn1nc(C)c(C(=O)NCCC(CC)NC(=O)C2(F)CC2)c1C,0.22833601713515192
CCN(CC(=O)N1CC(NC(=O)OC(C)(C)C)C3(CC2)C2C2C3)C1,0.0
CCN(CCN(CC)CC1CCOC1)C(=O)c1cc2n(n1)CCO2,0.0004572333215474187
CCN(CCNC(=O)c1ccc(C)o1)Cc1ccccc1OC,0.0005633671526683548
CCN1CC(CNC(=O)N(CC2CCOCC2)C2CC2)CC1=O,0.0005129299340859096
CCN1CCC1CNC(=O)NC1CCN(C2CCOCC2)C1=O,0.000356549528012523
CCNC(=O)CCCC(=O)N1CCC1CNC(=O)c1cc(C#N)cs1,0.3885520685075902
CCOC(=O)C(F)(F)CNC(=O)[C@H]1CCCN(C(=O)[C@@H]2C[C@H]2C)C1,0.0004629851204924738
CCOC(C(=O)OCC(=O)c1c(CC)noc1CC)C1CCOC1,0.0004696363721975928
CCOC1CC(Nc2c(C#N)nnc3ccccc23)C1(CC)CC,0.8697066966288136
CCOCC(=O)N1CCC2(C1)CN(c1ncccc1C#N)C2,0.525253627486028
CCOc1ccc(C(=O)N2CC(n3ccnc3C)C2)c(OC)n1,0.0005638076476777269
CCc1cc(C(=O)N2CCC(C)(CNC(=O)C(C)(C)CO)C2)c(C)o1,0.00033182555782950557
CCc1ccc(C(=O)N2CCC3CCC(NC(=O)C(C)C)C2C3)[nH]1,0.0005818311034977378
CCc1ccc(CCS(=O)(=O)N2CC[C@@H]3[C@@H](O)C(C)(C)[C@@H]32)cc1,0.0003727949188555909
CCc1nc(C)c(C(=O)NC(C)Cc2ccoc2)c(C)n1,0.0004910103037810158
CCc1noc(C)c1C(=O)NCCc1cccc(O)c1OC,0.0007917082527089894
CN(C(=O)[C@@]1(N)C[C@H]1C(F)(F)F)[C@H]1CC[C@@H](S(C)(=O)=O)C1,0.00038361746814911344
CN(C(=O)C1(C#N)CC1C#N)C(C(=O)O)c1cscn1,0.000615494535350346
CN(C(C)(COCc1ccccc1)C(=O)O)S(C)(=O)=O,0.00028341507967626507
CN(Cc1ccccc1)CC1(O)C[C@@H]2CC[C@H]1C2=O,0.0004457128440281069
CN1CC(C)(NC(=O)c2ccc(-n3cccc3)cc2)CCC1=O,0.0007306510051563397
CN1CC(CC(=O)NC2CC3(CCN(C(=O)C(C)(C)O)CC3)C2)C1,0.00032275318360909885
CN1CCC[C@H]1C(=O)NC1(CNC(=O)CCn2ccnn2)CCCC1,0.0003663560842239579
CN1CCC(NC(=O)COc2ccc(Br)cc2C#N)=N1,0.5212865484836462
CNS(=O)(=O)CC(=O)N1C[C@@H](C)[C@@H](NC(=O)C2(C)CC(=O)C2)C1,0.07956243023898633
CO[C@]1(C(F)(F)F)C[C@H](CNC(=O)c2ccc3c(c2)C(=O)NCC3)C1,0.0005447865263703824
CO[C@@H]1COC[C@@H]1S(=O)(=O)N1CCC2(C1)CC2(F)F,0.1129275175146446
COC(=O)[C@@H]1O[C@@H](C(=O)NC(c2ccccn2)C(F)(F)F)C[C@H]1C,0.0004095294606986679
COC(=O)N1CCCC(NC(=O)N2CCOc3c(F)cccc32)C1,0.0013849599845147022
COC(=O)c1ccnc(C(=O)N(C)C(C)c2ccc(OC)cc2)c1,0.0005176723237580956
COC(C)(C)c1cn(CC(C)NC(=O)c2ccnc(C(N)=O)c2)nn1,0.00023477252069408063
COC1CN(C(=O)c2cc3ccc(C)c(C)c3[nH]2)CC1(C)C,0.0008733266682303309
COCC(C)CNS(=O)(=O)c1cccc(-c2ccccc2)c1F,0.0007139191306788972
COCC1(CCNC(=O)c2ccc(S(N)(=O)=O)c(C)c2)CCCC1,0.00039035873326390364
COCCC(=O)N1CC2CC1CN(C(=O)C13CCCC1CCC3)C2,0.001133080690952484
COCCN(C)Cc1cn(C[C@H](C)NC(=O)c2ccccc2C)nn1,0.00028318416904598827
COCCN1CCC(CNC(=O)CCn2nc3ccccn3c2=O)CC1,0.0002618339157959357
COCc1cc(NC(=O)N2CCCC2(C)CN(C)C)cc(C(=O)OC)c1,0.0012640059742529755
COc1cc(C)ccc1C(=O)NC(C)CN(C)C(=O)C(OC)C(C)C,0.2922966488352812
COc1cc(C)cnc1C(C(=O)N1CCCOC1=O)C(F)(F)F,0.0005277501645884268
COc1ccc(Br)c(CC(=O)Nc2cccnc2OC)c1,0.0007288905995512472
COc1cccc(OC)c1CN(C(=O)NCC(=O)N1CCCO1)C1CC1,0.00043251264015590216
COc1cnc(N2CCN(CCNC(=O)c3ccc(=O)[nH]c3)CC2)nc1,0.1483536255279792
COc1cncc(OC)c1NC(=O)c1ccc(C2CCOC2)cc1,0.0017920671409125172
COc1nn(C)cc1C(=O)NC1(CNC(=O)c2cn[nH]c2C)CCCC1,0.33824787330632483
COc1nscc1C(=O)N[C@@H]1CN(C(=O)C2COC(=O)N2)C[C@@H]1C,0.00027506934954688484
CSC(C)C(=O)N1CCC1CNC(=O)Cc1ccc(O)cc1Cl,0.0004530371533710423
Cc1c[nH]cc1C(=O)N1CCCN(C(=O)CC2CCOCC2)CC1,0.0007033102681608125
Cc1c[nH]nc1C(=O)NC1CC1C1CCCN(c2cc(O)ncn2)C1,0.00038455837434298533
Cc1cc(=O)c(C(=O)NCC(NC(=O)c2ccncn2)C(C)C)c[nH]1,0.1398989446146561
Cc1cc(C(=O)NCC(C)CN(C)C(=O)C2(CO)CC2)oc1C,0.00037954734422867263
Cc1cc(N2CCC(C)(NC(=O)Cc3nc[nH]c3C)C2)nc(C)c1C#N,0.0012006800536087778
Cc1cc(NC(=O)C2(F)CCOCC2)ccc1S(=O)(=O)N1CCCC1,0.40740155631750113
Cc1ccc(C(=O)N2CCN(c3nc(C)cc(C)n3)CC2C)cc1,0.0008179698114259017
Cc1ccc(CNC(C)(CCc2ccccc2)C(=O)O)nc1,0.0005105061555193012
Cc1ccc(NC(=O)N[C@@H](C)C2CC(F)(F)C2)c2ncccc12,0.0008449639898097134
Cc1ccc(F)c(CNC(=O)c2ccc3c(c2)CCCNC3)c1,0.0004467555327963533
Cc1ccoc1C(=O)N(C)CC(C)NC(=O)C(C)n1cc(CCC#N)nn1,0.00047345027892040174
Cc1ncc(NC(=O)c2c(C)ccc3c2CCC3)cc1C(N)=O,0.3449885080090185
Cc1nccc(N[C@H]2C(=O)N(C)C[C@H]2CO)c1Br,0.0005627828253898552
Cc1nn(C(C)C)c(C)c1CCC(=O)NCC(C)NC(=O)CC(C)C,0.0004523613232772131
Cc1nn(C)c(Br)c1C(=O)N1CCC2(C1)OCC1CC12,0.00048585802517840145
Cc1nnc(C(C)N2CCCC(NC(=O)c3cc(C#N)c[nH]3)C2)o1,0.0009398129655808513
Cc1noc2ncnc(N3CCC(CCNC(=O)CC(C)C4CC4)C3)c12,0.39197841372324194
Cc1oc2ccc(NC(=O)NC3CSC3(C)C)cc2c1C(=O)N(C)C,0.6096481843126502
Cn1cc(C2CSCCN2C(=O)c2cc3c([nH]2)CCC3)cn1,0.0007960426433844272
Cn1ncc(Cl)c1COC(=O)CCc1nnc(C2CC2)o1,0.000408959576918635
Cn1ncc2c(N3CCN(C(=O)CC(F)(F)F)CC3)nccc21,0.0007394079110264308
Cn1nncc1C(=O)N1CCCC1CNC(=O)Cc1cc[nH]c1,0.0003390441853573446
N#CC1(CNC(=O)Cc2cscn2)CCCC1,0.0007623849129012415
N#Cc1cc(S(=O)(=O)Nc2cnn(CCN3CCCC3)c2)ccc1F,0.0014850402624440504
Nc1c(C(=O)N[C@@H]2C[C@]3(C(=O)O)C[C@H]23)sc2ncnc(Cl)c12,0.00044688020919657253
Nc1nc(N[C@H]2C[C@@H](NC(=O)CN3CCOCC3)C2)nc(C(F)F)n1,0.00024763738575673644
O=C(CCOC1CC1)NC1CC(CNC(=O)C23CCC(C2)OC3)C1,0.15364500164949435
O=C(Cc1nnco1)N1CC2CCC(C1)N2c1ccnc(Cl)n1,0.00031800289702910655
O=C(NC12CC1COC21CCC1(CO)CO)c1ccccc1,0.00022109031447546882
O=C(NC1CC2(C1)CC2(F)F)c1snc2c(=O)[nH]ccc12,0.24855179856053308
O=C(NC1CCc2ccc(O)cc21)c1cc(Cl)ccn1,0.0005507301728170146
O=C(NC1CN(C(=O)C2(C(F)F)CCC2)C1)c1ccncc1,0.2690203365707222
O=C(NCC(F)=C1CN(c2cncc(Cl)n2)C1)[C@@H]1CCOC1,0.0011114546680364274
O=C(NCC1(CO)CC12CCC2)c1cnc(-c2ccsc2)s1,0.0006232671695285667
O=C(c1n[nH]c2ccccc12)N1CCN(CC2COCCO2)CC1,0.19137621088601836
O=C1CCC(CC(=O)N2C[C@@H]3C[C@H]2CN3C2CC2)(C(F)(F)F)CN1,0.21640461673494643
O=C1CCC2(CN(C(=O)c3c(Cl)ccc4c3OCO4)C2)N1,0.1981290077516211
OCC1(NCc2cccc(OCC3CCCO3)c2)CCC2CC21,0.0005285572763860201
OCc1cc2n(n1)CCN(C(c1ccccc1)C1(O)CCC1)C2,0.0004302464405010295
FC(F)(F)c1ccccc1Cn1cc(C2COCCN2)nn1,0.0003629030016821617
C[C@@H](CCNC(=O)c1ccnc(C2(C)CC2)n1)NC(=O)c1ccco1,0.00023201578792356685
C[C@@H]1[C@@H](NC(=O)c2ccc(OC(F)(F)F)c(Cl)c2)C1(F)F,0.0007306592632035337
C[C@@H]1[C@@H](O)CCN1C(=O)Nc1ccc(N2CCOC2=O)cc1,0.0006605301937804776
C[C@@H]1C[C@H]1C(=O)N(CCNC(=O)c1ccc(-c2cc[nH]n2)s1)C1CC1,0.0010993133342381573
C[C@@H]1CN(C(=O)CNc2ccccn2)C[C@@H]1NC(=O)Cc1cnoc1,0.0004818999959582135
C[C@H](Oc1ccc(Cl)cc1)C(=O)N1CCC[C@@H](N)[C@H]1C,0.0007796273938935182
C[C@H]1C(CNC(=O)N2CCCc3ccc(C(=O)O)cc32)[C@@H]1C,0.0009938438303956874
C[C@H]1CN(Cc2ccc(C3CC3)cc2)CCN1C(=O)c1c[nH]nc1C1CC1,0.0006419078065950959
CC[C@@H]1OCC[C@H]1C(=O)OCC(=O)N(C1CC1)C(C)c1ccccc1,0.0009583150958541352
CC(=O)N1CCC(F)(F)C(CNC(=O)CC2CC(F)C2)C1,0.0005021464441653716
CC(=O)NC1(C(=O)N2CCOc3ccc(Cl)cc3C2)CCCC1,0.0005755535700705509
CC(=O)OC1(C(=O)NC[C@@H](C)NC(=O)COc2ccc(C)cc2)CC1,0.00038700237014661963
CC(C(=O)N(C)CC(C)(C)O)n1cc(-c2cnsc2)nn1,0.0007581174796424419
CC(C(=O)N1CCCC1)N(C)C(=O)c1cccc(CN(C)C)c1,0.0003691749619307494
CC(C)(CF)C(=O)NC[C@@H]1CCCCN1C(=O)[C@@H]1[C@H]2CCCC[C@H]21,0.0007034197943966434
CC(C)(O)CN1CC[C@@H](Nc2nc(C3CC3)nc3[nH]ccc23)C1,0.000810059833121242
CC(C)C(=O)NC1CCN(C(=O)c2ccc3c(c2)OCC3)C12CCC2,0.000624995311058875
CC(C)N1CCN(Cc2ccc(N3CCC4(CCNC4)CC3)cc2)CC1,0.0016757937538129338
CC(CN(C)C(=O)CC1CCCC1)NC(=O)c1cccc(Cl)c1,0.0010798027357347216
CC(CNC(=O)COc1ccon1)NC(=O)CCc1ccsc1,0.00042964729112347257
CC(O)(CNC(=O)c1cncc(OCC(F)F)n1)C1CCCC1,0.0005292128143656851
CC(O)C(F)(F)C(=O)NCC1(Nc2ncns2)CCCC(C)(C)C1,0.0011555847853119733
CC1(C(=O)NCCC(N2CCN(c3ncccn3)CC2)C(=O)O)COC1,0.0005578409238719411
CC1(C)[C@H]2C[C@H](C(=O)N3CCCC(c4cccnc4O)C3)C[C@H]21,0.00040880100641816985
CC1(C)OCCOC1C(=O)N1CCc2ocnc2C1c1ccccc1,0.0004644725495686167
CC1(CC(=O)NCC(F)(F)c2ccccc2)CCNC1,0.0006014111275171722
CC1(CNC(=O)c2cccnn2)CCN(C(=O)C2(C)COC2)CC1,0.10652109349154236
CC1(CNc2cccc(F)c2C#N)CCCCC1O,0.0018445143670898566
CC1CC(=O)Nc2ccc(S(=O)(=O)N(C)c3ccc(F)cc3)cc21,0.0007924944678654024
CC1CC(N[C@H](c2ccccc2)C(F)(F)F)CC(C(=O)O)C1,0.0005122027397551987
CC1CC(N2CCOCC2)CN1C(=O)NCc1ccc2c(c1)CCO2,0.0005469108547151863
CC1CCN(CCNC(=O)C2CC3CC(=O)CC(C3)C2)CC1,0.0002774988759970737
CC1CN(C(=O)C2(C3CC3)CC2)CC1NC(=O)c1ccn2ccnc2c1,0.0015460034895875394
CC1OCCC1C(=O)N(CCC1(O)CC1)Cc1ccccc1,0.0006882786794997125
CC1c2ccc(Cl)n2CCN1C(=O)Cc1ccon1,0.0005020605543273422
CCC(C)(O)c1cn(CCC(=O)N2CC3CC(=O)CC3C2)nn1,0.00018754906164122133
CCC(C)CC(=O)N(CC)CCNC(=O)c1csc(C(C)C)n1,0.0006285721558012337
CCC1CCCC(C(=O)NC(Cc2ccccc2OC)C2CCCO2)N1,0.000764667009980256
CCCC(=O)NCCN(Cc1ccccc1)C(=O)CC1(CO)CCC1,0.0005741420482756977
CCCc1nc(C(=O)N2CC(CNC(=O)C3CCCCO3)C2)cs1,0.00046833220774219916
CCN(CC1CCN(C(=O)C2CCC2)CC1)c1ncnc2c1CCCC2,0.0013001647390103288
CCN(CCNC(=O)c1ccc2cc[nH]c2c1)C(=O)C1CCC(=O)N1,0.0004197319206018793
CCN1CCO[C@H](CNC(=O)CCc2ccc(O)cc2)C1,0.00033621000983942364
CCNc1ccc(CNC(=O)N2CCOc3ccc(CN(C)C)cc32)cc1,0.7448237514675313
CCOC(=O)C[C@H](NC(=O)c1cnc(-c2cccs2)s1)C1CC1,0.6811722532904356
CCOC(=O)Cn1cc(C2(C)CN(C(=O)c3ccc(C)c(C)c3)C2)nn1,0.0008581558543136837
CCOC(=O)c1cnccc1NC[C@@H](C)NC(=O)C(F)CC1CC1,0.00045002904867678787
CCOC(=O)c1coc(CN(C)Cc2cn(C3COC3)nn2)n1,0.0002917531016847496
CCOC1CC(N)(C(=O)N2CCOC3(CCNCC3)C2)C12CCCC2,0.0004564024473046963
CCOCC(=O)N1CC2(CNC(=O)C3(C(F)F)CCC3)CC1CO2,0.16437503698295777
CCOc1cccc(CCN2C3C=C(C2)c2cncnc2C3)c1,0.001735973856172335
CCc1cc(N(C)C(C)CCNC(=O)C2(C)COC2)nc(Cl)n1,0.0007931118940726325
CCn1cccc1C(=O)N1C2CCCC1CN(C(=O)c1cnoc1)C2,0.0004615393120161657
CN(C(=O)COC1COC1)C1CS(=O)(=O)N(Cc2ccccc2)C1,0.00037728997457882525
CN(C(=O)N1CCc2cccc(F)c2C12CCC2)c1ncnn1C,0.0013079313993160967
CN(C)S(=O)(=O)NC(=O)c1cc2ccccc2n1C,0.00040207115173824
CN(CC(C)(C)CNC(=O)C1(C)CCC(=O)NC1)C(=O)c1ccco1,0.137501695296931
CN(Cc1nccn1C(F)F)C(=O)C12CC1CCC2=O,0.0002659726840691462
CN1C(=O)[C@H](NC(=O)NCC2CC(F)C2)CC12CCC2,0.00038114778786997356
CN1CC(O)CC1(C)C(=O)NCc1ccnn1CC1CCC1,0.0005275195563459282
CN1OCC(NC(=O)N2CCCC(C)(F)C2)C1c1ccccc1,0.0004912543632379222
CNC(=O)C(C)(C)NS(=O)(=O)c1ccc(C(=O)NC(C)(C)C)cc1,0.00033559060199485965
CNC(=O)NCC(=O)N1CCC(CCNC(=O)c2cscn2)C1,0.224643018381354
COC(=O)[C@@H]1C[C@@H]2CCC[C@@H]2N1Cc1nnc(C2CCC2)o1,0.000907349182353668
COC(=O)[C@H]1C[C@@H](OC)CN1C(=O)CC1=NO[C@@H]2COC[C@H]12,0.00014743069322175473
COC(=O)c1ccc(N2CCCC(NC(=O)c3ccoc3)C2)nc1C,0.3788556912177164
COC(=O)c1ccc(S(=O)(=O)N2CCC(C)(C(C)(C)C)C1)c(F)c[nH]c1,0.0
COC(C)CCC(=O)N1CC2CCC(C1)N2C(=O)c1nocc1C,0.16400639408649584
COC1(C(=O)NC[C@@]2(F)CC[C@H](C(=O)O)C2)CCCC1,0.0004100039242034789
COC1(C(F)(F)F)CC(OC(=O)Cc2cccc(O)c2)C1,0.0006519942639114993
COC1(CS(=O)(=O)N2CCC(N3CCC(F)(F)C3)CC2)CCC1,0.00048087348441723185
COC1CC(CCC(=O)N[C@H]2CCN(C(=O)CC3CCCCC3)C2)C1,0.5130137918683503
COC1CC2(C1)CN(C(=O)[C@@H](NC(N)=O)[C@H](C)c1ccccc1)C2,0.00030956428091915666
COCC(=O)N1C2CCC1CN(C(=O)COc1c(C)cccc1C)C2,0.0003472111449173118
COCC(OC)C(=O)N1CC2(CNC(=O)C3CCC3F)CC1CO2,0.00026744796209650986
COCC1CCCN(S(=O)(=O)CC(C)(C)C#N)CC1,0.0010805562312071223
COCc1nc(C(=O)N2CCC3(NC(=O)C(C)C4CC4)CCCC23)n[nH]1,0.0003232334573895595
COc1c(NC(=O)[C@H](C)c2ccccc2)cccc1C(=O)O,0.0009527591077910424
COc1ccc(CN(C)Cc2cccc(N)n2)cc1OC(F)F,0.0008624713991399446
COc1cccc([C@H](CO)NC(=O)N2CC(=O)Nc3ccccc32)c1,0.3413736072946187
COc1cccc2c1N(C(=O)Nc1ccn(C(F)(F)F)n1)CC2,0.40915351245383536
COc1ccnc(OC)c1C(=O)N1CCCN2c3ccccc3CC2C1,0.0011187272028560047
CS(=O)(=O)C[C@H]1C[C@@H](NC(=O)Nc2cnoc2-c2ccco2)C1,0.7017593443426362
CSC1(C(=O)N2CC(C)C(CNc3cc(CO)ncn3)C2)CC1,0.000300858881689032
Cc1[nH]cnc1CC(=O)N1CC[C@H](NC(=O)Cc2ccccc2)C1,0.0003456996191518428
Cc1c([C@@H]2[C@@H](NC(=O)Cc3ccc(O)c(F)c3)CC(=O)N2C)cnn1C,0.000434952351443407
Cc1c(NC(=O)N(CCN)CCN)cccc1C(=O)N1CCOCC1,0.00042682462803561355
Cc1cc(C(=O)NC2(CNC(=O)c3ccccc3CO)CC2)n(C)n1,0.0004646258401701058
Cc1cc(C(=O)NCC(NC(=O)c2ccc(F)cc2)C2CC2)oc1C,0.3555468568455334
Cc1cc(C)n(C)c(=O)c1CNC(=O)N[C@H](C)CS(N)(=O)=O,0.00026276871205287936
Cc1cc(NC(=O)NC2CC23CCCC(C)C3)nnc1C,0.0005755766033604571
Cc1cc(Cl)c(CNCC23CC2(C(=O)O)C3)cc1C,0.0005547882940003161
Cc1ccc(-c2nc(CC(=O)N3CCS(=O)(=O)CC3C)c[nH]2)cc1C,0.0013056421577355975
Cc1ccc(C#N)c(N(C)CCNC(=O)C(C)(C)c2ccncc2)n1,0.0010834146883414713
Cc1ccc(C2=NOC3(CC(=O)NCC4CC(C)=NO4)CCCC23)cc1,0.0005561221794356074
Cc1ccc(N2CCN(C(=O)C34COC(C3)C4)CC(C)(C)C2)s1,0.0009626552518777078
Cc1ccc(NC(=O)NC2CN(c3ccccc3)C2)cc1C#N,0.0015587859865145491
Cc1ccc2cccc(C(=O)N3CC(CNC(=O)[C@H](C)O)(C(C)C)C3)c2c1,0.31602088623089364
Cc1cccc(C(=O)NC[C@]2(C)CCCN2C(=O)c2cc[nH]n2)c1,0.253127462284544
Cc1cccc(OCC(C)NC(=O)c2ccnc3c2CNC3)c1,0.0004841459813581266
Cc1cccn2nc(C(=O)N(C)[C@H]3COC[C@H]3O)cc12,0.0002230485062376515
Cc1nc(CN(C)C(=O)N2CC3CCCC(C2)C3(F)F)no1,0.0010123031515449235
Cc1nc(N(CCCO)C2COC2)cc(-c2ccccc2)n1,0.25804497468644
Cc1nc(N)nc(NC(C)(C)CNC(=O)c2cc(C3CC3)nn2C)n1,0.0009651713718009338
Cc1ncn(C)c1C(=O)NC[C@H](C)NC(=O)[C@H]1CNC(=O)N1,0.00019604410316521745
Cc1nnsc1C(=O)N[C@H]1C[C@H](CNC(=O)C(C)C2CCC2)C1,0.14898846889232534
Cc1noc(C)c1C(=O)N[C@H](C)CNC(=O)c1cccc(C(F)F)n1,0.2450499880274006
Cc1sc(CCN)nc1C(=O)NCC1CCC(c2ccccc2)O1,0.0007546470566281246
Cn1ccc(-c2cn(CC(=O)NC3CC4(CCNC4=O)C3)nn2)n1,0.000660702552937985
Cn1cnc(C(=O)NCC2(C)CCN(C(=O)C(C)(O)C3CCC3)CC2)n1,0.00035861000869828204
Cn1ncc(C(=O)N2CCOC3(CCSC3)CC2)c1N,0.0008977180041361534
Cn1ncc(C(=O)NC2(C)CCN(c3ncncc3Cl)CC2)c1N,0.0012466844163900156
Cn1nncc1CN1CCC(CNC(=O)c2ccc(=O)n(C)n2)C1,0.00016489431983048172
N#CC1(OCCn2cc(CCC(=O)Nc3cc(F)cc(F)c3)nn2)CC1,0.0014726583119761055
N#Cc1ccc([C@@H]2CC[C@H](C(=O)NC[C@@H](O)C(F)(F)F)CO2)cc1,0.0004196825923111835
N#Cc1ccc(C(=O)NC23CCCC2CCC3)c(=O)[nH]1,0.5808718583275537
NC(=O)C1CCC(CNC(=O)c2ccc3ccccc3c2O)CC1,0.3366201827544067
NC(=O)c1cc(F)cc(C(=O)NC(CNC(=O)C2CC2)C2CC2)c1,0.33072117273145635
NS(=O)(=O)c1cc(C(=O)N2CCC[C@@H]2C2(O)Cc3ccccc32)co1,0.0004347041623339088
O=C(CC1CCC(O)C1)N1CCOc2cc(Cl)ccc21,0.0012959975434326922
O=C(CCc1c[nH]nn1)NC1CC12CCN(C1CCCNC1=O)CC2,0.15783970879053272
O=C(CN1C(=O)c2ccccc2N2CCC[C@H]2NC1=O)NC1CC1,0.0008337772368736357
O=C(NC1CCc2ccccc2C1)c1ncnc2c1CCC2,0.0006519010682916426
O=C(Nc1cn(CCc2ccccc2)nn1)C1CCC2CNCCC2C1,0.000669935429250711
O=C(OC1(c2ccccn2)CC1)c1ccc2c(c1)C=CC2,0.8810428186450204
O=C(c1ccnn1CCn1cc(C2(F)COC2)nn1)N1CC2(CC2)C1,0.00043782865759879396
O=C1CC(C(=O)N2CCC3(CC(NC(=O)c4ccccc4)C3)C2)CN1,0.16142523591757263
O=C1NCCCCc2cc(C(=O)N(CC3CC3)CC(F)(F)F)[nH]c21,0.26040813344357955
C[C@@H](CNC(=O)c1sccc1CN(C)C)NC(=O)[C@H]1C[C@@H]1C,0.0004374258043029855
C[C@@H](NC(=O)C12CC1C2)C1CN(C(=O)[C@@H](O)Cc2ccccc2)C1,0.00022283247119653883
C[C@@H]1COC[C@H]1OC(=O)CCCc1nn(-c2ccccc2)nc1Cl,0.0007905889184088393
C[C@H](NC(=O)c1ccnc(C2CC2)c1)c1ccc(F)cn1,0.0003388309513665409
C[C@H](O)C(=O)N1CC2(CC2)CC1CNC(=O)CC(O)CN(C)C,0.0002445138964511832
C[C@H](O)C(=O)NC1CN(C(=O)c2nc(-c3ccccc3)cn2C)C1,0.0004478390721485345
C(Cc1nocc1CNCc1nnnn1CC1CC1)OC1CCC1,0.0003576552342049128
CC[C@H]1CC[C@H](NC(=O)c2cccc3nc(OC)ccc23)CC1,0.5093875352962937
CC(=O)C(C)(C)CCC(=O)NC(CNC(=O)C1(C)CC(C)C1)C1CC1,0.11012435547329702
CC(=O)N[C@@H](Cc1c[nH]cn1)C(=O)Nc1ccc(C2=NC(C)=NC2)cc1,0.5916030466531688
CC(C(=O)NCC1CN(C(=O)c2ccncn2)CCN1C)n1cccc1,0.00029193728974609613
CC(C)(C)c1ccc(NC(=O)N2CCCC2C(=O)O)cc1,0.0010912155535615648
CC(C)C(C(=O)NC1CN(Cc2cccnc2)CC1(C)C)c1nc[nH]n1,0.0005985160020752778
CC(C)C(C)C(=O)N1CC[C@H](NC(=O)c2cc(O)ccc2F)C1,0.0005218851758409071
CC(C)C(NC(=O)NCC1C2(CC2)C12CC2)c1nncn1C,0.000504321130682668
CC(C)C1=NOC(C(=O)N2CCN(C(=O)C3(C#N)CCC3)CC2)C1,0.0006607271446751834
CC(C)N(C)C[C@H](O)CN1CCC(c2nccn2C)C1,0.0006026356318704588
CC(C)OCCC(=O)N1C[C@H]2[C@H](NC(=O)c3ccccc3Cl)[C@H]2C1,0.000418561564185773
CC(CC(=O)NC1CN(C(=O)c2cnc3n[nH]c(=O)n3c2)C1)C1CC1,0.00030131698619475876
CC(CCNC(=O)c1ccc(F)c(Cl)c1)NC(=O)c1ccncn1,0.00046612673566117263
CC(CN(C)C(=O)c1cnnc(Cl)c1)NC(=O)c1n[nH]c(N)n1,0.00035239773121854725
CC(CNC(=O)C1CC(=O)N(C)C1)n1cc(-c2ccc(F)cc2)nn1,0.00039637826857731546
CC(Cc1ccccc1O)NC(=O)[C@@H]1C[C@@H]2CCCN2C(=O)N1,0.0003422386944126954
CC(Cn1cccn1)C(=O)NC1C2CCCC1CN(C(=O)[C@H](C)O)C2,0.0003260111657051252
CC(N)CC(C)NC(=O)N1CCN(c2ccccc2Cl)CC1,0.001094013409536023
CC(O)(C(=O)N[C@@H]1CCN(C(=O)Cc2cccs2)C1)C1CCC1,0.0004979784435146094
CC(O)C1CC1C(=O)N[C@H]1CCCCN(C(=O)c2ccc(O)cn2)C1,0.0004487600645966024
CC1CC(=O)CCC1C(=O)N1CCC(n2nc(C3CC3)nc2O)C1,0.00023226417157077016
CC1OC(=O)NC1C(=O)N1CC[C@H](NC(=O)CC2CCCC2)C1,0.1859991489278332
CCC(C(=O)Nc1cc(C#N)c(F)cc1C)N1CCCC1=O,0.0015432614178444838
CCC(CC(=O)N[C@H]1C[C@@H](CNC(=O)c2cc(O)n(C)n2)C1)C1CCC1,0.00032370802779091825
CCC(CC(=O)N(C)C[C@@H]1CCCN1C(=O)C(C)COC)C1CC1,0.00030596949102254983
CCC(F)(F)C(C)(C)C(=O)N1CCC1CNC(=O)c1csc(C)c1,0.0005873686786287861
CCC1(C(=O)NCC(C)(O)C2CC2)CN(C(=O)OC(C)(C)C)C1,0.0004697605667110443
CCCC(=O)N(C)C1CCN(Cc2cc(C(=O)O)ncn2)CC1,0.00035498152069280396
CCCC(=O)N1CCCC1(CNC(=O)c1cncc(C(=O)OC)c1)C1CC1,0.001066947996511194
CCCC(=O)N1CCN(C(=O)c2ccnc3nn[nH]c23)C[C@@H]1C(C)C,0.20252924985904514
CCCCC(C)C(=O)N1CC(C)C(NC(=O)c2ccc(C)c(O)c2)C1,0.0005783139896701237
CCCN(CCNC(=O)CC(c1ncc[nH]1)C(C)C)CC(N)=O,0.0005833870799527302
CCCc1ccc(C(=O)N(C)CCNc2ncnc3c2CCCC3)[nH]1,0.0009655788565066475
CCN1CCC(CNC(=O)CN(C(C)=O)c2ccc(C)cc2)CC1,0.35765625260309913
CCOC[C@@H](C)NC(=O)N(C)[C@@H](C)c1ccc(Br)cc1,0.0005030959550433496
CCOC(=O)c1ccc(NS(=O)(=O)NC)cc1Br,0.0005077821848979894
CCOC(C(=O)NCC(C)(C)CN(C)C(=O)C1(F)CCC1)C1CC1,0.0004176393936180281
CCOc1ccc(NC(=O)c2ccc3c(c2)CNCC3)cc1CO,0.0010475454070018016
CCS(=O)CC(=O)N1CC(NC(=O)C(C)(C)CSC)C1,0.0003147616472955482
CCS(=O)CC(=O)NC1(CNc2nccc(C#N)n2)CCC1,0.25511451390161327
CCSCc1ccc(NC(=O)N(CC)CC(=O)O)cc1,0.0005719891834669684
CCc1c(C(=O)N2CCCC(O)(CC)C2)sc2cccnc12,0.30612906975901777
CCc1nc(C(=O)N2CCSc3ncccc32)c(N)s1,0.32778473890528487
CCc1noc(C(=O)NC(C)(C)CNc2nccc(C(F)(F)F)n2)n1,0.000847508041687979
CCn1cc(C(=O)NC23CCCCC2N(c2nnnn2C)CC3)cn1,0.0010769326726401682
CN(C)C1(C(=O)NCC2CN(c3ncc(F)cn3)CC3(CCC3)O2)CC1,0.0003116729798370733
CN(C)S(=O)(=O)N1CCCN(C(=O)c2cc(C(F)F)on2)CC1,0.18566213695215852
CN1C(=O)CC(c2nc(Cc3ccc(F)cc3)no2)C1C(F)(F)F,0.0005820316266839804
CN1C(=O)CCC1CC(=O)N1CCC(CNC(=O)C(C)(C)C)C12CC2,0.23963193433380717
CN1CC[C@H](C(=O)Nc2cc(C3CCC3)nn2-c2ccccc2)C1,0.001198383282342049
CN1CC(O)CN=C1N1CCOCC2(CCOCC2)C1,0.0002799976916796291
CN1Cc2c(NC(=O)[C@@H]3OCC[C@@H]3N)cccc2C1=O,0.27961472625326356
CNC(=O)c1ccc(NC(=O)CCC2CCC(=O)N2)c(C)c1,0.0004352753766262467
CO[C@H](C)C(=O)NCC(C)(C)C1CCN(C(=O)C2(F)CC2)CC1,0.0004753393867884449
COC(=O)CC1(C2CCN(C(=O)CC3(CCN)COC3)CC2)CC1,0.00047656240777563675
COC(=O)c1ccncc1S(=O)(=O)NC1(c2ccccc2)CC1,0.00048811128540737346
COC(=O)c1nccc(N[C@H](C)CNC(=O)c2ncc(C)cc2C)n1,0.20487396550838488
COC1(C(NC(=O)N(C)C2CCN3CCOC2C3)C(=O)O)CCC1,0.13513077533980095
COCC(=O)N[C@@H]1C[C@@H]2CC[C@H](C1)N2C(=O)c1ccc(CC2CC2)cc1,0.0007974871909540459
COCCN(CCNC(=O)c1nc(=O)[nH]c(=O)[nH]1)C(=O)c1cn[nH]c1,0.0001479381672395943
COCc1ccc(CNC(=O)c2ccc(=O)n(Cc3ccccc3)c2)o1,0.0006247067845263874
COCc1cn(C2CC(C(=O)N3CCC34CCCC4)C2)nn1,0.0012665173942383336
COc1cc(C(=O)NCC(C)N(C)c2nccnc2F)cc(OC)c1C,0.001218151189627075
COc1cc(C(C)=O)ccc1OCCN1CCOCC1CC1CC1,0.350018659918367
COc1cc(Cl)ccc1C(C)NCc1cc(C)n[nH]1,0.0006682861859791988
COc1ccc(S(=O)(=O)NC(=O)CN(C)C(=O)C2CC2)cc1Cl,0.0003577672191900044
COc1cccc(N2CCC(NC(=O)[C@@H]3CC[C@H]4CC[C@H]3O4)C2)c1,0.0010372429788208723
COc1ccccc1OCc1cn(C[C@H](C)NC(=O)CCC(C)C)nn1,0.0005783730460539644
COc1ncc(C(=O)N2CCOC(CNC(=O)c3ccnnc3)C2)cn1,0.11500538066774796
COc1nccc(S(=O)(=O)Nc2ccc(C(C)=O)cc2)c1Cl,0.4105673452362227
CSCC[C@H](NC(C)=O)C(=O)N1CCC2(C1)CS(=O)(=O)C2,0.0002484424241546726
Cc1c(-c2ccc(N3CCOCC3C(C)(C)C)nn2)ccnc1N,0.42465096657831164
Cc1c(C(=O)N[C@H]2CCCN(C(=O)c3cnccn3)C2)ccn1C,0.285416236499834
Cc1c(NC(=O)NCc2cccnc2OC(C)C)cccc1C(=O)N(C)C,0.001000426100169271
Cc1cc(C(=O)NCCC(C)N(C)c2nc(C)cc(C#N)n2)nn1C,0.0007646166501246729
Cc1cc(C)c(CNS(=O)(=O)CCCN2CCN(C)CC2)cc1C#N,0.0007159928289040201
Cc1cc(CC(=O)NC2CCCC2CNC(=O)c2ccco2)sn1,0.0004132374861423367
Cc1cc(N[C@H]2CCN(C(=O)[C@@H]3CCCO3)C2)nc(C(C)(C)C)n1,0.0007255629645558604
Cc1cc2ncnc(N3CCC(C(F)C4CC4)CC3)n2n1,0.00047802810644778204
Cc1ccc(C(=O)NC(C)(C)CNc2nnc(C(F)F)o2)n1C,0.001115909175882542
Cc1ccc(C(=O)NC2CC23CCN(C(=O)C2(C#N)CC2)CC3)o1,0.5077875836124303
Cc1ccc(C(=O)O)cc1S(=O)(=O)NCC(=O)C1CCC(F)(F)C1,0.000528817827682179
Cc1ccc(CNC(=O)[C@@H]2CC3(CN2)CC3(F)F)cc1C#N,0.0006406537632477524
Cc1ccc(CNC(=O)NCC2(CO)CC23CCC3)c(N2CCCC2)n1,0.00021218268969423748
Cc1ccc(N2CCCN(C(=O)C3CCN(C4CC4)CC3)CC2=O)cc1,0.0007624008848705476
Cc1ccc(OCCN2CCN(C(=O)c3cc4n(n3)CCO4)CC2)cc1,0.13777935620082607
Cc1ccc2sc(N[C@H](C)CNC(=O)C3CCOC(C)C3)nc2c1,0.001881084530034068
Cc1cccc(C(=O)NC[C@H]2CCCN2c2ccc(C#N)nc2)n1,0.0013288233386030662
Cc1ccnc(C(=O)N(C)C(C)CCNC(=O)c2ccc(CO)o2)c1,0.0003884534258566031
Cc1ccnc(C(C)(C)CNCC(O)Cc2ccccc2)c1,0.0004377492190990844
Cc1ccncc1C(=O)NC(C)CCNC(=O)c1ncc(Cl)n1C,0.0003140460670648704
Cc1cnc(C(=O)N2CCN(CC(=O)NCC(C)(C)C)CC2)c(C)c1,0.3041671392136434
Cc1cnc(N2CCCC2(C)CNC(=O)c2coc(CC3CC3)n2)nc1,0.0014961344543977227
Cc1cnc(NC(=O)N2CCCC3(CC3C(=O)O)C2)nc1C,0.0005096683130874249
Cc1cnc(NCC(NC(=O)c2ncsc2C)C2CCCC2)nc1,0.0017221301601500353
Cc1cnoc1C(=O)NC1CCN(c2ncnc(Cl)c2CO)CC1,0.00044658019783943626
Cc1n[nH]c(C)c1CCC(=O)NC1CCN(c2ccc(C#N)cn2)C1,0.0011458401942987487
Cc1nc(C(=O)NCCN(C)C(=O)c2cscc2Cl)co1,0.00046508835356771433
Cc1nc(CC(C)C)c(C(=O)NCC(C)N2CCOCC2)s1,0.00048782562704075206
Cc1nn(C)c(NC(=O)[C@@H](N)CC2CCCCC2)c1Cl,0.0004550040417980403
Cc1nn(C)cc1-c1cn(CCC2CN(C(=O)C(C)C(C)C)C2)nn1,0.0008761153897533787
Cc1nnc(N[C@@H]2CCN(C(=O)c3ccc(=O)n(C)c3)C2)nc1C,0.2948428808863711
Cc1nnsc1C(C)NC(=O)N(C)C(C)c1ccccc1,0.0005043554999996755
Cc1noc(C)c1C(C)CNCc1cnc2c(C#N)cnn2c1,0.0014108290201796068
Cc1occc(=O)c1OCC(=O)OCC1CCC(F)C1,0.22072048765920446
Cn1cc(-n2cc(C(=O)NCC3(N4CCOCC4)CC3)ccc2=O)cn1,0.00038137746169431095
Cn1cc(N2CCC(=O)N(CCc3cn4c(n3)CCCC4)C2=O)cn1,0.001314874463698421
N#CC1(CS(=O)(=O)NCCn2ncc3ccccc32)CC1,0.47585911294316047
N#Cc1ccc(C2(N)CCN(C(=O)c3nnc4n3CCCC4)C2)cc1,0.5767680790260755
N#Cc1ccc(N2CCC(NC3CCCC3CCO)CC2)cc1,0.8129056261149777
N#Cc1ccccc1C1(C(=O)N2CC(c3nccc(O)n3)C2)CC1,0.5266507744576294
NS(=O)(=O)c1ccc(CCNc2nccnc2Cl)cc1,0.0005625534247766578
O=C(COc1ccccn1)NC1(CNC(=O)C2CC(F)(F)C2)CC1,0.0002593287039521153
O=C(NC12CC1COC21CCC1(CO)CO)OCC1CC1,0.0004996362377990987
O=C(NC1CCC2CC1CN2c1cc(O)ncn1)c1cccc(=O)[nH]1,0.00047100096693898495
O=C(NC1CCc2c(O)cccc21)c1cn[nH]c1C(F)(F)F,0.0005447050169633138
O=C(NCC1CCCN(C2CCCNC2=O)C1)c1cc[nH]n1,0.0003837809930238288
O=C(c1cccnc1)N1CCC2(CC1)CC2NC(=O)C(F)(F)CO,0.000371349424600611
O=C1C(N2CCC(c3cccs3)C2)CCN1c1cccs1,0.0013885456996073733
O=C1CN(C(=O)Cn2ccccc2=O)C2CCCN1C2,0.00015423368789119725
O=C1NC2(CCOCC2)C2(CN(Cc3cccc4ccccc34)C2)O1,0.2997606355184763
C[C@@H](Cn1cc(-c2ccc(F)cn2)nn1)NC(=O)CC1CC(C)(C)CO1,0.0015297321940115135
C[C@@H](OCCN(C)C)C(=O)NCC(O)CNC(=O)[C@@H]1CNC(=O)N1,0.00012994496649883843
C[C@@H]1CN(C(=O)c2ccnnc2)CCN1c1ccncc1Cl,0.0006984551031770023
CC[C@@H](C(=O)N1CCN(C(=O)c2ccn3c(C)cnc3c2)C[C@@H]1C)N(C)C,0.0007854537328799989
CC[C@@H]1CN(c2nccnc2C#N)C[C@@H]1NC(=O)c1ccns1,0.0013495917898569067
CC(=O)N1CCN(C(=O)CN(C)Cc2ncc(Cl)s2)CC1,0.0003139129891143216
CC(=O)NC1CC2CCC(C1)N2C(=O)c1cc2cc(C)cc(C)c2[nH]1,0.0006069805683667998
CC(=O)Nc1ccc(N(C)C(=O)c2nc[nH]c2C)cc1Br,0.0009834462796788849
CC(C)(CNS(=O)(=O)c1cnc2ccsc2c1)C(N)=O,0.00030096527128078184
CC(C)C(C)C(=O)NCC1CCN1C(=O)c1ccccc1C#N,0.0008427120975271574
CC(CC(O)c1cccs1)NC1CCC(N(C)C(=O)OC(C)C)CC1,0.0010844538000990697
CC(CCNC(=O)CC(C1CCC1)C1CCC1)NC(=O)C1(C#N)CC1,0.6781357217692704
CC(CN(C)C(=O)c1cnsn1)NC(=O)c1ccc(F)cc1F,0.00043742233610309645
CC(CNC(=O)C1(C)CC2(CC2)C1)CN(C)c1cccc(F)c1C#N,0.540019703261999
CC(CS(=O)(=O)N1CC2(CCOC2)C1)c1ccc(Cl)cc1,0.0004770035117643506
CC(NC(=O)c1cc[nH]c(=O)c1)C1CN(CC(=O)N(C)C)CCO1,0.12263067549642027
CC(NC(N)=O)C(=O)N1CCN(C(=O)C2CCC(N(C)C)CC2)[C@H](C)C1,0.1715477735403858
CC(O)C(C)C(=O)N1CCCC[C@@H]1CNC(=O)C1CC(=O)C1(C)C,0.13613520927856657
CC(O)C1CCN(c2nnc(CC3CC(O)C3)n2CC2CC2)C1,0.0005235283034159833
CC(O)c1cn(C[C@@H](C)NC(=O)C23CC(C(F)F)(C2)C3)nn1,0.00036168107228254007
CC(OC1COC1)C(=O)N1CC([C@@H](C)NC(=O)C23CCC(CO2)C3)C1,0.14207437480121785
CC1(C)CC(CCNC(=O)N2CCCC(n3ccnn3)C2)C(=O)N1,0.27316105287513376
CC1(C)CN(C(=O)c2cc(O)ncn2)CC1NC(=O)c1conc1C1CC1,0.0005910405361493892
CC1(CC(=O)N[C@H]2CCCN(C(=O)c3cccc(N)n3)C2)CCCC1,0.0008107498755288214
CC1CC(C)(C(=O)N2CC(O)(CNC(=O)c3cccnn3)C2)CCO1,0.14434546400141654
CC1CCC(C)N1C(C)C(=O)N1CC(CC(=O)O)OCC1(C)C,0.0006119666545603898
CC1CCN(C(=O)C2CCCC2)CC1CNC(=O)c1cn[nH]c1,0.0010370104196817647
CC1CCN(C(=O)c2cnn(C)c2N)CCN1Cc1ccccc1,0.001383895674422441
CCC(=O)NCC1CN(c2nccc(-n3cccn3)n2)CCCO1,0.0005862135347298582
CCC(C)C(=O)N1CC(CNC(=O)c2nscc2N)C1,0.3015119558151304
CCC(C)OCC(=O)N1C[C@H](C)[C@H](NC(=O)Cc2cnns2)C1,0.0003306899740847315
CCC(CC)CC(=O)NCC(C)CN(C)c1ncc(=O)n(C)n1,0.00114037551481406
CCC(F)C(=O)NC(C)CN(C)Cc1ccc(C#N)c(F)c1,0.0005149978252466512
CCC(SC)C(=O)NC[C@H](C)NC(=O)COc1ccccc1C,0.00043086957581702667
CCC1(C(=O)N2CCCCC(NC(=O)C3(CN(C)C)CC3)C2)COC1,0.11665730199843746
CCC1(C)CN(c2ncc(Br)cc2C#N)CCO1,0.001526057754879598
CCC2(CCC2)CNc1nccn2c(C(=O)OC)ccc12,0.0015843439767529546
CCCC(=O)N(CCC)C1CCN(Cc2nc(C3CC3)nn2C)C1,0.0009582362377141352
CCCC(C)(C)C(=O)NCC1(O)CN(C(=O)c2cnc[nH]2)C1,0.14355259744448756
CCCCN(C)c1ccc(C(=O)NC[C@H]2COC(=O)O2)cc1,0.0008552451005424325
CCN(CC(=O)N(C)CCCN(C)c1ccnc(C)n1)C1CC1,0.0003632149110051083
CCN(CC)CCOc1ccc(NC(=O)C2(C#N)CC3CC3C2)cc1,0.7743965222790455
CCN(CC)S(=O)(=O)NC(=O)c1ccc(OC)nc1OC,0.00033859414638207004
CCN1CCOc2cc(CNC(=O)Cc3ccc(Cl)cn3)ccc21,0.0011710472758793948
CCOC(=O)C1N(C(=O)NC(C(CC)CC)C2CCOC2)CCC1(F)F,0.26988330520603526
CCOC1CC1C(=O)N1CC(NC(=O)c2c(C)nc3ccccn23)C1,0.0008986312966512233
CCOc1cccc(CNC(=O)c2cn(C3COC3)nn2)c1,0.00045640510170892823
CCSC(C)C(=O)NC[C@@H](C)NC(=O)c1cccc(SC)n1,0.0004337323667803868
CCc1c(C(=O)Nc2ccc(CCN(C)C)cc2)cnn1C,0.0014474428100199567
CCc1cc(N2CCC(C)(NC(=O)C(C)C(F)(F)F)CC2)ncn1,0.001041585730408149
CCc1ccc(CN2C(=O)CCN(CCN3CCCC3)C2=O)s1,0.0006983232516965773
CCc1cccc(C)c1NC(=O)N(C)CC(=O)N1CCOCC1,0.000792505183461014
CCn1cc(C(=O)NC2(C(=O)NC)CC2)c(-c2ccccc2)n1,0.0009149570353400608
CN(C)C(=O)C1CCN(S(=O)(=O)c2ccc3ccccc3c2)C1,0.0007598212615162515
CN(C)c1cccc([C@H](CO)NC(=O)CCNc2ccccn2)c1,0.0004918579004290582
CN(CC1(O)CCC1)S(=O)(=O)c1ccc2c(c1)N(C)CC2,0.000389045519478094
CN(CC1CC(F)(F)C1)c1ccnc(-c2cccc(O)c2)n1,0.8350883873954478
CN(CC1CCN(C(=O)c2ccccn2)C1)C(=O)[C@@H]1CCCO1,0.19241973514865862
CN(CCCN1CCOCC1)C(=O)NC1CCCC1C1CC1,0.0002970849759077386
CN(CCN(C)C(=O)C1CC(C2CC2)=NO1)C(=O)Cc1ccn[nH]1,0.000318401414117535
CN(CCNC(=O)C(F)C1CC1)C(=O)c1ccc2c(c1)CCC(=O)N2,0.0008211161207586268
CN(Cc1ccc(C#N)cc1Cl)C(=O)NCc1ccoc1,0.0011513758571743476
CN(Cc1cnn(C)c1C(F)(F)F)Cc1ccnc(OC2CC2)c1,0.0006251841727161417
CN1CCCC(N2CCN(C(=O)c3ccc4cccnn34)CC2)C1,0.2676543597925638
CN1CCCC1c1cn(CCCN(C(=O)c2cnoc2)C2CC2)nn1,0.0003876300734306051
CNc1ccc(-c2nc(CC(=O)N[C@@H]3CCC[C@@H]3CC(=O)O)no2)cc1,0.0015718985106395664
COC(=O)[C@@H]1CC[C@@H]1NCC1(c2ccccc2OC)CC1,0.0007074992705429559
COC(=O)C(CF)NC(=O)CC1(O)CCCOC1,0.0003824359660168114
COC(=O)c1ccc(NC(=O)C2CCC(=O)C2)cc1OC,0.29977369958500594
COC(=O)c1cnn(CC(=O)N(Cc2cnn(C)c2)C2CC2)c1,0.415755992881615
COC(C(=O)N1Cc2ccccc2N2CCCC2C1)C1CCC1,0.0012824151886924623
COC1(c2nnc(N3CCCC(NC(N)=O)C3)n2C)CCOC1,0.0004908237764916596
COC1CCCN(NC(=O)C2CCC(n3cc(CN)nn3)C2)C1,0.0003451310047165102
COCC(NC(=O)c1cnc2ccccn2c1=O)C1CC1,0.2158454916130906
COc1cc(F)c(N(C)c2ccc(C(=O)N(C)C)nn2)cc1Cl,0.43889634960091156
COc1ccc(-c2cn(C3CN(C(=O)CC4(OC)CC4)C3)nn2)nc1,0.4169740964142875
COc1ccc(C#N)cc1CN1C[C@@H](Oc2ccccc2)C[C@H]1C(=O)O,0.0007167934295733959
COc1ccc(NC(=O)N(C)CCCN(C)Cc2ccccc2)c(C)n1,0.0013946166984165377
COc1ccc(NS(=O)(=O)c2cn(C)nc2C(F)(F)F)cc1Cl,0.0009207666636364535
COc1ccc2nc(NC3(CNC(=O)C(F)F)COC3)c(C)nc2c1,0.000728266888152018
COc1cccc(-c2cncc(NC3C[C@@H]4COC[C@H]34)n2)c1,0.3245071364163572
COc1ccncc1C(=O)N1CC(CNC(=O)c2cccnc2)(OC)C1,0.15177235028458766
COc1cnc(C(=O)N2Cc3ccc(O)cc3C(C)(C)C2)c(OC)n1,0.0004692392274786824
Cc1[nH]ccc1C(=O)N1CCC(O)(CNC(=O)c2cc(O)no2)C1,0.17843087951808914
Cc1c(C#N)cccc1N1CCC[C@@H]2OCC[C@@H]2C1,0.8390264086178594
Cc1cc(C(=O)N[C@@H](C)C2CN(C(=O)c3cc(C#N)cs3)C2)co1,0.5606697079552828
Cc1cc(C(=O)N[C@H](C)CNC(=O)C2(C#N)CCCC2)cc2nc[nH]c12,0.6939309704337978
Cc1cc(C2(F)CN(C(=O)N[C@H](C)c3ccc4c(c3)CCO4)C2)no1,0.0005918013511569089
Cc1cc(CC(=O)NCC2(NC(=O)c3nc(C)[nH]c3C)CCC2)on1,0.00030020805438549263
Cc1cc(F)ccc1CC1(NCc2cc(C#N)n(C)c2)CC1,0.0011887020872835925
Cc1ccc(C(=O)N2CCC3(CCCN(CCCF)C3)CC2)[nH]1,0.0008491026580773092
Cc1ccccc1OC(C)CNC(=O)N1CC(N2CCC2)C1,0.0004557462929299856
Cc1nc(N)nc(NC[C@H]2C[C@H](NC(=O)c3c[nH]nn3)C2)n1,0.000595683918344213
Cc1nc2c(cnn2C(C)C)cc1C(=O)N1C(C(=O)O)CC1(C)C,0.0007117185394808562
Cc1nc2sccn2c(=O)c1CCNC(C)(C(=O)O)C1CC1,0.00045864273897487765
Cc1ncc(CC(=O)N2CCCCC3C(NC(=O)[C@H](C)O)C32)o1,0.13039571834397365
Cc1nccnc1CNC(=O)C(F)C1CCCNCC1,0.0003817169978172071
Cc1ncnn1-c1ccc(NC2CCCCNC2=O)nc1,0.0005707693859230951
Cc1nnsc1C(=O)N1CCC(C)(NC(=O)C(CO)C(C)C)C1,0.00036499395478331966
Cn1cc(C(=O)NCC2CCC3(CN(C(=O)C4(C)CCCC4)C3)O2)cn1,0.0011518829447180097
Cn1ccnc1[C@@H]1CN(C(=O)Nc2cccc(C(C)(F)F)c2)C[C@H]1N,0.0014012138657915707
N#Cc1cc(C(=O)N2C3CCC2CN(C(=O)[C@H]2CNC(=O)N2)CC3)co1,0.00040416772767821346
N#Cc1ccc(F)c(CSCC(=O)NC2CC3(CC(N)C3)C2)c1,0.0013323210537421618
N#Cc1ccc(SCC(=O)OCC2C3(CC3)C2(F)F)c(Cl)c1,0.0011373975798890652
N#Cc1ccc2c(c1)CCC2NC(=O)CC1CNC2(CC2)CO1,0.0014108200115721342
N#Cc1ccc2ncc(CN3CC4CC(O)CC4C3)cc2c1,0.7620039722087304
N#Cc1cccc(NC(=O)NCC23COC(CCO2)C3)c1F,0.0014186731226551064
N#Cc1ncc(Br)c(NC[C@@H]2[C@H]3CNC[C@H]32)n1,0.5591617056729211
N[C@H]1C[C@H](CC(=O)NCCc2ccccc2C(F)(F)F)C1,0.0005172126085348366
Nc1ncnc(N2CCN(C(=O)C3(CF)CCC3)CC2)n1,0.0005823675429123756
O=C([C@@H]1CCCN2CCCC[C@H]12)N1CCOC(C2CCC2)C1,0.001138434227055415
O=C(CO)NCC1CN(C(=O)c2cccc3cnccc23)CCO1,0.00036573476389690547
O=C(Cc1cnoc1)N1CCCC(CNc2ncc(C(F)F)cn2)C1,0.001228947884691253
O=C(N[C@H]1C[C@H](CNC(=O)C2CC2(F)F)C1)c1ccc(Cl)s1,0.0005872722719472929
O=C(N[C@H]1CC[C@H](OC(F)F)CC1)C1=CS(=O)(=O)CCC1,0.0004631577637192755
O=C(N[C@H]1CCN(C(=O)CCC2CCOC2)C1)c1cnoc1,0.28565992793424055
O=C(NC1CC(CNC(=O)c2ncccc2F)C1)c1ccc2c(c1)CC2,0.00037865027380896174
O=C(NC1CC(OCc2ccccc2)C1)C1Cc2ccccc2O1,0.000821073657394397
O=C(NC1CCC1N1CCOCC1)c1ccc(Br)cn1,0.0003151322300689902
O=C(NC1CCN(C(=O)C2Cc3ccccc32)CC1)c1cnccc1O,0.0004172223300641459
O=C(NC1CCN(C(=O)c2coc3c2COC3)CC1)C1CCCO1,0.0003896513070047987
O=C(NCC1(O)CN(C(=O)Cc2cccc(F)c2)C1)c1cnccn1,0.00023513743140743325
O=C(Nc1ccc(C2CCC2)cc1)NC1(CCO)CCSCC1,0.4856149942299934
O=C(c1cncn(Cc2ccccc2)c1=O)N1CCC(CCCO)C1,0.2363969452301687
O=C(c1coc(Cl)c1)N1CCC(n2ccc(C(F)(F)F)n2)CC1,0.28742720411447564
O=C1CN(CCn2cc(C3(O)CCCCC3)nn2)Cc2ccccc2N1,0.0007303978137422293
O=C1CO[C@H]2CCN(C(=O)c3ccc4c(=O)[nH]cnc4c3)C[C@H]2N1,0.0003762121886450302
O=C1COc2cc(NC(=O)N[C@H]3CCO[C@H]3C3CC3)ccc2N1,0.0014365718817548837
C[C@H](NC(=O)CSC1CC1)C1CN(C(=O)Cc2cccnc2)C1,0.00016537205294540913
C=C(Cl)CCC(=O)N1CC2CCCC1C2CNC(=O)c1cocn1,0.17055081858097906
CC[C@@H](C(=O)N(C)CCCN(C)C(=O)C1=C(C)OCC1)N(C)C,0.13194781936231545
CC(=O)N1CCC[C@H]2CN(C(=O)c3nnc4c(F)cccc34)C[C@H]21,0.0
CC(=O)N1CCn2ncc(CNC(=O)c3cccnc3C3CC3)c2C1,0.1470315217824577
CC(=O)NC1=NClC(CNC(=O)OC(C)(C)C)CS1,0.0
CC(C#N)C(=O)N(C)CCN(C)C(=O)c1cc2ncccc2[nH]1,0.0010864752078201443
CC(C)(C#N)CCNC(=O)c1cccc(-n2cccn2)n1,0.0014335945367587985
CC(C)(CNC(=O)CC1CSc2ccccc2O1)OCCO,0.00044814238621767634
CC(C)(CNC(N)=O)NC(=O)c1cc(-c2ccccc2O)on1,0.0007557309589194549
CC(C)(NC(=O)COc1ccccc1)c1cn(CC2CCCO2)nn1,0.0005232123705335173
CC(C)C(CNC(=O)NCCC(C)(O)c1ccccc1)C(=O)O,0.00044044843422899523
CC(C)C(O)CNC(=O)c1ccccc1NC(=O)C1CC1,0.0007551013113180842
CC(C)n1cc(CNC(=O)NC[C@@H](O)CC#N)c(=O)[nH]c1=O,0.00027718543179246934
CC(CC1CN(C(=O)CC(C)C2CCCO2)C1)NC(=O)C1(C)CC1F,0.0004235885968665379
CC(CN(C)C(=O)c1cccn2nccc12)NC(=O)C1CCCC2CC21,0.5740438503144568
CC1(C(=O)N2CCC3(CN(C(=O)CCC4CC4)C3)C2)CCC(=O)C1,0.0004030856032741433
CC1(C(=O)NC2CCN(C(=O)CNC(=O)c3ccccc3)C2)CC1F,0.11429533882002069
CC1(C)CCC(CO)(NC(=O)CC2c3ccccc3C(=O)N2C2CC2)C1,0.0004661322841098184
CC1(C)CN(C(=O)c2ncc(C#N)cc2Cl)c2cccnc21,0.0014676536870198431
CC1(C)OCC(Cc2nc(-c3ccc2Br)no2)O1,0.0
CC1(CC(=O)NCC2(NC(=O)c3cnsc3)CCCCC2)CC1,0.0008873197775428448
CC1(NC(=O)c2ccoc2)CN(C(=O)C(O)c2ccc(F)c(F)c2)C1,0.1551364817717146
CC1=NOC2(C1)CN(C(=O)CCc1cc3c(cc1OC(F)F)OCO3)C2,0.000592651515155939
CC1C(NC(=O)C2CC2(C)C(C)C)CCCN1C(=O)c1ccc(F)o1,0.0004808676478729788
CC1CC(=O)NC1C(=O)N1CC(C)(NC(=O)Cc2ccn[nH]2)C1,0.0002154767121461497
CC1CN(Cc2ccc(Br)cc2)CCc2nccn21,0.0005745560757558074
CC1CN(S(=O)(=O)c2ccccc2C2CC2)CC1(F)F,0.0006297795249495993
CC1OCCCC1C(=O)NC1CCCCN(C(=O)Cc2cn[nH]c2)C1,0.0007116311780282815
CCC(2(O)CCN(Cc3cccc(OC)c3F)CC1)C(=O)OC,0.0
CCC(C)(C#N)C(=O)N1CCCC2(CCO(C(=O)C3(O)CC3)C2)C1,0.0
CCC(C)(O)CNCC(C)((O)c1ccccc1Cl)C(F)(F)F,0.0
CCC(CC)(CO)CNC(=O)NCc1ccc(OC)c(COC)c1,0.0006784333623178371
CCC(NS(=O)(=O)Cc1ccc(C)cc1F)c1ccns1,0.0005037200538074658
CCC(OC1CCCC1)C(=O)N1C[C@@H](C)[C@@H](NC(=O)[C@H](C)O)C1,0.0004001534866817428
CCCC(=O)NCC1CCC2CN(C(=O)CCc3ccncc3)CCC21,0.0010182607217615067
CCCN(CCNC(=O)c1cnccc1O)C(=O)c1ncoc1C1CC1,0.1270475460550549
CCCc1nnc(S(=O)(=O)NC(c2nc(C)c[nH]2)C2CC2)o1,0.0005340813805177013
CCN(C)CC(=O)NC1CC2CN(c3ncncc3C#N)CC2C1,0.0010226327264930021
CCN(CC)CC1CN(C(=O)Cn2ccc3ccccc32)CCO1,0.0006022818459802051
CCN(Cc1ccncc1)C(=O)c1cn(CC2=NOCC2)nn1,0.00032221956555804603
CCOC(=O)C1(C(C)C)CCN(C(=O)c2ccc(OC)cc2)C1,0.0004691782410335876
CCOC(=O)c1ccc(CNC(=O)c2ccnnc2)cc1,0.0004297908756418922
CCc1cnoc1C(=O)N1C[C@H](C)[C@H](NC(=O)C2CC(C)(C)CN2C)C1,0.0003388014560255134
CCc1conc1C(=O)Nc1ccc2c(c1)OCC(=O)N2C,0.40556878020363607
CCc1ncc(C(=O)N(C)C2CCN(c3nccc(CC#N)n3)C2)s1,0.0014725539952559197
CCc1ncoc1C(=O)N[C@H]1[C@@H]2CN(CCn3cccn3)C[C@@H]21,0.0004151028615535526
CN(CC(=O)N[C@H](C)CNC(=O)c1cccc(=O)[nH]1)C(N)=O,0.00011074240497420196
CN(CC1CCN(c2ccncn2)CC1)C(=O)C(C)(O)C(C)(C)C,0.001047505807905808
CN1CC2(CN(C(=O)c3n[nH]c4ccccc34)C2)OC1=O,0.1668493154145513
CN1CCC[C@H]1C(=O)N1CCC[C@@H](Nc2ccc3nccnc3n2)C1,0.0013129926083032318
CNC(=O)c1cc(NC(=O)N[C@H]2C(=O)OC[C@H]2CO)ccc1Cl,0.0004862667322873445
CO[C@@H]1CN(C(=O)c2cnc(CC3CC3)s2)C[C@H]1F,0.0005409833930358474
CO[C@H](C)C(=O)N1C2CCC1CN(C(=O)Cc1ccccc1)CC2,0.0003850935237191943
COC(=O)[C@]12CC[C@H](C1)N(C(=O)c1cccc3cccnc13)C2,0.28802678795255854
COC(=O)[C@@]1(CNC(=O)[C@H](C)N2CCOCC2)C[C@@H]1c1ccccc1,0.00033485977698228956
COC(=O)COc1ccc(NC(=O)N(C)C2(C(N)=O)CCCC2)cc1,0.22288556030506448
COC(=O)NCC(=O)N1CCCC1CNC(=O)c1cccn(C)c1=O,0.00018111941718071712
COC(=O)c1cccc2c1CCN(C(=O)C1CN(CC(F)F)C1)C2,0.00037887087584226607
COC(C(=O)N1CCOCC1C1CCOC1)c1cc(F)cc(F)c1,0.00047329644075504347
COC(C)CN1CC2C(CNC(=O)c3cn(C)nc3N)C2C1,0.0004016219111182361
COC1CC(NC(=O)C2CCC(=O)NC2)(C(=O)O)C1(C)C,0.0002730718630775252
COC1CCCC1C(=O)N1CCCC1CN(C)C(=O)c1ccc(F)o1,0.0006506351417442607
COCC(=O)N[C@@H]1CN(C(=O)CC2CC3(CCC3)C2)C[C@@H]1C,0.00027576534400854374
COCc1ccc(CNC2(c3nc(C)c[nH]3)CC2)cc1,0.0003855766559682795
COCc1cn(CCNC(=O)c2cccc3c2OCC(=O)N3)nn1,0.3028960088571435
COc1cc(C(=O)NCc2nnc(COC(C)C)[nH]2)sn1,0.00037857097561132014
COc1cc(N2CCN(C(=O)C(C)(C)CC#N)CC2)ncn1,0.0007703043108201308
COc1ccc(C(C)C(=O)N2CCC(N3CC(C)(C)C3)C2)cc1,0.0006085159448538047
COc1ccc(C2CN(C(=O)c3ccc4c(c3)C(=O)NCC4)C2)cc1,0.0005197971668051148
COc1ccc(NC(=O)NC2(c3cccc(Cl)c3)COC2)cn1,0.0011528798067546267
COc1ccccc1C(C)C(=O)N1CCCC1C(=O)c1c[nH]c(=O)n1C,0.0006266445419949127
COc1cncc(C(=O)NCC(Nc2cc(C#N)nc(C)n2)C(C)C)c1,0.6945088554973844
COc1cncnc1N1CCC2(CC1)CN(C(=O)c1cc(O)ncn1)C2,0.0010214627201483896
COc1nccc(C(=O)OCC2=NO[C@@H]3COC[C@H]23)c1Br,0.12532997370159923
Cc1cc(C(=O)N2CC([C@@H](C)NC(=O)c3ccc(CO)o3)C2)cn1C,0.0003936243702363138
Cc1cc(C(=O)NC2CC(n3cc(C4CCOC4)nn3)C2)sc1C,0.0003750923877109534
Cc1cc(CN(C)C(=O)NCc2cnc(C3CC3)o2)on1,0.00035220987119545733
Cc1cc(NC(=O)C(NC(=O)c2ccccc2)C(C)C)n(C2CC2)n1,0.0014029355593726455
Cc1cc(OCC(=O)N2CC(CNc3ccc(C#N)cn3)C2)ccc1C,0.7526891417553541
Cc1ccc(C#N)nc1N1CC(CN(C)C(=O)CCc2ccccn2)C1,0.0013325893378665211
Cc1ccc(C(=O)N2CC[C@H](Nc3cc(=O)[nH]c(=O)n3C)C2)s1,0.4412070389159056
Cc1ccc(CCNC(=O)N2CCCC23CC3)c(C)c1,0.00040094472495060234
Cc1ccc(CN2C[C@@H](NC(=O)OC(C)(C)C)[C@H](C3CC3)C2)o1,0.0006211939948411558
Cc1ccc(NC(=O)C(F)C2CCNC2)c2cc(C#N)ccc12,0.5399691195012153
Cc1ccc(NC2(CCNC(=O)c3cn[nH]c(=O)c3)CCC2)cc1C#N,0.001483603146880274
Cc1cccc(C(=O)N[C@H](C)CNC(=O)C(C)(C)c2ccncc2)c1,0.0004952237484377215
Cc1cccc2c1OCC(NC(=O)N1CCCC(C)(O)C1)C2,0.0003700172388536277
Cc1ccn(CC(=O)Nc2c(Cl)cc(N)c(C)c2C)c1C(=O)O,0.001119222582147136
Cc1ccnc(NC2CN(C(=O)CCc3nccs3)CC2(C)C)n1,0.0010837055753781767
Cc1nc(C(=O)N[C@H](C)CNC(=O)C2CC2C)ccc1C#N,0.0005053252171931045
Cc1nc(C(=O)NC2CCCN(C(=O)c3nc(C)c(C)[nH]3)CC2)c[nH]1,0.21986094542095685
Cc1nc(CCC(=O)NCCN(C)C(=O)C2CC23CC(C)(C)C3)[nH]c1C,0.0004157169223807378
Cc1ncc(CN(C)C2CCCN(C(=O)CCS(C)(=O)=O)C2)o1,0.00041639030372845655
Cc1ncn(C)c1C(=O)NC1(C)CCN(C(=O)c2cncc(C)c2O)C1,0.15241849046836958
Cc1nsc(NCC2CN(C(=O)Cc3ccco3)CC2(C)C)n1,0.0007208625585284628
Cn1cc(CC2CN(C(=O)C3(c4ccccc4)CCCO3)C2)cn1,0.000619992194050014
Cn1cc(Cl)c(C(=O)N2CCc3ccc(C(=O)O)nc3C2)n1,0.00035189704549186174
Cn1ccnc1C(=O)N1CC[C@@H](Nc2cc(Cl)ncn2)C1,0.001077268848279657
Cn1cnnc1CCCC(=O)Nc1ccc2c(c1)CCC(=O)N2,0.0009742294173844522
Cn1nc(N)cc1C(=O)NCC1CC2(C1)CC21CCC1,0.0006233242212505648
Cn1nnc(Br)c1C(=O)Nc1ccccc1OCC1CC1,0.606714371018585
N#CCC(=O)N1CCC(CCNC(=O)C2Cc3ccccc3O2)CC1,0.0008086090674514113
N#CCc1ccc(OCC(=O)Nc2ccc3c(c2)C(=O)NCC3)cc1,0.48226365640141095
N#Cc1ccc(F)c(C(=O)N2CCC(Cc3ncon3)CC2)c1,0.0016127159743556316
NC(=O)CC1(n2cc(-c3ccc(C(F)(F)F)cn3)nn2)CCNCC1,0.0010564700513403982
NC(=O)CCN(Cc1ccccn1)C(=O)C[C@H]1CCCC[C@@H]1O,0.0003050146450489839
NC(=O)c1ccc(-c2cccc(NCC3CCOCO3)c2)nc1,0.001140254841437516
NC(=O)c1ccc(N2CCC(c3ccco3)CC2)nn1,0.0004943246204183089
O=C(CC1(CO)CC1)NCC1(C2CC2)CCN(C(=O)c2ccco2)C1,0.0006460756808125102
O=C(Cc1ccc(-n2cnnn2)nc1)NC1CCCC2CC21,0.0011710033005052148
O=C(Cc1cncc(O)c1)NC1CCN(C(=O)c2ccnnc2)C1,0.00029329342232221276
O=C(N[C@H]1C[C@H](CNc2ncc3c(n2)COC3)C1)c1cc(=O)[nH]c(=O)[nH]1,0.0004799487303708053
O=C(NC(CCCO)c1ccccc1)c1cc(Br)c[nH]1,0.0007258628940138974
O=C(NC1(C2CCN(Cc3cnon3)CC2)CC1)c1ccncn1,0.0005461525710949966
O=C(NC1(CNc2nnccc2C(F)(F)F)CCC1)C1CSC1,0.00044180479954306865
O=C(NC1CCCN(C(=O)[C@@H]2CCCO2)CC1)c1ccc2c(c1)CCO2,0.0004219767631815878
O=C(NCC1([C@H]2C[C@H]2C(=O)O)CC1)c1ccn(-c2cccc(F)c2)n1,0.0012441198706839832
O=C(NCC1(C2CC2)CC1)c1cccc(O)c1Br,0.0004760659422489499
O=C(NCc1ncc2c(n1)CCOC2)NC([C@@H](O)CO)C(F)(F)F,0.0002287558908062912
O=C(Nc1ccc(-c2ccccn2)nn1)C12CC1CCC2(F)F,0.6748133898916872
O=C(Nc1ccc2cccnc2c1)N1CCC2(C[C@@H](O)[C@H](O)CO2)C1,0.0005670524516741801
O=C(OCc1cnn(Cc2ccccc2)c1)C12CCCN(C1)S(=O)(=O)C2,0.0003879498637225877
O=C1CC(CC(=O)NC2(CNC(=O)CN3CCOCC3)CCC2)C1,0.00022193208613149518
O=S(=O)(C[C@@H]1C[C@@H]2O[C@H]1[C@H]1C[C@@H]21)N[C@@H]1CCc2c(Cl)cccc21,0.0003880340474461122
O=S(=O)(NCc1cnc2c(c1)COCC2)C1CCC2(CC1)CC2,0.0009812130552769734
c1ccc(CN2CCN(Cc3cnsc3)CC2)cc1CC1CC1,0.0009329815209370917
c1ccc(CS2=NOC(CN3C[C@@H](Cc4ccccc4)C3)C2)cc1,0.0008986082531420546
C[C@@H](CNC(=O)C12CCC(CC1)C(=O)C2)NC(=O)c1cc(C#N)c[nH]1,0.11637311866549428
C[C@@H]1CN(C(=O)CNC(=O)c2cc3c([nH]c2=O)CC(C)(C)CC3)C[C@@H]1N,0.00024290879896344612
C[C@@H]1CN(C(=O)c2cnco2)C[C@@H]1NC(=O)c1cccc(CCN)c1,0.1469037480183391
C[C@H](NC(=O)OC(C)(C)C)C1CN(Cc2ccnn2C(F)(F)F)C1,0.0006832422869123552
C[C@H](Oc1ccc(Cl)c(Cl)c1)C(=O)N[C@@H](C(F)F)C1CCC1,0.0005967594212346961
CC[C@@H]1C[C@H](C(=O)OCc2cc(=O)[nH]c3cnn(C)c23)CC(=O)N1,0.00044528616253911485
CC[C@H](C)[C@H](O)C(=O)NC1(C2CCN(C(=O)c3ccco3)C2)CC1,0.0005249935627432429
CC(=O)N1CCC2(C1)CN(c1ncnc3ccc(O)cc13)CCO2,0.344479653626589
CC(=O)N1CCCCC(NC(=O)CC(C)(O)c2ccccc2)C1,0.0004037146601142505
CC(=O)NCCC(=O)NCC1CCN1C(=O)Cc1ccc2[nH]nnc2c1,0.00030205022555317184
CC(=O)Nc1ccc(SCC(=O)NC(C)c2ncnn2C)c(F)c1,0.0014075414048617164
CC(=O)c1c(C)[nH]c(C(=O)NC(C)c2ncccn2)c1C,0.0006728299651747812
CC(C(=O)N[C@H](C)C1CN(C(=O)c2ccc(N)c(N)n2)C1)C(C)(C)C,0.18870411064894418
CC(C(=O)N1C[C@H](C)[C@H](NC(=O)CC2CC2)C1)c1ccc(Cl)s1,0.0006190945071404314
CC(C(=O)N1CCOC(C(N)=O)C1)n1cc(-c2ccc(C2)cc2)nn1,0.0
CC(C)(C(=O)NC1CCN(C(=O)c2cnn(CC3CC2)c2ccccc23)C1)C1CC1,0.0
CC(C)(C(=O)NCc1ccc(NC(=O)CC2CCCC2)nc1)c1nn[nH]n1,0.19262612935604853
CC(C)(C)OC(=O)N1CC2(CN(S(=O)(=O)C[C@@H]3CCCO3)C2)C1,0.00036501789301410795
CC(C)C1NC(=O)CCN(Cc2ccncc2OCC(F)(F)F)C1=O,0.0004879558517980094
CC(C)N1CC(NC(=O)c2cnc3ccccn3c2=O)C(C)(C)C1,0.21324609146098003
CC(C)OCc1ccc(NC(=O)N2CC3(CCC3)C[C@@H]2C(=O)O)nc1,0.0010974945909797927
CC(C)c1nnc(CNC(=O)NC2CC3OCCCC23)[nH]1,0.000440030119586322
CC(C)n1ccc(C(=O)NC2(C)CN(c3nnc(C4CC4)s3)C2)n1,0.18574499489020171
CC(CF)CC(=O)N(CCc1nn[nH]n1)Cc1ccccc1,0.00039459282331810394
CC(N[C@@H]1C[C@@H]2COC[C@@H]21)c1nnc2ccccn12,0.0003989901052017057
CC(NC(=O)Cc1ccnc(-c2ccccc2)c1)C1CCCNC1,0.0009197750927630048
CC(O)C(C)C(=O)NCC(C1CC1)N(C)C(=O)CN1CC2CCC1C2,0.16270880305846755
CC(F)CCN(CCO)C1CCCN(C(=O)C2CS(=O)(=O)C2)C1,0.0002709269313374599
CC(c1ccncc1)N1CCC(NC(=O)c2ccc(C(N)=O)o2)CC1,0.17158977721840574
CC1(C(=O)NC2CCCC(NC(=O)c3occc3C3CC3)C2)CC1,0.0008817247086652002
CC1(C)CC(CO)(CNC(=O)Nc2cc(N3CCOC3=O)ccc2F)C1,0.0006583177690681215
CC1(CCO)CCN(C(=O)CNc2ccc(C#N)cc2)C1,0.0014191194426237392
CC1(NC(=O)c2ccc(C3CC3)o2)CN(C(=O)c2ncccc2CO)C1,0.17750001748634137
CC12CC(C1)N(C(=O)c1ccnc(-c3ccccn3)n1)C2,0.6827727961440336
CC1=C(C(=O)NC(CNC(=O)c2cncs2)C2CC2)CCO1,0.18435558060397267
CC1C(=O)N(C)CCN1C(=O)CCNC(=O)c1c[nH]c2ccccc12,0.0006066949655006471
CC1C(CNC(=O)C[C@H]2C[C@H](NC(=O)OC(C)(C)C)C2)N(C)CCN1C,0.28104421002624624
CC1CC(C2CN(=O)[C@H](c3cccc(Br)c3)C2)=NO1,0.0
CCC(=O)OC1CN(C(C(=O)OC)c2ccc(Cl)c(F)c2)C1,0.000531541947922454
CCC(NS(=O)(=O)c1cc(Cl)c(Cl)s1)C1COCCO1,0.0004666920115624642
CCC(F)C(=O)N(C)CC(C)CNC(=O)Cc1c(C)nn(CC)c1C,0.0004911794609530702
CCCC(C)(C)C(=O)N1CCOC(CNc2cncc(C#N)n2)C1,0.0014938337435339189
CCCC(CC1CCCCC1)C(=O)OCC1COCCN1C,0.0012272279313286425
CCCc1c(NC(=O)c2ccnc(OC)c2)cnn1C,0.0013356824139783819
CCN(C(=O)c1cc2n(n1)CC(C)NC2=O)C(C)CC(=O)N1CCCC1,0.13810189738772483
CCN(CC)C(=O)C(C)N1CC(CNC(=O)Cc2ccccc2)C1,0.00030577738711176086
CCOC(=O)C(C)CNC(=O)c1nccc2ccc(C)c(C)c12,0.32462628432978213
CCOC(=O)NC(CNC(=O)C1(COC)CCCO1)CC(C)C,0.0007548860418250513
CCOC1C(C)C1C(=O)N1CC2(C1)CN(C(=O)C(C)C)CC(C)(C)O2,0.000294634166309929
CCOc1nc(N2C3CCC2CN(C(=O)c2cnoc2)C3)ncc1C,0.19589007292508756
CCS(=O)(=O)c1ccc(C(=O)N(C)C(C)C2CCC2)cc1,0.0007190418784999225
CCc1cc(C#N)c(N2CCOC(C3CC(F)(F)C3)C2)nc1C,0.0009757262576599004
CCc1ccc(NC(=O)C2CN(C3CCN(C4CC4)CC3)CCO2)cc1,0.0005728288085643708
CCc1ccc2c(c1)N(C(=O)N1C[C@@H](O)[C@H](N3CCOCC3)C1)CCO2,0.000585546777501379
CCc1cccc(S(=O)(=O)NC(C)c2cccc(O)c2)c1,0.0006139512775432103
CCc1ccccc1NC(=O)CNC(=O)N1C2CCC1COC2,0.0006716296349391079
CCc1nn(C)c(CC)c1NC(=O)NC12CCC(O)(CC1)CC2,0.0015931968141028978
CCn1cc(C(=O)NCCC(C)N(C)c2ncc(C)cn2)nn1,0.00042580123532940745
CCn1cnc(C(=O)N2CC3CCC2C(NC(=O)[C@@H](C)O)C3)c1,0.0003384798832172311
CN(C[C@@H]1CCCN1C(=O)C1COCCO1)C(=O)c1cccnc1,0.00034105727063773826
CN(C)C(=O)N1CCC(C(=O)Nc2cnc(N(C)C)nc2)CC1,0.0008116064836115695
CN(C)c1nc2ccccc2n1CC(=O)N[C@H](C(F)F)C1CCC1,0.6414025516221727
CN(CC(=O)N(C)CCN(C)c1nnccc1C#N)c1ccccc1,0.6235203494034497
CN(CC1(F)CCC1)C(=O)c1cc2ccccc2n1CC#N,0.475955168054929
CN(CC1CN(C(=O)c2cncc(Cl)c2)C1)C(=O)Cn1ccnn1,0.0003228308526152732
CN(CCNC(=O)CC1(CO)CC1)c1nnc2c(=O)n(C)ccn12,0.000286191532731888
CN1CC[C@@H]2CN(Cc3noc4cccc(C(F)(F)F)c34)C[C@@H]2C1,0.3072041951855328
CN1CCN(C)c2cccc(NC(=O)c3cnnn3C)c2C1,0.0009981438635622833
CNC(=O)NCCC(=O)N1CCCC(CNC(=O)c2cncn2C)C1,0.00042404725440867445
CNc1ncc(C(=O)N2CCC(c3n[nH]c(CN)n3)CC2)o1,0.34295352469620816
CO[C@H](C)C(=O)N1CCC(CCNC(=O)c2cnn(CC3CC3)c2)CC1,0.00047948863994750067
CO[C@H]1C[C@@H](CC(=O)N2CCN(C(=O)c3cnccn3)C3(CCC3)C2)C1,0.4523465815444159
COC(=O)CCC(=O)N1CCCC1CNC(=O)c1oc(C)cc1C,0.00035619620879780064
COC(=O)N(C)CCCN(C)Cc1cnn(Cc2ccccc2)c1,0.00044297584828934856
COC1(CNC(=O)[C@H]2C[C@@H](O)C2)CN(C(=O)COCC2CCCC2)C1,0.13595735036587958
COC1(CNC(=O)[C@H]2C[C@H](n3ccnn3)C2)CCOCC1,0.0004583423684780475
COC1CCN(Cc2ccc3ccccc3n2)C(C)(C)C1,0.0008257167499586371
COCC(C)(C)CC(=O)NCC1CCC(NC(=O)[C@H](O)C(C)C)C1,0.00041191635320340225
COc1cc(C(=O)NC(CCN(C)C)c2ccccn2)ncn1,0.00044287956908896733
COc1cc(C)ccc1NCC(C)(O)C(=O)OC(C)(C)C,0.0007697176422571336
COc1cc(C)ccc1OCC(=O)NCC(=O)OC1CCCCC1,0.00046437773932283703
COc1cc(OC)c(Cl)c(C(=O)N2C[C@@H]3CC(C)(C)[C@@H]3C2)c1,0.22800049360727578
COc1cc(Br)c(C(=O)NCc2nccs2)cc1OC,0.001122328274279889
COc1ccc(CC(=O)N2C[C@@H]3C[C@H]2CN3C2CC2)c(C)c1,0.0004764512233620607
COc1ccc(O)cc1C(=O)NC[C@@H]1COC[C@H]1OC,0.0004309188611298142
COc1cnc(N2CC(CNC(=O)CC3(O)CC3)CC2C)nc1,0.24903121951808238
CS(=O)(=O)CC(=O)NC12CCC(CC1)N(C(=O)Cn1cccn1)C2,0.0002950706308787792
CS(=O)(=O)c1cccc(CNC(=O)N2CCNC(=O)C2)c1,0.0002202978690321328
CSC1CN(CC(O)c2ccc(C#N)c(F)c2)CC1OCC(C)C,0.7472363170199544
CSCCC(=O)N1C[C@@H]2CN(c3ccn4nccc4n3)C[C@@H]2C1,0.38519879190190104
Cc1[nH]cnc1CC(=O)N1CC(NC(=O)c2ccc(Cl)[nH]2)C(C)(C)C1,0.0005140416278334978
Cc1cc(C#N)cnc1NC[C@@H]1CCCCN1C(=O)C(C)C(C)(C)O,0.0016384631666625567
Cc1cc(C(=O)N(CCNC(=O)Cc2cnccn2)C2CC2)[nH]n1,0.00029026024760282727
Cc1cc(C(=O)N2CCCC2CNC(=O)C2CCC(F)(F)CC2)c[nH]1,0.0008342018670860695
Cc1cc(C)c(C(=O)N(C)CCNC(=O)C2CC(F)(F)C2)c(=O)o1,0.2231383697581879
Cc1cc(NC(=O)N2C[C@@H]3[C@@H](CO)[C@@H]3C2)cc(N2CCN(C)CC2)c1,0.00041063315967288677
Cc1cc(F)cc(C)c1C(=O)NCC(C1CC1)N(C)C(=O)c1ccc[nH]1,0.31339260323810636
Cc1cc(S(=O)(=O)N2CCC(Nc3ncccn3)C2)cs1,0.0007517759500472672
Cc1ccc(C(=O)N[C@@H](C)C2CN(C(=O)c3cc(N)cnc3C)C2)o1,0.4573463468451962
Cc1ccc(C(C)CC(=O)Nc2c(C)cncc2C)cc1,0.00048483528343437767
Cc1ccc(S(=O)(=O)N(CCO)C2CCC2)c(F)c1,0.00038937230008876923
Cc1ccc2c(c1)N(CC(=O)N1CCCCC1)CCN2C1CC1,0.0007415249472346404
Cc1cccc(O)c1C(=O)NC(C)CNC(=O)C(C)N1CCCCC1=O,0.0003699674246943151
Cc1cncc(C(=O)NC(C)CCNC(=O)Cc2conc2C)c1O,0.00029409358720639504
Cc1n[nH]c(C(=O)NC(C)CN(C)c2nc(C)cc(C(C)C)n2)c1O,0.00047317259974935413
Cc1nc(C(=O)NCC[C@H](C)NC(=O)[C@H](C)N=S(C)(C)=O)c(C)o1,0.0003462905157349395
Cc1nc(C2CN(C(=O)c3ccc(CN4CC(C)CC(C)C)C4)o2)n[nH]1,0.0
Cc1nc(Cc2ccc(NC(=O)C3CCCN(C(N)=O)C3)cc2)cs1,0.0008408659237659116
Cc1nc2c(cc1C(=O)Nc1cc(C3(C)CC3)no1)CCCC2,0.0006701816994009287
Cc1ncc(C(=O)N2CC(C)C(CNC(=O)c3cc(C)c(C)o3)C2)s1,0.19648524800377562
Cc1nccc(NC[C@@H]2CC[C@H](NC(=O)c3cncnc3)C2)n1,0.000907348491679469
Cn1ccnc1C(=O)N1CCC[C@@]1(C)CNC(=O)C1(C)CC(C)(C)C1,0.0007294986111491859
Cn1cncc1C(=O)N[C@@H]1CCN(C(=O)Cc2cc(C3CC3)no2)C1,0.0007618178514040726
Cn1ncc(N)c1CCC(=O)N1CCC(O)(c2ccc(Cl)cc2)C1,0.0012487997327101119
NC(=O)CCCC(=O)N1CC2CCC(C1)C2C(=O)c1ccccc1,0.21788132915542868
NCC1(C(=O)N2C[C@H](O)C[C@@H]2c2ccccc2)CCC1,0.0004056448710543295
Nc1nccnc1CN1CCC(CCC(F)(F)F)C1,0.0008092943658951896
O[C@H](c1ccccc1Cl)n1ccnc1Br,0.0005296584139895876
O=C(C1CCCn2ncnc21)N1CCC(C2OCCO2)C1,0.0003269094876207918
O=C(CC1(C(F)(F)F)n1)N1CCCC(N2CCCC2)C1,0.0
O=C(CC1(CO)CCC1)NC1(C2CC2)CCOCC1,0.0008877815043629571
O=C(N[C@H]1CCN(C(=O)c2cncnc2)C1)c1cc(Cl)n[nH]c1=O,0.10765607016735411
O=C(NC1CC2(C1)CN(c1ncns1)C2)C1(Cc2ccccc2)CC1,0.00024087732104122696
O=C(NC1CC2CCCC(C1)N2c1cc(=O)[nH]c(=O)[nH]1)C1CC1(F)F,0.0008076207134165732
O=C(NCC(=O)C1(F)CCC1)C(F)(F)C1(O)CCOCC1,0.0004021661426111039
O=C1C[C@@H](C(=O)NC2CN(C(=O)[C@@H]3CNC(=O)C3)C2)NC(=O)N1,0.046306467026517424
O=C1C(N2CCC(c3nccc(=O)[nH]3)C2)CCN1c1ccc(F)cc1,0.0005414330133236719
O=C1CC(CNC(=O)c2cccn(Cc3ccc(Cl)cc3)c2=O)C1,0.2101952115057682
C[C@@H](CC1CC1)NC(=O)c1ccc(OC(F)(F)F)cn1,0.0004866912746180163
C[C@H](CNC(=O)Cc1cccc(N2CCOC2=O)c1)NC(=O)[C@@H](C)O,0.0003878855887723108
C[C@H]1C[C@@H]1C(=O)NCC1CCCCN1Cc1ccc(F)c(Cl)c1,0.0005504504940042502
CC[C@@H]1CN(C(=O)c2ccncn2)C[C@@H]1NC(=O)c1ccc(=O)[nH]c1,0.08862518450138882
CC[C@@H]1CN(C(=O)c2scnc2C)C[C@@H]1NC(=O)CC1CCC1,0.20445915385745622
CC[C@H](C)[C@H](NCC(=O)NCCc1ccc2[nH]ncc2c1)C(C)C(=O)O,0.0005108962054612334
CC(=O)Nc1ccccc1CC(=O)NCCN(C)C1CCNC1=O,0.00039489728988437585
CC(C(=O)NCCC(C)(C)Nc1nnco1)N1CCCCCC1,0.0008092108082934738
CC(C)(C)OC(=O)NC1CCOCCC1NC(=O)c1cnsn1,0.0003787810947492458
CC(CNC(=O)c1cnn(C)n1)CNC(=O)C1Cc2cccc(F)c2O1,0.1577325695737297
CC1(C(=O)N2CCCN(C3CCN(C(=O)c4cnco4)C3)CC2)CC1F,0.30794212456434095
CC1(C)C[C@H]1C(=O)NC1CCCC(Nc2cnc(C#N)cn2)C1,0.0013731697325438782
CC1(C)CCCC(C(=O)Nc2ccc(-c3cncnc3)cc2)C1=O,0.4462549792397919
CC1(C)CCCOC1CNC(=O)c1cncc(-n2cc(CO)nn2)c1,0.0003652573162054726
CC1(O)CC2(CN(C(=O)c3cccc(N=S(C)(C)=O)c3)C2)C1,0.0008062864492097394
CC1C(=O)N(C)CCN1C(C(=O)Nc1ccccc1)c1ccccc1,0.0008112565236236991
CC1CC(N)(C(=O)NCC(C)(c2ccccc2)N(C)C)CCO1,0.00032035113048567714
CC1CC1C1CC1C(=O)NC1CN(C(=O)c2cnccn2)CC2(CC2)C1,0.0008158779479037411
CC1CCN(Cc2ccccc2)C(C(=O)NC2(C)CCNC2)C1,0.0006119426454055823
CC1Cc2ccccc2N1C(=O)N[C@@H](CCc1ccccc1)CC(=O)O,0.0009074008887436473
CCC(=O)CNC(=O)COC(=O)c1ccc(N2CCCCCCC2)cc1,0.5351049148311093
CCC(=O)N1CCC(CNC(=O)C2(CC3CCC3)CCC2)C1,0.0007099777709215613
CCC(=O)N1CCCCC(Nc2cc3nncn3c(C)n2)C1,0.0005153742984579003
CCC(C)C(=O)N(C)C1CCN(c2ncc(SC)cn2)C1,0.001185193647283835
CCC(O)CCn1cc(-c2ccc(C)c(Cl)c2)nn1,0.0012026148931210915
CCC1CC(CC(=O)NCCN2CCN(CCO)CC2)CCO1,0.0002383574541369647
CCCC(=O)N1CCC2(C1)CN(C(=O)c1cnc3scc(C)n13)C2,0.23394552819625544
CCCN(CC)C[C@H](C)NC(=O)c1c(C(C)=O)[nH]c2ccccc12,0.000683636629311834
CCCNC(=O)CN1CCN(C(=O)OC(CC)C(C)C)CC1,0.00043841681104080283
CCCc1ccc(S(=O)(=O)NC(=O)[C@@H]2NCCC[C@@H]2C(F)(F)F)o1,0.00048579767134297985
CCN(Cc1ccc(F)cc1)C(=O)C1CNC(C)(C)CO1,0.0004535970382845464
CCN1CCCC(C(=O)NC(C)CN(C)C(=O)c2cc[nH]c(=O)c2)C1,0.1319156889847635
CCNc1ccc(C(=O)N2CCOCC2CN(C)C)cc1,0.000444776706361701
CCOC(=O)[C@@H]1CCNN1S(=O)(=O)CC12CCC(C)(CO1)C2,0.00024062039292491064
CCOC(=O)C1(C)CCN(C(=O)NCC2(c3ccccc3C)CCC2)C1,0.0008276039975834366
CCOc1ccncc1S(=O)(=O)N1C[C@@H]2COCC[C@@H]21,0.0002810158882712501
CCOc1nc(C(=O)N2CC3CC(C2)C(C(=O)O)C3)co1,0.15856373687509387
CCc1cn[nH]c1CNC(=O)N1C[C@H](C(C)(C)C)C[C@H](O)C1,0.0005181424252418841
CCc1csc(=O)n1CC(=O)Nc1ccc(C(=O)OC)nn1,0.0004187208726225597
CCc1nc(C)c(CN2CCc3[nH]c(=O)[nH]c3C2c2ccccc2)o1,0.0005017338835278241
CCc1occc1C(=O)N1CC(C2CN(C(=O)C(CC)SC)C2)C1,0.0005898189217349304
CN(C)Cc1ccc(C2CCCN2C(=O)NC2CCC2=O)cc1,0.18447282482270302
CN(C)c1nc(Cl)cc(C(=O)OCc2ccccn2)c1Cl,0.0009407642923017616
CN(CC(N)=O)C(=O)Nc1nc2cc(C#N)ccc2[nH]1,0.0008861278639464114
CN(CCOc1ccccc1Br)C[C@@H]1CNCCO1,0.0005181679106927022
CN1CC(C(=O)NCC2CN(c3ncnc(N)n3)CCO2)CC1=O,0.000465225398841176
CN1CCC(C(C)(O)CNCc2nccc3c2CNCC3)CC1,0.0002881170905510509
CN1CCN(CC(=O)NC23CCCC(C2)OC3)c2ccccc21,0.0008103950301542147
CN1CCOC(C(=O)N[C@@H]2CCN(C(=O)Cc3ccnc(N)c3)C2)C1,0.00032747036103530734
CNC(=O)NC(C)C(=O)N1CC(NC(=O)c2ccc(C)c(CO)c2C)C1,0.00025443742531730247
CNC1(C(=O)N2CC(CO)C3(CCC3)C2)CC(OC)C1,0.0004371745369194524
CNC1(C(=O)Nc2cnn(-c3ncccc3Cl)c2)CC1,0.0009359812971692583
CNc1nc(C)cc(C(=O)NCC2(C3CCNCC3)CCOCC2)n1,0.0008268682125978276
COC[C@@H](CS(=O)(=O)NCC(OC)c1ccccc1)OC,0.00047600850467547333
COC[C@H](O)CN1C2CCC1CN(C(=O)C1CC3(CC(C)=NC3)C1)C2,0.0006342453684329098
COC(=O)C1CCN(C(C)C(=O)Nc2ccccc2C)CC1F,0.0008764967884348437
COC(=O)c1cc(C(=O)N2CCCCC23CCNCC3)c(C)o1,0.0005111259965171409
COC(=O)c1ccc2c(c1OC)CN(C(=O)N1CCNC(=O)C1)CC2,0.00031905176377608604
COC(C)(C(=O)NCCN(Cc1cnns1)C1CC1)C1CC1,0.0004695719725191152
COC1(C(=O)N[C@@H]2CCN(C(=O)C3CC4CC4CC3C)C2)CC1,0.0005194876909630986
COC1(C(=O)N2CCCC3(C2)CN(c2ccnc(C(C)C)n2)C3)CCC1,0.0010685779882516982
COC1C(NC(=O)Cc2c[nH][nH]c2=O)CC1(C)C(=O)O,0.00026614378956099535
COC1CCC(C(=O)N2C3CCC2CC(N(C)c2ccncn2)C3)C1,0.0014518399299596016
COCCC(=O)N1CCC[C@@H]1CN(C)C(=O)c1n[nH]c(COC)n1,0.00016145307476605992
COCCN(C)C1CN(C(=O)NCc2csc(Cl)c2)C1,0.000515769033509559
COCCN(CCNC(=O)CC1(CO)CC1)c1cccc2ccccc12,0.5747565211760098
COCc1ccc(C(=O)NCCN(Cc2ccccc2)C(C)=O)cc1,0.0004955774419085749
COc1cc(N2CCC(c3cnccn3)C2)cnc1Br,0.0011956627145191126
COc1cc(NC(C)(C)CCNC(=O)Cc2ccn(C)n2)ncn1,0.0007397422800157535
COc1ccc(C(=O)N[C@H]2CC[C@@H](N(C)C)C2)cc1O,0.00044977062112428867
COc1ccc(C)cc1CN1CCC(NC(=O)COC2CCOC2)CC1,0.0004886592971142943
COc1ccc(CCN2C[C@@H](C)C[C@H](C)C2)c(OC)c1,0.0007824254464061569
COc1ccccc1C(=O)NC1(C)CN(C(=O)c2ccnc(C#N)c2)C1,0.5059628971899651
COc1ccccc1CNC(=O)CN(C)C1C2CCCC21,0.0003153561422895449
COc1cccnc1CC(=O)N1CC2(C1)OC(=O)Nc1ccc(F)cc12,0.0007118770150763047
COc1ccnc(OC)c1C(=O)N1CCC(CNS(C)(=O)=O)C1,0.000570147508722975
COc1n[nH]c(C(=O)NC[C@@H](C)NC(=O)C2CCC(C)O2)c1Cl,0.00029856691008889146
COc1nccc(C(=O)N2CCC(CNC(=O)c3cnn(C)c3O)C2)n1,0.14158396331400477
Cc1c(C(C)C)n[nH]c1NC(=O)c1cccc2c1CC(=O)N2,0.2466144544737016
Cc1cc(=O)c(C(=O)N2CCN(C3CN(CC4CC4)C3)CC2)c[nH]1,0.0003154284560350061
Cc1cc(C#N)c(NCC23CCC(C3)C(=O)N2)cc1Br,0.001454491732824536
Cc1cc(C)c(NC(=O)C(C)N2C3CCC2CSC3)c(F)c1,0.0008049662372709979
Cc1ccc(-c2noc(CN[C@H](C)COC(F)(F)F)n2)cc1,0.0016110893981140682
Cc1ccc(C(=O)NC(C)C2(O)CCN(C(=O)C(F)F)CC2)c(F)c1,0.0004928438312667121
Cc1ccc(C)c(C(O)CNC(c2ncc[nH]2)C2CC2)c1,0.0003950407005067652
Cc1ccc(NS(=O)(=O)c2ccc(NC(=O)CC3CC(=O)C3)cc2)cc1,0.0016204237503299524
Cc1ccc(OCCC(=O)NC(C)C2COc3ccccc32)nc1,0.0005560847648540784
Cc1ccc(Br)c(F)c1C(=O)NC(C)(C)CCN,0.00046942019567616675
Cc1ccc2[nH]c(C(=O)NCCC3CCOC3C)cc2c1F,0.38488640744100144
Cc1ccc2c(CCNC(=O)C(C)CC3CCC3)c[nH]c2c1,0.001983788024636274
Cc1cccc(C(=O)N[C@@H]2CCCC[C@@H]2Nc2nnc(C)o2)c1Cl,0.000977584014667107
Cc1cccc(CCNC(=O)CCc2nnc(C3CC3)o2)c1,0.00021881140072372803
Cc1cccc2oc(N[C@H]3C[C@@H](NC(=O)CS(N)(=O)=O)C3)nc12,0.0006776496878536356
Cc1ccncc1C(=O)NCC1C(C2CC2)CCN1C(=O)C(C)(C)F,0.0005059287376947385
Cc1cnc(C(=O)NC2CC3(C2)CN(C(=O)[C@H]2C[C@@H]2C(F)F)C3)cn1,0.11941241098211411
Cc1cnc2c(c1)N(C(=O)c1cc(S(N)(=O)=O)co1)CCN2C,0.0005031931253760863
Cc1nc(C(=O)N2C3CCC2CN(C(=O)Cn2ccnn2)CC3)c(C)[nH]1,0.0002753017760221944
Cc1nc(C)n(C2CN(C(=O)NC[C@H]3CC[C@H](c4ncc(N)o4)CC3)C2)n1,0.3249498018402614
Cc1nc2cc(C(=O)NCC(C)NC(=O)C3(C)CC(F)(F)C3)ccc2o1,0.0009070609207363386
Cc1ncc(S(=O)(=O)NCc2ccc(N3CCOC3=O)cc2)s1,0.0010531997144731303
Cc1ncc(Cl)c(C(=O)N2CCN(c3ccc(F)cc3)CC2(C)C)n1,0.0013721505865487594
Cc1nccc(NCc2ccc(OCCN3CCOCC3)cc2)n1,0.0007745541636201809
Cc1ncncc1C(=O)N1[C@H]2CC[C@@H]1C[C@@H](CNC(=O)[C@@H]1C[C@H]1C)C2,0.0010188104890346864
Cc1nnc(N[C@@H]2CCN(C(=O)c3ncccc3Cl)C2)c(C#N)c1C,0.0012428983934657598
Cc1nnc2ccc(N4CCCN(C)S3(=O)=O)nn12,0.0
Cc1nsc(NCC2(C)CCCN(C(=O)c3cnc(C)n3C)C2)n1,0.0008827018311762952
NC1(C(=O)N2CCN(C3(C(N)=O)CCCC3)CC2)CCC1,0.0002257209673684324
O=C(CC(O)COCc1ccccc1)N1C[C@@]2(N)CCC[C@@H]2C1,0.00042083150929190204
O=C(COC1CCN(Cc2ccccc2)CC1)c1ccccc1O,0.2932701682621015
O=C(Cc1ccco1)N1CCc2nc(C(F)(F)F)ncc2C1,0.00047321360381153836
O=C(NC1COc2cc(F)cc(F)c21)OCC(F)(F)F,0.0006790281117615606
O=C(NCC(F)(F)F)NC1CCCC2CCC1N2Cc1ccccc1,0.0005909248517660166
O=C(NCC1CCC2(C1)OCCO2)N1CCC(C2CC2)C1,0.0003206894458524556
O=C(NCC1COCCN(c2cc(O)ncn2)C1)C1CC2(C1)CC2F,0.0004113782395022392
O=C(NCCc1csc2cc(C(=O)O)ccc12)C(F)C1CCNC1,0.000778395846883061
O=C(NCc1cn(C2CCN(c3ccncn3)C2)nn1)C1CCC=CO1,0.261525146827587
O=C(Nc1cnc2ccccc2c1)N1CCOCC1(C1CC1)C1CC1,0.0006757827566172328
O=C(Nc1cnnn1C1CC1)c1ccc(=O)n(C2CC2)c1,0.18794071472735024
O=C(OCc1conc1C1CC1)c1ccnc(OC2CC2(F)F)c1,0.0007427590604372127
O=C(c1ccc(OCC2CC2)cc1)N1Cc2ccccc2C[C@]1(CO)CO,0.0007748061204954198
O=C(c1ccc(F)cc1F)N1CCN(CC2CC3OCC3O2)CC1,0.00044222591445249797
O=C(c1cncc2c1CCCC2)N1CC2(C1)C(=O)NCN2,0.10901835791671281
O=C(c1coc(=O)c2ccccc12)N1CCNC(=O)C12CCC2,0.0006348155834665298
O=C(c1ncc2c(n1)CCOC2)N1CCc2nc[nH]c(=O)c2C1,0.11318613466748982
O=C1CC2(CC2)C(CNC(=O)Nc2ccc(OC(F)(F)F)cc2)O1,0.0016982192042429589
O=C1NC(C(=O)N2C[C@H](c3ccccc3)[C@@H](c3ccccc3)C2)CO1,0.0004912835258747654
O=C1OCC2COCCN12C(=O)c1cc2ccc(Cl)cc2s1,0.0
O=S(=O)(C1CCCNCC1)N1CCC2(CCNC2=O)CC1,0.00040082724856052197
C[C@@H](CNC(=O)CCC(C)(C)O)n1cc(CN3CCC(F)(F)CC2)nn1,0.0
C[C@H]1CN(C(=O)C2(NC(C)=O)CCCC2)CCN1C(=O)Cc1ccn[nH]1,0.0002033029045692663
CC[C@@H](C(=O)N1CCN(c2nccc(C#N)n2)C[C@H]1C)N(C)C,0.0006135928009211786
CC(=O)C1CCN(C(=O)c2ccc(OCc3ccccc3)nc2)C1,0.0005141056831246014
CC(=O)N(C)CC(=O)N1CCC[C@H](NC(=O)c2cnccc2C#N)C1,0.19914088247074338
CC(=O)Nc1ccccc1CNC(CO)c1cccc(Cl)c1Cl,0.0007295861010952204
CC(=O)OC[C@@H]1CCCN1C(=O)NC(C)C1Cc2ccccc21,0.0005470562268664669
CC(=O)c1ccc(C(=O)N2CC[C@@H]3CS(=O)(=O)C[C@@H]32)c(F)c1,0.1656820618564078
CC(C)(C)C(=O)NCC(O)CNC(=O)C1NC(=O)CC12CNC2,0.060308828848608595
CC(C)(C)OC(=O)COCC(=O)OCc1ccnc(C(F)(F)F)c1,0.0005076198924730743
CC(C)(C)c1cc(N2CC3CC(O)C3C2)nc(C(C)(C)C)n1,0.001003925194869396
CC(C)(F)CNC(=O)N1CCN(Cc2ccccc2)C(=O)C1,0.0003841711912793773
CC(C)CC(C)NC(=O)c1scc(Br)c1S(N)(=O)=O,0.0004437084865642195
CC(CC(N)=O)N(C)Cc1cn(C2CCOCC2)nc1Cl,0.0005795576872561221
CC(CN1C[C@@H]2COCC[C@]2(C(=O)O)C1)OC(C)(C)C,0.00031879191811975076
CC(CNC(=O)C1(O)CC1)N(C)C(=O)Cc1ccc2c(c1)CCO2,0.0002786002932449044
CC(CNC(=O)c1cncn1C)N(C)C(=O)Cc1nccs1,0.00048525011086625563
CC(NC(=O)N1CCN(CC(F)F)CC1C)c1cnn(C2CC2)c1,0.000489103496603847
CC(NC1CCCC(=O)NC1)C(=O)N(C)c1ccccc1,0.00032523237975189107
CC(O)CN(CC(F)F)C(=O)c1ccc(-c2ccncc2)[nH]c1=O,0.0006972600346212732
CC(O)Cn1cc(NC(=O)c2ccc3c(c2)C(=O)NCC3)cn1,0.32537205623461457
CC1(C)CN[C@H](C(=O)Nc2ccc3c(c2)OCO3)CO1,0.000529990977066217
CC1(C)CSCCN1C(=O)Nc1nc2c(s1)Cn1cccc[nH]12,0.0
CC1(C2CC2)CNCCN1C(=O)Cc1ccccc1CO,0.0005011767843259604
CC1(CC(=O)N2CCC3(C2)CN(c2ccc3nccn2)CCO2C2)CC1,0.0
CC1=NOC(C)(C(=O)N(C)CC(C)NC(=O)C2(S(C)(=O)=O)CC2)C1,0.00026248133061992245
CC1CC(C(=O)NC[C@@H]2C[C@H](F)CN2C(=O)Cc2cnnn2C)CO1,0.00022474326976225383
CC1CC(CN2CC(N3CCCN(C(=O)c4ccco4)CC3)C2)CCO1,0.00033311278766683875
CC1CC(n2nnnc2N2CCC(CCF)C2)CCS1,0.0009702322140279372
CC1CCCC1C(=O)N1CC(NC(=O)Cn2cccc(N)c2=O)C1,0.00037785566233836706
CCC(C)CCC(=O)NCC(O)CNC(=O)c1ccc(N)c(NC)n1,0.000596507130580158
CCCC(C)(C)C(=O)N1CC2(CC(NC(=O)c3cc(C)nc(C)c3)C2)C1,0.19009849658713246
CCCCC(=O)N1CC2CC1CN(C(=O)CCc1ccoc1)C2,0.0009080504664830364
CCCCN1CCN(C2CCN(C(=O)C3OCC3(C)C)CC2)CC1,0.0008471597973985481
CCCc1ccc(NC(=O)N2C[C@@H]3OC[C@H](CO)[C@@H]3C2)cc1,0.0008154289944308127
CCN(C(=O)c1cncn1C)C1CCN(c2nnc(C(C)(C)C)s2)C1,0.0015515732262610113
CCN(CC)CC(=O)NCC(C)(C)=Nc1[nH]c(C)nc(=O)c1C#N,0.0
CCN(Cc1cccc(-c2cnco2)c1)C1CCCOC1,0.0013070153532812915
CCOc1ccc2c(c1)C(NC(=O)N1CCOCC1CF)CCO2,0.00066159875587012
CCOc1cccc(NC(=O)C23CC(C(=O)OC)(CO2)C3)c1,0.5514454812416324
CCc1c[nH]c(C(=O)N2CC(NC(=O))c3ccncc3)CC2C)c1,0.0
CCc1cc(C(=O)NCC(CC)NC(=O)C(F)(F)F)nn1C,0.00046721317698037004
CCc1ccc(CCN2CCC3(CC2)CNC(=O)O3)cc1,0.0005758639957768095
CCc1cnoc1C(=O)N1CCC(N(CC)C(=O)c2ccc(C)n2C)C1,0.0008431884324672707
CCc1conc1C(=O)N(C)CCN(CC)CC(F)(F)F,0.0006855073690408182
CCc1nc[nH]c1C(=O)N1C2CCCC1CN(c1ncccn1)C2,0.0009475743216271425
CCc1nc(C)cc(NC(=O)N2CC3(CCNC(=O)N3)C2)n1,0.2807568288682271
CCc1ncc(C(=O)NCC(O)CNC(=O)CN(C)C(=O)C2CC2)s1,0.00022707307691002856
CCc1occc1C(=O)N1CCN(c2nccc(SC)n2)CC1,0.0011368716326874482
CCn1cc(CC(=O)N(C)C[C@H]2CCCN2C(=O)C(C)C#N)cn1,0.000587155468995973
CCn1cccc1C(=O)N[C@H]1C[C@H](NC(=O)C(C)(O)COC)C1,0.00030465513083828316
CCn1ncc(C(=O)NC2CCC3(C2)CC3(F)F)c1C(F)(F)F,0.00046626213658449697
CN(C(=O)C1CCOC1)C(CNc1ccccn1)Cc1ccccc1,0.001298592303438642
CN(CC(O)c1ccc(Br)cc1)C(=O)C1CCCCO1,0.0007730405693579866
CN(CC1OCCc2ccccc21)c1nnnn1CC1(C)CC(F)(F)C1,0.001473532793635882
CN1C[C@@H](NC(=O)NC2CC(=O)N3CCCCC23)[C@@H](c2ccccc2)C1,0.000552690687970122
CN1C(=O)CCC1C(=O)N1CCCC1CNc1nnccc1C#N,0.38087681321716116
CN1C(=O)CCCc2occ(C(=O)N3CC[C@@H]4CN(C)CC[C@@H]43)c21,0.0009598558911888188
CN1C2CCC1CC(NC(=O)CC=Cc1ccc(F)cc1)C2,0.0015969581274312707
CNC(=O)C(C)(C)CNCC1CC2(C1)CC(C(F)(F)F)C2,0.0003745765336220967
CNC(=O)Nc1ccc(C(=O)OC(C)C2(OC)CCC2)cc1,0.0006478309949729678
CO[C@H](C)C(=O)N1CC(C2CN(C(=O)C3(SC)CC3)C2)C1,0.00034220101401597977
COC(=O)CCc1nnc2ccc(N3CCC(C(C)(C)C#N)CC3)nn12,0.7081682257839801
COC(C(=O)N1CC[C@@H](NC(=O)c2cc3occc3s2)C1)C(C)C,0.5037379452671343
COC1(C(=O)NCC(=O)NC2CCOc3ccccc32)CCC1,0.0003873871030077545
COC1CN(S(=O)(=O)c2cc(C#N)ccc2F)CC12CC2,0.0007780814605833932
COCC(=O)Nc1ccc(NC(=O)C2(N)CCCOC2)cc1,0.0007585007925448673
COCC(O)C(=O)NC1CCCN(C(=O)C2CC23CCCC3)C1C,0.00047938118730227403
COCC(OC)C(=O)N1CCC(N(C)C(=O)[C@@H]2CNC(=O)C2)CC1,0.12433851040548559
COCCN(CCNC(=O)Cc1ccn[nH]1)C(=O)CCC1CCOC1,0.0002683325157249425
COc1c(C)ncnc1N[C@H]1C[C@H](NC(=O)CCOc2cccnc2)C1,0.000365772219773944
COc1cc(C)nc(N2CC(Cc3cn(C4CC4)nn3)C2)n1,0.1710967323108428
COc1cc(N2CCCC2CS(N)(=O)=O)c(Cl)c(OC)c1,0.0007320819997637994
COc1ccc(C(=O)N2CCC2CNC(=O)c2ncccc2N)cc1,0.25563484522742413
COc1ccc(NC(=O)CNC(=O)c2cc(C)ccc2OC)cc1C,0.000988715184824837
COc1cccc(C)c1C(=O)Nc1ccncc1Br,0.0008231564545430697
COc1cccc(CNCC2C[C@@H]3COC[C@@H]3O2)c1C(=O)O,0.0005143396418379578
COc1nc(C)ccc1C(=O)N1CCC(S(=O)(=O)NCC2CC2)C1,0.12695929185958132
CS(=O)(=O)Cc1ccc(CN2CCN(c3cccnc3)CC2)cc1,0.0006883945918448803
CSCCC(=O)N1CCN(c2nccc3ccc(Cl)cc23)CC1,0.5852859513578688
CSCCN(C)S(=O)(=O)c1ccc2scnc2c1,0.30597413261365664
Cc1cc(C(=O)N[C@H]2CCCN(C(=O)CCc3ccsc3)C2)on1,0.00039514153169506775
Cc1cc(C(=O)NC[C@@H](C)NC(=O)C2CCO2)[nH]c1C,0.00029786906896956175
Cc1cc(C(=O)NC2(C)CCN(C(=O)C3(C(C)C)COC3)CC2)c[nH]1,0.00044479725052293755
Cc1cc(C(=O)NC2(C)CN(c3cc(C#N)nc(C4CC4)n3)C2)nn1C,0.0011424570794441467
Cc1cc(NC(=O)N(C)CC(F)(F)F)cc(=O)n1-c1ccccc1,0.0010268612936274297
Cc1cc(O)ccc1CC(=O)NC1CN(C(=O)CCn2cccn2)C1,0.00038739079521067714
Cc1cc(F)sc1C(=O)N1CCN(C2CN(C3CCNC3=O)C2)CC1,0.00020818872603520428
Cc1ccc(N[C@H]2C[C@@H](NC(=O)CC34CCC(CC3)C4(C)C)C2)nn1,0.001257492047176604
Cc1ccc(F)cc1-n1cc(C2NC(=O)[C@H]3C[C@@H]32)nn1,0.00063303261279224
Cc1ccoc1C(=O)N1CCN(C(=O)c2ccno2)C(C)C1,0.0003946018279883706
Cc1ccsc1CC(=O)N1CCC[C@H]2CN(C(=O)c3ccc[nH]3)C[C@H]21,0.0006101073900994022
Cc1cnc(CCN(C)C(=O)c2ccc(F)c(C(=O)N(C)C)c2)s1,0.0006380062856182407
Cc1cncc(S(=O)(=O)N2CC(C(=O)O)OC3(CCC3)C2)c1,0.00048827487450048355
Cc1cnsc1C1NC(=O)[C@@H](CCC(N)=O)NC1=O,0.00018505590137335074
Cc1coc(C(=O)N2CCN(C(=O)CCCc3ccsc3)CC2)c1,0.0005258008355379336
Cc1coc(C)c1C(=O)NC1(C2CCN(C(=O)c3ccon3)CC2)CC1,0.3866528878301273
Cc1nc2ccc(C(=O)OC[C@@H]3CCO[C@@H]3C)cc2s1,0.0009510592684702231
Cc1nnc(C(=O)NCC(C)N(C)[C@H](C)c2ccccc2)s1,0.000432848315119894
Cn1cc(Br)c(C(=O)N=S2(=O)CCC2)cc1=O,0.1411525442093661
Cn1ccc(C(=O)NC2CCCN(C(=O)C34CCCN(CC3)C4)CC2)c1,0.0009655497184235776
Cn1ccnc1CCNC1(c2cccc(Br)c2)CC1,0.0005981066024783076
Cn1cncc1[C@@H]1CCO[C@@H]1CNC(=O)c1cc(C(F)F)ccc1F,0.0006648276893479195
Cn1ncc(CCC(=O)NC[C@@H]2CCCCN2C(=O)c2cc[nH]n2)n1,0.00044067604365895816
Cn1nnc(N2C3CCCC2CN(C(=O)c2nccnc2N)CC3)n1,0.3427121603429051
Cn1nnc(NC(=O)N2CCC3(CCOCC3)C(C3CC3)C2)n1,0.00027264054721355685
N#CC1(C(=O)N2CC(O)(CNC(=O)C3CCCc4nnn43)C2)CC1,0.0
N#Cc1ccc(N2CC(Nc3ccc(O)nn3)CC3(CC3)C2)c(Cl)c1,0.8696161124991156
N#Cc1ccc(NCCC2(O)CCN(C(=O)C3CC3)CC2)cc1Cl,0.0017221245561452757
NC(=O)c1coc(CNC(=O)N2CC3(C2)CC3(F)F)c1,0.17120349455341352
NS(=O)(=O)c1ccc2[nH]c(=O)c(CC3OCC3(F)F)nc2c1,0.00047290760787547685
O=C(C(O)C1CC1)N1CC(Nc2nccc(CO)n2)Cc2ccccc21,0.0009687003904773947
O=C(CO)N1CCN(C(=O)c2cn(C3CC3)cn2)C2(CCC2)C1,0.358655274984222
O=C(Cn1ccnn1)N[C@H]1C[C@@H](NC(=O)c2ccc(Cl)s2)C1,0.15211696399204527
O=C(N[C@H]1CCCN(C(=O)CCC2CC2)C1)C(F)CC1CC1,0.0007425220655868898
O=C(N1CC(C2COC2)C1)C1(c2cccc(Br)c2)CCC1,0.0004422436856337534
O=C(NC1(CF)COC1)c1nc[nH]c1C(F)(F)F,0.00038591736663484195
O=C(NC12CCCC1N(C(=O)CCF)CC2)c1cncc2nc[nH]c12,0.0014089657037294828
O=C(NC1CC(N2CCC(O)CC2)C1)C1=CCCS1,0.0003256526948903964
O=C(NC1CC2CNCC2C1)c1ccc2[nH]c(=O)oc2c1,0.0006280455413551138
O=C(NCCc1ccc(F)c(Br)c1)[C@@H]1CC[C@@H]2C[C@@H]21,0.000274688566670859
O=C(NCc1ccc(C(=O)O)nc1)N[C@]1(c2ccccc2)C[C@@H](F)C1,0.00046541978231037534
O=C(Nc1nccc2cc(CN)ccc12)C(C1CC1)N1CCOCC1,0.0006581730716339289
O=C1CC(CC(=O)NCC2CCN2C(=O)c2cncc3[nH]ccc23)C1,0.4306197419575155
O=C1CC(CNC(=O)NCCc2cncc(Br)c2)C1,0.0002309248208450448
O=C1CCC(CC(=O)N2CC(CCO)c3ccccc32)CN1,0.0007817551308570106
O=C1N[C@H](c2ccc(CN[C@@H]3CCCN4CCC[C@@H]34)cc2)CO1,0.0005232527571282276
O=C1OC[C@@H](CO)[C@H]1NC(=O)NC1CCCC(c2ccc(F)cc2)C1,0.000555522138525796
C[C@@H](CNc1ccc2nnnn2n1)NC(=O)CC1(O)CCOC1,0.000368692558965308
C[C@@H]1CN(C(=O)[C@H]2CCC(=O)N2)CCN1C(=O)C1(O)CCC1,0.08915962755128436
C=C(Cl)CCC(=O)N1CC(NC(=O)c2cc(CO)[nH]n2)C(C)(C)C1,0.0003783163702374747
CC[C@@H]1CN(C(=O)C2(C)CC2F)C[C@@H]1NC(=O)CS(=O)CC,0.0002607940954410883
CC(=O)CCCC(C)C(=O)NCc1c(C)oc2ccccc12,0.0011736223662388346
CC(=O)c1cc(C(=O)N2CCN(C(=O)C(C)(C)C(F)(F)F)CC2)no1,0.21821801281287972
CC(C(=O)NCC1(C)CN(C(=O)c2ccccn2)CCO1)C1CC1,0.00036209581345686
CC(C(=O)NCC1CCN1C(=O)C1(C)CCCC1)C1CC1,0.0006827749044034555
CC(C)(C(=O)NCC1CN(C(=O)c2cccnc2)C1)c1ccc(O)cc1,0.1490401865059077
CC(C)(C)OC1COCC1NC(=O)c1cccc(C2CC2)c1,0.00040066330125245456
CC(C)C(=O)N1CCC(C)C1CNC(=O)c1cccc2c1OCC2,0.0003776765157822819
CC(C)CNc1nccnc1NC1CCC(=O)NC12CCOCC2,0.6153677346446614
CC(C)CS(=O)(=O)NC(=O)C1CCC1c1ccc(F)cc1,0.0006709195985718297
CC(C)N(C)CC(=O)OCc1ccc(-n2ccnc2)cc1,0.0004452700351957467
CC(C)c1n[nH]c(C2CN(C(=O)NCCS(=O)(=O)C3CC3)CCO2)n1,0.00023271261797656466
CC(C)c1nccc(C(=O)N[C@H]2CCCc3cccc(Cl)c32)n1,0.0008258026953767959
CC(CCNC(=O)C(C)c1ccccc1F)NC(=O)c1ncn(C)n1,0.0004031846346463731
CC(CNC(=O)c1cnn(C)c1)NC(=O)c1cnc(CC2CC2)[nH]c1=O,0.11378709854971455
CC(N)c1ccc(NC(=O)NCc2csc(N(C)C)n2)cc1,0.0010702221901741356
CC(O)CN(CC(=O)OC(C)(C)C)C1CCn2ccnc21,0.0003981636619583377
CC(F)(F)c1cccnc1COC(=O)c1cnccc1C#N,0.0017601687584716192
CC(c1cccnc1)n1cc(C2CN(C(=O)[C@@H](C)N(C)C)C2)nn1,0.00034524968237034204
CC1(C)CCCOC1CNS(=O)(=O)c1ccc2c(c1)C(=O)OC2,0.00042719937124600346
CC1(CC(=O)N2CCC2CNC(=O)c2cnc3ccccc3c2)CC1,0.36848418590631843
CC1C(=O)N(C2CCN(C(=O)c3c(C#N)cnn3C)CC2)CCN1C,0.0008016777391363242
CC1CC(NC(=O)c2coc(Cl)c2)CCN1C(=O)c1nncs1,0.0004834814988803861
CC1CCC(NC(=O)c2cccc(Nc3ccncc3)c2)C(=O)N1,0.0006222581616594154
CC1CCC(O)(C(=O)N[C@@H](C)CCNC(=O)C2CC(C)OC2C)CC1,0.00032473611460995104
CC1CCCC(CCNC(=O)c2cccc3cncn23)C1,0.0012332072712013603
CC1CN(C(=O)Cn2ccnn2)CC1NC(=O)c1cncc(N)c1,0.2632892094919181
CCC(C(N)=O)N1CCN(C(=O)c2cccnc2-c2ccccc2)CC1,0.26267731086236185
CCC(C)C(=O)N[C@H]1C[C@H](NC(=O)c2ccnc(C)c2)C1,0.2428596029521147
CCC1CN(C(=O)NCC2CCSC2)CCS1,0.0005216387901305447
CCCC(=O)N[C@H](C)C1CN(C(=O)c2cc(C3CCC3)no2)C1,0.22165427197808898
CCCC(=O)N1C2CCC1CN(Cc1ccc(C)c(OC)c1)C2,0.0004308601384425079
CCCN(C(=O)C12CC1C2)C1CCN(C(=O)CC(O)C2CC2)C1,0.0006567466546557874
CCCc1sc(C(=O)N2CCCC(CCC(=O)OC)C2)nc1C,0.0007274160825498308
CCNC(=O)c1ccc(NC(=O)N(C)C2CCOC2)cc1,0.0005702171995512077
CCOC[C@@H](C)NC(=O)OCc1ccc(CC)s1,0.0006043675717409657
CCOC(=O)[C@@H]1CC[C@@H]1C(=O)Nc1c(O)cc(C)cc1C,0.0009363086514181413
CCOCc1cn(-c2cccc(CNC(=O)[C@H]3CCN(C)C3)c2)nn1,0.0006522409072741394
CCOc1cc(N2CCCOC(CNC(=O)c3ccc[nH]3)C2)ncn1,0.0006741154180242978
CCc1cc(C(=O)NC2CN(C(=O)C3CCCOC3)C2)no1,0.0004033957325861775
CCc1ccc(OCC(=O)NCCN(C)c2ccc(C#N)cn2)c(OC)c1,0.00160430507247512
CCc1occc1C(=O)N(C)CC(C)Oc1ccc(OC)cn1,0.000427764657746596
CCn1ncc(NC(=O)[C@@H]2C[C@@H]2[C@@H](C(=O)O)N(C)C(=O)OC)c1C1CC1,0.0008588542356740933
CN(CC1CN(c2nnnn2C)CCO1)C(=O)CN=S(C)(C)=O,0.00036614535277341086
CN(CCNC(=O)[C@H]1CCCO1)C(=O)C1(O)CCSCC1,0.000225434816259422
CNc1ncccc1C(=O)NCC(C)N(C)C(=O)Cc1cnoc1,0.0003162384174874889
CO[C@@H]1CC[C@@H]2CN(C(=O)NC(C)c3ccccc3)C[C@@H]2C1,0.0006027253953410608
CO[C@H]1C[C@](NC(=O)OC(C)(C)C)(C(=O)N2CC3CCCC2C3)C1,0.0006146651388473997
COC(=O)[C@@H](F)CNC(=O)c1occ2c1CCOC2,0.0002777822835720489
COC(=O)[C@@H]1C[C@@H]2CCCCC[C@@H]2N1C(=O)CC1CNC(C)C1,0.0011190157820358503
COC(=O)C1(c2cccc(NC(=O)[C@@H]3C[C@@H]4CCC[C@@H]4N3)c2)CC1,0.0010227539635452507
COC(=O)N[C@H](C(=O)N(C)C(C)CNC(=O)C1CC1)C(C)C,0.0005086596546060183
COC(=O)c1ccc(CNC(C)(C)c2ccccc2Cl)nc1,0.0005603697254425728
COC(=O)c1ncoc1C1CCCCN1S(=O)(=O)[C@H]1C[C@H](OC)C1,0.00042747489555918156
COC(C(=O)N1CCC(NC(=O)C2CCCO2)CC1C)C1CC1,0.0006516649478153096
COC(C(=O)NC1COC2(C1)CN(C(=O)C(O)C1CC1)C2)C1CCC1,0.00031944490716678505
COC1(CNC(=O)[C@H](C)NC(N)=O)CN(C(=O)C(C)(OC)C2CC2)C1,0.00021840786090267052
COCC(O)C(=O)N(C)CCNc1nc(C)cc(-n2cccn2)n1,0.0006765645527771247
COCCN(C)CC(=O)N1CC([C@H](C)NC(=O)c2coc(=O)[nH]2)C1,0.00018917180833867597
COc1cc(C)c2cc(CNCC3CC4CNC(C3)C4)[nH]c2c1,0.000640399707211256
COc1ccc([C@H]2C[C@H](n3nc(C)c(S(C)(=O)=O)n3)CCN2)cc1,0.0004922162671969512
COc1ccc(=O)n(CC(=O)Nc2cc(C)on2)n1,0.00034510515728043543
COc1ccc(C(=O)N(C)CC2CC(F)(F)C2)cc1C1CC1,0.0008419998054344733
COc1ccc(C(O)CN2CCc3cccc(F)c32)cc1OCC(C)C,0.9319448182325061
COc1ccc(S(C)(=O)=O)cc1C(=O)N1CC(CO)(C(=O)O)C1,0.0003505249463800283
COc1ccc2c(c1)CN(C(=O)Nc1c(C#N)ncn1C)C2,0.0015040746742776509
COc1ccccc1C1CCN(C[C@@H]2COCCO2)CC1,0.0005350438609289441
COc1ccnc(OC)c1C(=O)OC(C)c1ccc(F)cc1,0.0007854967990308646
COc1nc(N2CCC[C@H]2CNC(=O)CCC2CC2)nc(C)c1F,0.5740715689350553
CSCC(=O)N1CCC(F)(CNC(=O)Cc2ccc(C#N)cc2)CC1,0.0007654511252573327
Cc1c(-c2cn(C)nc2C(=O)N2CCC2CF)cnn1C,0.000685781180470163
Cc1c(C(=O)N2CCC3(CCC(O)CC3)C2)c2ccccc2[nH]c1=O,0.0005889739529399466
Cc1c(C(=O)NC(C)CN2CCC(C)CC2)ccn1CC(C)C,0.000553352787790751
Cc1c(NC(=O)N2CCC[C@@H]3COC[C@@H]32)cnn1-c1cccc(F)c1,0.001744356520584376
Cc1c(Cl)ccnc1C(=O)NC1CC(C)(C)NC(=O)c2ccccc21,0.0004318528516952109
Cc1cc(CN2CCN(c3ccccc3Cl)CC2)ncn1,0.0012723226017921372
Cc1cc2cc(C(=O)N3CCCC(N)(CO)C3)[nH]c2c1Br,0.0
Cc1ccc(C(=O)N[C@H]2CCN(C(=O)C(C)(C)C)C2)o1,0.0005182294719079454
Cc1ccc(CN2C[C@@H](O)[C@@H](O)C23CCC3)c(-c2ccccc2)n1,0.0009727834744307065
Cc1ccc(NCC(=O)N2CCC(NC(=O)COC3(C)CCC3)C2)cc1,0.21474930929230673
Cc1ccc2nsnc2c1NC(=O)N1C(C)C(=O)NC(C)C1C,0.0008369982807302886
Cc1cccc(Cl)c1C(=O)Nc1ncnn1C(C)C,0.0008327805705578113
Cc1ccccc1C(=O)N1CCC(OC2CN(C)C2)CC1,0.0004128213273176537
Cc1ccoc1C(=O)N(C)CC(C)NC(=O)c1cnc2c(c1)COCC2,0.00032959363793530824
Cc1coc(C(=O)N2CCC3(CC2)CN(Cc2ncnn2C)C3)c1,0.0004760433900889227
Cc1cocc1C(=O)N1CCC1CNC(=O)C1(C2CC2)CCCO1,0.22958550392001048
Cc1csc(C(C)NC(=O)NC2(C3CCOCC3)CC2)n1,0.0006716232551879289
Cc1n[nH]c2c1CC(NC(=O)c1nccnc1OCC(F)F)CC2,0.00038497499572607576
Cc1nc(C(=O)N[C@H]2CCN(C(=O)COCC(F)(F)F)C2)c(C)n1C,0.00037543851993713243
Cc1nc(C)c(C(=O)N2CCC[C@@H]2CCNC(=O)c2ccc(C)n2C)o1,0.36800566799648937
Cc1nc(CC2CCN(C(=O)c3ccc(C#N)c(C)n3)CC2)cs1,0.7835844553406791
Cc1nc(O)ncc1C(=O)N1CC[C@@H](NC(=O)c2ccc[nH]2)C1,0.000410777446493572
Cc1ncc(C(=O)N2CC(O)(CNC(=O)[C@H](C)NC(N)=O)C2)cc1N,0.0002905160688128411
Cc1ncc(Cl)cc1S(=O)(=O)N1C(C)CC(=O)CC1C1CC1,0.00029731601945958406
Cc1nocc1S(=O)(=O)N1CCN(C(C)c2ccccc2)CC1,0.0003138506399806147
Cc1onc(CO)c1-c1nnc(N(C)CC2CCCCC2O)n1C,0.000991199936898794
Cn1c(N2CCC[C@H]2CNC(=O)[C@H]2CCCO2)c(Cl)c(=O)n(C)c1=O,0.0006047104824712057
Cn1cnc(C(=O)N2CC[C@H](Nc3ncnc4c3CCCC4)C2)c1,0.0013091044073613419
Cn1nccc1[C@@H]1CCC[C@@H]1CNC(=O)[C@@H]1CNC[C@H]1C(C)(C)C,0.0005022277295634621
N#CC1(CO)CCN(C(=O)c2cc3c(cc2Cl)OCO3)CC1,0.4760829221100628
N#Cc1ccc(C2CC2)nc1N[C@@H]1C[C@H]2CC(C(=O)O)C[C@H]21,0.001755093794809023
N#Cc1ccc(OCCN2CCC(c3cn([C@H]4C[C@H]C4)nn3)C2)cc1,0.6369908461483705
N#Cc1cccc(NC(=O)c2ccc(OCC(F)F)cc2)c1,0.0009763684792351836
O[C@H]1[C@H]2C[C@@H](C(NC3CCc4c(F)cccc43)c2O)OC(C(F)F)C1,0.0003482414578725527
O=C(C(O)C1(O)CCOCC1)N1CCC[C@H](Nc2ncns2)C1,0.0006101528123753666
O=C(C1CCCC1)N1CC(CCn2cc(C3CC3)nn2)C1,0.0010815097239083404
O=C(C1CCCS1)N1CCC[C@H]2CN(c3cc(O)ncn3)C[C@H]21,0.0007113518539168425
O=C(C1CCS1(=O)=O)N1CCN(c2ccc(=O)[nH]n2)CC1,0.0002701259364930679
O=C(CC1CCS(=O)(=O)CC1)Nc1ccc2oc(CO)cc2c1,0.0014786122861826442
O=C(CCN1C(=O)C2C=C(C2c2ccccc2)=Nc2ccccc21)O,0.0
O=C(CN1CCCCNC(=O)C(F)(F)C1)N1CCC2CCCCC2C1,0.6294172594578076
O=C(Cc1csc(Cl)c1)OCCc1nnnn1CC(F)(F)F,0.0006223185688561944
O=C(Cn1ccnn1)NC12CCCCC1N(C(=O)c1cscn1)CC2,0.0008602846587801512
O=C(N[C@@H]1C[C@@H]2OCCC[C@@H]21)c1ccn2nccc2n1,0.0006297314095083609
O=C(NC[C@H]1CCCO1)c1ccnn1-c1ccccc1Cl,0.0006070517122335075
O=C(Nc1ccc(CO)cc1)[C@@H]1C[C@H]1c1ccc(F)cc1F,0.00103551332912593
O=C(O)c1cc2c(s1)CN(Cc1cccc(O)c1Br)CC2,0.0007349109959138519
O=C(OCC1CC12CCOC2)C1CCc2cc(F)ccc21,0.0006097195284473397
O=C(Fc1ccc(OCC(F)F)cc1)C1(n2cccn2)CCOCC1,0.0
O=C(c1cc(CO)cc(CO)c1)N1C[C@H](O)C[C@H]1c1ncc[nH]1,0.0003448228039650548
O=C(c1ccc2c(c1)CCCS2)N1CCC2(CC2)S1(=O)=O,0.0004246455276832299
O=C(c1ccn(C2CCC2)n1)N1CCCC(CO)(Cc2ccccc2)C1,0.0009802751852859362
O=C(c1coc2c1CNC2)N1CCn2ncc(CO)c2C1,0.12150556255720721
O=C(c1nc(=O)[nH][nH]1)N1CC(O)(CNC(=O)C2(CO)CCC2)C1,0.00014039216279059479
O=C1CCCN(C(=O)Cn2nc3n(c2=O)CCOC3)c2ccc(Cl)cc21,0.297562518899761
C[C@@H](O)C(=O)N1C[C@@H]2CN(C(=O)c3cncc4[nH]ccc34)C[C@@H]2C1,0.22579866089231984
C[C@@H]1CN(C(=O)C2(O)CC2)CCN1C(=O)c1coc(Br)c1,0.0003980023115300862
C1CCC(C2(COC3CN(c4ncncc4-c4ncnc4)C3)CC2)C1,0.0
CC(=O)N(C)CCNC(=O)C(C[C@H]1CCCCC1)c1ccccc1,0.000546617697937649
CC(=O)N(C)c1ccc(NC(=O)c2c[nH]nc2OCC(F)F)cc1,0.31326882888593827
CC(=O)N1CCN(C(=O)c2cscc2C(F)F)CC1,0.00043749051254709056
CC(=O)NC[C@H]1CC[C@H](CNC(=O)c2cc(C)oc2C)CC1,0.0003328335465284
CC(=O)Nc1ccc(C(=O)NC2CCN(CCF)C2=O)c(Cl)c1,0.000452160550438189
CC(=O)c1cc(COC(=O)C2CCN3CCOCC23)on1,0.00023125788604484753
CC(=O)c1ccccc1NC(=O)N1CC(C)(C)OC[C@@H]1C,0.0007147065776452509
CC(C(=O)N[C@H]1C[C@H](NC(=O)Cc2csc(Cl)c2)C1)C1CC1,0.18947454170706662
CC(C)(C(=O)N1CCCC(CNc2nnccc2C#N)C1)c1ccccc1,0.8484835837845713
CC(C)(NCC(F)(F)F)C(=O)Nc1c[nH]nc1C1CCC1,0.0005110228089992635
CC(C)C(=O)NCc1ccc(Cn2cc(C3(O)CCC3)nn2)o1,0.0004358820586520836
CC(C)C(O)c1cn([C@@H]2CON(C(=O)C34CCCN3CCC4)C2)nn1,0.0004515226560447776
CC(C)CC(CNc1nccn2nnnc12)NC(=O)CN1CCOCC1,0.0004310771006778138
CC(C)N1[C@@H]2CC[C@@H]1C[C@H](CNC(=O)CN(C)c1ncccn1)C2,0.0012898277524284528
CC(C)Oc1cc(C(N)=O)ccc1NC(=O)N1CCOC(F)(F)C1,0.0007806036761927608
CC(C)c1c[nH]c(CNc2cnn(CC(=O)NCCO)c2)n1,0.00043503114534449377
CC(C)c1cc(N(C)C(C)CNC(=O)CCC(=O)N(C)C)ncn1,0.0004057357025963715
CC(C)c1nccn1CCC(=O)N1CCN(C(C)c2csnn2)CC1,0.0004225524918301725
CC(C)n1cccc(C(=O)Nc2ccccc2OCCF)c1=O,0.5774698516281409
CC(C)n1ncc2c(NCCN(C)C(=O)COCC3CCOC3)ncnc21,0.0008172664484167785
CC(CNC(=O)c1cc2n(c1)CCOC2)NC(=O)c1c(N)cnn1C,0.3791231301821928
CC(NC(=O)OC(C)(C)C)C(C)NC1CCC2(CC1)CC2C(=O)O,0.20667618803167934
CC(O)C1CC1C(=O)NC1CC2(C1)CN(c1nc(Cl)ncc1F)C2,0.24822104710700604
CC1(C(=O)NCC(=O)NCC(F)(F)F)CCC2(CC1)OCCO2,0.00036145540086167345
CC1(C)CN(C(=O)C(O)c2cccc(Cl)c2F)C2(CC2)C1=O,0.0005202733177684383
CC1CC(C(=O)NC(CNc2ncccn2)C2CC2)C(C)O1,0.00042712279788952815
CC1CC(C)CN(CC(O)CNCc2cccc3c(C#N)c[nH]c23)C1,0.7074778652096734
CC1CCN(C(=O)c2ccccn2)CC1CNc1ncccn1,0.0008225376711364206
CC1COC(C(=O)N[C@H](C)c2c(Cl)cc(F)cc2Cl)C1,0.0005685782762727987
CCC(=O)NC(C)C(=O)N1CCC(C)C(CNc2ncccn2)C1,0.0006167634494333393
CCC(=O)Nc1cc(C(=O)N2CC(CC)(OC)CC2(C)C)ccn1,0.0007437710358751459
CCC(=O)Nc1ccc(-c2cnc3n2CC(C(=O)O)NC3)cc1,0.0007717987893399942
CCC(C)C(=O)N1C2CCC1CC(N(CC)C(=O)c1cnccc1O)C2,0.0005240075145845842
CCC(CC)(CNC(=O)COC(=O)Cn1cc(C(C)=O)nn1)C(C)C,0.0003568532511317372
CCC(O)CC(=O)N1CCN(c2ncncc2C#N)C(C)C1,0.001004658793530382
CCC(F)C(=O)N1CCN(C(=O)c2[nH]c(C)c(C(C)=O)c2CC)C2CC21,0.00047151808772355773
CCC1(O)CCC(NC[C@@H]2[C@H]3CC(F)(F)C[C@H]32)CC1,0.0013139838159151496
CCC1CCN1C(=O)c1cc2onc(Br)c2cn1,0.000937475724551039
CCCC(CC)CNC(=O)N1CC(N(C)C2COC2)C1,0.0004253855664939799
CCCC(O)CC(=O)N1CCC(C(=O)Nc2ccc(F)cc2)CC1,0.0012572454735409778
CCCN(C(=O)c1ncn(Cl)n1)C1CCN(CC2CC2)CC1,0.00045332491308151747
CCCc1nccnc1NC(=O)N(Cc1ccncc1)C1CC1,0.0005571890148284777
CCN(C(=O)c1ccccn1)C1CCN(Cc2ccc(Cl)cc2)C1,0.0004238188663841696
CCN(CC(=O)NC1CCc2ccccc2OC1)Cc1ccccn1,0.0003546423418814407
CCN1CC(CNC(=O)Nc2cccnc2-n2cccn2)CC1=O,0.0009061337667566641
CCOC(=O)c1coc(CNCc2cn(C)nn2)c1C,0.0005283707420192772
CCOc1ccc(NC(=O)NCCc2cnoc2)c(OC)c1,0.0011223727645295813
CCc1cc(C(=O)N2CCCN(CC3CCOC3)CC2)c(C)o1,0.00042418451754684146
CCc1cc(C(=O)N2CCN(C)CC2CNC(=O)C2(F)CC2)c(C)o1,0.00034945058000564265
CCc1cc(C)nc(N2CC3(CC3)CC2CNC(=O)C2(F)CCC2)n1,0.0015265539787671773
CCc1ccc(CCCC(=O)NC2CCN(CCN)CC2)cc1,0.0007168807817869446
CCc1cccc(C(=O)N(C)CC(C)NC(=O)C(C)CC2CCC2)n1,0.0007199873806973238
CCn1ccc(C(=O)NCC2CCN(C(=O)C3(O)CCC3)CC2C)n1,0.0004180990174708249
CCn1ccc(CCNC(=O)c2cncc(Br)c2)n1,0.0002486105270954139
CN(C(=O)CNc1ncn(C)n1)C1CCN(C(=O)c2cccnc2)CC1,0.29526050647111923
CN(C(=O)c1csc(C(F)(F)F)n1)C(CC#N)C(=O)O,0.0006823922776422144
CN(C)CCN1CCc2cc(C(=O)N3CCC4(CCN4)CC3)ccc21,0.0007013231265410403
CN(C)c1ccc(NC(=O)C(F)(F)C(O)C2CC2)cn1,0.13188905329491155
CN(CC1COCCN1C(=O)[C@H]1CC[C@H](C)CC1)C(=O)C1(C2CC2)CC1,0.0009181550039743258
CN(CCN1CCOC1=O)C(=O)NC1COC(C)(C)OC1,0.0003175476199466672
CN(CCNC(=O)CNc1cnn(-c2ccccc2)c1)C1CCCC1,0.0016260484200861208
CN(Cc1cn(CCCF)nn1)C(=O)C1CCCCN1C(N)=O,0.00030155596857800833
CN1[C@H]2CCC[C@@H]1CC(C(=O)Nc1ncccc1OCC1CCC1)C2,0.0014700230859185086
CN1C(=O)NCC12CN(C(=O)c1ccc(-c3cccnc3)c(F)c1)C2,0.23561439998111453
CN1CCOCC1CNC(=O)C(F)c1ccc2c(c1)OCO2,0.0004115003883997444
CNC(=O)N1CC(NC2CCc3cc(C(F)(F)F)ccc32)C1,0.0005116780284672137
CNC1CC2CCC(C1)N2C(=O)C1CCCN(c2noc(C)n2)C1,0.0007901338088951629
CNc1snc(C)c1C(=O)N1CCC(N(C)C(=O)c2ccc[nH]2)C1,0.0008703436769221099
CO[C@H](C)C(=O)N[C@H]1[C@@H]2CN(C(=O)c3cc(Cl)cn3C)C[C@@H]21,0.00032551005442354905
CO[C@H]1C[C@H](C(=O)OC(C)(C)C)N(C(=O)c2coc(C3CC3)n2)C1,0.0007038182030290515
COC(=O)C1(CO)CN(C(=O)C2(c3ccc(F)c(Cl)c3)CCC2)C1,0.0005900479465879827
COC(=O)NC(CC(C)C)C(=O)NCCN(C)C(=O)C1CCC1F,0.0004275702350657887
COC(=O)c1ccc(N2C[C@@H]3CC2CN3C(=O)Cn2nccn2)nc1,0.13653266844519316
COC(=O)c1ccc(Cl)c(NC(=O)c2[nH]ncc2C2CC2)c1,0.4015823991408394
COCC1(C)COCCN1C(=O)C1CCN(C2CC2)CC1,0.0005009027799414035
COCCN(CCNC(=O)[C@@H]1CCCO1)C(=O)c1cocc1C,0.0003798064865416699
COc1c(C)ncnc1NCC(C)N(C)C(=O)C1(C2CCOCC2)CC1,0.0007023470460099844
COc1cc(C(=O)N(C)CC(C)CNC(=O)[C@H]2C[C@@H]2C)ccc1C#N,0.45464774420158577
COc1ccc(C(O)CN(C)Cc2c(Cl)ncn2C)cc1,0.000588629858126661
COc1cccc(NC(=O)CNC(=O)NCC2=NOC3CCCC23)c1,0.0008039415468410109
COc1nc(C)ccc1C(=O)N1C[C@H](C)[C@H](NC(=O)c2ccon2)C1,0.15653982252423831
Cc1cc(C(=O)N2CCCC2CNC(=O)C2CCCC2C)c[nH]1,0.0006598087373203965
Cc1cc(C23CCC2CCN3C(=O)Nc2ccc3c(c2)OCO3)no1,0.0012749124573336885
Cc1cc(N2CCN(C(=O)c3cncc(F)n3)C[C@H]2C)nc(CO)n1,0.0005197920559403659
Cc1cccc(OCCC(=O)NC(C)c2nc(C)c(C(=O)O)[nH]2)c1C,0.000587325662758353
Cc1cccc2nc(C(=O)N3CC(C)C(NC(=O)C(F)C(C)C)C3)cn12,0.0006092965992977479
Cc1cccnc1CN1CCOc2c(Br)cccc2C1,0.0006147396074724296
Cc1cnn(C(C)C(=O)N2CCN(C(=O)[C@H]3CCCN3C)[C@@H](C)C2)c1,0.12950835418610343
Cc1cnn(CC(=O)N2CC[C@H](Nc3ccnc(C(C)(C)C)n3)C2)c1,0.0007366318852751445
Cc1cscc1C(=O)N1CC2(COC(CNC(=O)c3ccno3)C2)C1,0.3392559298287693
Cc1cscc1C(=O)NCC1(NC(=O)CC2CC3CCC2C3)CC1,0.5630678309030169
Cc1nc(C(=O)NC[C@]2(C)CCCN2C(=O)c2cnccc2N)n[nH]1,0.00039522484908788405
Cc1ncc(C(=O)N2C[C@]3(C)CN(c4nncs4)C[C@]3(C)C2)o1,0.0006946602692542358
Cc1ncccc1CC(=O)NC(C)CC(C)NC(=O)Cn1ncnn1,0.00016908672499553893
Cc1nccnc1C(=O)NC1(C2CCN(c3nnnn3C)C2)CC1,0.0005219587244536526
Cc1ncncc1C(=O)N1CCCCC1C(C)NC(=O)CN(C)C,0.0004801319702177792
Cc1nocc1C(=O)N1CCC(C2(CNC(=O)c3c[nH]nc3N)CC2)C1,0.0002699369330894896
Cc1nocc1CN1CC[C@H](NC(=O)C(C)N2CCN(C)CC2)C1,0.00025998092933077096
Cc1nsc(C)c1C(=O)N1CCOCC1C(=O)N1CCNCC1,0.0003256319679284046
Cc1nsc(N2CCC(C)(CNC(=O)C3(C(F)F)CCC3)CC2)n1,0.00034915378843013904
Cc1oc(C(=O)NC(C)Cc2csc(Cl)n2)cc1S(C)(=O)=O,0.0007233891889676514
Cc1oncc1CN1CC(NC(=O)CCC2CCC(=O)N2)CCC1C,0.00026100482342734737
Cn1cc(C(=O)N2CCOC(c3cccnc3)C2)c(C2CC2)n1,0.0005674815913192311
Cn1ncc(C(F)F)c1C(=O)NC1CCN(C(=O)c2cc[nH]n2)CC1,0.25614357921058367
N#Cc1cc(F)ccc1-c1nc(CC2CCC(=O)N2)no1,0.0013930973615028693
N#Cc1cccc(S(=O)(=O)NCCc2sccc2Cl)c1,0.0004955492258196972
O=C(CC(O)C1CC1)NCC1(CNc2nccc(C(F)F)n2)CC1,0.00041954508870658034
O=C(CC1CC2CC2C1)NCC1(O)CC(Nc2nncs2)C1,0.17877633592268974
O=C(Cn1cc(C2(CCO)CC2)nn1)N1CC[C@@H]2OCC[C@@H]2C1,0.0004024518542289453
O=C(N[C@H]1C[C@@H]2C[C@]2(C(=O)O)C1)c1ccc2c(c1)COC2,0.0004269251938334706
O=C(N1CC(c2cn(Cc3ncon3)nn2)C1)C1(O)CC2CCC1C2,0.000294912231698283
O=C(N1CCC2(CCCC2)C1)N1CCOC(Cc2ccccc2)C1,0.0008670718348160542
O=C(NC1CC(CNC(=O)c2cncnc2)C1)c1cn[nH]c11C1CCCO1,0.0
O=C(NC1CC(Cn2cccn2)C1)c1nccn2ccnc12,0.0012244003421901647
O=C(NC1COc2ccccc21)N1CCC(c2ncsn2)CC1,0.0004553314851533509
O=C(NCC1(c2ccccc2)CC1)N1CCC(c2nccs2)C1,0.0005541533984003943
O=C(NCc1ccc2cc[nH]c2n1)NC(CO)C1CCC1,0.0005268145872177381
O=C(Nc1ncccc1OC1CC1)c1ccc(=O)n2c1CCCCC2,0.35036384107081764
O=C(c1cc(Cl)c2c(c1)OCO2)N1CCN(CC2COCCO2)CC1,0.0005355475774674505
O=C(c1ccncn1)N1CCC(CCNC(=O)C(F)(F)C2CC2)CC1,0.6087639661783059
O=C1C[C@H](C(=O)N[C@H]2C[C@H](NC(=O)c3coc(=O)[nH]3)C2)CN1,0.00014754095359669592
O=C1CC2CCC(C1)N2C(=O)c1coc2ccc(Br)cc12,0.00046735270792691493
O=S(=O)(CCc1noc2ccccc12)N1CCOC2CCCCC21,0.0007324518808429213
OC1CCC2CN(c3ncc4c(n3)ncn4C3CC3)CCC2C1,0.0014949201650319422
c1ccc(C2COCC2NCC2CCC3(CCOCC3)O2)nc1,0.0003932862997435766
C[C@H](NC(=O)CN1CCN(C2CCCNC2=O)CC1)c1ccccc1,0.00039391914989623145
C[C@H](NC(=O)c1cn(C)nn1)C1CCN(c2nnco2)CC1,0.0004893227962571228
CC[C@@H](NC(=O)c1ccc(F)c(Br)c1)C(N)=O,0.00028586985306675337
CC(=O)NC12CCCC1N(C(=O)c1cccc3ncoc13)CCC2,0.0009079723091941302
CC(=O)NC1CCN(C(=O)c2ccc(N3CC[C@H](O)C3)cc2)CC1C,0.0009087530458574434
CC(=O)c1csc(CNC(=O)c2cncc(C(=O)O)c2)n1,0.00037611617198688054
CC(C(=O)N(C)CCCc1ccccc1)N1C[C@@H]2C[C@@H](CO)[C@H]1[C@H]2N,0.00028843030099808946
CC(C)(C(=O)N[C@H]1CCN(C(C)(C)C(N)=O)C1)C1CCC1,0.0003361688108886327
CC(C)(C)n1cc(CC(=O)N2CCC(c3cc(N)n[nH]3)CC2)cn1,0.0008211991654942147
CC(C)(CNC(=O)c1cncc(F)c1)C1CCN(C(=O)C2CC2)CC1,0.24257391963907915
CC(C)(CNc1nccnc1F)NC(=O)CC1(O)CCOC1,0.0005097933899422272
CC(C)CC(CNC(=O)c1ccn(C(C)C)n1)NC(=O)[C@@H](C)O,0.00034750441108275095
CC(C)COCC(=O)NCC1(c2ccccc2)CCOCC1,0.0007417802033283644
CC(C)COc1ccc(NC(=O)C(F)(F)c2cncnc2)cn1,0.0015250814023950081
CC(C)OCC(=O)N1CCC(C)C(NC(=O)C2CCC2)C1,0.0004343488650873878
CC(C)c1nc(C(=O)NCc2cccc(NC(=O)C3CC3)c2)cs1,0.0017260497515293213
CC(CC(=O)N[C@@H](C)CNc1cc(F)ncn1)n1cccn1,0.000494088706961016
CC(CCNC(=O)c1ncn(C)n1)N(C)C(=O)c1cnccn1,0.00016420944188440435
CC(CN(C)c1ncc2c(n1)CCCC2)NC(=O)CCC(C)(C)F,0.0005124936695091404
CC(CNC(=O)C1CCC1)NC(=O)c1cc(C(C)(C)C)no1,0.0005893442292575642
CC(CNC(=O)NCC[C@H]1C[C@@H](O)C1)c1ccc(F)cc1,0.0008072043980609286
CC(CNC(C)C1CCN1C)c1nc(C(C)(C)C)cs1,0.000543422136647185
CC(N(C)C(=O)c1cc(Br)[nH]n1)C(C)S(C)(=O)=O,0.00034953731163009236
CC(NC(=O)C1COC2COCC21)c1ccc(-c2ccn[nH]2)cc1,0.0007387077230856245
CC(Nc1nccc(CO)n1)C1CCN(C(=O)c2csc(=O)[nH]2)C1,0.0007456600048842994
CC(O)C(=O)NC1CN(C(=O)c2cccc(N3CCCC3)c2)C1,0.0009112995379661742
CC(O)C(C)C(=O)N1C2CCC1CN(C(=O)c1cnn(C)c1C#N)CC2,0.0008182882896987055
CC1(C)CC(C(=O)N2CC[C@@H](N)[C@H](NC(=O)OC(C)(C)C)C2)COO1,0.00031983536044854474
CC1(NC(=O)c2cncc(Cl)c2)CN(C(=O)C(O)c2ccccc2)C1,0.0005224616780230757
CCC[C@@H](NC(N)=O)C(=O)NCC1CCCC1S(=O)(=O)NC,0.12189067287010019
CCC(C)(C#N)C(=O)N1CC([C@@H](C)NC(=O)C2CCC3(CCC3)O2)C1,0.720543207707694
CCC(C)OCC(=O)NC(C)(C)C1CCCN1C(=O)C1CCC(=O)C1,0.00044284912750180766
CCC(C)c1cn2c(n1)CN(C(=O)C1CCC(C)(CC)C1)CC2,0.00141819628100823
CCC(CNC(=O)C1COc2ccccc21)NC(=O)c1cccc(C)c1,0.0005693715335163067
CCC(O)CC(=O)N(C)CCNC(=O)CCC1CCOC1,0.0002635380770065497
CCC1CN(S(=O)(=O)[C@@@H]2C[C@H]2c2ccc(F)cc2)CCCO1,0.0
CCCC(O)c1cn(CCNC(=O)C2CCC(F)(F)C2)nn1,0.00040426652380531766
CCCc1ccccc1CNC(=O)C(F)(F)c1cnc(C)cc1N,0.0010915370536206926
CCN(C(=O)N1CC2(C1)OC[C@@H](O)[C@H]2O)c1ccc(C)cc1,0.000577093154255587
CCN1CCN(C(=O)NCC2(COC)CCOCC2)CC1(C)C,0.0007219446561216198
CCOc1cc2c(cc1CNCc1ncnn1CCF)OC(C)C2,0.0006368229362532876
CCOc1ccc(C(=O)NC2CCN(CC3CC3)C2)cn1,0.00047990910370136275
CCOc1cccc(CCNC(=O)C2(C)CC3CC3C2)c1,0.00035377961005973903
CCOc1nccc(C)c1C(=O)N1CC[C@H](CNC(=O)CCOC)C1,0.1444708285533204
CCS(=O)(=O)CCN(C)c1nnc(Cc2ccccn2)n1CC(C)C,0.00035172605958120554
CCc1cc(C(=O)Nc2cnn(CC(C)C)c2C2CC2)n(C)n1,0.0008937850752433774
CCc1nc(C)c(CN(C)CC(=O)N2CCCCC2C)o1,0.000376583580752702
CCn1c(C(=O)Nc2cccn(C)c2=O)cnc1Br,0.0008226275586636565
CN(C(=O)C1(C)CCOC1)C(CNc1ccncn1)C1CC1,0.0004128764670796508
CN(C)Cc1cccc(CNC(=O)OCC(F)(F)F)c1,0.0005571862333708242
CN(C)c1ncccc1CNC(=O)CC1CCC2(CCCCC2)CC1,0.0019696299642534046
CN(CC(=O)N1CCC2(C1)CN(C(=O)c1ncc[nH]1)C2)CC(C)(C)C,0.14908883950712476
CN1CCOCC1C(=O)NC1CC2(CCN(C(=O)[C@H]3CCCO3)C2)C1,0.149400809503791
CNS(=O)(=O)c1ccc(C(=O)N2CC(C)(OC)C2)cc1,0.0002522774933403971
CO[C@@H]1C[C@H](COC(=O)c2cccnc2-n2cccn2)C1(C)C,0.0007663214235488243
CO[C@@H]1COC[C@H]1NCc1ccc(Br)c(C)c1,0.00042603205996075513
COC(=O)C1(C2CCN(C(=O)C(C)N3CCOCC3)CC2)CCC1,0.0005162115118958835
COC(=O)C12CC(NC(=O)NCC3(CS(C)(=O)=O)CC3)(C1)C2,0.12800106964810173
COC(=O)NC1CCN(C(=O)c2cnc3c(c2)CCOC3)CC1,0.000268292316052297
COC(=O)c1cc(N2CCNCC(F)(F)C2)cc(C)c1C,0.0009390184230333224
COC(C)(C)C(=O)N1CCCC1CN(C)C(=O)c1cc(C#N)cn1C,0.0010073852580489437
COC1([C@@H]2CN(c3ccnc4cc(C)nn34)C[C@H]2C2CC2)C[C@@H]1C2C,0.0
COC1(CNC(=O)C2(F)CC2)CN(C(=O)c2cnc(C3CC3)o2)C1,0.0003196476555830402
COC1(CNC(=O)N2CCCC3(C2)NC(=O)C(C)(C)O3)CCSC1,0.0003167783820484494
COC1(CO)CN(C(=O)C(c2ccccc2)c2ccc(Cl)cc2)C1,0.0005685470935751101
COC1CNCC(C(=O)Nc2cn[nH]c2-c2ccccc2)C1,0.0009957608003772634
COCCN1CCC2(CC1)CC2NC(=O)c1sccc1F,0.2987741559928445
COCc1ocnc1CN[C@@H]1CC[C@H](OCC(F)(F)F)C1,0.0004046313238570566
COc1cc(=O)scc1NC(=O)C1CCC2(CCCO2)CC1,0.0008599546266686749
COc1cc(C(=O)Nc2ccc(CCN3CCNCC3)cc2)nn1C,0.001095882494423777
COc1cc2c(cc1C(=O)NCC(CO)Cc1ccccc1)OCO2,0.0005791283468504036
COc1ccc(C#N)cc1CNC(=O)C1(CNC(C)=O)CCCC1,0.0012777166516107254
COc1ccc(Cc2noc(C34CCCN(CC3)C4)n2)cc1,0.0003696387865042013
COc1ccc(N2CC(NCc3cc(C(F)F)nn3C)CC2=O)cc1,0.0009497468938153838
COc1ccc(O)c(CC2CCCN2C(=O)CC(C)(C)CN)c1,0.0006478648915759487
COc1ccccc1C(C)N[C@H](C)c1ccc(S(N)(=O)=O)cc1,0.0005260113298827864
CS(=O)C1(CNC(=O)c2ncoc2-c2ccon2)CC1,0.0011812786424580497
CSC1(C(=O)N2CC3CC(NC(=O)C4(F)CCC4)CC3C2)CC1,0.32883913137019505
CSc1ccc(Cl)c(C(=O)N[C@@H]2CCCC[C@@H]2O)c1,0.0006042121582721618
CSc1ncccc1C(=O)NC[C@@H]1C[C@H]2CNC[C@H]21,0.00026758225045826013
CSc1nnc(NC(=O)N2CC(Oc3ccc(C#N)cn3)C2)[nH]1,0.33593847923455833
Cc1c[nH]c(CCC(=O)N[C@@H]2CCCN(C(=O)c3ccnc(C)n3)C2)n1,0.00048798025002516474
Cc1cc(C(=O)N2CCC(Nc3nc(C)cc(C)c3C#N)C2)nn1C,0.001485248679405313
Cc1cc(C(=O)NC(C)(CNc2cc(Cl)ncn2)C2CC2)cc(O)n1,0.6662143498286879
Cc1cc(C)cc(CCNC(=O)NCc2ccc(=O)[nH]n2)c1,0.00034782892359052926
Cc1cc(C)n(CC(=O)NC2(c3cccc(F)c3F)CC2)c(=O)n1,0.00045144208705630165
Cc1cc(N(C)C(CNC(=O)C2CCOC2)c2ccccc2)ncn1,0.0010874352241259414
Cc1ccc(C)c2sc(NC3(C(=O)O)CCCC(C(=O)O)C3)nc12,0.0015842339271181871
Cc1ccc(O)c(C(=O)OCCC(O)c2ccccc2)c1,0.0007974959897136308
Cc1ccc2[nH]cc(CCC(=O)N3CC[C@H]4CN(C)C[C@H]43)c2c1,0.0008261112696876386
Cc1cccc(CCNC(=O)N2CC(C)(n3nnnc3C)C2)c1,0.0002884785772021866
Cc1ccccc1CC(=O)NC1CCN(C(=O)c2ccns2)CC1F,0.0004525966099079595
Cc1cncc(C(=O)N2CCC2CNC(=O)c2cn(C)nc2N)c1O,0.0008052678016401416
Cc1cnoc1C(=O)NC1CCC2CN(C(=O)c3ncoc3C)CCC2C1,0.270007559570366
Cc1csc2nc(C3CC3)c(C(=O)N3CC(F)CC3C(=O)O)c(C)c12,0.0007320532349319581
Cc1nc2ccccn2c1NC(=O)N1CCC[C@@H]1C(O)C(C)(C)C,0.0013891522352498936
Cc1ncc(C(=O)NC2(CNC(=O)C3(C#N)CC3)CCOCC2)cc1C#N,0.23674628058658448
Cc1ncccc1C(=O)Nc1cccc(C2OCCO2)c1,0.0009466644468331505
Cc1nccnc1NC(=O)NCC(C)(C)C1CCCCO1,0.0008692592340222678
Cc1ncn(C)c1C(=O)N1CC(C2CN(C(=O)[C@@H]3CCC(=O)N3)C2)C1,0.00027755951652077556
Cc1nnc(N2CC(C)(O)CC2CNC(=O)c2c(C)cc(=O)[nH]c2C)o1,0.0002899774208320067
Cc1nnc(NC2(CNC(=O)c3cc(Cl)c[nH]3)COC2)o1,0.0008527030487247143
Cc1noc(C(C)N2CC[C@H](NC(=O)c3cc(C)n(C(C)C)c3C)C2)n1,0.0004391867233287002
Cc1nscc1C(=O)N[C@H]1C[C@H](CNC(=O)c2cn(C)nc2N)C1,0.299765011436187
Cn1cc(C(=O)NC2CCOC(C)(C)C2)c(-c2ccc(Cl)cc2)n1,0.0014363643374742856
Cn1ccc(CCC(=O)NC2CN(C(=O)C3Cc4ccccc4O3)C2)n1,0.0003742104519263019
Cn1ncc(Br)c1CN1CC2CC1(C(F)F)C2,0.0006416714359917596
Cn1nccc1C1CC(N[C@@H]2CCC(=O)N[C@H]2c2cncn2C)CCO1,0.0008827142777085253
N#Cc1ccccc1OC1CCN(Cc2ncc(C3CC3)o2)CC1,0.8787227417222307
N#Cc1ccnc(C(=O)N2CC(O)(c3cc(F)cc(F)c3)C2)c1,0.0005554839495091719
N#Cc1cnnc(N2CCC(OCC3CCOC3)CC2)c1,0.0013374236140790052
NC(=O)c1cncc(N2CCN(c3nsc(C4CC4)n3)CC2)n1,0.34449434374649013
NC1CCC1CC(=O)N1CCC(n2c(=O)[nH]c3ccccc32)C1,0.0006380729250388223
NCc1cc(CNC(=O)c2cc(Cl)c3c(c2)OCCO3)ccn1,0.0008591163752814765
O=C(CCCc1ccccn1)N1CCCC(Nc2cnc(F)cn2)CC1,0.001438571279745648
O=C(N1CCN(c2ccccc2)CC1)C12CCCC(C1)OC2,0.0012257690963282716
O=C(NC[C@@H]1C[C@H]1c1ccc(F)cc1F)c1cscn1,0.0006389632908644966
O=C(NCC1(O)CC2CCC1C2)c1cc(=O)n(C2CCOCC2)cn1,0.0004932565961981096
O=C(NCCc1nnc(C2CCCC2)o1)C1(c2cc[nH]n2)CCC1,0.0005257719332910871
O=C(NCc1cc2c(cc1Cl)OCCO2)N1CCOCC(F)(F)C1,0.0008263530864611319
O=C(O)[C@@H]1CC[C@H]2[C@@H](CCCN2C(=O)c2[nH]ncc2Br)C1,0.0004015781844595821
O=C(c1ccnn1CC#N)N1CCC(c2n[nH]c(=O)o2)CC1,0.0003522749067421124
O=C(c1cnc2n1CCC(C1)C2)N1CC(CNc2cc(=O)[nH]c(=O)[nH]2)C1,0.0
O=C(c1nnc(C2CCCNC2)s1)N1CCSc2ccccc2C1,0.0005695412067170192
O=C1C[C@H](C(=O)N2CCC(C(O)c3ccncc3)CC2)CN1,0.0003040981317851267
O=S(=O)(NC1CCN(Cc2ccccn2)CC1)c1ccccc1O,0.000371687070338621
O=S1(=O)CC(F)(F)CN1Cc1ccc(=O)n2c1CCCC2,0.0003190252131071576
O=S1(=O)CCCC2(CCN(c3ccnc4ccccc34)C2)C1,0.5263293135838375
C[C@@H](CNC(=O)CC1(O)CC1)NC(=O)c1cnc2sccc2c1,0.00041685611016931145
C[C@@H](NC(=O)Cn1cccnc1=O)C1COC(C)(C)C1,0.00043203997938198523
C[C@@H]1CN(CC2CCCC2)C[C@H]1NC(=O)CCc1cnccn1,0.000887171506641109
C[C@H]1C[C@@H]1C(=O)NC(C)(CNC(=O)OC(C)(C)C)C1CC1,0.0003541643956655747
CC[C@H](C)[C@@H](O)C(=O)N1CCN(c2nccc(OC)c2F)CC1,0.30591658234283936
CC[C@H](C)[C@H](O)C(=O)N1CCC(c2nc(-c3ccccc3F)n[nH]2)CC1,0.0011907610213688455
CC[C@H](NC(=O)Nc1ccc(CC(=O)NC)cc1)C(=O)O,0.0004020397004954789
CC(=O)c1ccc(C(=O)NC(C)CN2CCCC2)cc1OC(C)C,0.2506863697092546
CC(C)(C(=O)N[C@H]1CCN(c2ccc3c(n2)CCC3=O)C1)n1cccn1,0.18509344363730032
CC(C)(C)OCC1CN(C(=O)OCc2ccccc2F)C1,0.0005221101187471628
CC(C)(Cc1ccc(C#N)cc1)NC(=O)NCc1cncnc1N,0.0012947210621294366
CC(C)C1CC(C(=O)NCC23CCCNC2CCC3)CCO1,0.0009454306472428772
CC(C)c1c(NC(=O)C23CCCCC(=O)N2CCC3)cnn1C,0.0011563089898118594
CC(C)c1nnc(CS(=O)(=O)Cc2ccc3c(c2)CCCC3)n1C,0.0006485845920981626
CC(C)c1oncc1C(=O)N(C)CCN(C)C(=O)c1ccc(=O)[nH]n1,0.00029428498184787255
CC(CCC1CC1)(C(=O)N1CCC(c2cccnc2)C1)c1nn[nH]n1,0.0012205458500435728
CC(CCN1CCCC1)N[C@H]1c2ccccc2C[C@@H]1O,0.0005689563685680939
CC(CNC(=O)CC1CCc2ccccc21)CN(C)C(=O)c1ccoc1,0.000800742391482317
CC(CS(=O)(=O)N1CCCC(=O)C1)Cc1cccs1,0.00033379433260191833
CC(NC(=O)c1cnnn1C1CC1)C1CCN(c2ccnc(C#N)n2)C1,0.0011078905115227105
CC(Oc1ccccc1)C(=O)N1CC(n2cc(C3(O)CC3)nn2)C1,0.0003848626572889775
CC(Oc1ccccc1Cl)c1nc(C2C[C@@H]3CC(=O)[C@@H]2C3)no1,0.00036563831379497926
CC(c1ccccc1Cl)N1CC(CC(=O)O)OC2(CCC2)C1,0.0008857935830002549
CC1(C)[C@H](C(=O)N2C[C@@H](O)[C@H](NC(=O)OC(C)(C)C)C2)[C@H]1c1ccccc2c1,0.0
CC1(C)NC(=O)C2(CN(Cc3cc(Br)cnc3N)C2)O1,0.0006210420733625712
CC1(C)OC(=O)C2CC21C(=O)OC1CCc2ccc(F)cc21,0.0007640619314986245
CC1(CNC(=O)C2CCc3ccnn3C2)CCCN1c1nncs1,0.0006331416741421832
CC1(NC(=O)Cc2cccnc2)CCN(C(=O)Cc2ccoc2)CC1,0.0011733850253622831
CC1(S(=O)(=O)N2CC3CC4CC3C2c2ccccc2C4)CCC1,0.0004192267040490425
CC1=C(c2ccco2)CN(C(=O)C2CC3(CCC3O)C2)CC1,0.0007380318234203998
CC1CC(C(F)(F)F)CCN1C(=O)c1ccnc2ncncc12,0.000925688546658097
CC1CC(C)(C(=O)N2C[C@H]3[C@H](NC(=O)C(C)CF)[C@H]3C2)CCO1,0.00037242229684334495
CC1CC(C)(C)NC1CNC(C)C(=O)Nc1cc(C2CC2)no1,0.0010261026600733656
CCC(O)C(=O)N1CCC(O)(C2(NC(=O)c3ccoc3)CC2)CC1,0.00042652448009512046
CCCC(=O)N1C[C@H]2[C@H](NC(=O)c3ccc(Cl)c(F)c3)[C@H]2C1,0.0007179269853080081
CCCC(=O)N1C[C@H]2CN(C(C)C(=O)N3CCN(CC)CC3)C[C@H]2C1,0.16619786365773526
CCCN(C(=O)Cc1ccccc1)C1CCN(C2CCCNC2=O)C1,0.0003890468090611016
CCCOc1ccc(NC(=O)[C@H]2OCC(=O)N(C)[C@@H]2c2ccccc2)cc1,0.0010412782059215128
CCCn1ccc(C(=O)NC[C@@H](C)NC(=O)C2CCCc3ccnn32)n1,0.00033994850984023515
CCCn1ccc(C(=O)NC(C(=O)O)c2ccc(Cl)cc2)n1,0.0006577766648481491
CCN(CCNC(=O)c1c(C)[nH]c(=O)n(C)c1=O)CC1CC(C)(C)C1,0.0003490360052637165
CCN1CCC(NC(=O)c2c(F)ccc(C(=O)O)c2C)C(F)(F)C1,0.0005858914538814083
CCOc1ccnc(NC2CN(C(=O)c3cccc(OC)c3)C2)n1,0.0006727385400296243
CCc1ccc2c(c1)[C@@H](NC(=O)N1CCc3cn[nH]c3C1)CCO2,0.0005495784726691199
CCc1cccc(CC)c1CC(=O)NCC1(c2ccncc2F)CC1,0.0004889755199635158
CCn1nnc(C)c1CN1C2CCC1CN(C(=O)C1CCC1)CC2,0.0006704318041672792
CCn1nnnc1NC(=O)NC(C)C1COc2ccccc21,0.0007057397662060434
CN(C(=O)[C@H]1C[C@]2(CCCCN2)C1)C1CCN(c2nccc(C#N)n2)C1,0.5893425190893937
CN(C(=O)c1cc2ccccc2cc1F)C1(C(N)=O)CCCC1,0.4785356757700574
CN(C)CCC1(C(=O)N[C@H]2C[C@@H](NC(=O)c3cnn(C)c3)C2)CCCC1,0.0010511552300917265
CN(CCN1CCN(C(=O)C(C)(C)F)CC1)C(=O)CC1CN(C)C1,0.00025649935586683804
CN1CC[C@H]2C(NC(=O)c3ccc(=O)n(-c4ccc(C#N)cc4)c3)C[C@H]21,0.0013939130941493269
CN1CC2(CCN(C(=O)Nc3cnn4ncccc34)C2)C(C)(C)C1=O,0.34261040580772495
CN1CCN(C(=O)Cc2ccon2)C(CNC(=O)c2cocn2)C1,0.0002509759512115535
CN1CCN(CCNS(=O)(=O)CC23CC(CO2)C3)CC1,0.0003688258755281173
CNc1ccc(C(=O)N2CC(c3ccon3)C2)cc1Cl,0.5479799351772491
COC(=O)[C@]1(NS(=O)(=O)N(C)C(C)(C)C)C[C@@H]1C(F)(F)F,0.0006710310097314103
COC(=O)c1c(C)sc(C)c1NC(=O)c1ccc(OC)c(C#N)c1,0.868924040024855
COC(=O)c1cnc(OC)c(NC(=O)N[C@H]2C[C@H](CC#N)C2)c1,0.3344157775623523
COC1CCCC1CNC(=O)Nc1ccnc(OC(F)F)c1,0.0007419557843124205
COCC(=O)N1CCC(CCNC(=O)c2ccc(C#N)cn2)C1,0.5011447762417299
COCC(C)(CO)CNC(=O)c1ccn(C2CCC2)c(=O)c1,0.00034355593248870545
COCC(O)C(=O)N1CCC2(CC1)COC(CNC(=O)C1(C)CC1)C2,0.09581448173687328
COCCN(CCNC(=O)C1(C)CCCC1)C(=O)c1nc[nH]c1C,0.0006927398629270104
COc1cc(NC(=O)C(C)C2CCCO2)ccc1-n1cccn1,0.0016115312634164497
COc1ccc(C)c(S(=O)(=O)NC(=O)C(N)CC2CC2)c1,0.0005733274766520778
COc1ccc(C2(NC(=O)c3cc(C(=O)O)sn3)CC2)cc1,0.28930183892618
COc1ccc(F)cc1CN1CCCC(C(O)C(F)(F)F)C1,0.0005504021066757165
COc1ccc2c(c1)CCCN(C(=O)CCc1nnc[nH]1)C2,0.0003370670040782625
COc1cccc(C)c1C(=O)NC(CNC(=O)[C@@H](O)C(C)C)C1CC1,0.0005178316630090464
COc1cccc(NC(=O)N2CCC23CCC(C)CC3)n1,0.0012334865344359642
COc1cccc2c1C(NCC1(S(C)(=O)=O)CC1)CCC2,0.0007044918307688139
COc1cccc2ccc(C(C)NCC3=NO[C@@H]4COC[C@H]34)cc12,0.2909843767765193
COc1nc(C(=O)N(Cc2ccc(C#N)cc2)C(C)C)cs1,0.3616228806982475
CSC(C)CNC(=O)NC(CO)c1cccc(O)c1,0.00042660966739099034
CSC(C)COC(=O)c1cnnn1Cc1ccccc1,0.0005461299838400018
CSCC(=O)N1CCCC(NC(=O)c2ccc(CO)cc2)C1,0.00032657158530094356
CSCC(C)C(=O)N1CC(CO)(NC(=O)c2coc(=O)[nH]2)C1,0.00024784388259374346
CSCc1ccc(C(=O)N2CC(CNC(=O)C3C4CCCC43)C2)o1,0.0005703201959109395
Cc1[nH]c(-c2ccccc2)cc1C(=O)N1CCN(CCO)[C@@H](C)C1,0.000752942126520944
Cc1[nH]cnc1C(=O)NCC1(C)CCN(C(=O)Cc2cnsc2)C1,0.0005255703367729965
Cc1c(C2CCNCC2)n[nH]c1NC(=O)C1CC1C1CCCNC1,0.20424637105927024
Cc1c(NC(=O)N(C)C2(CO)CCCC2)cnn1-c1cccc(Cl)c1,0.0009492276664317608
Cc1cc(=O)c(C(=O)N[C@H](C)Cn2cc(C(O)C3CC3)nn2)cn1C,0.00027368173371009524
Cc1cc(C(=O)N2CC3CCCC2(CNc2ncccn2)C3)oc1C,0.0017232757744794032
Cc1cc(C(=O)O[C@@H]2CCCN(C(=O)OC(C)(C)C)C2)ncc1C#N,0.461125322500299
Cc1cc(C)cc(C(=O)N[C@H]2CC[C@@H](Nc3n[nH]c(=O)s3)CC2)c1,0.000493604602553364
Cc1ccc(C(C)C(=O)NC2COC3(C2)CN(C(=O)c2cn[nH]c2)C3)o1,0.0005418190830044744
Cc1ccc(C(C)CC(=O)NCCN(C)c2ncccc2C#N)cc1,0.0014949464648438017
Cc1ccc(OCCC(=O)Nc2nccn2CC2CC2)cc1,0.7328833921984836
Cc1cccn(CC(=O)NCc2nc(C3CC3)nn2C)c1=O,0.0002076652141752874
Cc1ccnc(C(=O)NC[C@H](C)NC(=O)Cc2cnccc2C)c1,0.00029928756909847697
Cc1ccncc1C(=O)NC1CN(S(=O)(=O)c2ccccc2)C1,0.12963399970211556
Cc1nc(Cl)c(C)c(NC2CC(O)(CNC(=O)c3ccoc3)C2)n1,0.0006262359448258232
Cc1ncc(C(=O)N[C@H]2CCN(C(=O)C(F)(F)CC3CC3)C2)c(C)n1,0.0006732233320314828
Cc1ncc(COC(=O)c2ccc(OC(F)(F)F)cn2)s1,0.000795462543834293
Cc1nccc(NCC2CCN(C(=O)C(C)n3cncn3)C2)n1,0.0009130062258395832
Cc1nn(C)c(C)c1C(=O)N[C@H]1CC[C@@H](c2ccccc2)C1,0.0008455585473832561
Cc1nocc1C(=O)N1CCC(C)(CNC(=O)C(C)(C)C)CC1,0.0004680801976536371
Cc1oc2ncn(C)c(=O)c2c1C(=O)NC1CCCC(C)C1,0.0011259657909064098
N#CC1CS(=O)(=NC(=O)c2cc(O)cc(-c3ccccc3)n2)C1,0.001021893555013366
N#Cc1cncc(CNC2CC3CCC(C2)S3(=O)=O)c1,0.0009434088766624976
N#Cc1cncc(NCC(NC(=O)Cc2ccc(F)cc2F)C2CC2)n1,0.001599597579559214
NC(=O)[C@@H]1CCC[C@H]1NC1CCN(c2cc(=O)[nH]cn2)CC1,0.0005181107695244073
Nc1nnc(C(=O)N2CCOC23CN(C(=O)c2ccc[nH]2)C3)s1,0.20931195782775533
O=C([C@@H]1OCCO[C@@H]1c1ccccc1)N1CCN(c2nnco2)CC1,0.00047483063162115277
O=C(CCC12CCCN1CCC2)Nc1nccn1C1CC1,0.0013813687594539823
O=C(CCn1ccc2cccnc21)N1C2CCC1CN(CCCO)C2,0.0008609141995943118
O=C(CCn1ccnn1)N1CC(Nc2ncns2)C2CCCCC21,0.5448165869396434
O=C(N[C@H]1[C@H]2CN(C(=O)Cc3ccco3)C[C@H]21)c1ccccc1Cl,0.0005975043411933174
O=C(N[C@H]1c2ccccc2C[C@H]1CO)c1cccnc1C(F)(F)F,0.00048236831183586377
O=C(N[C@H]1c2ccccc2OC[C@H]1O)c1cccc(OC(F)F)c1,0.0006615776999822118
O=C(NC(CO)CC(O)c1ccccc1)c1coc(Cl)c1,0.0005271947793779936
O=C(NCC1(OC(F)F)CCOCC1)c1ncccc1O,0.000309206000211531
O=C(NCC1C2CN(C(=O)C3CCOC3)CC12)c1cccc(=O)[nH]1,0.09250008414189494
O=C(NCc1ccccc1)NCc1ccc(F)c(CO)c1,0.000520864198397062
O=C(NCc1cccnc1)c1cnnn1C1CCNCC1,0.00026006716023382794
O=C(Nc1ccc(C(=O)N[C@H]2CCOC2)cc1Cl)c1ccsc1,0.0012335926341613178
O=C(Nc1ccc(Nc2cc(O)ccn2)cc1)C1(CCN2CCCC2)CC1,0.8281961444568354
O=C(Nc1ccc2ncsc2c1)N1CCC1(CO)CO,0.0007622905256056147
O=C(Nc1ccnc2ccccc12)N1CCN([C@@H]2CCCC[C@H]2O)CC1,0.001484396591174785
O=C(O)CC(F)(F)CC(=O)N1CCSC(Cc2ccccc2)C1,0.0005100827017873011
O=C(O)c1ccc2c(c1)CC(NCc1cncn1C1CC1)C2,0.0012548190873106196
O=C(c1c[nH]c2ccc(cc1=O)CCC2)N1CCO[C@H](C(F)(F)F)C1,0.0
O=S(=O)(Cc1ccno1)N1CCC2COCCC21,0.0003635225890871842
O=S(=O)(NC1[C@H]2CCC[C@@H]12)c1ccc2c(c1)NCCC2,0.0006359138785778448
O=S(=O)(NCCC1(CO)CCC1)c1ccc(O)cn1,0.00035862787443701296
O=S(=O)(NCCc1ccnc2ccccc12)C1CCCNC1,0.00023015057329935564
C[C@@H](CNC(=O)C1CCCO1)n1cc(CC2(O)CCSC2)nn1,0.00023832084395406886
C[C@@H](O)C(=O)N[C@H](C)C1CN(C(=O)c2ccc(CNC(N)=O)cc2)C1,0.00023750382196155388
C[C@H](NC(=O)C1(c2cc(F)ccc2F)CC1)c1ccn(C)n1,0.000732724883795272
C[C@H](c1ccc(F)cc1F)N(C)C(=O)N(C)Cc1cccc(C#N)c1,0.0006590077429022411
C[C@H]1C[C@@H]1C(=O)N1CCC[C@H](CNC(=O)c2ccnc3ccnn23)C1,0.2941570165887714
C[C@H]1CN(C(=O)c2ccc3[nH]c(=O)oc3c2)CCN1C(=O)C1CC(=O)C1,0.1837765345774319
C[C@H]1CN(C(=O)c2cnc(CN)s2)C[C@@H](C)N1CC(F)(F)F,0.00042519891398246806
C(COC1CC1)CN1CCOC2(CCOCC2)CC1c1ccccc1,0.0006518190805905296
CC[C@@H]1CCO[C@@H]1C(=O)NCC(C)(COC)c1ccccc1,0.0005827622787267157
CC(=O)N[C@@H](C(=O)N1CCN(C2=NC[C@H]3CCCCN23)CC1)C(C)(C)C,0.13263591929623209
CC(=O)N(C)Cc1nnc(N2CCC(c3nc(=O)[nH][nH]3)CC2)n1C,0.0005787412330036074
CC(=O)N1CCCC1CC(=O)N1C[C@@H]2CO[C@H](C1)[C@@H]2O,0.0002631327476805641
CC(=O)NCC(O)CNC(=O)Cc1ccc(-n2cnnc2)cc1,0.00025040495522968146
CC(=O)c1ccc(N(CCNC(=O)c2cccnn2)C2CC2)nc1,0.0002717980030340961
CC(C(=O)N1C2CCC1COC2)n1cc(-c2ccc(C#N)cn2)nn1,0.0012755858549863685
CC(C(=O)N1CCCCC1CCNC(=O)CC)c1ccc(F)cc1,0.0005189748106982376
CC(C)[C@H]1CN(C(=O)C2CCOC2)CCN1C(=O)c1ccc(F)s1,0.00042361557725511634
CC(C)(O)C(=O)N1CC2(CCN(C(=O)c3cccc4cnnn34)CC2)C1,0.0003134561567725307
CC(C)CC(C)C(=O)NC[C@H]1C[C@H](NC(=O)c2cc(Cl)ccn2)C1,0.0004623042787847914
CC(CCN(C)C)C(=O)N1CC(CNC(=O)c2ccc3ncoc3c2)C1,0.0005521187249170155
CC(CCN(C)C)N[C@H](Cc1cnccc1O)c1cccnc1,0.00023720274656731456
CC(CF)C(=O)N1CC(C)(C)CC1CNC(=O)CCc1ccnn1C,0.00036529599795560803
CC(N(C)CC1(S(C)(=O)=O)CC1)C(C)c1ccc(F)cc1,0.0005362524522660575
CC(NCc1c[nH]cn1)c1ccc(N2CCCNC2=O)cc1,0.0009131467282851883
CC(O)CCCN(CC(N)=O)Cc1cccc(-c2ccncc2)c1,0.0007008283650905969
CC1(C(=O)NCC2CCN2C(=O)c2ccccc2)CCC2(CC1)OCCO2,0.0006539758803908199
CC1(C)C[C@@H]2NC(=O)C[C@H](C(=O)N[C@@H]3C[C@H]3c3ccc(Cl)cc3)[C@@H]2C1,0.0007538749601896659
CC1(CNC(=O)c2cc(F)cnc2O)CCOC2(CCC2)C1,0.0011711011138029438
CC1(NS(C)(=O)=O)CCN(c2ncc3cn(C3)n2)CC1,0.00026592625490962204
CC1CC2CCC(C1)N2C(=O)c1ccc(CN2CCN(C)CC2)cc1,0.0008539234010124694
CC1CN(C(=O)C2(C3CCCCN3)CC2)CC2(CCOC2)O1,0.0006967763738372875
CCC(Oc1ccccc1C)C(=O)NC(C)(C)c1nccn1C,0.000692397611063256
CCC1CCc2cc(C(=O)NCC3(O)CCN(CC)C3)[nH]c2C1,0.0005204507441464258
CCCC(=O)NC[C@H](CO)Nc1nc(C(C)C)cc(C(F)(F)F)n1,0.0007444170805497194
CCCCC(=O)COC(=O)[C@H]1C[C@@](F)(c2ccccc2)C1,0.3320953504790004
CCCCN1CCN(CCCN(C)C(=O)c2cccc(C(C)=O)c2)CC1,0.27990046914390987
CCCN(C(=O)c1nccn1C(C)C)C1CCN(C(=O)C2CC2)CC1,0.0014334258626017046
CCCOC(=O)c1ccc(NC(=O)N2C[C@@H]3CC[C@]3(C(=O)OC)C2)cc1,0.0009877872856024169
CCCn1ccc(-c2nc(-c3ccc(N(C)C)cc3C)no2)n1,0.0019178250056166109
CCCn1cnc(S(=O)(=O)N2CC(C)C3(CCOCC3)C2)c1,0.0007128597143241713
CCN(C(=O)CC(C)C1CC1)C1CCN(Cc2cncs2)C1,0.0005280167787379501
CCN(CCNC(=O)[C@@H](C)OC)C(=O)c1cncc(C(C)(C)C)c1,0.00038376452519228217
CCN(CCNc1cc(C)nc2ncncc12)C(=O)C1(CC)CCC1,0.0018351929766677445
CCOC(CC)C(=O)NC12CC(Nc3ccncn3)(C1)C2,0.0005545466907087011
CCOC1CC1C(=O)N1CCCC1CN(C)C(=O)c1ncoc1C(C)C,0.0005777573746694098
CCOCC1CN(C(=O)C2CCC3COCCC3C2)CCO1,0.16092995844927144
CCOc1ccc(C(=O)CN2CCCC(F)(F)C2)cc1,0.28918146039104603
CCOc1ccc(CC(=O)N2CC(N)C3(CCOCC3)C2)nc1,0.0004185379117339408
CCS(=O)CC(=O)N[C@H]1C[C@H](CNC(=O)c2ccccn2)C1,0.0002521448475791754
CCSCC(=O)N1CCC(NC(=O)c2cc(C3CC3)[nH]c(=O)c2)C1,0.09650311309434291
CCc1cc(N[C@H]2C[C@H](NC(=O)c3cn(C)cc3C)C2)ncn1,0.0014650820530152935
CCc1ccc(C#N)c(N[C@@H]2CCN(C(=O)CC3CC3C)C2)n1,0.0014877639918089312
CCc1ccccc1CCNC(=O)N1CCC(NC2CCC2)CC1,0.0007423997273280913
CCc1ccnc(C(=O)N(C)Cc2ccccc2N(C)C)c1,0.0006848532741504962
CCc1nc[nH]c1C(=O)NC1CCN(c2ccnc(C3CCC3)n2)C1,0.0008273186465167557
CCc1ncc2c(n1)CC1CCC2N1C(=O)c1nn(C)c(C)c1Cl,0.0005710670880081073
CCc1noc(C(=O)N2CC(O)(CNC(=O)C3(C)CCC(C)C3)C2)n1,0.0003240063037269155
CCc1occc1C(=O)N1CCCC1C1(NC(=O)[C@@H](CC)N(C)C)CC1,0.0005618465063999111
CN(C)[C@H]1[C@@H]2CN(C(=O)c3ccccc4[nH]snc34)C[C@@H]21,0.5624288379189104
CN(C)CC(=O)N1CCCCC2C(NC(=O)C3(C(F)(F)F)CC3)C21,0.10827791280582573
CN(c1nc(C2CCCN2C)ns1)C1CC2CCCCC2C1,0.0014415714478292136
CN1[C@H]2CC[C@@H]1CN(C(=O)NCCn1cnc3ccccc31)C2,0.0004629138343348116
CNC[C@@H]1CCCCN1C(=O)C1CC(c2ccccc2F)=NO1,0.0006174395853502108
CNC(=O)c1ccc(OC(=O)Cc2cccc(Cl)c2Cl)nc1,0.0006126933370127485
COC[C@H]1CN=C(N(C)Cc2nc(Br)nn2C)N1,0.00021853061184785971
COC(=O)C1(C)CN(C(=O)Nc2ccnc3ccncc23)CCO1,0.00048293306283737214
COC(=O)Cc1ccc(NC(=O)C(C(C)C)n2cccc2)c(OC)c1,0.0015718354090745869
COC(=O)c1cc(N)nc(N2Cc3ccc(OC)cc3C2)n1,0.0004529210913205336
COC(=O)c1cnoc1CN1CC(C2CC2)C(F)(C(=O)OC)C1,0.00036165370972564905
COC1(C(=O)N2CCC(C3CCCN(C(=O)C(C)C#N)C3)CC2)CC1,0.0013730430698154453
COC1(CNC(=O)c2cnc[nH]2)CN(C(=O)c2cccc3c2CCC3)C1,0.25950732552324446
COC1CN(CC(=O)N2CCC(C(C)(C)F)CC2)C(C)(CO)C1,0.00037004808320553355
COCC(C)CC(=O)NCCC1(O)CN(C(=O)C2C(C)(C)C2(C)C)C1,0.00023871493243453971
COCC1(C(=O)OC)CCCN(CC(=O)N(c2ccccc2)C(C)C)C1,0.0010907339563569721
COCCC(=O)N1[C@H]2CC[C@@H]1C[C@H](NC(=O)C(C)(C)OC)C2,0.0003569456984103928
COCc1cc(C2CCN(C(=O)NCC3(SC)CC3)CC2)no1,0.00035240365406557844
COCc1cn(CCC2CC(NC(=O)CN3CCCC3=O)C2)nn1,0.1310102984315273
COc1cc(C)cnc1C(=O)N=S(C)(=O)CC1CCOCC1,0.0007605580714908015
COc1cc(CCNS(=O)(=O)c2ccc(Cl)c(C)c2C)ccn1,0.0004453492831754549
COc1ccc(C)cc1CC(=O)N1CC2(CC(SC)C2)C1,0.0008394522890360456
COc1ccc2oc(C)c(C3NC(=O)N3CC3CCC(=O)O3)c2c1,0.0007589952418692258
COc1cccc(C(=O)N2CC(C)(NC(=O)CCc3ccccc3)C2)c1,0.00046656881732904044
COc1cccc(OCc2noc(C(C)(C)CS(C)(=O)=O)n2)c1,0.00044895334990906557
CSCCC(CO)NC(=O)Nc1csnc1-c1nnc[nH]1,0.0011968541822685319
CSc1ccc(CCC(=O)N2CCC3(N)CC3C2)cc1,0.0003672521751060847
CSc1cccc(C(=O)NC(C)CNC(=O)C2CC2C2CC2C)n1,0.000326434327587079
Cc1cc(C(=O)NC[C@H]2CCCN2C(=O)c2cncn(C)c2=O)c[nH]1,0.14838787705454848
Cc1cc(C)n2c(C(=O)N3CCC3CNC(=O)COC(C)C)cnc2n1,0.16806388096166108
Cc1cc(N2CCC(NC(=O)C3(C)CC3(F)F)C(C)(C)C2)n2ncnc2n1,0.0012509388786114775
Cc1ccc(C(=O)NC[C@H]2CCCN(c3cc(F)ncn3)C2)o1,0.0011739375446100327
Cc1ccc(C(C)NC(=O)C2CNC3(CCOCC3)C2)cc1C,0.0005905059015892381
Cc1ccc(C)c(OCC(O)CN[C@@H]2C[C@H]2c2ccco2)c1,0.0005841358845811813
Cc1ccc(CC(=O)Nn2ccc(=O)[nH]c2=O)c(Br)c1,0.00033738936833352487
Cc1ccc(CNC[C@@H]2CCC(=O)N2)c(OC(C)c2cccnc2)n1,0.00044681458565293237
Cc1cccc2cc(C(=O)NC3(CC(=O)O)CCCCC3)oc12,0.5135489437806992
Cc1ccnc(N2CCC[C@H](NC(=O)C3(S(C)(=O)=O)CCCC3)C2)n1,0.00031036117611305707
Cc1ccoc1CC(=O)N1CCC[C@@H]1CN(C)C(=O)C[C@H]1CCOC1,0.0005752392553334632
Cc1cnc(CN2CCOC(CNC(=O)c3ncn4c3COCC4)C2)o1,0.0003227888693226279
Cc1nc(CN(C)CC2CCN(C(=O)c3cncc(F)c3)C2)oc1C,0.0004196751652532892
Cc1occc1C(=O)N1CCC[C@H]1CNC(=O)[C@H]1CC[C@@H](N(C)C)CC1,0.001088350616734104
Cc1scnc1C(=O)N[C@H]1C[C@H](CNC(=O)Cn2ccccc2=O)C1,0.00025494281528898235
Cn1c(N2CCC(C)(C(F)F)C2)nnc1C1(C)CCCO1,0.00047840815753157117
Cn1ccc(C(=O)CNC(=O)Cc2ccc(Cl)c(Cl)c2)n1,0.2441018681596231
N#CC1(C(=O)N2C3CCC2CN(C(=O)c2ccon2)C3)CCOC1,0.39503262168018016
N#Cc1ccc(N2CC[C@@H](NC(=O)C3CC(n4ccnc4)C3)C2)c(Cl)c1,0.001774371055171786
N#Cc1ccc(NC(=O)[C@@H]2CCC(=O)N2)cc1Br,0.0009734433167669183
N#Cc1ccc(OC(F)F)c(NC(=O)N2CC(CF)C2)c1,0.0016966938451196635
N#Cc1cccc(N2CCC[C@@H]2CNC(=O)c2ccc(Cl)cc2)c1,0.8927002568779708
N#Cc1cccnc1N1CCC2(NC(=O)[C@@H]3CC3(F)F)CCCC12,0.0015713322486450758
N#Cc1ccncc1C(=O)N1CCC[C@H](CNC(=O)CC2CC(F)C2)C1,0.7314307594201978
N#Cc1ncccc1N[C@H]1CCN(C(=O)c2ccc(F)cc2F)C1,0.6196400346660433
NC(Cc1cccc(F)c1)C(=O)N1CCC(CCF)CC1,0.0005047425591614566
O=C(C[C@H]1CCOC1)N1C2CCC1CN(Cc1ccsc1)CC2,0.0007064658206561964
O=C(CC1(CO)CCCC1)N[C@H]1[C@@H]2CN(CC(=O)N3CCOCC3)C[C@@H]21,0.09601710436491291
O=C(CO)NC1CC2(C1)CN(C(=O)c1ccc3c(c1)C(=O)OC3)C2,0.0003820363267700331
O=C(NC[C@H]1C[C@@H]2CC[C@H](C1)N2C(=O)C1(C2CC2)CC1)c1ncccn1,0.5426030223456763
O=C(NC1CC2CCC(C1)O2)N1CCC(c2ccncc2)CC1,0.000886927889954432
O=C(NC1CCN(C(=O)C2COc3ccccc32)C1)C1CC1,0.25128074033539727
O=C(NCC1CN(C(=O)C2CC2)CCC1(F)F)c1ccn(C2CC2)n1,0.0014305318870772407
O=C(NS(=O)(=O)c1ccccc1C1CC1)c1ccc2c(c1)OCCO2,0.4407530393447705
O=C(O)COc1ccc(NC(=O)Cc2nc(C3CC3)cs2)cc1,0.0012343772447193724
O=C1CC2(CCN(Cc3ccc4ncccc4c3)CC2)C(O)CN1,0.0006565098335024119
O=C1CC2CCCC(CN1)N2Cc1cnn(-c2ccccc2Cl)c1,0.0016656625611257527
O=C1CCCCC1C1CCCN1C(=O)c1cnn(C2CC2)c1Cl,0.2387078560708359
O=C1CN(C2CCN(c3nc4c(s3)CCCCC4)CC2)CCN1,0.0010865776602132296
O=S(=O)(NC1CCN(c2cc(Cl)ncn2)CC1)c1ccc(O)cc1,0.0008786543194692011
O=c1cc(NC2CCN(c3cncc(O[C@H]4CCNCC4)n3)CC2)c[nH]1,0.0
OCC1(CNc2nc3c(cc2C#N)COCC3)CCCCO1,0.0013427846319545322
C[C@@H](CNC(=O)c1ccc2c(c1)C(=O)CCO2)NC(=O)c1ccncn1,0.0003679756458627343
C[C@H]1[C@@H](O)CCN1C(=O)Nc1cccc2c1N(C)C(=O)CO2,0.00047768248093396377
C[C@H]1C[C@@H]1C(=O)NCC12CC(CO1)N(C(=O)c1ccnc(OCCO)c1)C2,0.00039359833379721534
C[C@H]1CN(C(=O)c2cn(C)cn2)C[C@H]1NC(=O)c1cccc(C2CC2)c1,0.0004889716557680418
CC(=O)N(C)Cc1cccc(NC(=O)C[C@H](C)F)c1,0.0007322215527620571
CC(=O)N(C)c1ccc(NC(=O)Nc2ncc3c(n2)CCOC3)cc1,0.0008455208322049385
CC(=O)NC(C)C(=O)NC1(C)CN(C(=O)c2cccc(Cl)c2)C1,0.00038737080787850156
CC(=O)NC(CNC(=O)c1cc(-c2ccc(C)cc2)[nH]n1)C(C)C,0.0011104130664664406
CC(C)(C)OC(=O)N1CC2(F)CC(C1)N(Cc1cnc(C#N)s1)C2,0.0013801570238992412
CC(C)(C)OC(=O)NCC12CC(C(=O)Nc3cc(F)ccc3F)(C1)C2,0.0013639234280824648
CC(C)(CCC#N)C(=O)NCc1csc(C(F)F)n1,0.0010396731701953338
CC(C)C(=O)N1CCC(O)(CNC(=O)c2cnn3c2C(=O)NCC3)CC1,0.11178304531520394
CC(C)C(F)C(=O)NCC1(Cn2cc(C3CC3)nn2)CC1,0.00030865414635658067
CC(C)c1ccc(CCC(=O)N2CCC3NC(=O)CCC3C2)cc1,0.0004853755696015067
CC(CN1Cc2ccccc2C2(C1)CS(=O)(=O)N2C)C1CCCC1,0.00041409926055122406
CC(CO)C(=O)N(CCN(C)C(=O)c1cccc2c1CNC2=O)C(C)C,0.00026476601623833744
CC(O)(CC(=O)N1CC(NC(=O)c2cccc(C(N)=O)c2)C1)C1CC1,0.09196084469955988
CC(O)C(=O)N1CCCC12CCN(C(=O)c1cn[nH]c1C(C)C)C2,0.1657320921752602
CC1(C(=O)NC2CN(C(=O)c3coc(C(N)=O)c3)CC2(C)C)CC1,0.15130997715150032
CC1(C)Oc2cc(C(=O)OC3COC(=O)C3)ccc2NC1=O,0.3137364620760301
CC1(O)CCN(C(=O)c2cnn(-c3ccc(F)cc3)n2)CC1,0.0005292238152029482
CC1(c2ccccc2)CCC(NC(=O)[C@H]2CN3CCC[C@H]3CO2)C1,0.0008335927983824359
CC1=NN(c2ccc(C(=O)N3CC(=O)N4CCCC4CO3)cc2)CC1,0.0013853795973695173
CC1C(NC(=O)CCn2cccn2)CC2CCC1N2C(=O)C1CCC1,0.0014050486545967899
CC1CN(C(=O)C2CNC(=O)N2)CC1CNc1cncc(Cl)n1,0.23909568340343007
CC1CN(C(=O)c2cccc(O)c2)CCC1NC(=O)[C@@H](C)N(C)C,0.00032248484273065826
CCC(C(=O)N1CCCC(C)(NC(=O)c2ccnc(C)c2)C1)N(C)C,0.000550810279451105
CCC(C)(O)C(=O)N1CCOCC(CNC(=O)C2(O)CC2)C1,0.00027408421288046484
CCC(CO)C(=O)N1CC(NC(=O)c2cccc(C3CC3)c2)CC1C,0.0006579195964142088
CCC(NC(=O)NC1CCOc2c(F)cc(Cl)cc21)C1COCCO1,0.0005904824422061931
CCC(F)(F)CC(=O)N1CCCC(CNC(=O)C2(C)CC2F)C1,0.296765513519455
CCC1(C(=O)N2C[C@H](C)[C@H](NC(=O)c3cccc(C(F)F)c3)C2)CC1,0.00044436265168936167
CCC1OCCC1C(=O)N1CC[C@H](NC(=O)CC2(CO)CC2)C1,0.00028690143562501593
CCCC(=O)NC1Cc2ccccc2N(C(=O)c2ccco2)C1,0.0006270953621990872
CCCC(C)NC(=O)c1ccc(-n2cc(CN3CCCC3CO)nn2)cn1,0.0012410585985787154
CCCC(CC)C(=O)N1CC(C)C(CNC(=O)c2ccc(Cl)o2)C1,0.0004564229096512998
CCCC1(C(=O)N2CC(C)(NC(=O)c3cncn3C)C2)CC1,0.0006181977701617389
CCCC1(C(=O)NC[C@@H]2C[C@H](F)CN2C(=O)CCC(=O)OC)CCC1,0.0004595847731465992
CCN(C)CC1CCN(c2ncnc3c2cnn3C)C1,0.0008600467686622224
CCN(CCNC(=O)CCc1cncnc1)C(=O)CN(C)C,0.0003774595644368444
CCN(CCNC(=O)Cc1cnc(C)o1)C(=O)C12CCC(C1)OC2,0.20647026523178277
CCN1CC(CC(C)NC(=O)[C@@H]2CCCN(C)C2)NC1=O,0.0003352028641219841
CCOC(=O)c1ccc(CN(C)CC2CCoN2)cc1OC,0.00033890954304624873
CCS(=O)(=O)NCC(=O)N[C@H](C)C1CN(C(=O)C2CC2)C1,0.077122293797015
CCc1cc(C(=O)N(C)C[C@@H]2CCCN2C(=O)CC2CN(C)C2)[nH]n1,0.0003720614411143923
CCc1cccc(OCC(=O)N2CCN[C@@H]3CSC[C@@H]32)c1,0.0004830274642622336
CCc1ccsc1C(=O)N(C)Cc1nccn1C(F)F,0.0008886790771040566
CCc1cnc(CN2CC(NC(=O)C3CCCCC3)C(C)(C)C2)o1,0.0009291026764735384
CCc1cscc1C(=O)N1CC2CC1CCC2NC(=O)C(F)CC,0.0007354734853321524
CCc1ncc(C(=O)NC2(C)CN(C(=O)c3cccc(O)c3)C2)c(=O)[nH]1,0.15412483619893516
CCn1ccc(=O)c(NC(=O)N2CC[C@@H]3NCC[C@@H]3C2)c1,0.0006267663757398724
CN(C[C@@H]1CCCN1C(=O)[C@@H]1[C@H]2COC[C@H]21)C(=O)c1cnsn1,0.0006186801947938355
CN(CCNC(=O)[C@@H]1CCCO1)CC1CCN(C(=O)c2ncccn2)C1,0.11733194480156937
CN(Cc1nncn1C(C)(C)C)c1nccn(C2CC2)c1=O,0.0002885960327249411
CN1C(=O)CCCC1C(=O)NC1CC(n2cnnc2)C1,0.00013217092924581759
CN1C2CC1CN(C(=O)Nc1ccccc1C(C)(C)C(F)F)C2,0.0009255051511405328
CN1CCN(CC(=O)NCC2(NC(=O)C3CC4(CC4)C3)CC2)C(=O)C1,0.00010136526752911722
CNC(=O)OC1CN(C(=O)c2cn(C)nc2-c2ccc(F)c(F)c2)C1,0.39608370602808574
CNCc1cn(-c2ccc(C(=O)N3C[C@@H](O)C[C@H]3C(C)(C)C)nc2)nn1,0.0004080117091274954
CNS(=O)(=O)CC1CCCN1C(=O)C1CC(=O)N(C(C)(C)C)C1,0.15650962878378052
CO[C@H](C)C(=O)NCC1CCN(c2ccnc3nc(C)nn23)C12CC2,0.0006188482044561567
CO[C@H]1C[C@@H](CCN2C(=O)CCN(C[C@H]3CCCO3)C2=O)C1,0.0008383747775462102
COC(=O)[C@H]1C[C@H](n2cc(C3CCCN(C(=O)[C@@H](C)O)C3)nn2)C1,0.0003285399377026816
COC(=O)[C@H]1CC[C@@H](NC(=O)c2cccc(S(C)(=O)=O)c2)C1(C)C,0.0004704772795690392
COC(=O)C(c1cccc(F)c1)N1CCc2cn[nH]c2C1,0.0005144116511471029
COC(C)CC(=O)N1CCN(C(=O)c2cc3c(cnn3C)[nH]c2=O)CC1,0.00045932316848585735
COC1(C(=O)N2CCCC(NC(=O)c3ncn(C)n3)C2)CC1,0.00032891171860245297
COC1(C(=O)NCC(Nc2ccc3nccnc3n2)C2CCC2)CC1,0.0014779131348135206
COC1(C(=O)NCC2(C(N)=O)CN(c3ncc(O)cn3)C2)CC1,0.00028259796855454954
COCC(NC(=O)OC(C)(C)C)C(=O)OCc1cccc(Cl)c1,0.00048500020800928127
COCC(OC)C(=O)NC(C)C1CCCN(C(=O)c2ccncc2C)C1,0.0006127673399746443
COCC1(C(=O)N2CCC[C@@H]2CNC(=O)c2ccc(F)o2)CCC1,0.26836572151695615
COCC1(NC(=O)Cc2c(C(F)(F)F)coc2C)CCNC1,0.0004036137953232095
COCCn1ccc(C(=O)Nc2ccc(OC3CCN(C)CC3)nc2)n1,0.0008430006758578824
COCc1cn(CC2CCN(C(=O)C3(C#N)CC34CCC4)C2)nn1,0.0012860945730110908
COCc1ncc(C(=O)N2CC3(NC(=O)CCC4CC4)CCC2CC3)s1,0.0010022211582531655
COc1c[nH]c(C(=O)N2CCCC[C@@H]2CN(C)c2nccc(C)n2)cc1=O,0.2353503755128477
COc1cc(C)cc(CNCC23CC(C2)C(C(F)(F)F)O3)c1,0.000577034684987719
COc1cc(N2CCC(NC(=O)c3c(C)ncn3C)C(C)C2)ncn1,0.0005110497639650751
COc1ccc(C(=O)Nc2ccnn2C(C)C2CC2)cc1O,0.0016943829679784469
COc1ccc(C(C)N(C)CC2(O)CC3CCC2CC3)cc1,0.0006024016411731292
COc1ccc(CNC(=O)CCc2nc(N(C)C)no2)cc1Cl,0.0005074344712148235
COc1ccc(OC)c2c1CCC2NCc1nc(C(F)F)no1,0.2980987839058793
COc1cccc(C(=O)N2CC(C)C(NC(=O)COC(F)F)C2)c1C,0.00043801131682949
COc1cccc(C(C)NCCc2ccc3c(c2)CCO3)n1,0.00037364126169862747
COc1ccnc(N(CCNC(=O)c2cnn(CCO)c2C)C2CC2)n1,0.0002529804116376124
COc1cncc(C(=O)N2CCN(C(=O)C(C)(C)CC#N)C[C@H]2C)c1C,0.6004970790488233
CSc1ccsc1C(=O)N(C)C(C)CNC(=O)c1cccnc1O,0.0005949514032806762
Cc1cc(C(=O)COC(=O)c2ccc(C3CC3)nc2O)ccc1C#N,0.0011999735867874593
Cc1cc(C(=O)N2CCC2CNC(=O)c2cnsc2)oc1C,0.00045847324564445783
Cc1cc(CC(=O)N2CCCCC3C(NC(C)=O)C32)ccn1,0.17054006352868403
Cc1cc(N(C)CC(C)(CO)CO)nc(S(C)(=O)=O)n1,0.0004940117755526968
Cc1cc(NC(=O)CC2CCC3(CCCC3)CC2)nn1CCC(=O)O,0.0009775636104483296
Cc1ccc(CNC(=O)C2(OCC3CCCO3)CCCC2)c(F)c1,0.0005729444448195312
Cc1ccc2c(ccn2CC(C)NC(=O)C(C)(O)C(C)O)c1,0.00043039081904864526
Cc1cccc(N2CCN(C(=O)C3CC(N(C)C)C3)CC2)c1C,0.0007507311195806536
Cc1ccnc(CN2CCN(C(=O)C(N)C3CCCCO3)CC2)n1,0.0003557948118365405
Cc1nc(C)c(C)c(NCCN(C)C(=O)c2cnn(C)c2C)n1,0.0009427961514485531
Cc1ncc(C)c(N2CCC[C@@H](NC(=O)COCc3cc(C)on3)C2)n1,0.0005466733368356781
Cc1ncc(CN(C)CCN(C)C(=O)Cc2ccon2)o1,0.0002831138130455104
Cc1ncc(COC(=O)c2ccc(N(C)CC(C)C)nc2)cn1,0.0005435970790403499
Cc1nnc2n1C(C(=O)N1CCC(O)(C(F)F)C1)CC2,0.00025613340517758405
Cc1noc(C)c1CC(C)NS(=O)(=O)CC1(C)CCCC(F)(F)C1,0.00089250516963245
Cc1nsc(NC(C)c2ccc(N3CCCC3=O)cc2)n1,0.4877290322417644
Cn1cc(C(C)(O)CNCc2cnoc2C2CC2)cn1,0.0005303128832638515
Cn1cc(C(NC[C@@H](O)COc2ccc(Cl)cc2)C2CCC2)cn1,0.0006049043359899805
Cn1cccc1CC(=O)N1CC(C)(NC(=O)Cc2ccn[nH]c2=O)C1,0.0002583952095087875
Cn1ccnc1[C@@H]1CN(C(=O)C2(c3ccccc3)CC2,0.0
N#Cc1cccc(S(C)(=O)=NCC2CNCCS2(=O)=O)c1,0.0009490421617383772
N#Cc1cnc2ncnc(N3CCC(N4CCCC4)C3)c2c1,0.5614322876528192
N#Cc1cncnc1N1CC2(CNC(=O)C3(F)CC3)CC1CO2,0.0010024084973197299
NC(=O)Cc1ccc(CNCc2ccc3c(c2)CCCC3)cc1,0.0006885403698185876
Nc1ccc(C(=O)N[C@@H]2CCN(C(=O)[C@H]3C[C@@H]3C(F)F)C2)cn1,0.0003587529975758363
Nc1ncc(C(=O)N2CCC3(CC2)C[C@@H](O)[C@@H](O)CO3)cn1,0.00031973446052973903
O=C([C@H]1CC[C@H]1C(=O)N1CC(N2CCCC2)C1)N1CCOCC1,0.15172941144321875
O=C(Cc1cccc2c1OCCO2)NC1Cc2cnccc2NC1=O,0.000428112162752914
O=C(N[C@@H]1Cc2ccccc2[C@H]1O)c1cn2c(n1)CCCC2,0.0004317372693963368
O=C(NC[C@H]1C[C@@H](n2ccnn2)C1)c1cnc(C2CCNCC2)o1,0.2223534552954989
O=C(NCC1CC2COCC2N1C(=O)c1ccno1)c1ccncc1,0.0002840567716839874
O=C(NS(=O)(=O)CC(F)F)c1cc2n(n1)CCNS2(=O)=O,0.00019827924359446796
O=C(O)C[C@H](O)CNC(=O)c1cccc(-c2ccccc2Cl)c1,0.0014753351020836216
O=C(O)C1(CF)CCCN1S(=O)(=O)c1cc(C2CC2)no1,0.0003802063053211011
O=C(OCCC1CCCCO1)c1cc2cccc(OC(F)F)c2[nH]1,0.45823971302179334
O=C(c1cn[nH]c1F)N1CCC(Oc2ccc(Cl)cc2)C1,0.0005325122503069351
O=C(c1coc(=O)[nH]1)N1C[C@@H]2C[C@H]1CN2C(=O)c1ccncc1O,0.13428031568069088
O=C1CC(C(=O)N2CC[C@@H](NC(=O)c3ccnc4[nH]ccc34)C2)CO1,0.00027310731545099294
O=C1CC2(CCN(C(=O)c3nn4ccccc34)CC2)C(O)CN1,0.0
Fc1ccc(N2CCC(NC3=N[C@H]4CCCC[C@@H]4N3)CC2)cc1,0.0016064356073884265
C[C@@H](O)[C@H](O)C(=O)Nc1cccc2c(=O)cc[nH]c12,0.0003354836396029042
C[C@@H]1CN(C(=O)COC2CC2)C[C@@H]1NC(=O)c1cccc2c1CCC2,0.0006423302225893659
C[C@@H]1CN(C(=O)Cc2ccoc2)C[C@@H]1NC(=O)c1cnn(C)c1C1CC1,0.0006525082633825973
C[C@H](CNc1cc(=O)n(C)c(=O)[nH]1)NC(=O)c1ccncc1Cl,0.0006946383049261625
C=C(Cl)CCC(=O)N1CC(C)(c2cn(-c3ccc(F)cn3)nn2)C1,0.3513861337822475
C=Cn1nccc1C(=O)N1CC(CNc2snc(C)c2C#N)CC1C,0.0017277344219957774
CC[C@@H]1CN[C@H](C(=O)Nc2cccnc2-n2cccn2)C1,0.000820160103837621
CC(=O)CCc1cn(CCNC(=O)C23CCC(O)(CC2)CC3)nn1,0.13481950696506548
CC(=O)NC1(C(=O)OC(C)c2cc3ncccc3s2)CCCCC1,0.0006422746306861693
CC(=O)Nc1ccc(NC(=O)N2CCC3OCCCC3C2)cc1,0.0015752534053595452
CC(=O)c1cn(CC(=O)Nc2ccc(OC(C)C(C)(C)O)cc2)nn1,0.234769645226352
CC(C)(CNC(=O)c1cc2ncccn2n1)NC(=O)CCC1CCC1,0.6773238509371436
CC(C)C1(C(=O)NC2CC3CCC2N(C(=O)CC(C)(C)O)C3)CC1,0.24214550774782073
CC(C)C1(O)CCCN(c2ccc3ncnc(N)c3n2)C1,0.0007793533935616217
CC(C)CCC(=O)NCC(=O)N1CC(c2cn(CC3CC3)nn2)C1,0.00022311781373246747
CC(C)OCCC(=O)N[C@H]1C[C@H](CNC(=O)Cn2cc3ccccc3n2)C1,0.0004895071290658083
CC(CC(=O)N1CC(Nc2ncc(O)cn2)C1)c1cnn(C)c1,0.0010647967824662697
CC(CC(=O)NC1CCCCN(C(=O)CC2CC2C)C1)c1cnn(C)c1,0.0009339186311038967
CC(CCC#N)N(Cc1ccccc1)C(=O)CSC1CC1,0.001911576073247967
CC(CN(C)C(=O)C1CCC(F)C1)NC(=O)c1cnnc(Cl)c1,0.0007151288164987112
CC(CNC(=O)C1CC1C)CN(C)C(=O)c1cccc2[nH]c(=O)ccc12,0.23342753939924646
CC(CF)CC(=O)N1CC(=O)N2CCOCC2C1,0.00023214728117825346
CC(O)C(C)C(=O)NCC1(NC(=O)c2cscc2Cl)CC1,0.0005075655806180114
CC(c1nc(-c2cccnc2)no1)N1CCC2(CCC22)C(CO)C1,0.0
CC1(C(=O)N[C@H]2C[C@@H](Nc3ccc4c(n3)CCC4=O)C2)CCCC1,0.0015430661074343267
CC1(C(=O)NC[C@H]2C[C@@H](Nc3ccncn3)C2)CCC1,0.0010286137355946599
CC1(C)CN=C(NC[C@@H]2C(=O)N(Cc3ccccc3)CC[C@H]2C(=O)O)S1,0.00040082660142168347
CC1(C)N[C@H](CNC(=O)NC2(c3cccc(F)c3)CCC2)CO1,0.0008540565220939828
CC1(Cn2cc(C(=O)NC3CCCN(C(=O)C4(C)CC4)CC3)nn2)COC1,0.0005381525638546428
CC1CNC(=O)CN1C(=O)Nc1ccc(F)c(OCC2CC2)c1,0.0007366803084351554
CC1COc2ccc(C(=O)NC[C@@H](C)NC(=O)c3cn[nH]c3)cc21,0.0004148331235379449
CC1OCCCC1C(=O)NC1(CO)CN(C(=O)c2ncccc2F)C1,0.09830748526572036
CCC(=O)N1CC2(C1)CN(C(=O)Cc1c(C)cccc1C)CC2CNC(C)=O,0.00029146639853851246
CCC(=O)N1CCCC(NC(=O)c2cccc(N3CCOC3=O)c2)CC1,0.0009607665694313606
CCC(C)CC(C)C(=O)NCC(C)NC(=O)C1COc2ccccc2C1,0.000398938197856023
CCC(CC)(CC)C(=O)N1CC2(CN(CCOC3CCC3)CCO2)C1,0.0008039631941996553
CCC(NC(=O)[C@@H]1CC[C@H]2CC[C@H]1O2)C(=O)c1ccccc1,0.0002645929325810333
CCC(NC(=O)N(C)Cc1nnc[nH]1)c1ncccc1C,0.00035671095188902896
CCC(NC(C)C(=O)N1CCSc2ccccc21)c1ccncc1,0.0008277786864610086
CCC(F)C(=O)NC1(C)CN(c2nc(C)nc(O)c2C)C1,0.00045754448002774867
CCC1(C(=O)N(CCNC(=O)c2ccoc2C)C2CC2)CCC1,0.0011553562510951544
CCC1=C(C(=O)N2c3ccncc3N3CCC2C3)C1,0.000409619713161844
CCC1CCN(C(=O)NCC2CNCC(C)O2)CCO1,0.0002781010635044398
CCCCC1(C(=O)Nc2ccc(S(N)(=O)=O)nc2OC)CC1,0.0004997814209461026
CCCN(CC(NC(C)=O)c1ccc(C)cc1)C1CCSC1,0.000437539921559987
CCCN(CCNC(=O)Cc1cc(C)[nH]n1)C(=O)c1ccc(F)c(O)c1,0.0004480209385758421
CCCOc1cccc(NC(=O)N2CCc3c(cnn(C)c3=O)C2)c1,0.0015759165818008695
CCN(C(=O)c1c[nH]c(=O)cn1)C1CCN(C(=O)CCNC(=O)OC)C1,0.00027354121929088604
CCN(CC(=O)N[C@H]1C[C@H](F)C1)c1ccc(Br)cn1,0.0006699805937325326
CCN(CC(=O)NCC1CC2(CC2)CN1c1nnc(CO)s1)C1CC1,0.00038291958142650786
CCN(Cc1ccccc1)CC(O)COc1ccc(C)cc1,0.0005376754906809387
CCN1CC(NC(=O)c2ccc(COc3ccccc3)cc2)C1,0.0005492360636222902
CCNC(=O)c1ccc(CNC(=O)Nc2cccc(C3CC3)c2C)cc1,0.5820611429387355
CCOC(=O)C[C@@H]1CCCC[C@@]1(O)CNC(=O)c1cc(C2CCC2)no1,0.0005162183619829897
CCOC(CN1C2CCC1CC(NC(=O)CCc1nc(C)c[nH]1)C2)C1CC1,0.0010077951223292113
CCOC1C(C)C1C(=O)N1CCC(C)N(c2cc(O)ncn2)CC1,0.0002585358507654768
CCOc1ccncc1S(=O)(=O)N1CCC(=O)C2(CCOCC2)C1,0.21275031790065074
CCS(=O)(=O)Nc1ccc(OC2CCNC2)cc1,0.00042579254300894546
CCc1c[nH]cc1C(=O)N1CC(Nc2ncc(O)cn2)C2(CCC2)C1,0.0013545573449419688
CCc1nnc(NC(=O)c2ccc(Cl)c(NC(C)=O)c2)[nH]1,0.00041283970873750577
CCn1cc(C(=O)NC2CN(CCC(F)(F)F)CC2(C)C)c(C)n1,0.0005297890894874925
CCn1ncc(NC(=O)NCc2ccn(C)n2)c1C(F)(F)F,0.0010061874102035007
CN(C[C@@H]1CCCN1C(=O)CCc1nnc[nH]1)C(=O)c1cccnc1O,0.09815190106917528
CN(CCCN(C)c1ccncn1)C(=O)c1ccc(N(C)C)cc1F,0.5394907905146508
CN(CCN1CCCC1)c1nccnc1Oc1ccc2c(c1)CCC2,0.0016931892029872426
CN(CCNC(=O)c1cccnn1)C(=O)c1c(Cl)cnn1C,0.00028249813242302654
CN(Cc1c(F)cccc1Cl)C(=O)c1cncc(CN)c1,0.000629983283922218
CN(Cc1nc2ccccc2s1)C(=O)C1C2CCC(C2)C1,0.00034592550244138534
CN1CCC(C)(C(=O)NCc2ccc(-n3cccn3)nc2)CC1,0.000642690952265841
CNC(=O)CC1(CNC(=O)c2cc(C(C)(C)C)ccn2)CCCCC1,0.44978587511867235
CNC(=O)CCC(=O)N1CC(NC(=O)C2CC(C)(C)Cc3cn[nH]c32)C1,0.00024646294221680867
CNC(=O)NC1CCN(c2ccc(S(=O)(=O)C(F)F)cc2)CC1,0.0006935863843487548
COC(=O)[C@@H]1CC[C@H]1C(=O)N1CCC([C@@H]2CCOC[C@@H]2N)CC1,0.19819372006769886
COC(=O)C(NC(=O)[C@@H]1C[C@H]2CC[C@@H]1N2)c1ccccc1Cl,0.00048618193373477534
COC(=O)c1ccc(-c2noc(CCC(=O)N3CCOC3=O)n2)cn1,0.15025325728495545
COC(=O)c1cncc(N2CCC(c3ncc4n3CCCC4)CC2)n1,0.5309402014793954
COC(C)(COc1ccc(-n2nnnc2C2CC2)cc1)C1CC1,0.0008669073728733764
COC(CNC(=O)C1(c2ncn[nH]2)CCOCC1)C(F)(F)F,0.0002487162907170862
COC1(CCNC(=O)c2ccoc2)CN(c2cc(C#N)nc(C3CC3)n2)C1,0.0007903963962362306
COCC(C)(O)c1nc(-c2ccccc2OC2CC2)no1,0.0008075203758958193
COCC(NCC1(OCc2ccccc2)CCN(C)C1)C1CCCO1,0.0005982058235033462
COc1cc(C)ccc1NC(=O)CCn1cc(C2(C)CC2)nn1,0.0006158451782683648
COc1ccc(C(F)(F)F)cc1C(=O)N1CCc2[nH]nc(CO)c2C1,0.0005868761216521481
COc1ccc(NC(=O)N2CCC(N(C)c3ccccc3)CC2)cc1,0.0015754391081059806
COc1ccc(OC)c(C(=O)NC2CC23CCN(CC=CCl)CC3)c1,0.0006360000149958955
COc1cncc(COC(=O)C2CC3(C2)C(F)(F)C32CC2)c1,0.0016164162864346463
COc1nc2ccccc2cc1C(=O)OCC1COCCOC1,0.2548032598184355
CSC1(C(=O)NCC2CC(NC(=O)C(C)NS(C)(=O)=O)C2)CC1,0.1585462995756852
CSc1nc(NC(=O)NC23CC(C(=O)OC(C)(C)C)(C2)C3)nn1C,0.000849758183787365
Cc1cc(CCNC(=O)N2Cc3ccccc3C(C)(C)C2)nn1C,0.0006055736802685113
Cc1cc(S(=O)(=O)N2CCC(CNS(N)(=O)=O)CC2)ccn1,0.00018628391240346268
Cc1ccc(C(=O)NCC2CCN(C(=O)[C@@H](C)N(C)C)C23CC3)c(O)c1,0.0004985842453348491
Cc1ccc(Br)cc1CN(C)CCN(C)C,0.0005903487777234821
Cc1ccccc1C(=O)N1CCC2(CC1)CC(N)CCO2,0.0009767769115495454
Cc1cccnc1-n1cc(C2CN(C(=O)COC3(C)CCCC3)C2)nn1,0.6076368239949627
Cc1cccnc1CC(=O)N1CCCC(NC(=O)C2CC(=O)C2)C1,0.00023194615398442023
Cc1ccncc1N(C)C(=O)N1CCc2cc(Br)cnc21,0.2493551024193713
Cc1ccoc1C(=O)N(C)CC(C)NC(=O)c1ccc2c(c1)CCC2=O,0.0006366592207850673
Cc1cnc2n1CCC(C(=O)N1C[C@@H](F)C[C@@H](F)C1)C2,0.0005609698500807178
Cc1cocc1C(=O)N1CCC[C@H](NC(=O)C23CCC(CC2)O3)C1,0.35206971738770493
Cc1nc(C)c(CNCc2ccnn2CC(F)(F)F)[nH]1,0.0006564133657292162
Cc1ncc(C(N)=O)cc1NC(=O)N(C)CC(C)(C)O,0.0004945606843720898
Cc1ncc(Cl)c(C(=O)N2CCOc3c(F)cccc3C2)n1,0.0006571647728660442
Cc1nccnc1CCNC(=O)NC1CCN(c2cccc(Cl)c2)C1,0.0010865292945278356
Cc1nnc(S(=O)(=O)Cc2cc3n(n2)CCC3)[nH]1,0.0001546086626483733
Cc1ocnc1C(=O)N1CC(CO)(NC(=O)C2CCOC(C)(C)C2)C1,0.16884540293104686
Cn1cc(C(=O)N2CCC[C@@H]2C(=O)NC(C)(C)C)c(Cc2ccccc2)n1,0.0006426275473408012
Cn1cnc2cncc(C(=O)N3CC(NC(=O)C4(CO)CCC4)C3)c21,0.0009158012308270319
Cn1nccc1[C@@H]1C[C@H]1C(=O)Nc1cn(C)nc1OCC(F)F,0.0004681995198082193
N#Cc1c[nH]c(C(=O)Nc2ccn(C(F)(F)F)n2)c1Cl,0.0007841618869862646
N#Cc1cc(NC(=O)N2C[C@]3(CO)CCC[C@]3(CO)C2)ccc1Cl,0.7518290285703382
N#Cc1ccnc(N2CC[C@H](NC(=O)c3cscc3Cl)C2)n1,0.0011588437682077584
N[C@@H]1C[C@@H]2CC(C(=O)Nc3ccc(COc4ccccc4)cc3)C[C@@H]12,0.0006929750281971932
NC(=O)Cc1ccccc1NCc1cccc(C2CC2)c1F,0.001668495432756182
Nc1cc(C(=O)N2C3CCC2CN(C(=O)c2ccccc2F)C3)ccn1,0.0008429589144119818
O=C(CC1(C(F)(F)F)CC1)NCCc1cn2ccccc2n1,0.0005556181075366644
O=C(CCCC1CC1)NC[C@H]1CCN(C(=O)c2cnc(C3CC3)cn2)C1,0.0010095805828565889
O=C(CCc1cccnc1-c1ccccc1)NC1CC2(CC(CO)C2)C1,0.8000634463500115
O=C(CN1CCCC1=O)NCC1(NC(=O)c2cocn2)CCC1,0.00019603534315804335
O=C(Cc1cc[nH]c1)NC1CCN(C(=O)CCCC2CC2)C1,0.0007020317158617502
O=C(N1CCc2ccc(Cl)cc2C1)C1(C2CCC2)CCC1,0.0013989222225654417
O=C(NC1CSC(C(F)(F)F)C1)N[C@H](c1ccco1)C(F)F,0.0007435197811421494
O=C(NCC(F)(F)CO)c1cccc(Oc2ccc(F)cn2)c1,0.0011794185459862853
O=C(c1ccc(OC2CCOC2)cc1)N1CCn2c(CCO)nnc2C1,0.00019589018038744397
O=C1CC(C2CCCCN2C(=O)c2cnc3c(c2)COCC3)CN1,0.00029077094440540255
O=C1CCOc2ccc(NCC(=O)N3CCC4C(C3)C4(F)F)cc21,0.0009769644220846273
O=S(=O)(NCc1cccnc1)c1cccc2c1CCCC2,0.0004628110554605591
O=S1CC2CCC(C1)N2Cc1ccc(-c2ncco2)cc1,0.0012760809254702993
C[C@@H]1CC(=O)N(CC2(c3ccccc3F)CCCC2(C)C)C(=O)N1,0.0008473075623183156
C=C(Cl)CC[C@H](NC(=O)C(C)(C)c1cccc(C)c1)C(=O)O,0.0004575393762712796
C=C(Br)CN(CC)C1CCN(C(=O)c2ccn(C)c2)CC1,0.0008399712381109234
CC[C@@H](COC(F)(F)F)NC(=O)N[C@@H](C)C(=O)N1CCCC1,0.0005035903143479828
CC(=O)CCCC(=O)N1C2CCC1CC(N(C)c1ncc(C)cc1C)C2,0.3360553541466295
CC(=O)N(C)[C@H]1CC[C@@H](NC(=O)c2ccc(C(F)F)cc2)CC1,0.17632726506860705
CC(=O)NC(C(=O)NCC(O)C(C)(C)c1ccc(F)cc1)C1CCCC1,0.2468930325713566
CC(C)(CC1CC1)C(=O)NS(=O)(=O)c1ccc(Cl)c(F)c1,0.000593753204738854
CC(C)(CN)NC(=O)c1ccc(OCC2CCCO2)cc1,0.0005391257729794437
CC(C)(NCC(=O)NC(=O)NCCc1ccccc1)c1nccc(CN)c1,0.0002940629551309235
CC(C)C(C(=O)N1C[C@]2(CO)C[C@]2(CO)C1)c1nc[nH]n1,0.14751413474694255
CC(C)C1CC(C(=O)NC[C@H]2C[C@@H]3CC[C@H](C2)N3C(=O)[C@@H]2C[C@H]2C)C1,0.24523950767660158
CC(C)CCCC(=O)N[C@@H]1CCN(c2cnc(C#N)c(C#N)n2)C1,0.0014061146038706793
CC(C)c1cn(CC(=O)N2CCOC3(CCC4(CC3)OCCO4)C2)nn1,0.00054079048150844
CC(C)c1nc(C(=O)N[C@H]2C[C@H](Nc3cncc(Cl)n3)C2)cs1,0.00048171907622207745
CC(C)c1nc(CN2CCN(Cc3cc(F)cc(F)c3)CC2)c[nH]1,0.0006254525171680592
CC(COC(=O)c1c[nH]nc1-c1ccc(F)cc1)C1CC1,0.33907914629023234
CC(NC(=O)C(C)(C)c1cn[nH]c1)c1csc(C(F)F)n1,0.0005843406592474049
CC1(C(=O)N2CC(NC(=O)c3ccnnc3)C2)Cn2ccnc2C(=O)N1,0.09283055664692255
CC1(C)CC1CC(=O)N1CC[C@H](NC(=O)Cc2cn3c(n2)CCCC3)C1,0.000816345741101554
CC1(CNC(=O)c2cc[nH]c2)CCN(C(=O)c2cnn3c2CCCC3)C1,0.0008207804902470821
CC1(OCC(=O)N[C@H]2CCCN(CCc3ccccc3)C2)CCCC1,0.001153983882624707
CC12CCCC1(NC(=O)c1ccc(-n3cc[nH]c3=O)cc1)C2,0.0015922986082282254
CC1C(=O)N(C)CN1C(=O)c1cc(S(N)(=O)=O)c(Cl)s1,0.00034133278288739686
CC1CC(C(=O)N2CC3(CCN(C(=O)[C@@H]4CCC(=O)O4)CC3)C2)CO1,0.0002758569086840626
CC1CC(NC(=O)C2(N(C)C)CC2)CCN1C(=O)c1cnc[nH]1,0.0003830138248116697
CC1CCC(N)c2ccccc2N1C(=O)C1CCC2(CC2)C1,0.0005731209424011443
CC1CCCCCN1c1nnc([C@H](C)n2ccnc2)n1CC1CC1,0.0018885347389170286
CC1CN(c2ccc(C#N)cn2)CCC1CNC(=O)[C@@H]1CCOC1,0.0013404985485055848
CC1Cc2ccc(F)cc2C1NC(=O)c1cnc(OCCN)cn1,0.00048610171883712444
CCC(C)(CC)CNC(=O)N1CC[C@@H](OC)[C@@H]c2ccccc21,0.0018195906931293016
CCC(C)C(=O)NCC1(C)CCN(C(=O)c2cccnc2O)CC1,0.23890009863086797
CCC(CC(C)CO)NC(=O)c1cc(O)nc2c1CCC2,0.0005066163643601552
CCC(CC)(CNc1ccncn1)NC(=O)c1cc(C)n(C)c1,0.001203058041034973
CCC(CC)C(=O)N1CC[C@H](Nc2ncnc3c(F)cccc23)C1,0.0014035701063986202
CCC(CC)C1CN=C(N2CCC(Cc3ccccc3)C2)N1,0.00038513471878884363
CCC(CC)n1ccc(C(=O)N2CCN(C(=O)c3ccon3)[C@@H](C)C2)n1,0.2193217907198274
CCC1(NC(=O)Nc2ccnc(COc3ccccc3)n2)CCC1,0.000689200600201741
CCC1(NC(=O)c2cc(COC)co2)CCN(C(=O)[C@@H](C)OC)CC1,0.0003628130246551236
CCC1C(=O)N(C)CCN1c1nnc(C23CCOC2CCOC3)n1C,0.0006912696846678652
CCCNC(=O)N1CC2CCC(C1)N2C1CCCc2ccccc21,0.000840314525086768
CCCc1ncc(C(=O)N[C@@H]2CCN(C(=O)[C@@H](C)O)C2)s1,0.15166629851110344
CCN(C(=O)C1(C)CC1F)C1CCN(C(=O)c2ccc(NC)cc2)C1,0.0009491778132865024
CCN(C(=O)CCc1nnc[nH]1)C1CCN(C(=O)C2(N(C)C)CC2)C1,0.00019113709366772502
CCN(CC(=O)N[C@@H]1CCN(Cc2nc(C(C)(C)C)no2)C1)C1CC1,0.00024140396501517102
CCN(CCNC(=O)c1nc(C)no1)C(=O)C12CCCC1C2(F)F,0.0003665486322976541
CCN(Cc1c(F)cccc1Br)C(=O)[C@@H](O)C(C)C,0.0004405658087682187
CCN1CCN(Cc2ncc(-c3cc(F)ccc3)o2)CC1,0.0008647205364777237
CCOC(=O)c1cccc(N(C)C(=O)N2CCC(C(=O)OC)CC2)c1,0.0012161024169901025
CCSC1CCC(N(C)CC2=NOC(CNC(=O)OC)C2)C1,0.25901546621719523
CCc1cnoc1C(=O)NCC1(NC(=O)C2CCCO2)CCOCC1,0.00028152301055792004
CCc1nc2c(C(=O)OCC(C)C(C)N(C)C)cccc2n1C,0.0006388851883712602
CCc1nn(C)cc1C(=O)N1CCC(c2csc(C(=O)OC)n2)C1,0.0005461705296894553
CCc1noc(C(C)OC(=O)C2(CF)C3CCC(C3)C2(C)C)n1,0.0005159321744686675
CCn1cc(C(O)CN[C@@H](c2ccccc2)[C@@H](F)C(F)(F)F)cn1,0.0004997185006114148
CCn1cnc(C(=O)NCC2CCc3ccccc3C2)c1,0.0006494416028187416
CN(C(=O)CC1CCCN1C(=O)OC(C)(C)C)C1(CO)CCC1,0.00042859058135685514
CN(CC1CN(C(=O)Cc2cnn(C)c2)C1)C(=O)C(C)(O)C1CC1,0.0003899728369398856
CN(CC1COC1)C(=O)c1sccc1Br,0.0004628818367879532
CN(Cc1cc(Cl)c[nH]1)C(=O)c1n(O)cccc1C(F)(F)F,0.0
CN(Cc1ccccc1)C(=O)Nc1ccc2c(c1)S(=O)(=O)CC(=O)N2,0.47114763977576096
CN1CCc2c(N3CCC(NC(=O)CC#N)CC3)cccc2C1=O,0.0012352351745370418
CNC(=O)CN1CCC(NCC2CC2c2cccc(Cl)c2)CC1,0.00043885637897593744
COC(=O)[C@@H]1CCC[C@@H]1COC(=O)c1ccc2c(c1O)OC(C)C2,0.0006289245402656705
COC(C(=O)NC1(C)CN(C(=O)C2(C3CC3)CCCO2)C1)C1CCC1,0.0006210899505385568
COC1CCCC(C(=O)N(C)CCN(C)c2nc3c(cnn3C)c(=O)[nH]2)C1,0.3353151192480748
COCC(=O)N1CCCC(CNC(=O)C23CCCC2CC(=O)CC3)C1,0.17821281607471254
COCC1(C(=O)NCC2CCCCN2C(=O)C2(C)CC2)CC1,0.1389793082975517
COCCC(C)(O)CNc1nc(N)nc(-c2ccc(F)cc2)c1C,0.0011660551385634795
COCCC1(CNC(=O)Cn2cc(CC3CCCNC3)nn2)CC1,0.0007608086933035032
COCCN(CC(=O)OC(C)(C)C)C(=O)N(C)C(C)C(F)(F)F,0.0008817227212926579
COCCN1CC(NC(=O)CCc2ccncc2)CC2(CCOCC2)C1,0.0007551989886134229
COc1c(NC(=O)NC2CC3CCC2C3)cc(Cl)cc1C(N)=O,0.0014464402454863342
COc1cc(C#N)ccc1NC(=O)N1C[C@@H]2CNC[C@]2(C)C1,0.0014148535788732208
COc1cc(C(=O)NCc2cc3n(c2)CCCC3)cc(OC)c1C,0.000627290493353406
COc1cc(C)nc(N(CCNC(=O)c2cc(=O)[nH]c(=O)[nH]2)C2CC2)n1,0.13331030657057694
COc1cc(OC)nc(N[C@H]2C[C@H](NC(=O)c3cc(O)ncn3)C2)n1,0.20957378012371325
COc1ccc(CN(C)C2CCC2OC)cc1OCc1ccccc1,0.0008305720878399423
COc1ccc(F)cc1C(O)CNC(=O)NCCC1CCCCC1,0.0005665537113325012
COc1cccc(N2CC(NC(=O)C3=C(C)N(C)CC3)CC2=O)c1,0.3924299706784471
COc1cccc2c1N(C(=O)NC(CO)CC1CC1)CC2,0.0013493902881960467
CS(=O)(=O)c1ccc(C(=O)NCc2cn3c(n2)CCCC3)[nH]1,0.0003456191024175001
CSC1(C(=O)N[C@H]2CN(C(=O)Cn3ccc(N)n3)C[C@H]2C)CC1,0.0003717147522493042
Cc1c(F)cc(C#N)c(Cl)c1NC(=O)N[C@H]1C[C@H](S(C)(=O)=O)C1,0.0015676898206169081
Cc1cc(C(=O)N(C)CC2COC(C)(C)OC2)cc(O)c1C,0.0005451739699188493
Cc1cc(C(=O)NCCn2nc(C)cc2C)cc(S(N)(=O)=O)c1C,0.000352104949569841
Cc1cc(Cl)ccc1-n1cc(C2CCN2C(=O)C(F)F)nn1,0.0006945599666986201
Cc1ccc(-c2nnc(NCC3(C#N)CCCC3)[nH]2)c(C)n1,0.0018343360852416954
Cc1ccc(C(=O)NC[C@@H](C)NC(=O)CC(C)C(C)C)n1C,0.000487092597133479
Cc1ccc(N2CCC(C)(NC(=O)c3ccccn3)C3(CCC3)C2)nn1,0.44537073333715516
Cc1ccc(F)c(CC(=O)N(CC(=O)O)C2CCOCC2)c1,0.0004220060575436627
Cc1ccc(F)c(NC(=O)NC[C@@]2(CF)CCC2)c1F,0.0014037211979753474
Cc1ccc2c(C(=O)NC3CCS(=O)CC3)ccnc2c1Cl,0.3518961681547373
Cc1cccc(C(=O)N[C@H](C)CNC(=O)c2cncc(N)c2)c1O,0.3184715384968967
Cc1cccc(CCCN2CCN(C3(CN)CCSC3)CC2)c1,0.0005551528385715527
Cc1cccc(F)c1C(=O)NC1CN(C(=O)c2cc(O)nn2C)C1,0.1878413769438524
Cc1ccccc1CC(CO)CNC(=O)c1nnc(C(C)(C)C)s1,0.0004917672716977029
Cc1ccnc(-c2cn(CCC(F)(F)C(=O)NC3(CF)CC3)nn2)c1,0.0013817456192860326
Cc1cocc1C(=O)NC[C@@H]1CC(C)(C)CN1C(=O)c1ccc(C)n1C,0.0005725711165301775
Cc1csc(N2CCN(C(=O)c3ccc(C)n3C)C[C@H]2C)n1,0.0013584736066748484
Cc1n[nH]c(C)c1CCC(=O)NC1CN(C(=O)C2CC2)CC2(CCC2)C1,0.0006759162399235571
Cc1nc(C(=O)N2CC3(CCN(C(=O)c4coc(CO)c4)CC3)C2)co1,0.25793365338325497
Cc1nc(CCNC(=O)c2ccc3c(c2)CC(=O)N3)sc1C,0.001141958008516848
Cc1nccc(C(=O)N(C)C(C)C)c1NC(=O)OC(C)(C)C,0.0007902174064893914
Cc1nccc(N2CCCC(CNC(=O)[C@H]3C[C@@H](n4ccnc4)C3)C2)n1,0.0008640611984719113
Cc1ncnc(N[C@H]2C[C@H](CNC(=O)C3CC4(C3)CC4(F)F)C2)c1C#N,0.0016473226422839256
Cc1nnccc1C(=O)N(C)Cc1ccc(C(F)F)cc1,0.0005741088512947034
Cc1nnsc1C(=O)N[C@H]1C[C@@H](NC(=O)C2CC(=O)C2(C)C)C1,0.00045664890740805384
Cc1sc(O)nc1C(=O)N[C@H]1CCN(C(=O)[C@H]2CC[C@H](C)CC2)C1,0.31081770403827874
Cn1cc(C(=O)CC2CCC(NCc3nccn3C3CC3)CC2)cn1,0.39157926215288047
Cn1ccc2ccc(C(=O)NC[C@H]3CC[C@H](C(N)=O)CC3)cc21,0.20798539461611673
Cn1cccc(C(=O)N(CCC#N)c2ccccc2F)c1=O,0.7188560289557927
Cn1cnc(CNC(=O)NCC(C)(C)OCCO)c1-c1ccccc1,0.0010500280015234543
N#CC1(COC(=O)C2(c3ccncc3Cl)CC2)CCC1,0.001031766271190751
N#Cc1c[nH]c(C(=O)N(CCNC(=O)C[C@@H]2CCCC[C@H]2O)C2CC2)c1,0.0011711560253795605
N#Cc1ccc(N[C@H]2C[C@H](NC(=O)c3cnccc3O)C2)cn1,0.0009462939605692296
N#Cc1ccccc1-c1ccccc1C(=O)N1CC2(CC2)CO1,0.0017734549554418296
N#Cc1cnc(N2CCC(CNC(=O)C3(C4CCCCC4)CC3)C2)cn1,0.7984412339933615
O=C(CCNc1cccnc1)N[C@H]1C[C@@H]2CC(C(=O)O)C[C@@H]21,0.000579811988801757
O=C(Cc1cscn1)NC1(C2CCN(C(=O)c3ccon3)C2)CC1,0.0003873702967689771
O=C(NC(C(=O)O)C1CC1)c1ccc(Br)c2c1OCC2,0.000555764736328241
O=C(NC1(C(=O)O)CC1)c1c[nH]c(Br)c1Cl,0.00043818107226463286
O=C(NCc1cccnc1)N1CC(N2CCC(O)CC2)C1,0.000261247198307822
O=C(Nc1cccc(C2CC2)c1)N1CC2(CC(O)C2)C1,0.0012351901840957013
O=C(O)C[C@H]1CCCN1C(=O)c1cnc(-c2ccccc2)[nH]c1=O,0.41302000352218987
O=C(c1ccsn1)N1CC2CC(C1)N(c1ncc3c(n1)COC3)C2,0.001122090473584163
O=C1CN(c2ccnc(C(F)F)n2)[C@H]2CCCC[C@H]2N1,0.0004664850263591717
O=C1Cc2ccc(-c3nc(C4CCS(=O)(=O)CC4)no3)cc2N1,0.6372748172735326
C[C@@H](CO)n1nccc1C(=O)N[C@H]1C[C@H](NC(=O)[C@@H]2CNC(=O)C2)C1,0.00022999007027115235
C[C@H](CNC(=O)CS(C)(=O)=O)NC(=O)C1CN2CCC1C2,0.05689639727060731
C[C@H]1CNCCN13CCCN(C(=O)c1ccc(O)c(C(C)(C)C)c1)C2,0.0
CC[C@@H](COC)NC(=O)c1ccc(F)c(C(=O)NC)c1,0.0003633407378575286
CC[C@@H]1C[C@H]1C(=O)NCC1CN(C(=O)C2(O)CCCC2)CCCO1,0.0004475180475854233
CC[C@@H]1CN(c2ncc(O)cn2)C[C@@H]1NC(=O)c1ccc(C)cc1-c1c[nH]nn1,0.0011931987949302947
CC(C(=O)N1CCC(NC(=O)[C@@H]2C[C@H]2C)C1(C)C)c1ccc(F)cc1,0.0004582308862396189
CC(C)[C@@H](NS(=O)(=O)c1cnn(Cc2ccccc2)c1)C(=O)O,0.00036666164110553217
CC(C)[C@@H](O)CC(=O)Nc1ncc(Br)s1,0.0009032659077651502
CC(C)(C(=O)N1CCC(=CBr)CC1)C1CCCO1,0.3476358589815453
CC(C)(CNC(=O)C1CCO1)NC(=O)c1nc2ccccc2c(=O)[nH]1,0.00032901967484727653
CC(C)(CNC(=O)CC12CCC(C)(C1)OC2)c1ccccn1,0.00047907212000421624
CC(C)(CO)C(=O)N1CCOCC(NC(=O)c2ccc(F)c(F)c2)C1,0.0003154981029228384
CC(C)(O)c1cc(N2CC3(CCCO3)C2C2CC2)ccc1O,0.0016064316009623218
CC(C)N(CC(C)(C)O)C(=O)c1cc2n(c1)CCSC2,0.24207850266092237
CC(CN(C)c1ccnc(Br)n1)NC(=O)c1cn(C)nn1,0.0007794303531858454
CC(CNC(=O)C1CCCCC1C)N(C)c1ncnc2nc[nH]c12,0.7039996283153434
CC(Nc1nc(C2CCOC2)ns1)c1cccc(N2CCNCC2=O)c1,0.000758606596918427
CC(O(=O)c1ccc(C(N)=O)c(Cl)c1)c1ccc2c(c1)CC(=O)N2,0.0
CC(F)(F)CCNC(=O)Nc1cnn(-c2ccccc2Cl)c1,0.0014983864255471793
CC1(C(=O)N2CCC3(CN(Cc4ncccn4)C3)C2)CC(F)C1,0.0003595406529112965
CC1(C(=O)N2CCCC2CN2CCSCC2)CCN1,0.0005150696962839587
CC1(C)CC(C(=O)N2CC3(CCN(C(=O)C4(O)COC4)C3)C2)CCO1,0.00032295406650388933
CC1(C)N[C@H](COC(=O)C23COC(CF)(C2)C3)[C@H]1C(=O)OC(C)(C)C,0.0003516217648125184
CC1(CNC(=O)Cc2cccc(F)c2)CCN(C(=O)C2CC(=O)C2)CC1,0.00033951747423761967
CC1(NC(=O)c2ccoc2)CN(C(=O)C(F)c2ccccc2)C1,0.0004891693951287882
CC1C(NC(=O)c2cccc3ccsc23)CCCN1C(=O)[C@H](C)O,0.0007776449132754766
CC1CC(C(=O)N2CCC(Cc3ccc(Cl)cc3)CC2)CO1,0.000492447555661831
CC1CC1C(=O)NC1CCC(C)N(C(=O)c2ccnn2C(C)C)C1,0.00042549552701876816
CC1OCCCC1C(=O)N1CCC(C)(NC(=O)CN2CCC2)C1,0.17916213313346255
CC1Oc2ccccc2N(CC(=O)Nc2ncccc2CCC(F)F)C1=O,0.44640931334475986
CCC(C)CC(=O)N1CCC[C@H]1CNC(=O)c1cncn1C,0.0006232157195481518
CCC(C)OCC(=O)N(C)C[C@@H]1CCCN1C(=O)C1CCCC2CC21,0.0007663510506597205
CCC(C)c1cn2c(n1)CN(C(=O)[C@H]1C[C@@H]3CC[C@H](C1)C3=O)CC2,0.0003161439787594529
CCC(O)(CC)C(C)(C)NCc1ccc2c(c1)CC(C)O2,0.0006462174219273212
CCC(F)C(=O)NC(C)C1CN(c2nnc(COC)s2)CCO1,0.00045659591694698526
CCC1(C)CC1C(=O)N[C@H](C)C1CN(C(=O)CCc2ccccc2F)C1,0.0005810677691311645
CCC1CC(CC(=O)N2CCc3cccc(CO)c3C2)CCO1,0.00042226949412997757
CCCC(CC)C(=O)N1CC(CNC(=O)C(C)(C)OC(C)C)(OC)C1,0.0006469417477036662
CCCN(C(=O)C1CC1C(NC(=O)OC(C)(C)C)C1CC1)C1COC1,0.00045050425891946595
CCCN1CCCC(CNC(=O)N(C)C2CCCN(CC)C2)C1,0.000483667142963765
CCN(CC1CC1)c1nnc(-c2csnn2)n1CCC1(C)CC1,0.001864892354410217
CCN(CCNC(=O)C(C)(C)C(F)(F)F)C(=O)C1(C)CNC(=O)C1,0.382792391453252
CCN(CCNC(=O)c1cc2ccccn2c1)C(=O)CCSC,0.0003137318290771895
CCNC(=O)c1ccccn1,0.00032779119932458355
CCOC(=O)c1cc(C)n(CC(=O)NCCc2ncc(C)[nH]2)n1,0.0002697504957016387
CCOC1CC2(C1)CC2NC(c1cccc(O)c1)c1nnc[nH]1,0.0005591032348191787
CCS(=O)(=O)c1cccc(C(=O)N2CCNC(=O)C23CC3)c1,0.13729786478220238
CCSC[C@H](N)C(=O)NCc1ccc(CNS(C)(=O)=O)cc1,0.00018889837618528941
CCSCC(=O)N1CCC(CN(C)C(=O)c2ccc3c(c2)CCO3)C1,0.0005534592379398609
CCc1cc(C(=O)N2CCCC2(C)CNC(=O)[C@H]2CCCN2C)[nH]n1,0.16637725539576145
CCc1cccc(NC(=O)N2CCc3c(C(=O)OC)cccc32)c1,0.6439337507000193
CCc1nc(C(=O)NC(C)CN(C)C(=O)CCc2cc(C)no2)co1,0.00036053210978929587
CN(C(=O)c1cc(Sc2ccc(F)cc2)on1)[C@H]1C[C@@H](F)C1,0.3559524260851291
CN(CCO)CCNC(=O)c1sc2cncn2c1Br,0.00028595072408223193
CN(Cc1ccc(Br)cn1)CC1C2CCCC21,0.0004863238392928826
CN1CCN(C(=O)c2ccoc2)C(CNC(=O)CCc2ccccn2)C1,0.0006710204887097823
CNc1ccccc1C(=O)NCC(NC(=O)[C@H]1CC1(C)C)C1CCCC1,0.0007297919594076812
COC[C@@H]1CN(C(=O)NCC2(OC)CCSC2)C[C@@H]1COC,0.00017949711570254185
COC[C@@H]1CN(C(C)C(=O)Nc2cc(C)no2)CC(C)(C)O1,0.00041257875174533415
COC(=O)C(c1ccc(Br)cc1)N(C)C1CC(F)(F)C1,0.0006417085020045375
COC(=O)Cc1cccc(-c2cn(CC(=O)N3CCCC(=O)C3)nn2)c1,0.25781778970949026
COC(=O)N[C@H](C(=O)N1CC23CCCC2(COC3)C1)C(C)C,0.0003141640393585459
COC(=O)c1cc(O)cc(-c2nnc(N3CCC(C)C3)n2C)c1,0.0012000366192657056
COC(=O)c1ccc(CCN(C)C2(CC(=O)O)CCCC2)cc1,0.00048659042351676025
COC(=O)c1ccc2c(c1)OCCN2C(=O)N1CCC(C(C)(C)O)C1,0.001386425994345397
COC(=O)c1nccc(N2CC3(CCCC3)c3ccccc32)n1,0.23847601737265745
COC1CC(CCC(=O)NCC2(NC(=O)c3c[nH]nc3N)CCC2)C1,0.422074290323909
COC1CCCC1C(=O)N[C@@H](C)C1CN(C(=O)c2cccc(C)c2C)C1,0.00044671491653158833
COCC1(C(=O)NCc2cnc(OC(C)C)nc2)CCCO1,0.0002880267439094712
COCCN(CCNC(=O)C(C)(C)n1cccn1)c1nnco1,0.00027201413841394627
COCc1nc(N2CC(Cc3ccc(F)c(F)c3)C2)ncc1C(=O)O,0.0013629550122453984
COc1cc(C(=O)N2CCN(C)c3ccc(F)cc32)nn1C1CC1,0.5296445446623453
COc1ccc(C(C)=O)cc1CC(=O)N1CCc2c(C#N)cccc2C1,0.22870243851094496
COc1cccnc1CN1C(=O)CCN(CC2CC3CCC(C2)S3)C1=O,0.0004447428785405716
COc1cncc(C(=O)N(C)C[C@@H]2CCCN2C(=O)c2ccco2)c1C,0.0004441529286236367
COc1ncc(C(=O)N(C)CC(C)NC(=O)C2CCCN(C)C2)cn1,0.0005131682110743052
CS(=O)(=O)C1(C(=O)N2CCOc3c2ccc(F)c3F)CCCC1,0.47907678055233127
CSCC(=O)N1CC(NC(=O)c2ncc3ccccn23)CC1C,0.000621475118360797
Cc1c(Cl)c(cnc2cnn(C(C)(C)C)c2)nn1CC(=O)O,0.0
Cc1cc(C(=O)N2CC(Nc3cccc(F)c3C#N)C2)c2nc(C)cn2n1,0.0016382597224493672
Cc1cc(C(=O)N2CCC(C)C2CNC(=O)c2occc2C)ncn1,0.0005169860043920468
Cc1cc(C(=O)NC2CCN(C(=O)CC3CC3)C2)cn1C,0.0005296186305831215
Cc1cc(C)c(OCC(=O)NC2(C(=O)NC3CC3)CC2)c(C)c1,0.1868726305768073
Cc1cc(C)cc(C(NCc2cccnc2N)C(=O)O)c1,0.00083156611732667
Cc1cc(CC2(NC(=O)c3ccc4n3CCNCC4)CC2)ccc1F,0.0005858850442829408
Cc1cc(OCC(=O)NCC(Nc2nnc(C)o2)C(C)C)no1,0.17825532882484746
Cc1cc2cc(C(=O)OCC(C)O)oc2cc1Br,0.0009331668258618833
Cc1ccc(C(=O)N2CCC(OCCN(C)C)CC2)cc1O,0.0006178205157359861
Cc1ccc(C(=O)NC2CCN(C(=O)C3(C4CCCCO4)CC3)C2)cn1,0.0008517309159900322
Cc1ccc(C(=O)NCC[C@H]2CCCN2C(=O)C2CC23CC3)cc1C,0.0007695225188091093
Cc1ccc(C(=O)NCC2CCCCN2C(=O)c2ccsc2)n1C,0.000715939255185129
Cc1ccc(OCC(O)CNC(CO)c2ccco2)cc1,0.000363814166929827
Cc1cccc2c1CCN2S(=O)(=O)[C@@H]1CC[C@H](N)C1,0.0007801578581905271
Cc1ccoc1C(=O)NCC1CCC2(CN(CCC(F)(F)F)C2)O1,0.0004612739367671153
Cc1cnc(N2CCOC3(CCN(C(=O)C4CC4)CC3)C2)c(C#N)n1,0.0012287655214702634
Cc1cnc2ccccc2c1C(=O)NC1CN(C)C12CCCC2,0.27685021775718843
Cc1cncc(C(=O)NCC(NC(=O)c2ccc[nH]2)C(C)C)c1,0.14714769114995527
Cc1nc(N)nc(N2C3CCC23c2cccc(Br)c2)c1C,0.0007323463720347573
Cc1nnn(CC(=O)N[C@H]2C[C@H](CNC(=O)c3nc[nH]c3C)C2)n1,0.00023346042284291444
Cc1noc(C(=O)N2C[C@@H]3C[C@H]2CN3C(=O)c2ccc(Cl)cc2O)n1,0.0004569885936261815
Cn1cncc1C(=O)NC1CN(C(=O)C2CCCOC2)CC2(CC2)C1,0.0010662407318336926
Cn1nc(C2CCC2)nn1CC(=O)NC1CC2CCC(C1)S2(=O)=O,0.0
Cn1nccc1C(CO)NC(=O)Nc1ccc((C2CNC(=O)C2)cc1,0.0
N#C[C@H]1CC[C@H]1CC(=O)N1CCC2CCC(C1)N2C(=O)C1(CF)CC1,0.0015496853177409864
N#CC1(F)CCCN(C(=O)c2cc3c(C4CC4)cccc3[nH]2)C1,0.8832424414753404
N#Cc1c[nH]c(C(=O)NC[C@H]2CCCN2C(=O)c2ccc(Cl)cc2)c1,0.6406911425955708
N#Cc1cccc(NC2CC23CCOc2ccccc23)n1,0.0016847751591055038
N#Cc1ccnc(N2CCCCC(NC(=O)c3c(Cl)cccc3F)C2)n1,0.0018190660903382714
O=C([C@@H]1CCC[C@H]1CF)N1CCC(n2cc(-c3ccncc3)nn2)C1,0.0015610246701719386
O=C([C@H]1C[C@@H]1C(F)F)N1CCc2cc(Cl)nnc2C1,0.00028322090660530124
O=C(C1NCCC12CC2)N1C[C@@H](CO)[C@H](c2ccc(Cl)cc2)C1,0.00048429566126322076
O=C(CC1(CO)CC1)NCC1CC(NC(=O)c2cccc3[nH]ccc23)C1,0.24977725284666857
O=C(CN1CCN(c2ccccn2)CC1)N1CCC2(C1)CC2(F)F,0.0005176764645658032
O=C(Cn1cc(-c2ccn[nH]2)nn1)NC1CCCC2(C1)OCCO2,0.0010070489593785818
O=C(Cn1ccccc1=O)Nc1ccnc(C(F)(F)F)n1,0.0005136921685210183
O=C(Cn1cccnc1=O)N[C@H]1C[C@H](NC(=O)c2ccncc2)C1,0.0002616265455499966
O=C(NC1=Nc2cncnc2N1)C(n1cc(C2CCCO2)nn1)C1CC1,0.0013314012726534938
O=C(NCc1ccc2c(c1)C(=O)NC2)C1(c2cc(F)cc(F)c2)CC1,0.00045449563743970374
O=C(NCc1ccc2sccc2c1)N1CC(CCO)C1,0.0008336032293026439
O=C(Nc1cc2c([nH]c1=O)CCC(C(=O)O)C2)C(F)c1ccccc1,0.0005922032387498703
O=C(Nc1cccc(N2CCCC2=O)c1)N1C[C@@H]2OC[C@H]1[C@H]2O,0.0004920219998262227
O=C(c1cc(C2CCOCC2)on1)N1CCCC(c2ccccc2C#N)C1,0.8740012149239375
O=C(c1ncc(Br)s1)N1CC(CO)C1,0.19622408393163773
O=C1CN(C2CCN(CCSc3ccc(Cl)cc3)CC2)CCN1,0.00031635570421862936
O=C1NC[C@@H]2CN(CC(O)c3cccc4ccccc34)C[C@H]12,0.2793216892304722
O=C1NC[C@H](C(=O)N2CCC2c2cn(-c3cc(F)ccc3F)nn2)N1,0.15453917215696722
O=S(=O)(c1cccc2nonc12)N1CCCC2OCCNC(CO)C21,0.0002331718116762238
C[C@H]1CN(C(=O)c2csc3ccccc23)[C@H](C(=O)O)CCO1,0.4412599318829451
C=Cn1nccc1C(=O)N(CC)C1CCN(C(=O)CCC(C)#N)C1,0.0
C=Cn1nccc1C(=O)NC1COCCN(C(=O)C2CCC(C)O2)C1,0.24544756395378334
CC(=O)OC1(C(=O)N2CCN(C(=O)c3cc(C)ncn3)[C@H](C)C2)CC1,0.0003647080005599024
CC(=O)c1csc(-c2nc(CCNC(=O)OC(C)(C)C)no2)c1,0.0012170658963545301
CC(C#N)C(=O)NCC1CN(C(=O)c2ccc(C3CCOC3)cc2)C1,0.0008166443501448905
CC(C(=O)N1CCCC1c1ccc2c(c1)OCO2)c1cccnc1,0.0009477915421815069
CC(C)(C(=O)O)c1ccc(OCC2(CS(C)(=O)=O)CC2)cc1,0.0006052922716137342
CC(C)(C)OC(=O)C1(NC2COc3cc(F)ccc32)CCCC1,0.0008397670716381027
CC(C)(F)CCC(=O)N1CCC2(C1)CC2C(=O)N1C[C@@H]2C[C@H]1CO2,0.0006331755489744737
CC(C)C(=O)N[C@H]1C[C@H](NC(=O)CN2CCCCC2=O)C1,0.18214363468159186
CC(C)CC(CNC(=O)c1ccon1)NC(=O)c1cccc2c1CCC2,0.0005655935490952968
CC(C)CCC1CCCN1C(=O)NCc1cc(=O)nc(N2CCCC2)n1,0.0
CC(C)CN1CCC(NC(=O)N2CCCC2c2cccnc2)CC1,0.00047604529492149735
CC(C)CN1CCCC(C(=O)NC(C)c2nc3ccccc3o2)C1,0.2272369882194714
CC(C)COC(C)C(=O)Nc1ccc(-n2nccn2)cc1Cl,0.0014569828989723528
CC(C)c1noc(CCNC(=O)N2C[C@@H](c3ccccc3)O[C@H](C)C2)n1,0.0005109515032189633
CC(CCc1ccco1)NC(=O)Cc1ccn(C2CCCC2)n1,0.0013313485295924513
CC(CCc1nn[nH]n1)N(C)C(=O)Cn1ccc(=O)n(C)c1=O,0.00014295040196374414
CC(CSCc1ccc(OC(F)F)cn1)CS(C)(=O)=O,0.0004212070221313452
CC(Nc1ccc(-c2cscn2)nc1)C1(CO)CCC1,0.8523705655220669
CC(O)C(=O)NCC1CC(NC(=O)c2cccc3c(Cl)cccc23)C1,0.3309793692007738
CC(O)CCCC(=O)N(C)CCN(C)C(=O)c1cccc2occc12,0.0007635842301678536
CC(OC1CCCCC1)C(=O)OCCC(=O)Nc1ccccc1,0.0014604790467745452
CC(F)(F)CC(=O)NCC1(C)C(Cc2ccccc2)C1,0.0008112040876109512
CC1(C(=O)N2CC[C@@H]c3ccccc3[C@H]2C(F)(F)F)CC1F,0.0005382163744644616
CC1(C)[C@H]2C[C@H](C(=O)NCC3(N4CCOCC4)CCCCC3)C[C@H]21,0.0015925751685661586
CC1(C)CN(C(=O)c2cc[nH]c2)CC1NC(=O)c1cnn(CCC#N)c1,0.4485534303968237
CC1(C2CCN(C(=O)c3occ4c3CCC4)CC2)COC(=O)N1,0.0008108420352476099
CC1(c2ccccc2)CN(Cc2ccc(C(=O)OC(C)(C)C)cn2)CCO1,0.0005435434135170288
CC1=NOC(C(=O)NC2CC3CN(C(=O)c4ccnn4C)CC3C2)C1,0.00043501772422575326
CC1CC(C(=O)N2CC(NC(=O)C(C)Nc3ccccc3)C2)C1,0.00034416718955360907
CC1CCCN(C(C)(C)CNC(=O)CNC(=O)Cc2ccccc2)C1,0.0005035509829652312
CC1CCCNC1C(=O)N(C)Cc1ccccc1Cl,0.0006392912208914831
CCC[C@H]1CN(CCCC(=O)NCCc2ccccc2)CCO1,0.0005921561756635119
CCC(=O)NCC(=O)N1CC(NC(=O)c2cnc(N)o2)C(C)(C)C1,0.26167313906099593
CCC(CC(F)F)C(=O)N[C@H]1CC[C@H](CNC(=O)c2ccon2)CC1,0.00029781507507374317
CCC(CNC(=O)c1nsc2ccccc12)NC(=O)C(CC)C(C)C,0.0011737764327281275
CCC(NC(N)=O)C(=O)N1CC(C)C(CNC(=O)CC[C@H](C)NC)C1,0.27960965190501824
CCCN(CCC)S(=O)(=O)N1CCOC(C(C)N)C1,0.0003767682608812683
CCCOc1ccccc1OCC(=O)N1CCC(F)(C(F)(F)F)C1,0.0007495129779049989
CCCc1noc2cc(CNC(=O)N3CCOC[C@H]3C)ccc12,0.0006703102873249374
CCCn1ncc(C(=O)N2CCCC[C@H]2CNc2nccc(CC)n2)c1C,0.0014239382547887329
CCN(CC)C(=O)c1ccc(N2CCCC3(CCS(=O)(=O)C3)C2)nc1,0.0010249614936958115
CCN(CC)C(C)CNC(c1ccccc1)c1nnc2n1CCC2,0.00039074267170551605
CCN(CCNC(=O)C1(C)CCOCC1)C(=O)c1nc(Cl)oc1C,0.0004897201956270568
CCN1CC(C(=O)N2CCC2CNC(=O)Cc2ccoc2)CCC1=O,0.000439200529700538
CCOC(C)C(=O)NC[C@H]1CC[C@H](NC(=O)[C@H]2C[C@@H](O)C2)CC1,0.00034552492928878573
CCOc1cccc(CC(=O)N2CCOC(c3ccc(F)cc3)C2)n1,0.00046540820120152045
CCc1ccc(C2COCCN2C(=O)N[C@@H]2CC[C@H](C(=O)OC)C2)o1,0.0004609116585332648
CCc1ncccc1NC(=O)c1cc(CN2CCCC2)on1,0.0006610158273543035
CCc1ncoc1C(=O)NC1(C2CCN(C(=O)C3CCCO3)C2)CC1,0.0005048314381400296
CN(C[C@@H]1CCCN1C(=O)Cc1cnoc1)C(=O)[C@H]1C[C@@H](O)C1,0.00038136325729953526
CN(C(=O)c1cccc(CC(F)(F)F)c1)C(CO)c1ccccc1,0.0006403915161645195
CN(C)CC1CNCC(C(=O)N2CCC(NCC3CC3)CC2)O1,0.0002882874012818281
CN(C)c1cc(N2CCC(C3(O)CCCNC3)CC2)ncn1,0.000811890659999384
CN(CC1(C)COC1)C(=O)Nc1ccc(Cl)c(C#N)c1,0.0017370244358231024
CN1CC(N(C)C(=O)N2CC(C(F)(F)CO)C2)CCC1=O,0.00025894897988496934
CN1CC(NC(=O)C2CCCN2C(=O)c2cnccn2)C1,0.1458077860656109
CN1CC(F)(F)CC(NC(=O)N2C3CCC2COC3)C1,0.00031179868966002875
CNC(=O)CCCC(=O)NCCC(C)NC(=O)c1cn(C)c(=O)cn1,0.0002202460419277541
CNC(=O)c1ccc(CN(C)C(=O)N(c2ccc(F)cn2)C(C)C)o1,0.0007542557067492158
CNCc1ncc(C(=O)NCc2cccc(N3CCCC3=O)c2)cn1,0.24408580113880088
CNc1nc(C)ccc1C(=O)N1CCN(C(=O)[C@H]2C[C@@H]2C(F)F)CC1,0.00031145728894501257
CO[C@H](C)C(=O)NCC1C2CN(C(=O)c3cc(C#N)ccc3Cl)CC12,0.0010631664750080296
CO[C@H]1C[C@H](NC(=O)Cc2cccc(NC(=O)OC(C)(C)C)c2)C1,0.0006845433207484752
COC(=O)[C@@H]1C[C@H](O)CN1C(=O)c1ccc2c(n1)CCCN2,0.000395833293377752
COC(=O)c1c(F)cc(NC(=O)CC2(C#N)CCC2)cc1F,0.0016333778805076664
COC(=O)c1cnc(NC2CN(C(=O)Cn3ccccc3=O)C2)cc1C,0.00037766060638743824
COC(C(=O)N1CC2(CC(NC(=O)C3(C4CC4)CCC3)C2)C1)C(C)C,0.0009138589929462359
COC1CC(c2ncc[nH]2)N(C(=O)NCCC(C)C(F)F)C1,0.0009607333854087867
COCC1(C(=O)N[C@@H]2CCN(C(=O)c3nccc(OC)c3F)C2)CC1,0.1651415846856975
COCCC(=O)N(C)CC1CN(c2nnc(C(F)F)s2)C1,0.0004618926678306718
COCCC1(CNC(=O)c2cc(-c3ccccc3)no2)CC1,0.38341706864572817
COCc1ccc(C2COCCN2C(=O)N(C)C[C@H]2CCCO2)o1,0.0004045183362698477
COCc1noc(C(=O)N2CC3CCC2C(NC(=O)C2(O)CC2)C3)n1,0.0002717772160499949
COc1cc(C)ccc1C(C)NS(=O)(=O)N1CC(C)OC(C)(C)C1,0.00046881596485594815
COc1cc(C)nc(N2C3CCC2(CNC(=O)Cc2ccn[nH]2)CC3)n1,0.220022446383057
COc1ccc(F)c(OC)c1C(=O)N1C[C@@H](O)C[C@H]1C1CC1,0.0007284436199042365
COc1cccc(O)c1S(=O)(=O)NC(CS(C)(=O)=O)C(C)C,0.0003585530826421204
COc1nccc(COC(=O)CNC(=O)c2ccco2)n1,0.0003718875956440882
Cc1c(C(=O)N2CCC(O)C3CCCCC32)nnn1CC1CCCC1,0.001012450979827601
Cc1c(C(=O)NCC23CC(CO)(CCO2)C3)cnn1C1CCC1,0.0008490117668964066
Cc1c(C(=O)Nc2cc(F)ccc2OC(C)C)noc1N,0.3993058347084122
Cc1c(Cl)cccc1COC(=O)c1cnc2n1CCC2,0.0004842612117352729
Cc1cc(-n2cncn2)ccc1C(=O)N1CC2CCCN2CC1C,0.0005103479492829618
Cc1cc(C(=O)NC[C@H]2CCN(C(=O)c3ccc(C)nc3C)C2)[nH]n1,0.11725711550432805
Cc1cc(N2C3CCC2C(CC(F)(F)F)C3)nn1CCO,0.0007052596534256235
Cc1cc(NC(=O)C(C)(C)c2nccs2)cc(N2CCCC2=O)c1,0.0014497715369836892
Cc1cc(NC(Cn2ccnc2)C(O)C(C)(C)C)cc(O)n1,0.0010201161519000838
Cc1cc(O)c(C(C)C)cc1C(=O)N1CCC(n2cc(CN)nn2)C1,0.0006933376236880798
Cc1ccc(-c2nccc(N3CC[C@@H]4NCC[C@@H]4C3)n2)cn1,0.6952757176830598
Cc1ccc(C(=O)NC2(CNC(=O)c3ccc(Cl)c(C)c3)CC2)nn1,0.31584130519606707
Cc1ccc(C)c(S(=O)(=O)N[C@]2(c3ccccc3F)C[C@@H](F)C2)c1,0.0005837964625083717
Cc1ccc(N2CCOCC2CN(C)C(=O)c2cc(C3CC3)[nH]n2)nn1,0.0003079126433647159
Cc1cccc(C(NCc2cc(C)n(C3CC3)n2)C2(C(=O)O)CC2)c1,0.000619328345266987
Cc1cnn(C)c1NC(=O)c1ccc2c(c1)N(C)CCN2C,0.6997457492114625
Cc1csc(-c2cccc(C(=O)N3CCC(O)(CO)C3)c2)n1,0.4560167088307923
Cc1nc(C(=O)N2CCC[C@@H]2CNC(=O)CCCc2c[nH]nn2)c(C)[nH]1,0.00043527904088391377
Cc1nc2cc(CCC(=O)NCC3CCN3C(C)C)ccc2o1,0.0004822533271416752
Cc1ncc(CC(=O)N2CCC3(C2)CN(C(=O)[C@H]2CCC(=O)N2)C3)s1,0.0004546352891758787
Cc1ncc(N)cc1C(=O)N1CCN(C(=O)C(C)(C)F)C[C@@H]1C(C)C,0.3278171224870003
Cc1ncc(S(N)(=O)=O)cc1-c1nc(C(C)(C)C)co1,0.0011074192173130479
Cc1nccn1CC(=O)N[C@H]1[C@@H]2CN(C(=O)c3ccncc3N)C[C@@H]21,0.2185966239460436
Cc1nn(C)c(C)c1C(C)C(=O)N1CCN(C(=O)c2coc(=O)[nH]2)CC1,0.00037526013910032293
Cc1nn(C)c(Cl)c1C(=O)NC1(CNc2ncccn2)CCC1,0.0014135133978972077
Cc1nn(C)cc1C1=NOC(CNC(=O)OC(C)(C)C)C1,0.0004931918596699536
Cc1nnc2cc(N3CC(C)(NC(=O)C4CCCOC4)C3)ncn12,0.23390097633461332
Cc1nncc(CNC(=O)N2CC3(CCOCC3)CC2C)c1C,0.0005716104482246824
Cc1noc(-c2ccc(NC34CCC(C3)OC4)cc2)n1,0.001606998289869742
Cc1noc(CC(NC(=O)NCC(C)(C)C2CCC2)c2ccccc2)n1,0.0004891310313433183
Cn1cccc1C(=O)N1C[C@H]2[C@H](NC(=O)C3(C)CC(=O)C3)[C@H]2C1,0.15053174206603462
Cn1nccc1C1=CCN(C(=O)N[C@H](c2ccccc2)C(F)F)C1,0.0008336725549684905
N#Cc1ccc(CN2CCC(NC(=O)CC3OCCCO3)CC2)cc1,0.0008480057939691814
O=C([C@@H]1CCOC1)N1CC2(CCN(CC3CCOC3)CC2)C1,0.0004107847496921579
O=C(CN1CCSCC1)NCc1cc(-c2ccc(Cl)cc2)on1,0.0016473355749263682
O=C(Cn1cn[nH]c1=O)NCC1CCCN1CC1CCC(F)(F)C1,0.0003741486096542463
O=C(N[C@H]1C[C@]2(CCCCN2C(=O)Cn2cccn2)C1)C1CC1,0.0007168178872570467
O=C(NC1CCN(C2CCNCC2)C1=O)C1CN(C2CCOC2)C1,0.11096820414529442
O=C(NC1CCc2c(O)cccc21)N1CCOC2(CC2)C1,0.0005082928235679726
O=C(NC1CN(C(=O)C2CCSC2)C1)c1ccnn1-c1ccccc1,0.26065802918323255
O=C(NC1CN(C(=O)Cc2ccccc2Cl)C1)c1cnoc1,0.0003836009108998118
O=C(NCCN(CCCO)C1CC1)c1scc2c1CCCC2,0.0007912060128209775
O=C1CCC(C(=O)NC2(c3ncc(C(=O)O)cn3)CCC2)c2ccccc21,0.15296125451852963
O=C1CN(C(=O)c2ccc(C(F)F)s2)c2ccncc2N1,0.24406453709103945
O=C1N[C@H](C(=O)N[C@H]2C[C@](N3CCCC3)(C(F)(F)F)C2)CO1,0.158715702652766
O=C1NCc2ccc(C(=O)Nc3cnn(C4CCCCO4)c3)cc21,0.4043215947285213
Fc1ccc(-n2ncc(NCC3CC34CCNCC4)n2)cc1Cl,0.00047893117817050156
C[C@@H](CNc1ncnc2c1cnn2C)NC(=O)C(CC1CC1)C1CC1,0.0014890911409190218
C[C@@H](NC(=O)Cc1ccccc1)C1CN(C(=O)[C@H]2CC2(C)C)C1,0.00033698363342626544
C[C@@H](O)C(=O)NCC1(C(N)=O)CN(C(=O)c2cccc(NC(N)=O)c2)C1,0.15264206392287627
C=Cc1ccc2c(c1)CCC(C(=O)NCc1ccncc1)C2,0.0018382117799665345
CC(=O)N(C)CC(=O)NC(C)(C)CNc1nccc(-c2ccsc2)n1,0.3282196482798635
CC(=O)N1CC(C(=O)NC[C@H]2CCCCN2C(=O)c2cocc2C)C1,0.1778049802051469
CC(=O)N1CC(NCC(O)c2cccc(Br)c2)C1,0.0003207121395659066
CC(=O)c1cc(CCC(=O)NC(C)CNC(=O)c2cnoc2)oc1C,0.13791563089872763
CC(=O)c1cccnc1N[C@H]1C[C@H](NC(=O)C(C)c2ccco2)C1,0.000415833310491311
CC(C#N)Oc1ccc(CN2CCCC2(CO)Cc2ccccc2)cc1,0.0011316581793781658
CC(C(=O)N1C[C@@H]2C[C@H]1CN2C)n1cc(-c2ccccc2CO)nn1,0.00046935670948120646
CC(C)C(=O)N1CCC2(CC1)CC2NC(=O)c1ccn2ccnc2c1,0.7252884483334726
CC(C)C(O)CC(=O)N1CC(C)(NC(=O)[C@H]2CC2(C)C)C1,0.000349094119692545
CC(C)CC(=O)N1CCCN(C(=O)c2cnn(C)c2)CC1,0.0004413701844259928
CC(C)CC(C)(O)C(=O)Nc1ccc(Br)cc1F,0.0008749084572774744
CC(CC(=O)N1N[C@@H]2CC[C@H]1[C@H]2N)NC(=O)C1CCCCC1,0.0005929552034845221
CC(CC1CCC1)C(=O)NC1CCN(C(=O)c2ccc(C#N)cc2)CC1,0.0017752874105268013
CC(O)C1CC1C(=O)NCC(NC(=O)C1CC1C1CC1C)C1CC1,0.08789985258328453
CC(O)c1ncc(CNCc2ccccc2S(C)(=O)=O)s1,0.00048284213842161926
CC1(C)C(O)CC1(NS(=O)(=O)CCOC1CC1)C1CC1,0.15534342760695347
CC1(C)CC(=O)CCN(C(=O)Nc2cnsc2)C1,0.0010991574392571217
CC1(c2ccc(C(=O)NC3C4CCOC4C3(C)C)cc2)SCCN1,0.00037837309174179763
CCC(C#N)C(=O)N1C[C@H]2CN(C(=O)CNC(=O)C(F)(F)F)C[C@H]2C1,0.0008770410245492613
CCC(C)(O)C(=O)NC[C@@H](C)NC(=O)C1(c2ncccc2F)CC1,0.0003356778730774758
CCC(CNC(=O)c1cc(OC)cc(OC)c1)Nc1cc(C#N)nc(C)n1,0.0015090951082914765
CCC(CNC(=O)c1cc2c(C)cccn2n1)NC(=O)CC1OCCO1,0.0002492629425817609
CCC(O)(CC)CCNc1ccc(S(N)(=O)=O)cc1OC(F)F,0.0009155582697476204
CCC1(C(=O)N2CCCC[C@H](NC(=O)c3cn[nH]c3C)C2)CC1(F)F,0.0005319168272424315
CCC1CN(C(=O)NCCC(=O)N2CCN(C)CC2)c2ccccc21,0.001075620598809663
CCCN(C(=O)c1ccon1)C1CCN(C(=O)CC2CC2)C1,0.3252831209430266
CCCOc1cccc2c(=O)cc(N3CCCN(CC(C)O)CC3)[nH]c12,0.38333846266708194
CCN(CC)Cc1cn(CCC(=O)NCc2ccc(Cl)cc2)nn1,0.00041716752499565646
CCN(CCC1CC1)C(=O)[C@@H]1CCCCN1C(=O)c1ccccc1,0.0011171633261605086
CCN(CCNC(=O)Cc1ccc(O)cc1Cl)c1cc(C)ncn1,0.0012628702439031992
CCN1CCOCC1CC(=O)Nc1ccc(CN(CC)C(C)=O)cc1,0.0006082641321055705
CCOCC(=O)NC(CC)C1CCCOC1CNc1cc(C)c(C)nn1,0.0008975671534094125
CCOc1cc(C(=O)N2CC[C@@H](CO)C2)nn1-c1ccccc1,0.0008168551534498005
CCc1c(F)ccc(F)c1NC(=O)N1CCN2C[C@@H](F)C[C@H]2C1,0.0011980824044489627
CCc1cc(C(=O)N2C3CCC2CN(C(=O)c2cocn2)C3)nn1C,0.19168634266218382
CCc1cnoc1C(=O)N1C[C@@H](O)[C@@H](N2CCCC2)C1,0.0004000862779390135
CCc1cnoc1C(=O)NC1CC(CNC(=O)C2(C)CC2)C1,0.00032328676190064966
CCc1cscc1C(=O)NC[C@H]1CCCN1c1ncncc1C#N,0.0015252764726055982
CCc1nccn1C(C)CC(=O)NC1CN(C2CC2)CC1(C)C,0.0010902893320826749
CCc1ncnc(CC)c1C(=O)N1C[C@@H](F)C[C@H]1CSC,0.0004198647217425834
CCn1cc(C(=O)NC2(C)CCN(c3cc(O)nc(C)n3)CC2)c(C)n1,0.0007754261754131607
CN(C)CC1(O)CCCN(CCCc2ccccc2Cl)C1,0.0009969237144736964
CN(CC(C)(C)CNCc1nccn1CC(F)(F)F)C(=O)C1CCC1,0.0005825255099683821
CN(CCNC(=O)c1cc(C2CCC2)on1)C(=O)c1cn(C)c(=O)cn1,0.2197220902922383
CN1C(=O)NCC12CN(C(=O)NCC1(OCCO)CCOCC1)C2,0.00023485640458225144
CN1CC(CC(=O)N[C@H]2C[C@H](Nc3ccc(C#N)nc3)C2)C1,0.2770596014372572
CN1CCN(c2ccc(CNCc3cc(C4CCC4)[nH]n3)cc2)CC1,0.0005519607026278677
CNc1ccc(C#N)cc1NC(=O)c1cccnc1Br,0.8255367776186942
CO[C@H](C)C(=O)N1CCC2(CCOC2)C(CNC(=O)c2ccc[nH]2)C1,0.00030522259773043065
CO[C@H]1COC[C@H]1S(=O)(=O)Nc1cc(C2CC2)nn1-c1ccccc1,0.000580762521790445
COC(=O)C1CCC(NC(=O)N2CCOCC2CF)CC1,0.0003446144864096893
COC(CC(C)C)C(=O)N1CCOC(c2ccc(F)c(F)c2)C1,0.00048708048378539134
COC1(CC(=O)N2C[C@H](C)[C@H](NC(=O)c3ccc(Cl)s3)C2)CC1,0.000657197767026147
COC1(CNC(=O)CC2(C)CC2)CN(C(=O)c2cc(C)oc2C)C1,0.00045728398836710496
COC1CCn2cc(C(=O)Nc3ccc(OCCF)cn3)nc2C1,0.0010483800393405506
COCCC1(C2CC2)CN(c2cc(C)nc(C(F)(F)F)n2)C1,0.0005343622081362424
COCCC1(CNc2cc(F)c(Br)cn2)CC1,0.0009986942607343118
COc1cc(C)c(C(=O)N(C)Cc2nccs2)cc1OC,0.0008718613050557818
COc1cc(C)nc(NCC2(OC)CN(C(=O)C34CCC(CC3)C4)C2)n1,0.5056863242215616
COc1ccc([C@H](OC)C(=O)OCc2nccc(C)c2F)cc1,0.0005565281668917032
COc1ccc(CN(CCN(C)C)C(=O)NC2CCC2C2CC2)cc1,0.00040792059507703207
COc1cccc(CNC(=O)C2(C(F)F)CCOCC2)n1,0.00044308416365077495
COc1cccc2c1CC(C(=O)NC(Cc1ccccc1)C1CC1)CO2,0.0005150064873184668
CSCC(=O)N[C@H]1CN(C(=O)c2ccc(Cl)c(O)c2)C[C@H]1C,0.0004876669037333075
CSc1ccc(C(=O)N2CCC[C@@H](NC(=O)c3cccnc3)C2)o1,0.00036401354986155917
Cc1c[nH]c(=O)n1-c1ccc(C(=O)NCCN2CCC2)cc1,0.00038149177411123233
Cc1cc(C#N)cc(-c2nccnc2N2CCOCC2)c1,0.7358091359684243
Cc1cc(CCNC(=O)N2CCC23CCSC3)ccc1C#N,0.001420866547785623
Cc1cc(CN[C@@H](C)c2ccc(Br)cc2)sn1,0.0006583282793623057
Cc1cc(N)c(C)nc1C(=O)N1CC2(CCN(C(=O)c3ccc[nH]3)C2)C1,0.0009143838111046073
Cc1cc(NC(C)(C)CNC(=O)c2cnc3n2CCCC3)nc(Cl)n1,0.0004903215468698371
Cc1cc(F)sc1C(=O)N1CCN(c2ccccn2)CC1C,0.0012860866975993386
Cc1cc2c(cc1O)CCN(C(=O)NC1(C)CCCOC1)C2,0.0005171282006748816
Cc1cc2cc(NC(=O)NCC(=O)N(C)C)ccc2n(C)c1=O,0.0005754212101028386
Cc1ccc(C(C(=O)NCC(O)C2CC2)C(C)C)c(C)c1,0.0008306041935925498
Cc1ccc(C2(C(=O)N[C@H](CO)[C@@H](C)O)CCOCC2)cc1C,0.0002420666760596041
Cc1ccc(C2(CNC(=O)C(N)C3(O)CCC3)CCCCC2)cc1C,0.0006100583660076183
Cc1ccc(N2CCN(C)C(CNC(=O)c3cnccc3O)C2)nn1,0.0006902258259135873
Cc1ccc(S(=O)(=O)N2CCN(CC(C)C)C(=O)C2)cc1C(=O)O,0.00038735358326165615
Cc1cccc(C(=O)N[C@H](C)CNC(=O)Cc2ccccc2C)c1C#N,0.000594280693138526
Cc1cccc2c(=O)n(CCC(=O)NC3(C(C)(=O)O)CC3)cnc12,0.0
Cc1ccccc1N1CCN(Cc2cccc(N)n2)CC1C,0.0006851716708013249
Cc1ccn(C)c1C(=O)N1CCC2(CCN(C)CC2)C(CO)C1,0.00040696586126894886
Cc1ccncc1C(=O)NC1(C)CCN(CC2CCC(C)C2)C1,0.0005356015734662484
Cc1cnccc1-c1nnc(N2CCN(C3CCC3)CC2)cc1Cl,0.0016334344882674955
Cc1nc(C(=O)NC23CCC(C(=O)O)(CC2)C3)c2ccccn12,0.22688942326430625
Cc1nc(C(=O)NC2CCN(C(=O)c3ccc(Cl)o3)C2)c(=O)[nH]c1C,0.21853292559248128
Cc1nc(N)nc(N[C@H]2C[C@@H](NC(=O)c3cn(C)cc3C(F)F)C2)n1,0.5112419811189836
Cc1ncc(N)cc1C(=O)N1CCN(C(=O)CC(F)(F)F)C[C@@H]1C,0.00041810455243100007
Cc1ncn(C)c1C(=O)N(C)C1CCCN(C(=O)C(C)C)C1,0.0005246128404275477
Cc1nn(C)c(N2CCC(NCC(C3CC3)N3CCOCC3)CC2)c1C,0.0003641410428270528
Cc1nnc(CN2CC(CNC(=O)CC(C)(O)c3ccccc3)C2)s1,0.0002700621615228476
Cc1oc(C)c(C(=O)N2CC[C@@H](NC(=O)C3CCOC3)C2)c1C,0.0003635340971435836
Cn1cncc1C(=O)N1CCOC2(C1)CN(C(=O)c1cnccc1N)C2,0.0007396204944892814
Cn1ncc(C2CCC2)c1C(=O)NC1COc2cccc(F)c21,0.0007869749033414768
Cn1nccc1C(=O)NCCC1CCCN(C(=O)c2ccccn2)C1,0.14797764424329882
N#CC12CCCC1(C(=O)N[C@H]1CCN(C(=O)[C@H]3C[C@@H](O)C3)C1)CC2,0.559020752674958
N#Cc1ccc(N[C@@H]2CCN(C(=O)CC3(C(F)(F)F)CC3)C2)cn1,0.0009072896818292718
N#Cc1ccc(N2C[C@H]3CN(C(=O)C4(CF)CC4)C[C@H]3C2)cn1,0.5807636782374502
N#Cc1ccc(NC(=O)NC(CCO)C2CCCCC2)cc1Cl,0.0019644773442486184
N#Cc1ccnc(N[C@H]2[C@@H]3CN(C(=O)c4cc(Cl)nc(N)n4)C[C@@H]32)n1,0.0009651485615468132
N#Cc1ncc(N2CCC(NC(=O)c3cccc(F)c3F)CC2)nc1C#N,0.0011411909991825943
NC(=O)[C@H]1C[C@@H](NC(=O)NCc2ccn(-c3ccc(F)cc3)n2)C1,0.19675682329955482
NC(=O)c1cnc(C(=O)Nc2ccc(C3CCC3)cc2F)c(Cl)c1,0.4327745422476017
NC1CC1C1CC1C(=O)N1CCC(c2ncnc3nc[nH]c23)CC1,0.0007584229138768416
Nc1ccn(CC(=O)N[C@H]2C[C@H](NC(=O)C3(C4CC4)CCC3)C2)n1,0.0004642457913093878
O=C(CN1C(=O)CCCc2ccccc21)NC[C@@H]1C[C@H]1c1ccco1,0.001165368362659486
O=C(COCc1ccc(C(F)(F)F)cc1)OCC1(O)CCOC1,0.000438768330734176
O=C(COc1ccc(-c2nn[nH]n2)cc1)N1CC(F)(C2CC2)C1,0.4585230486761291
O=C(Cc1ccc(O)cn1)N1CCCC(c2cccc(Cl)c2)C1,0.0005606576434857288
O=C(Cc1ccccc1)NCC1CC12CC2(F)c1nn[nH]n1,0.0002051161130339301
O=C(N[C@H]1CCOc2c1cccc2-c1csc(O)c1)C1(O)CC1,0.3909735718429639
O=C(N1CCC2(CC1)COCCO2)C1(C(F)F)CCNCC1,0.000432867607739489
O=C(NC(C1CC1)C1CC1)c1cc(-c2ccccc2)ccn1,0.2685645924562809
O=C(NC1(C2CC2)CCCC1)c1ccc2[nH]c(C(F)F)nc(=O)c2c1,0.4152902131229391
O=C(NC1CCN(CC=CCl)CC1)c1c[nH]c2ccccc12,0.0007322893160497687
O=C(NCC(O)c1ccco1)c1cnccc1OCC(F)(F)F,0.0005870750004248427
O=C(NCCC1CCN(c2ccncn2)C1)c1coc(C2CCCC2)n1,0.0010420335381585912
O=C(Nc1ccc(-C(F)(F)F)[nH]c1=O)N1CC2CC1C2,0.000708111621433103
O=C(Nc1cncc(OCC(F)(F)F)n1)N1CCc2c([nH]c(=O)[nH]c2=O)C1,0.320814326561405
O=C(c1ccc(O)c(COCc2ccccc2)c1)N1CCC(O)C1,0.0005819457022045322
O=C1CC(C(=O)NC2CCN(C(=O)c3cc(F)ccn3)CC2F)C1,0.000277332211622815
O=C1CCC(C(=O)N[C@H]2C[C@@H](NC(=O)C3(C4CCCO4)CC3)C2)CC1,0.16565672959360916
O=C1NC(C(=O)N2CCOc3ccncc3C2)c2ccccc21,0.0003420472814791616
C[C@@H](CNC(=O)c1nccnc1C(N)=O)NC(=O)C1(C)CCC1,0.14127187669313448
C[C@H](NC(=O)C1(O)CC1)C1CN(C(=O)c2cccn3nnnc23)C1,0.13079674222613558
C=C(Cl)CCC(=O)N[C@@H](C)CCNC(=O)Cn1cc(Cl)cn1,0.0005969726156682787
C=C(Cl)CCC(=O)N1CCOCC1CNC(=O)c1ccncc1,0.1308890354254334
C=C(Cl)CCC(=O)NC1CN(C(=O)C2CCN(CC)CC2)C1,0.00029815259466535866
CC[C@@H]1C(=O)NCCCN1C(=O)c1ccc(C(F)(F)CF)cc1,0.0005413452688232429
CC(=O)CCCC(=O)N1CC2(C1)CN(c1cccc(F)c1C#N)CCO2,0.0013520274043297394
CC(=O)c1cc(C(=O)Nc2cccn(C3CCC3)c2=O)cs1,0.0004422885198626127
CC(C(=O)N[C@H]1CNCC[C@H]1F)c1ccc2ccccc2c1,0.0006554355990112487
CC(C(=O)N1CCCC2(NC(=O)CCC(F)F)CCCC12)C(C)(C)C,0.2472416419882563
CC(C)(O)C(F)(F)CNC(=O)CCc1nc2ccccc2o1,0.0010665993168948202
CC(C)C(CCNC(=O)c1cncnc1-c1ccncc1)N(C)C,0.0007293026831977576
CC(C)N1CCN(C2CCN(C(=O)C(C)(C)O)CC2)CC1,0.0002923494411652292
CC(NC1CC2CCC(C1)O2)c1ccc2c(c1)OCC(=O)N2,0.0009086880669692642
CC1(C)C(CO)CCN1CC(O)C1(CCc2ccccc2)CC1,0.00047501268259457437
CC1(C)CC(=O)NC1CNC(=O)Cc1ccc(OCC#N)cc1,0.0003527047574709744
CC1(C)CC2(CCN(C(=O)C3NNC4CCCC43)CC2)C[C@@H]2COC[C@@H]21,0.0012540304301866345
CC1(C)NCCC1C(=O)N1CCn2c(nnc2C(C)(C)C)C1,0.0003614603611874889
CC1(CNC(=O)CCC2CCC(=O)N2)CCCN1C(=O)C1CCCO1,0.11560385522115164
CC1(NC(=O)CO)CCN(C(=O)CCC2CCOC2)CC1CO,0.00028233729496098285
CC1CC(CN2CCC(NC(=O)c3ccc4scnc4c3)C2)C1,0.001057369227152231
CC1CCCC1C(=O)NCC1CC2(CCC2)CN1C(=O)C1CCO1,0.5420219029049471
CCC(C)CC(=O)N(C)C1CCCN(CCC2CC2)CC1,0.0013613533599242378
CCC(CC)(CNC(=O)c1cc(OC)c(O)c(OC)c1)S(C)(=O)=O,0.0005808087556370914
CCC(Sc1ccccc1)C(=O)NC[C@@H](C)Nc1cc(C)ncn1,0.0011473733575217858
CCCC(C)(O)C(=O)N1CC(Nc2ncnc3scnc23)C(C)(C)C1,0.0013729221310619308
CCCNC(=O)Nc1cccc(Nc2nc(C)c(SC)o2)c1,0.001578593698552298
CCN(CCNC(=O)c1ccc(C(N)=O)o1)C(=O)C1CC12CCOCC2,0.16696573398895764
CCN(CCNc1ncccc1C#N)C(=O)c1ccc(OC)c(OC)c1,0.7492762011224169
CCN(c1cc2nnc(C(C)C)n2nn1)C1CCNC1=O,0.0004300578071183848
CCN1CC(COC(=O)c2cc3occ(Br)c3[nH]2)OC1=O,0.3727564224589603
CCN1CCCCC1C(=O)N1CC2(CC(NC(=O)C(C)(C)C3CC3)C2)C1,0.3395830825957076
CCOC(=O)c1cc(NC(=O)c2cc(NC)c(F)cn2)c[nH]1,0.2553751530559681
CCOC1C(C)C1C(=O)NCC(=O)c1cccc2c1OCCO2,0.157754825439892
CCS(=O)(=O)C1CCN(CC(=O)NCC2CCC2)CC1,0.0006183466072307845
CCc1cc(CC(=O)N2CCC(C)C(CO)C2)sc1C,0.00044425697787686306
CCc1nn(C)cc1C(=O)N1CC[C@H](Nc2ncc(O)cn2)C1,0.001054889825360876
CCn1cccc1C(=O)NC1(CC(=O)O)CCCCC1(C)C,0.0002385931563773669
CN(C[C@H]1CCCN1c1ncccn1)C(=O)c1cnc2n1CCCC2,0.001201930736930323
CN(C)CC(=O)NCC1C2CN(C(=O)C3(O)CC4CCC3C4)CC12,0.13112887704145226
CN(C)c1cccc(C(=O)NC(C#N)Cc2ccc(C#N)cc2)n1,0.49354698316013745
CN(C)c1cnccc1NS(=O)(=O)CC1CCC(F)C1,0.000606507064457738
CN(CC1CN(C(=O)c2ccco2)C1)C(=O)C1CCC(F)(F)CC1,0.0008034604305613797
CN(CCNC(=O)c1ccc(C#N)[nH]1)C(=O)[C@@H]1C[C@@H]2C[C@@H]2C1,0.0008556962825572564
CN1C(=O)C[C@H](NC(=O)C23CCC(CN)(C2)C3)[C@H]1c1ccc(F)cc1,0.00036162918760288784
CNc1ccc(C(=O)NCC(C)n2cc(COC(N)=O)nn2)nc1,0.0004577950503438939
COC(=O)Cn1cc(NC(=O)NC2CCCc3nn(C)cc32)cn1,0.0011642521375916396
COC(=O)c1cc(Cl)cc(C(=O)N2CCc3ncncc3C2)c1,0.0006061443579588983
COC(=O)c1ccc(NC(=O)Nc2ncn(C(C)(C)C)n2)c(OC)n1,0.0005385261313463302
COC(=O)c1cnc(C)cc1NC1CCN(C(=O)c2ccc(F)o2)C1,0.3958914269873326
COC(=O)c1cnn2c1CN(C(=O)C1CCCc3ccccc31)CC2,0.0005450831030979508
COC(C)(C(=O)Nc1cccc(-c2nc(C)ccn2)c1)C1CC1,0.8480106570540544
COC(C)CC(=O)NC(CNC(=O)c1nnn2ccccc12)C1CC1,0.00038424373252383514
COC1(CS(=O)(=O)N(C)CC(C)C#N)CCOCC1,0.0009456453614432109
COC1CCCC1Cn1c(-c2ncccn2)nnc1N1CCCC1,0.7440799608824771
COC1CN(C(=O)Cn2cc(-c3c(C)n[nH]c3C)nn2)C(C)(C(=O)O)C1,0.0005070896037680492
COCC(=O)N1CC(CNC(=O)Cn2cc(-c3cnn(C)c3)nn2)C1,0.00032750973689128066
COCC1(C)CCN(S(=O)(=O)NCC(C)(C)c2ccccc2)C1,0.0004436344676859042
COCCC(C)C(=O)N(C)CCNc1ncc2c(n1)CCCC2,0.0008315430779058273
COCCC1(CNC(c2ncc[nH]2)C2CCOC2)CCC1,0.0007131255638817155
COc1cc([C@@H]2C[C@H]2C(=O)NCc2cnc(C(F)(F)F)s2)ccc1F,0.0007616451719652418
COc1cc(Cl)ccc1S(=O)(=O)N1CCc2ncsc2C1,0.0005554449098049579
COc1ccc(CNC2CC(Nc3ccccc3)C2)cn1,0.0006313780600324529
COc1ccc(COC(=O)[C@@H](O)c2ccc(F)cc2)c(C)n1,0.000574640761986924
COc1ccc2cccnc2c1CNS(=O)(=O)N1CCC(=O)CC1,0.1687771815250917
COc1cncc(C(=O)NC2(C)CCN(C(=O)CC(C)(C)C)CC2)n1,0.26678258434386487
COc1csc(C(=O)NCC2(C)CCCN2c2ncns2)c1,0.0012740417289000478
COc1ncccc1C=C1CCN(C(=O)c2occc2C)CC1,0.37313605584174914
Cc1c(C(=O)N2CC(CS(C)=O)C2)cnn1-c1ccccc1C#N,0.0013370627212268935
Cc1c(C(=O)N2CCN(CC3C4CCCC43)CC2)cnn1C(C)C,0.37193893659286903
Cc1c(Nc2cccc3c2OCO3)cnn1CC(F)F,0.0009100835218505259
Cc1cc(C#N)nc(NCC2CC3(C2)CN(C(=O)c2c(C)ccn2C)C3)n1,0.7556488138544502
Cc1cc(C(=O)N2CCC(C)(CNc3ncccn3)CC2)sc1C,0.0017173292486405306
Cc1cc(C(=O)N2CCC(c3cccnn3)CC2)ncc1C(F)F,0.35292389311293193
Cc1cc(CN2CCC(NC(=O)[C@@H]3CNC(=O)N3)C2)cs1,0.0003150919339438373
Cc1cc(NCC(O)CNC(=O)CC2CCC(F)(F)C2)c(C#N)cn1,0.00042891334216551527
Cc1cc(S(=O)(=O)N2CCN(C3CC3)CC2)cnc1C(=O)O,0.0002785222377675209
Cc1ccc(C2(CNC(=O)NC(C)c3c(C)nn(C)c3C)CC2)cc1,0.0011956632385932908
Cc1ccc(C2=NOC(CNS(C)(=O)=O)C2)c(OC(C)(C)C)c1,0.00047345908732994684
Cc1ccc(CC(=O)N[C@H]2[C@@H]3CN(C(=O)Cc4ccn(C)n4)C[C@@H]32)cc1,0.00024472353811885337
Cc1ccc(Br)c(-c2noc(CCS(C)=O)n2)n1,0.0011305139243347015
Cc1ccc2c(c1)C(C(=O)N1CCCC(OC(C)C)C1)C2,0.0005101130391864016
Cc1ccc2cccnc2c1CNC(=O)COC1CCC1,0.24107807483302013
Cc1ccc2nc(C(=O)N3CCN(C4CCCNC4=O)CC3)ccc2c1,0.19791275808622844
Cc1cccc(F)c1C(=O)NC1CC(C)N(C(=O)[C@H]2CNC(=O)N2)C1,0.00031208081501917455
Cc1cccc(Cl)c1C(=O)N1CCN(CC=CCl)CC1,0.0004894314521507128
Cc1ccccc1OCC(=O)Nc1cc2c(cc1F)NC(=O)CC2,0.5631647596835596
Cc1cnc(N2CCC[C@@H]2CCNC(=O)CCc2nnc(C)o2)nc1,0.0004144405196507384
Cc1cncc(CC(=O)NC2CCN(C(=O)[C@H]3C[C@@H](O)C3)CC2(C)C)c1,0.0003555942527390749
Cc1csc(C(=O)NC2(C(=O)O)CC(O)(C3CCC3)C2)c1,0.00045286750572644935
Cc1n[nH]c(NC(=O)Nc2c(Br)ccnc2C)n1,0.0006927660373649724
Cc1nc(C(=O)N2CC(CNC(=O)c3cccc(N(C)C)c3)C2)n(C)n1,0.0005995872198707955
Cc1nc(C)c(C)c(N2CC(C)(NC(=O)c3cc(Cl)ccc3F)C2)n1,0.001060090972689646
Cc1nc(N)nc(N[C@H]2C[C@@H](NC(=O)c3c(C)n[nH]c3Cl)C2)n1,0.0006330356751266315
Cc1nc(N)nc(N2C3CCC2CN(C(=O)C2(C)CC(F)C2)CC3)n1,0.38967231153129106
Cc1ncc(CCC(=O)N2CC(NC(=O)c3oc(C)nc3C)C2)s1,0.000313307438661346
Cc1ncccc1Cc1noc(C2CCCC3(CCNCC3)O2)n1,0.0007778268027128094
Cc1nn(C(C)(C)C)cc1S(=O)(=O)Nc1ccncc1O,0.0009121425132962347
Cc1noc(C)c1C(=O)N1CCCC1CNC(=O)C1CCOCC1(C)C,0.00037551327600448577
Cc1noc(N)c1C(=O)N1CC(NC(=O)C2CCC2)CCC1C,0.3656591292097073
Cc1oc(C2CC2)nc1C(=O)NC1CCC(CNC(=O)c2ccoc2)C1,0.0006834732023108198
Cn1cncc1C(=O)NC[C@H]1CCN(C(=O)c2ccc3c(c2)OCO3)C1,0.0005435195034207182
N#CC1(CC(=O)NC2CN(C(=O)CC3CC4(CCCC4)CO3)C2)CC1,0.677951133878129
N#CC1CCCN(C(=O)NCc2csc(Br)c2)C1,0.0011232542857554058
N#CCC(=O)N1CCC(CCNC(=O)c2ccccc2Br)C1,0.6741481675976787
N#CCc1ccc(CNC(=O)COC(=O)c2cccc3c2NCC3)cc1,0.0011345543058006698
N#CCn1nccc1C(=O)N1CC(C2CN(C(=O)[C@@H]3[C@H]3C3CCC3)C2)C1,0.0
N#Cc1ccc(N[C@H]2C[C@@H](NC(=O)c3cnc(Cl)s3)C2)nc1,0.0009728260327784635
N#Cc1ccc(Cl)c(NC(=O)N2CCN(c3ncccn3)CC2)c1,0.0015037601186906457
Nc1cc(O)nc(C(=O)NCC(O)c2ccsc2)c1,0.0005426752945527301
Nc1nc(C2CCN(C(=O)c3ccc(Cl)[nH]3)CC2)n[nH]1,0.0005840752831765875
Nc1nccnc1C(=O)NCC1(Nc2ccnc(Cl)n2)CCCC1,0.2680381030221276
O=C(C1=CNc2ncnn2C1)N1CCC(C2CCCC2)C1,0.0010368020606137528
O=C(CC1CCOC1)NCC1CCCCN1C(=O)c1[nH]ncc1Cl,0.0006825152397724072
O=C(CCC1CCC1)NCC[C@H]1CCCN1C(=O)c1cccn1CCC1C,0.0
O=C(Cn1cc(C2CC2)nn1)N1CCN(C(=O)C2=C(Cl)CC2)CC1,0.2022137893655635
O=C(N[C@H]1CCN(C(=O)c2cccnc2)C1)C1CC2(CCOC2)C1,0.0006055245082868054
O=C(N[C@H]1COc2ccccc2[C@@H]1O)C1C[C@@H]2OC(=O)O[C@H]2C1,0.0003425049131230489
O=C(N[C@H]1c2ccccc2CC[C@H]1O)c1cncc2c1CCC2,0.0008419943949419155
O=C(NC[C@H]1C[C@H](NC(=O)C2CCO2)C1)c1cscc1C(F)F,0.0005627495758942652
O=C(NCC12CC(CO1)N(c1ccnc(Cl)n1)C2)c1ccccc1,0.0008669081686976577
O=C(NCC1CCCN1C(=O)Cn1cccn1)c1ccncn1,0.0004952109113558947
O=C(NCCC1CSC1)c1cccnc1OC1CCC1,0.0007395323553992327
O=C(Nc1ccccc1Cn1cncn1)N1CCOC2(CC2)C1,0.00038074683400288976
O=C(Nc1cncnc1N1CCCC1)C1CC2CC1CC2F,0.2705879019850581
O=C1CCCN1CCC1CCN(C(=O)N2C[C@@H](F)C[C@@H](F)C2)CC1,0.36355996189849604
O=C1COc2ccc(C(=O)N3CC(=O)N4CCCCC4C3)cc2N1,0.00044149804032585775
O=C1OC2CC1N(c1ncc(-c3ccc(F)cc3Cl)cn1)C2,0.000965814332483378
C[C@@H](CNC(=O)c1ccc2[nH]ncc2c1)NC(=O)CCC1CC1(C)C,0.0004894393483390836
C[C@@H]1CCN(c2nc(-c3ccccc3)ns2)[C@@H](C(=O)O)C1,0.7439932464120866
C[C@@H]1CN(C(=O)c2c[nH]nc2C2CC2)CCN1c1ccncc1Cl,0.00029458714653587964
C[C@H](NC(=O)NCC1CCC(F)(F)CO1)C1CCCC1,0.0007309238158976347
C[C@H]1CN(C2CCOc3cc(Cl)c(Cl)cc32)CCO1,0.0006090098291459909
CC[C@H]1C(=O)NCCCN1C(=O)c1ccncc1OC(C)C,0.19634156505084233
CC(=O)C1CN(C(=O)C2(c3cccc(C#N)c3)CC2)CCO1,0.00045818453589675887
CC(=O)C1CN(C(=O)OC(C)(C)C)c2ccccc2C1=O,0.0010020957801884418
CC(=O)N1CSC[C@H]1C(=O)N(C)Cc1coc(-c2ccccc2C)n1,0.7430306692834925
CC(=O)NCC(=O)N1CCCC1C(=O)NC1CCCC(C)C1,0.0003830862161193912
CC(=O)NCC1Cc2ccc(OCCF)cc2C1(N)=O,0.0
CC(C)C(CNC(=O)c1cncc(-c2ccco2)c1)N1CCOCC1,0.34815031555810333
CC(C)N(C)CCN1CCN(C(=O)[C@@H]2C[C@H]2c2ccccc2)CC1,0.0004165596829810546
CC(C)c1cc(C(=O)NCC(N)C(C)c2ccccc2)on1,0.0006765697483903574
CC(C)c1cn(C(C)C(=O)Nc2cnccc2N2CCSCC2)nn1,0.0010479708543483942
CC(C)c1nc(CN2CC[C@H](NC(=O)C(C)(C)C)C2)no1,0.00032644435515724704
CC(CC(=O)c1ccccc1F)C(=O)N1CC2CC1(CF)C2,0.20535172271709468
CC(CN(C)C(=O)[C@H]1C[C@H](N(C)C)C1)Nc1ncnc(Cl)c1CO,0.0004828228442166168
CC(CO)C(=O)N1CC(CN(C)C(=O)c2ncccc2C(C)(C)C)C1,0.0004262379731361695
CC(COCC1CCCCC1)NS(=O)(=O)CC1CNCCO1,0.0003140120407279613
CC(Cc1cnn(C)c1)C(=O)NC1CCN(C(=O)CCC(F)F)C1,0.0003383721039886462
CC(Cn1cccc1)C(=O)NC1(CNc2ncncc2Cl)CCC1,0.0017276023079812759
CC(Cn1cccn1)C(=O)NCC1C(C)CCN1C(=O)Cn1ccnn1,0.0003864222874741479
CC(NC(=O)N1CCCNCC1)c1ccc(N(C)C)nc1,0.00043417183474494316
CC(OCc1ccccc1)C(=O)NC1CN(C(=O)c2ccns2)C1,0.0003397137983959756
CC(c1ccccc1F)N1C[C@@H]2C[C@H]1CN2C(=O)c1cncnc1,0.0003948208194587818
CC1(C)CCC(n2cc(-c3ccccc3Cl)nn2)=NO1,0.6274241715538265
CC1(C)CN(c2nnccc2C#N)CCC1NC(=O)CC1CC1,0.0014613868177416173
CC1CC(C(=O)N2CCN(C(=O)[C@H](C)O)CC23CCC3)CCS1,0.0004937438178561537
CC1CC1C1CC1C(=O)N1CCC(C)(CNC(=O)[C@H]2C[C@@H]2C(F)F)C1,0.10519136999735143
CC1CN(C)CC(C(=O)NCC2CC(NC(=O)c3cccn3C)C2)O1,0.0003260248530276141
CCC(=O)N1CC(CC(C)NC(=O)c2cnn3cccnc23)C1,0.2322013544651528
CCC(C)(C#N)C(=O)N1CC(C(C)NC(=O)CCC2CC(C)(C)CO2)C1,0.505756089100307
CCC(C)(OC)C(=O)N[C@H]1[C@@H]2CN(C(=O)Cn3ccc(N)n3)C[C@@H]21,0.00033331126928933755
CCC(C)C(=O)NC(C)C1CCN(C(=O)c2cccc(Cl)c2O)C1,0.0006914936750275237
CCC(C)n1nc(C)cc1C(=O)N1C2CCC1(COC)CC2,0.00048175779670894646
CCC(O)CC(=O)N1CCCC(Nc2cc3nncn3c(C)n2)CC1,0.00045673729138212424
CCC1(C)CC1C(=O)N1CCCC[C@H]1CNC(=O)CCn1ccc(N)n1,0.00031481775418165555
CCC1CC(NC(=O)N2CCCC(N3CCCCCC3=O)C2)C1,0.0013739952365960507
CCC1CC1C(=O)N1CCC2(CC1)CN(C(=O)[C@@H](C)O)C2,0.0003140726922939454
CCCC1(C(=O)N2CC(NC(=O)Cn3c(C)nc4ccccc43)C2)CC1,0.31700647111836405
CCN(C(=O)[C@@H]1CCOC1)C1CCN(C(=O)C2CNc3ccccc32)C1,0.0009909431456634153
CCN(CCNC(=O)c1c[nH]c(=O)n1CC)CCc1nnn(C)n1,0.000274970411211072
CCN1CCC1C(=O)NCC(NC(=O)c1cncc(C)c1O)C(C)C,0.00026156123110966455
CCOC(C(=O)NC1CC2(C1)CN(C(=O)c1cncn1C)C2)C1CC1,0.0007492315369646609
CCc1cc(C(=O)NC[C@H]2CCCN(c3ccc(C#N)nc3)C2)no1,0.001586523192997535
CCc1cc(C(=O)NC2CCCC2CCc2ccccc2)[nH]n1,0.0005059219585867451
CCc1ccc2cc(C(=O)N3CC(O)(CNC(C)=O)C3)[nH]c2c1,0.000376087193754186
CN(C(=O)CC1CC(N)C1)C1(Cc2ccccc2)CCCCC1,0.0014231780928746062
CN(C(=O)CCc1cncc(F)c1)C(CNC(=O)c1cc[nH]c1)C1CC1,0.0013154449520394432
CN(CC(=O)NC1CC(=O)N(CCN2CCOCC2)C1)CC(=O)N(C)C,0.0705945648190127
CN(CC1CCOC1)C(=O)Cc1coc2cc3c(cc12)CCC3,0.001087299420104876
CN(CCC1CCOCC1)c1nc(CC2CCOC2)ns1,0.0007646838247435699
CN(Cc1ccc2ccccc2c1)C(=O)[C@@H]1C[C@@H]2CCCNC21,0.000785149160470511
CN1CCN(C(=O)c2ccc(-n3cc(C4(O)CC4)nn3)cc2)CC1CO,0.0002851844464204999
CN1CCN(CC(=O)Nc2cccc(N3CCNC(=O)C3)c2)C2CCC21,0.1963163251581513
CNC(Cc1ccccc1)C(=O)NS(=O)(=O)CCN,0.000163835734578032
CNc1nc(C)cc(C(=O)N2CCCN(C(=O)C3CCCC3C)CC2)n1,0.000705560907175767
COC(=O)[C@H](CO)NC(=O)c1coc(-c2c(F)cccc2F)n1,0.0009740043374210884
COC(=O)C(NCc1csc2ccccc12)C1CCNC1,0.0008575814754209132
COC(CNC(=O)Nc1ccc(-n2cnnn2)cc1)C1CCC1,0.0006841414208791117
COC1(C(=O)N23C[C@H]4CC[C@@H](C(=O)[C@@H]24)[C@H](C)O1)CCOCC(C)C,0.0
COC1(CC(=O)NC[C@H]2C[C@@H](NC(=O)CC(C)C3CC3)C2)CC1,0.00042438770121336117
COC1(CNC(=O)C23CCC(CO2)C3)CN(C(=O)c2ccoc2)C1,0.0005276432426232433
COc1cc(CC(=O)NC[C@H]2CCCN2c2ncc(C#N)cc2C)on1,0.0011598114462639587
COc1cc(N2CC(C(=O)O)Cc3cnccc32)c(Br)cn1,0.0007137203870424552
COc1cc2c(c(OC)c1)CCN(C(=O)c1cc[nH]c1C)C2,0.0005443165975343066
COc1cccc(C2(C(=O)NC3CN(C(=O)C4CC44F)CC3C)CC2)c1,0.0
COc1cccc(C2(C)CCN(C(=O)CC(F)(F)F)C2)c1,0.0004899319657586587
COc1cccc2c(C(=O)N3CCC(OC)(C4CC4)CC3)csc12,0.5002512379949967
COc1ccccc1C(=O)NCc1ccc(OC2CCCC2)nc1,0.001092793079583192
COc1ccccc1N1CCCC(N2CCc3cc[nH]c(=O)c3C2)C1=O,0.0006141643966881931
COc1ccncc1CNC(=O)[C@@H]1CC(=O)N(C)[C@H]1c1ccc(F)cc1,0.00046932504692410353
Cc1c(C(=O)NCC23CCC2CCN3)oc(Cl)c1Br,0.000691745099880472
Cc1c(F)cccc1C(=O)N1CCC[C@@]1(C)CNC(=O)C1(C)CC1F,0.0005047225698791813
Cc1cc(C#N)nc(N2CC(C3CN(C(=O)c4nsnc4O)C3)C2)n1,0.0006584405234500828
Cc1cc(C(=O)N[C@@H](C)C2CN(C(=O)CC3CC(C)(C)CO3)C2)[nH]n1,0.00028089130730424457
Cc1cc(C(=O)N2CC[C@@H](NC(=O)c3cncn3C)C2)ccc1Cl,0.0005122325219944727
Cc1cc(C(=O)N2CC(C)CCC2C2CC2)c2nccc(C)c2c1,0.5411896138048266
Cc1cc(C(=O)N2CC(CNC(=O)c3ccc(C4CC4)s3)C2)c[nH]1,0.24628133257749066
Cc1cc(C)c(C(=O)NCC2(O)CC(Nc3nnn(C)n3)C2)c(=O)o1,0.0007250158697908584
Cc1cc(COCC(=O)NCc2cc(Br)c(C)o2)co1,0.0005208845928353162
Cc1cc(Cn2cc(C(N)C3CCCC3)nn2)ccc1F,0.00033638029321329365
Cc1ccc((-c2cn(CC(=O)NC3CN(C(=O)C4CC4C)C3)nn2)cn1,0.0
Cc1ccc(-n2cc(C3CCN3C(=O)C3(C(C)(F)F)CC3)nn2)cc1F,0.0013521854237168042
Cc1ccc(CC(=O)NCC(CO)Cc2cc(F)cc(Cl)c2)cc1,0.0004942218609523146
Cc1ccc(COC(=O)NCC2(C)COC2)c(C)c1ccn(C)n1,0.0
Cc1ccc(NC(=O)C(C)NC(=O)c2cccc(F)c2F)cc1,0.0007850627263193367
Cc1ccc(NC(=O)c2cncc(N(C)C)c2)cc1C,0.33949510457462395
Cc1ccc2oc(N3CC[C@@H](NC(=O)C(C)(C)F)C3)nc2c1,0.5810543793867501
Cc1cccc(C)c1-c1nc(CCNC(=O)N2CCCC2)no1,0.0014054005978134025
Cc1cccc(C2CCc3c(C(=O)NCC4(N)CCOCC4)cccc32)c1,0.0008496797944102668
Cc1cccc(N2CCN(C(=O)[C@@H]3CC[C@@H]3c3nncn3C)CC2)c1,0.0003316112702665355
Cc1cccc(N2CCN(Cc3ncc[nH]3)C(C(=O)O)C2)c1,0.0007541294445767114
Cc1cn(C)nc1C(=O)N1CCC1CNC(=O)C1(O)CCCC1,0.0003929111247132105
Cc1coc(C(=O)NC(C)C2CCCCN2C(=O)c2ccc(F)cn2)c1,0.00044737560575861874
Cc1csc(CC2(O)CCN(c3c(C#N)cnc4c3CCC4)CC2)n1,0.4867919376938135
Cc1nc(C(=O)N(C)CCCN(C)C(=O)c2cnn(C3CC3)c2)c(C)s1,0.0007785092667840782
Cc1nc(C(=O)N2CCN(C3CCCNC3=O)[C@@H](C)C2)c(=O)[nH]c1C,0.1954491506967128
Cc1nc(C(=O)NC(C)CN(C)C(=O)c2cccc(CC#N)c2)nn1C,0.00042383502431226396
Cc1nc(CCNC(=O)N(CCCO)c2ccccc2)sc1C,0.0009645064208638211
Cc1ncc(C)c(N(C)CCn2cc(Br)cn2)n1,0.0005205213401070733
Cc1ncc(CN2CC(C)CN(Cc3ccccc3)CC2C)o1,0.0010231712244392322
Cc1nnc2n1CC(C(=O)Nc1cc(N3CCCCC3)ccc1Cl)C2,0.001502412004726521
Cc1oc(-c2ccccc2)cc1C(=O)NC1(C(=O)O)CC2(CCC2)C1,0.0012464820429031146
Cn1cc(C(=O)NCC2(O)CN(Cc3ccon3)C2)c(C2CCC2)n1,0.00044582724927138444
Cn1cc(N2CCC(NC(=O)c3csnc3Cl)C2)cn1,0.00101803156975174
Cn1ccnc1CC(=O)N1CCCCC(NC(=O)C(F)(F)C2CC2)C1,0.0013381910359792513
Cn1ncc(CCC(=O)N2CCOc3ccccc3C2C(=O)O)n1,0.0004253145421964977
Cn1nnc(N2CC(NC(=O)CC(C)(F)F)C3CCCCC32)n1,0.0012329890992789946
N#Cc1ccc(NC2CC23CC(NC(=O)C2(CF)CC2)C3)cn1,0.6563746367907004
N[C@@H]1CC2CC1[C@H](C(=O)Nc1cnoc1-c1ccccc1)C2,0.001059821495587598
NCCN(CC(=O)N1CCCC1c1cccs1)Cc1ccccc1,0.0008183901495587276
Nc1cnccc1C(=O)N1CCC[C@@H]1CCNC(=O)c1cnsc1,0.0004180207516556606
O=C([C@@H]1CCCN1CC(F)(F)F)N(CC1CC1)C1C2CC1CCC2,0.0006573003706358901
O=C(CCc1ccc(CO)cc1)N1CCC(O)C12CC2,0.00030010933741321527
O=C(CN1CCCC1)N1CC[C@@H](NC(=O)C23CCCCC2C3)C1,0.31923562816698875
O=C(NC1(c2cccc(Cl)c2)CCCC1)c1c[nH]nn1,0.000285797469202137
O=C(NC1CCCC(N2CCCC2)C1)C1(OCc2ccccc2)CC1,0.0006581134721348452
O=C(NCC12CCCN(CC1)C2)c1cccc(Cl)c1O,0.0007502023772604822
O=C(NCCC1CC(C(=O)O)C1)[C@H]1C[C@H](n2ccnn2)C1,0.00041604295279670003
O=C(NCc1ccccc1OC(F)F)c1n[nH]c2c1CCCC2,0.0005380603148626351
O=C(Nc1ccc(NC(=O)[C@]23C[C@H]2COC32CCC2)cc1)C1CC1,0.0009530583099256382
O=C(Nc1cnoc1)C1CS(=O)(=O)CC1c1ccccc1,0.0011544144093958947
O=C(O)C1(c2cccc(F)c2)CCN([C@@H]2CCO[C@H]2C2CC2)C1,0.0008261206968550309
O=C(O)C1CCN1C1CCC(C(=O)c2ccccc2Cl)C1,0.21178294148868143
O=C(c1ccc(CO)c(C(F)(F)F)c1)N1CC2CCC122,0.0
O=C(c1coc2cccnc12)N1CCC(N2CCC(F)(F)C2)C1,0.0010576603819070873
C[C@H]1C[C@@H]1C(=O)NCC1(NC(=O)C2CCc3nccn3C2)CCCC1,0.0008052829716540853
CC(=O)CCC(=O)NCC(C)N(C)C(=O)c1cnnc(Cl)c1,0.0005095170563575942
CC(=O)N1C[C@H](O)C[C@H]1C(=O)NCc1cccc2c1OCCO2,0.00030780371054033137
CC(=O)Nc1cccc(C(=O)NC2CC23CCN(CCF)CC3)c1,0.0010623295891665997
CC(C(=O)N1CCN(C(=O)c2cnc3cnccc3c2)C[C@@H]1C)C1CC1,0.0012686184945008235
CC(C)N1CCOC(C)(CNC(=O)c2ccccc2-c2ccncc2)C1,0.0004993083903096964
CC(C)c1nnc2c(N3CC[C@@H]4CC4(C(=O)O)C3)nccn12,0.13265282161427833
CC(CC(=O)N1CC2(CCC2)C12CCOCC2)c1cccc(F)c1,0.001187413177776363
CC(CN)CNC(=O)NC1(C(=O)O)CCN(c2ccccc2)C1,0.00045521998219223486
CC(O)CC1COCCN1C(=O)NCCc1nsc2ccccc12,0.0004178264116534532
CC(F)(F)(F)CCS(=O)(=O)N1CC(CN)CC12CCOCC2,0.0
CC(F)C1CCCN(C(=O)Nc2ccc(N(C)C(=O)N(C)C)nc2)C1,0.0014325546823625549
CC1(C(=O)NCC2c3ccccc3CCN2C(=O)COC2CC2)CC1,0.3151385135982961
CC1(C)COCC(CC(=O)N2CCCC2c2ccccc2)O1,0.00042902671980690017
CC1(CCC(=O)NC[C@H]2CCCN2c2ncc3[nH]cnc3n2)CCCC1,0.0017896785345933115
CC1(CNC(=O)N2CC3(CCC(F)CC3)C2)CC(F)(F)C1,0.0005798672917840662
CC1=NOC(C(=O)N2C3CCC2CN(C(=O)C2(C)CCCO2)C3)C1,0.0005986561070103798
CC1CC(C(=O)N[C@@H]2CCCN(CC3CC34CCOC4)C2)C(C)O1,0.000677609379829641
CC1CCCN(C(=O)Cn2cnc3c2CCCC3)C1C(=O)O,0.0005612508886416547
CCC(C)(C)OCC(=O)NC(C)CNC(=O)C1CC(OC)C1,0.0004618626347510447
CCC(N)C(C)C(=O)N1CC(Oc2cccc(Cl)c2Cl)C1,0.2645960799278057
CCC(O)CC(=O)NC[C@H](C)NC(=O)c1ccn2c1CCCC2,0.00027642119355502693
CCC1(C)CC(C(=O)N[C@@H]2C[C@]2(C)OC(C)C)CCO1,0.0005367451197109825
CCC1CC(C(=O)NCC2(NC(=O)CCc3ccon3)CC2)CCC1=O,0.09897413193534806
CCC1CCCN(c2nnc(C(F)(F)F)o2)CC1OC,0.001171298261157117
CCCCC(CNc1cc(C)ncn1)NC(=O)c1ncccc1F,0.0004937091602284409
CCCN1CCC[C@H]1CNC(=O)NC[C@@H]1CCN(C)[C@H]1C,0.0004304580769282038
CCN(C(=O)C1CC2CCC1C2)C1CCN(c2nnc(CO)s2)C1,0.00048563204942248363
CCN(CC)CC1CCN(C(=O)c2cccc(NC)n2)C1,0.000643143085647263
CCN(CCNC(=O)c1cc2ncccn2n1)C(=O)C1CN(CC)C1,0.1649987560525422
CCN(CCNC(=O)c1ccc(C(N)=O)o1)c1nc(Cl)ncc1C,0.4483341061900332
CCNC(=O)CN1CCN(C(=O)c2cccc(-n3ccnc3)n2)CC1,0.2849540239462251
CCO[C@H]1CCN(CC(O)CC2(O)CCC(c3ccccc3)C2)C1,0.00046069230633030364
CCOC(=O)N1CC(NCc2cccc3scnc23)C1,0.0006916434125823611
CCOC(=O)c1cc(C(C)C)nc(N2CCN=C2C(F)(F)F)n1,0.5841504516004272
CCOC(=O)c1cn(C)nc1NC(=O)NCC(F)(F)c1ccccc1,0.0014315415199588637
CCOc1cc(F)c(C(=O)NC2CCCC(OC)C2)cc1OCC,0.0011784480961224528
CCOc1ccccc1C(=O)NN1CCCC(NC(=O)OC)C1,0.0003450046298638309
CCc1ccc(C(=O)N(C)C2CCN(C(=O)c3ccc(F)c(O)c3)C2)o1,0.30299507423818023
CCc1ccc(NC(=O)C2(C)CCC2CN)c(OCCOC)c1,0.0005486806721671242
CCn1c(-c2ccccn2)nnc1N1C[C@@H]2CO[C@H](C1)[C@@H]2O,0.0009160861719407891
CCn1ccc(CC(=O)NC(C)(CNC(=O)[C@H]2C[C@@H]2C)C2CC2)n1,0.00025161440482196343
CN(C[C@@H]1CCC(=O)N1)C(=O)c1ccc(C(F)(F)F)c(=O)[nH]1,0.0003168035613490263
CN(C[C@@H]1CCC(=O)N1)S(=O)(=O)c1cnc(C2CC2)s1,0.0005209723154066051
CN(C)c1ncccc1CNC(=O)c1cc(S(C)=O)ccc1Cl,0.000554282004553831
CN(C1CCCNC1=O)C(=O)c1cccn(C(C)(C)C)c1=O,0.00030181786845748845
CN(CC1CN(C(=O)C(F)F)C1)C(=O)c1ccn(C2CCOCC2)n1,0.15833575032616157
CN(CC1CN(C(=O)c2cccc(Cl)c2)C1)C(=O)c1ccsc1,0.0005518364342706012
CN1C[C@@H](CNC(=O)NCCc2cc(F)ccc2Cl)OC1=O,0.00046195995066281964
CN1CCOC(C(=O)NCC2CCCc3ccccc32)C1,0.000413724412768472
CN1CCc2cc(Nc3nc4c(s3)CCNC4=O)ccc2C1=O,0.46921399024472665
CNC(=O)Cc1cccc(NCCC(=O)N2CCOCC2)c1,0.0003894098351408112
CNS(=O)(=O)c1ccccc1CNC1COc2ccccc2C1=O,0.00035105644222631317
COC(=O)C12CC1CN(C(=O)c1cc(=O)[nH]c3occc13)C2,0.00032431431620463444
COC(=O)C1CCc2nc(NC(=O)[C@@H]3C[C@H]3C3CCOCC3)nn2C1,0.0007911203468260104
COC(=O)c1cc2c(cc1-n1cc(CO)nn1)CN(C)C(C)=O,0.0
COC(=O)c1ccnc(C(=O)N2CC(C)C2c2ccccc2Cl)c1,0.0005676577225162974
COC(C(=O)NC(C)CN(C)C(=O)c1ccc(C#N)cc1F)C(C)C,0.0010746451867801616
COCC(C)n1nnnc1N1CCC=C(c2cnn(C)c2)C1,0.0010826995755347777
COCC(NS(=O)(=O)Cc1ccccc1C(F)(F)F)C1CCCO1,0.00045565343015830674
COCC(OC)C(=O)N1C[C@@H]2C[C@H]1CN2Cc1ccc(Cl)c(F)c1,0.0003857239100050883
COCC1(CNS(=O)(=O)N2C[C@@H]3CCNC[C@@H]3C2)CCCN1,0.0001894906294214767
COCCN(C(=O)c1cc(O)ccc1F)C1CCCSC1,0.0005912252587401641
COCc1cc(CC(=O)Nc2ccc(OCC#N)cc2)no1,0.0012245628745702183
COc1cc(C)nc(N(C)CC2CCN(C(C)=O)C2)n1,0.000470356122138638
COc1cc(OC)nc(NC[C@H]2CCCN2C(=O)CC(C)(F)F)n1,0.46980369774448294
COc1ccc(C(=O)N(C)CCN(C)C(=O)c2cnc(C#N)s2)cc1,0.0011256683185613954
COc1ccc(C)cc1CNC(=O)c1cc(=O)[nH]c2c1CCCC2,0.0005809858186698379
COc1ccc(CNC(=O)Nc2ccc(N3CCCC3)nc2)cn1,0.0009076135135756979
COc1cccc(CNC(=O)C(F)(F)c2ccc(F)cc2OC)n1,0.000989853384354151
COc1ccncc1CCNC(=O)C12CCOC1CCOC2,0.00029631209834296557
COc1nc(-c2ccccc2)sc1C(=O)NC1(C2CCNC2)CC1,0.4804998562913173
COc1nc(C)ccc1C(=O)N1CCN(C(=O)c2cnn(C)n2)C[C@@H]1C,0.12656611659246927
CSCC(Nc1ncc(Br)c(C)n1)c1ccccc1,0.0007075132340694898
Cc1c(NC(=O)[C@@H]2CNC(=O)C2)cccc1C(=O)c1ccccc1,0.0008761625873294088
Cc1cc(C(=O)N2CCC(CNC(=O)C34CCC(CO3)C4)CC2)ncn1,0.17857555692428714
Cc1cc(C(=O)N2CCN(C(=O)C3Cc4ccccc4C3)CC2)co1,0.0007963499520103265
Cc1cc(C(=O)OC(C)c2ncc(C3CC3)o2)ncc1C#N,0.7060438187154048
Cc1cc(C)nc(-c2cnc(C3CCOCC3)nc2)c1O,0.00117423312034181
Cc1cc(NC(=O)c2nc(C(F)(F)F)n3c2CCCC3)sn1,0.0010235351988124243
Cc1cc(OCC(=O)N2CC(Nc3cccnc3C#N)C2)ccc1Cl,0.7003609923569099
Cc1cc(F)ccc1-n1cc(CNC(=O)CS(N)(=O)=O)nn1,0.000287159575535841
Cc1cc(Br)cc(C)c1C(=O)Nc1cnn(CCF)n1,0.0007832553987724148
Cc1ccc(C(=O)N2CC[C@H](NC(=O)Cn3cncn3)C2)c2c1CCC2,0.0004124126128693773
Cc1ccc(C)c(N(C)C(=O)NC2CCc3[nH]nnc3C2)c1,0.0009854857815290389
Cc1ccc2[nH]c(C(=O)NC3CCN(CCC(F)(F)F)CC3O)cc2c1,0.0007823601914769314
Cc1ccc2c(c1F)N(C(=O)N1C[C@@H]3NC(=O)O[C@@H]3C1)CC2,0.0009492811242807539
Cc1cccc(-c2cnccc2NC(=O)CC[C@H]2CCCO2)n1,0.0016468861238247313
Cc1cccc(CS(=O)(=O)N2CCCC(C#N)(c3ccccn3)C2)c1,0.0003921973273518107
Cc1cccc2nc(C(=O)N(C)CC(C)NC(=O)CN(C)C(N)=O)cn12,0.00038978566136544084
Cc1ccnc(C(=O)NC2CCN(C(=O)C(C)C)C(C)C2)c1,0.20541018361550367
Cc1ccoc1CC(=O)N1CCC(F)(CNC(=O)c2cc(C)n[nH]2)CC1,0.0003357710625064559
Cc1cnc(NC2CC(F)(CNC(=O)C3CCOC3)C2)nc1O,0.3503396416805752
Cc1nc(N2CC(CCNC(=O)[C@H]3CCCC(=O)N3)(Cn2cccn2)no1,0.0
Cc1nccc(NC2(CNC(=O)C3(Cc4ccccc4)CC3)COC2)n1,0.0010213363250590264
Cc1nnc(CCC(=O)N[C@@H]2CCN(C(=O)c3c(N)cnn3C)C2)o1,0.3029845424375903
Cc1nscc1C(=O)N[C@H]1CCN(Cc2nnc(C)s2)C1,0.0004696533229406017
Cc1oncc1CN1CCCCC(NC(=O)c2nsnc2O)C1,0.20598382343941946
Cn1cc(CNC(=O)C(C)(C)C2CCS(=O)(=O)CC2)nn1,0.00029632812995652856
Cn1cc(NCC(=O)N[C@H]2C[C@H](NC(=O)c3ccc(=O)[nH]c3)C2)cn1,0.2067167961346925
Cn1nc(O)cc1C(=O)N1CCCC(Nc2nccc(CO)n2)C1,0.0007408178160272424
N#CC1(CC(=O)NC2CCCc3cc(C(=O)O)ccc32)CCC1,0.0018038051380698972
N#Cc1cc(C(=O)N2C3CCC2CN(C(=O)c2cc[nH]n2)CC3)co1,0.0005805190552722338
N#Cc1cc(Br)ccc1NCCc1cncnc1,0.677213150812506
N#Cc1ccccc1N1CCCC(N2CCc3c(F)cc(F)cc3C2)C1,0.0019554436040317533
NC[C@@H]1C[C@H]1C(=O)N1CCN([C@@H]2C[C@@H]3CC[C@H](C2)N3)CC1,0.0006066302451324118
O=C([C@H]1CC[C@@]2(CC1)CNC(=O)N2)N1CCC2(CC1)CCC(F)(F)C2,0.0015156380511564024
O=C(C1CCCO1)N1CCC2(CC1)CN(C(=O)C(F)F)C2,0.00043539707010457754
O=C(CC1COCc2ccccc21)NC(Cc1ccccc1)C(=O)O,0.0005114017825186244
O=C(Cc1cc(F)ccc1Br)NCC1CNCCC1(F)F,0.0005535677963633962
O=C(Cc1ccc(Cn2ccccc2=O)cc1)C1CCOCC1,0.0002844976896991952
O=C(N[C@H]1CCN(C(=O)CN2CC3CCC2C3)C1)C1COCCO1,0.11453547034509254
O=C(NC1(CO)CC2(CCC2)C1)c1cnc2cc(F)ccc2c1,0.0005559977772910744
O=C(NC1CCN2CCCC2C1)c1occ2c1CCOC2,0.000428690028609789
O=C(NCC1(O)CN(C(=O)c2ccn3ccccc23)C1)C1CC12CCC2,0.17256911798660907
O=C(NCC12CCC(CO)(CC1)CO2)c1ccoc1Cl,0.0004071412591281598
O=C(NCc1cc(C2CCCC2)on1)c1cccnc1C(F)F,0.38931125944525247
O=C(Nc1cc(CC2CC2)n[nH]1)c1n[nH]c2c1CCC2,0.0009198992923176972
O=C(O)[C@@H]1C[C@H]2CC[C@@H]1N(S(=O)(=O)c1cncs1)C2,0.0008390525152450932
O=C(c1cccc(F)c1F)N(Cc1ccncc1)C1CC1,0.0005149679416152081
O=C(c1cccc2c1C1CCC(C2)C1)N1CCC[C@H](O)C1,0.0007057755089730052
O=C(c1cccc2c1OCO2)N1CCC(N2CCC(O)C2)CC1,0.00036524297114200156
O=C(c1ccns1)N1CCCC1C1CCN(C(=O)C2CC2)C1,0.21727580802267957
O=C(c1cn[nH]c1C1CCCO1)N1CC(n2cc[nH]c(=O)c2C2CC2)C1,0.0
O=C1CO[C@H](CO(=O)c2ccc3c(c2)CCCC3)CN12CCCC2,0.0
O=S(=O)(c1cccn2nccc12)N1CCC2(CC1)COC2,0.00019928702050939456
O=c1cccc(C2=CCN(CCCn3cccn3)CC2)[nH]1,0.001339031761717538
c1cc(N2CCOC(CC3CCOCC3)C2)nc2ccc(OC3CC2)cc1,0.0
C[C@@H](CNc1ncc2ccccc2n1)NC(=O)C1NC(=O)CC12CNC2,0.000640898968973151
C[C@H](NC(=O)CCC(N)=O)C1CN(C(=O)c2cc(-n3cccc3)ccn2)C1,0.1240157577264297
C[C@H]1CN(C(=O)CC2CCOCC2)CCN1c1nccc2ccccc12,0.0016206833160602079
CC(=O)N(C)c1ccc(NC(=O)[C@]23CCC[C@H]2CNC3)cc1,0.32680258742120744
CC(=O)N1CC(C2CN(c3ccnc(C(C)(C)C)n3)CCO2)C1,0.0006537860314043592
CC(=O)N1Cc2ccccc2CC1C(=O)NCC1Cc2ccccc2O1,0.00046169150796642
CC(=O)Nc1ccc(CNS(=O)(=O)Cc2cccc(C)c2)cc1,0.0008572714680136663
CC(=O)c1ccc(C(F)(F)C(=O)OCC(=O)c2cnn(C)c2)cc1,0.23225887732076397
CC(C)C1(C(=O)NC2CCCN(Cc3cncs3)C2)CC1,0.0005469673450536505
CC(C)N1CCCC(C(=O)N[C@@H](C)CCNC(=O)c2cnco2)C1,0.19226328845430848
CC(C)OCCC(=O)N[C@@H](C)CNc1nc(Cl)c(C#N)s1,0.001024403171847323
CC(C)c1nsc(NC(=O)N2C[C@@H]3CCO[C@@H]3C2)n1,0.0011367123467675687
CC(CCNC(=O)Cn1cnnc1)NC(=O)CC1(C#N)CCCCC1,0.0005734391331158062
CC(CCc1ccccc1)NC(=O)C1CCC(n2cc(CN)nn2)CC1,0.0005098725557894905
CC(Cc1ccco1)C(=O)N(C)C(C)(C)COc1ccccc1,0.0005361200420849281
CC(NC(=O)C1COCCN1C)C1CCCN(C(=O)c2ccncc2)C1,0.000456761457666334
CC(O)CN(C)C1CCCN(C(=O)c2cc3ccccc3n2C)C1,0.5636430035693131
CC(c1ccc(F)c(F)c1)N1CCN(c2cnc(C#N)cn2)CC1,0.0017096028043635774
CC1(C(=O)N2CCN(C(=O)CC(O)C3CC3)CC2)CC(C#N)C1,0.0007734166080381271
CC1(C)CCOCCN1C(=O)NC12CCCC1NCC2,0.0004096213746622824
CC1C(C(=O)N[C@@H]2CCN(C(=O)[C@H]3C[C@@H]3C)C2)CC1c1ccccc1,0.00043105921771667116
CC1CCC1NC1CCc1cc2c(cc1F)NC(=O)CC2,0.0
CCC(=O)N1CCCC1(CNC(=O)c1ccc2cnccc2n1)COC,0.00037288331419228066
CCC(CC(C)C)C(=O)N(C)C(C)CNC(=O)Cn1ncc(C#N)c1N,0.001319568662974878
CCC(CCc1ccccc1)NC1C[C@H](C(=O)O)[C@@H]2C[C@H]12,0.00045932244917009176
CCC(O)CC(=O)N1CCN(C(=O)c2ccc(=O)[nH]c2)CC12CCC2,0.0002403526819468511
CCC1(C(=O)N2CC(Cc3cn([C@@H](C)CO)nn3)C2)CCOCC1,0.0004514900255452948
CCC1(CNC(=O)c2occc2C2CC2)OCCc2ccccc21,0.0006190657390352849
CCC1(N(C)C)CCN(C(=O)Cn2ccc3ccc(F)cc32)CC1,0.0005610644610962058
CCC1(N2CCOCC2)CCN(C(=O)c2ccc(Cl)c(O)c2)CC1,0.0008139811983380279
CCC1CC1C(=O)N1CCN(C(=O)c2ccnc3nn[nH]c23)C(C)C1,0.16125554737078263
CCCC(O)CC(=O)NCC1(C)CCN(c2ncncc2Cl)CC1,0.0012631099407513888
CCCCN1CCCCC1CNC(=O)c1ccn2cncc2c1,0.0009989291803661313
CCCNS(=O)(=O)N1CC(C)OC(CC(=O)OC)C1,0.0003086745527218188
CCN(C(=O)N[C@@H](C)CN(C)C)c1cccc(OC)c1OC,0.0009657106195632004
CCN(CC)CC(=O)NC[C@@H]1CCCCN1C(=O)Cc1ccn[nH]1,0.0002999543743399485
CCN1C(=O)CCCC1C(=O)NCC1COCCN1CC1CC1,0.00041881163010110427
CCNc1ncc(C(=O)NC(C)CNC(=O)C2CC2)cc1Cl,0.0004566770516794852
CCOC(C)C(=O)N1CC2(C1)CN(C(=O)c1cncnc1C)CCO2,0.13995414267133982
CCOc1cc(N2CCC(NC(=O)C3CCOC3CC)C(O)C2)ncn1,0.24719077970780626
CCc1ccccc1OCC(=O)N1CC(NC(=O)c2ccccn2)C1,0.15215083824894152
CCc1cnn(C)c1NS(=O)(=O)c1cccc(C(C)=O)c1,0.41700259860255795
CCn1c(CNC(=O)c2cc(C)ccc2Cl)cnc1C,0.000827394277060198
CCn1ccc(C(=O)N2CCc3c(c(CO)nn3C)C2)cc1=O,0.00030434683240797555
CCn1ccnc1C(=O)NCC1CN(C)CCC1(F)F,0.17071610298911355
CCn1nc(C)c(NC(=O)Nc2cc(C)n(C)c(=O)n2)c1C,0.0008842299314332653
CCn1nnc(C)c1C(=O)Nc1cccc2c1C(=O)CC2,0.0005509874694810594
CN(C[C@@H]1CCCN1c1ccccc1)C(=O)c1cc2n(n1)CCC2,0.001228977211340601
CN(C)CC1CN(C(=O)Nc2ccccc2CN)C1,0.0005917652970677683
CN(CC1CCCN1C(=O)C12CCC(C)(C1)OC2)C(=O)C1(C#N)CC1,0.0014567029574538406
CN(CCN(C)c1cccc2ccccc12)C(=O)c1c[nH]c(C(N)=O)c1,0.5753234894158888
CN1C(=O)CC[C@@H]1C(=O)N1CCC(CC(F)(F)F)CC1,0.00043538243158440856
CN1C(=O)NC(Cc2ccco2)C1c1ccccc1Br,0.0009048987572980312
CN1CCC[C@@H]1C(=O)N1CCN(c2ccc3nnc(C(C)(C)C)n3n2)CC1,0.28457093576896375
CNC(=O)[C@H](C)NC(=O)NC1CC(CS(C)(=O)=O)C1,0.00026075072607054193
CNC(=O)[C@H]1CCCN1C(=O)Nc1ccc2nccnc2c1Cl,0.000989829180533127
CNCc1ccc(NC(=O)CSc2ccncc2)cc1,0.0006704543278973227
COC(=O)c1ncccc1S(=O)(=O)N1CCc2nnccc2C1,0.0003406393798484596
COC(CN(C)CCN1CCOC1=O)c1ccccc1Br,0.0005744717082836738
COCC(C)N1CCN(C(=O)c2ccn3cnc(C)c3c2)CC1,0.000690619307747611
COCC1(NCc2cnc(N3CCN(C)CC3)nc2)CC(F)(F)C1,0.00042834892243529373
COCCN(CCCC1CCC1)C1CCN(C(=O)C2(C)CC2)CC1,0.0009539685160698931
COCCn1cc(C(=O)Nc2ncccc2SC2CC2)ccc1=O,0.0004279642648912126
COc1cc(C(=O)N[C@H](C)CO)cc(Br)c1OC,0.0004121975371642953
COc1cc(C(=O)Nc2nnc(C)[nH]2)cc(OC)c1O,0.00045000448293054836
COc1ccc(-c2ccccc2)cc1NC(=O)COCC1CCC1,0.8248457877602371
COc1ccc(C(=O)NC(=O)NC(C)C(=O)O)cc1-n1cnnn1,0.0005353510978549637
COc1ccc(CNCC2CCC(O)C2)c2ccccc12,0.422478273466163
COc1ccc(N(CCC#N)NC(=O)C2CC3COCC(C2)C3=O)cc1,0.5804660186581901
COc1ccc(F)c(C(=O)NCCC(=O)N2CCOCC2)c1F,0.00037400514937340813
COc1cccc(C(=O)N2CCN(C(=O)C3CC3)CC2C)c1,0.20989233577247182
COc1cccc2cc(C(=O)N3CC(C(=O)O)c4ccccc43)oc12,0.0018633171076115876
CS(=O)(=NC(=O)[C@@H]1C[C@H]1c1ccccc1)c1ccccc1,0.0004337352062140947
CSC1(C(=O)N2C[C@@H](C)[C@@H](NC(=O)CCc3cnoc3)C2)CC1,0.0008215533154667492
Cc1cc(C#N)cnc1C(=O)N1CC(O)(c2n[nH]cn2)C1,0.0004281572110918698
Cc1cc(C(=O)N(C)C2CCCN(C(=O)CO)CC2)sc1C,0.0004908277518855056
Cc1cc(C(=O)N2C[C@@H]3CN(C(=O)CCc4nccs4)C[C@@H]3C2)co1,0.000704211416990597
Cc1cc(C(=O)NC2CC3(C2)CN(C(=O)c2cc[nH]c(=O)c2)C3)cn1C,0.1646983961512434
Cc1cc(C(=O)NC2CCCC23CN(c2ncccn2)C3)cs1,0.001161908297337474
Cc1cc(CN)cc(C(=O)NCc2noc(C3CC3)n2)c1,0.0006416411106345463
Cc1cc(NC(C)CN(C)C(=O)Cn2cccn2)nc(C2CC2)n1,0.0005487437920252712
Cc1cc(F)cc(C(=O)N[C@H]2C[C@H](CNC(=O)c3conc3C)C2)c1,0.33353610234757725
Cc1ccc(C(=O)O)cc1CN1C[C@@H]2COC[C@]2(C)C1,0.0003745660134699383
Cc1ccc(CN(CC2CC2)C(=O)c2cccnc2SC2CC2)nn1,0.25060588242563037
Cc1ccc(S(=O)(=O)N2CC3(COCCO3)C2)cc1C(N)=O,0.0002569060958378052
Cc1ccc2c(ccn2CC2CC23CCC4(CNC3)O4(=O)CO)c1,0.0
Cc1cccc(C)c1C(=O)NCC(O)CNc1cc(C(C)C)ncn1,0.0007444847530756512
Cc1cccc(OCc2ccnc(N3CCNC4(CCCC4)C3)c2)c1,0.18802439837743928
Cc1ccsc1C(=O)NCC1(NC(=O)c2ncccc2CO)CCC1,0.00045752320057026395
Cc1cncc(S(=O)(=O)CC(O)Cc2ccc(Cl)cc2)c1,0.0005242357517131803
Cc1cnoc1C(=O)N1CCC2(CC1)CC2NC(=O)c1cnn(C)c1N,0.21629015641400112
Cc1cocc1C(=O)NCCC(C)NC(=O)[C@@H]1C[C@H]2C[C@H]2C1,0.0004374622248584067
Cc1n[nH]c2c(C(=O)NC3CCCSCC3)cccc12,0.0009285531675340766
Cc1nc(C(=O)NC[C@H](C)NC(=O)c2ccc(CC3CC3)cc2)n[nH]1,0.15251377753119058
Cc1nc(CCNC2CCOC3(CCSCC3)C2)co1,0.0007883752081823714
Cc1nc(CN)sc1C(=O)N1CCOc2cc(O)ccc2C1,0.0005810062882859961
Cc1ncc(C(=O)N2CCCC(CNc3cc(O)nc(C)n3)C2)o1,0.0007523977029271122
Cc1ncc(Cl)c(C(=O)Nc2cc(C)nn2C(C)C)n1,0.0007370065506115943
Cc1nccn1-c1ccnc(N2C[C@@H]3CCN(C)[C@@H]3C2)n1,0.39919803643703616
Cc1nscc1NS(=O)(=O)c1c(F)cccc1F,0.0006206659190486179
Cc1scnc1C(=O)N1CCC2CCC(NC(=O)c3ccoc3)C1C2,0.0008752184639151983
Cn1cc(-c2ccc(NC(=O)NC3CCCC(C(F)(F)F)C3)nn2)cn1,0.36900539132513066
Cn1cccc1CC(=O)N1Cc2ccccc2C[C@H]1CC(=O)O,0.0005037597541671605
Cn1cnc(Nc2cnn(CCOC(F)(F)F)c2)cc1=O,0.0007631435459045336
Cn1ncnc1CN1CCC(NC(=O)CCc2cccc(Cl)c2)C1,0.0004915743983152427
N#Cc1ccnc(C2CC2C(=O)Nc2cc(C3CCOCC3)[nH]n2)c1,0.001022987436034558
NC(=O)OC1CN(C(=O)c2cccc(F)c2Br)C1,0.00046435229542225986
NC1(CCNC(=O)C[C@@H]2CC[C@H](C(F)(F)F)O2)CC1,0.0003922776119847325
Nc1nc(CC(=O)N[C@@H]2CCN(C(=O)[C@@H]3CCC(=O)N3)C2)nc(O)c1Cl,0.0003852762477513546
O=C([C@H]1C[C@@H](O)C1)N1CCC2(C1)CN(c1cc(=O)[nH]c(=O)[nH]1)CCO2,0.0004397678141827566
O=C(CC1CC(F)(F)C1)N1CCN(C(=O)c2ccc(CO)nc2)CC1,0.00028742436870576746
O=C(CN1CCC12CCSCC2)N1CCCS(=O)(=O)CC1,0.0005417745543015246
O=C(N[C@H]1CCN(C(=O)C2CCCCC2O)C1)c1ccnc2ncnn12,0.21409475076152046
O=C(NC[C@H]1CCN(C(=O)CSCc2ccccn2)C1)C1CC1,0.0002969319269894146
O=C(NC1CCS(=O)(=O)c2ccccc21)C1CC1c1ccc(O)cc1,0.0006477298239338564
O=C(NC1COC1)c1ccn2c(=O)[nH]c(=O)c2c1Br,0.0
O=C(NCC1CC2CC2CO1)c1cn2ccc(Cl)c(Cl)c2n1,0.0007660052306903358
O=C(NCC1CC2CCCC21)NCC1CC2(C1)CC(F)(F)C2,0.00039568505778070026
O=C(NCC1CCCN(C(=O)C2CC3CCCC32)C1)c1c[nH]nn1,0.0010412884703703104
O=C(NCC1CN(C(=O)CCn2ccc(=O)[nH]c2=O)C1)c1ccncc1,0.00018385375214732575
O=C(NCCN1CCCc2[nH]nc(-c3ccccc3)c21)C(F)(F)F,0.001319998974471926
O=C(NCCc1cncc(Br)c1)NCC12CC(CCO1)C2,0.0004589407618372659
O=C(Nc1cccc(CN2C(=O)NC3CC3C2)c1)N[C@H]1CC[C@@H](O)CC1,0.0009499486019055726
O=C(Nc1ncn(C2CCCCC2)n1)[C@@H]1CC[C@H]2C[C@@H]1CO2,0.0014142738964357817
O=C1CN(C(=O)c2c[nH]c(-c3ccccc3)c2)C2CCCCN2N1,0.0007265431176008193
O=C1Nc2ccccc2C1CC(=O)N1CCC2CCC(C1)S2=O,0.0006802261090454323
OCC(Cc1ccc(Cl)c(F)c1)NC1CCN(c2nc[nH]n2)CC1,0.0005748563307322516
Fc1ccc(CNc2ccccc2OC2CCOCC2)cc1,0.001814733636711124
C[C@@H](CNc1ccncc1C#N)NC(=O)CC1CCNC(=O)C1,0.5328196395179176
C[C@H](CNC(=O)c1cnc2ccccc2c1)NC(=O)CC(O)CN(C)C,0.0003185955331490298
C[C@H](NC(=O)CCc1cnoc1)C1CN(C(=O)[C@@H]2CCCN2C)C1,0.0004110404145146156
C[C@H](NC(=O)Cc1cccc(F)c1)C1CN(c2cc(F)ncn2)C1,0.0013097642320051186
C[C@H](O)c1ccc(NC(=O)[C@H]2C[C@@H]2C2CC2)cc1Br,0.27005913469328097
C[C@H]1CN(c2ccnc(Cl)n2)C[C@H]1NC(=O)c1ncccc1Cl,0.0009970882926064995
CC[C@H](O)c1nnc(N2CCN(C(=O)N(C)C)CC2)n1C,0.00040837962834623697
CC(=O)CCCC(=O)NCC(C)NC(=O)C1(n2nccn2)CC1,9.605391066249634e-05
CC(=O)NC(C)C1(O)CCN(c2cnc3ccccc3n2)CC1,0.0009548711152325295
CC(=O)NC1CN(C(=O)c2csc(NC3CCC(C)C3)n2)C1,0.264393436721318
CC(=O)NCC(=O)NCC1(C)CCN(C(=O)C2(C)CC2F)C1,0.08631355035624695
CC(=O)c1ccc(NC(=O)c2ccc3nccnc3c2)cc1,0.001109968643041526
CC(C(=O)N[C@@H](C)C1CN(C(=O)c2n[nH]c3ccccc23)C1)C1CC1,0.0007395749254293748
CC(C)(C(=O)N1CC[C@@H](NC(=O)C2(C#N)CC3CC3C2)C1)c1nc[nH]n1,0.0009572791694965206
CC(C)(C)CNS(=O)(=O)N1CCC2(C1)Oc1ccccc1NC(=O)N2,0.0008749274735217698
CC(C)(C)c1cncc(C(C)(C)NC(=O)c2coc3c2C(=O)NCC3)c1,0.00040828526039843425
CC(C)C(CO)C(=O)N[C@H]1C[C@@H](NC(=O)c2ccc(C(N)=O)cn2)C1,0.11745624786741465
CC(C)N1CC[C@@H](Oc2nc3ccc(Br)cc3[nH]2)C1,0.0009780958920480236
CC(C)c1ccc(CCNC(=O)Cc2cccc(OCC#N)c2)cc1,0.0008002449775908945
CC(CC(=O)N[C@@H]1CN(C(=O)c2ccc(=O)oc2)C[C@@H]1C)n1cccn1,0.0005308834284053792
CC(CCNS(C)(=O)=O)OC(=O)c1ccc(C(F)F)cc1Cl,0.00045999816625438356
CC(CF)C(=O)NCCC(C)N(C)C(=O)c1cnn(CC2CC2)c1,0.0005974050798607405
CC(N)C1(c2ncc(C(=O)OC(C)(C)C)cn2)CCOCC1,0.0007234354012971418
CC(NCc1cncc2cccn12)C(=O)OC(C)(C)C,0.0003954435934844825
CC(O)(CC(=O)N1CCC(NC(=O)c2ccno2)C1(C)C)C1CC1,0.0003980158572847729
CC(Sc1nncn1C)C(=O)Nc1ccc(OC(C)(C)C)cc1,0.0016172737603018762
CC1(C)CCC(CC(=O)Nc2ncc3c(n2)CCCC3)OC1,0.0017318163600733743
CC1(C)CCC2(CCC(CNCC3C4CCC(C4)C3CO)O2)CC1,0.0011155003057834888
CC1(C)CCN(c2cc(F)ncn2)CC1NC(=O)C@@H]1CNC(=O)C1,0.0
CC1(C)CN(S(=O)(=O)c2c(Cl)ccc3cnccc23)CC1CN,0.0006122779701895679
CC1(CNC(=O)c2cccc(C3CC3)c2)CCC(=O)NC1,0.0005075548771780082
CC1=NOC(C(=O)N2CCOC3(C2)CN(C(=O)c2ccncc2)C3)C1,0.00036622286971735535
CC1CC1C(=O)N1CC(CNC(=O)C2(S(C)(=O)=O)CC2)(C(N)=O)C1,0.00010006036493595935
CC1CCCN1CCNC(=O)c1cc(F)cc2ccccc12,0.25743418421409087
CC1Cc2cccnc2N1C(=O)C1CC2(CC2)S1(=O)=O,0.00043859155858242077
CCC(C(=O)NC1CC(=O)c2ccc(F)cc21)N1CCCC1=O,0.00042435135778710957
CCC(NC[C@H]1CCCN(C(=O)CC2CC2)C1)c1ccccc1,0.000568361529865084
CCC(NC(=O)NCc1ccccc1CN1CCC(O)C1)c1ccncc1,0.00042944672304016224
CCC1(C)CC1C(=O)NCC1C2CN(C(=O)c3ccccc3OC)CC12,0.0005803133791155268
CCC1(C)CCC(C(=O)NC2CN(C(=O)C(F)c3ccccc3)C2)O1,0.00040228609699952665
CCC1CCCN(C(=O)NCc2nnc3c(=O)[nH]ccn23)C1,0.00035478810270117973
CCCC(OCC)C(=O)N1C[C@@H](CC)[C@@H](NC(=O)c2nnn(C)n2)C1,0.0003293309857607718
CCCC1CCCC1C(=O)N1CCC2CCC(C1)N2c1nnnn1C,0.0013042087346263193
CCCN(C)c1ccc(C(=O)N2CC(c3ncnc4c3CCC4)C2)cc1,0.0009288412005649992
CCCN(CCNC(=O)C(F)CC)C(=O)[C@H]1CCCN1C,0.0005141966220148526
CCCc1csc(N2CCC(=O)N(Cc3nnc[nH]3)CC2)n1,0.000613634305515864
CCN(CC)C(=O)c1cccc(NCc2nccc(C(=O)O)n2)c1,0.0009615957544497849
CCN(CCNC(=O)c1ccn(C)c1C)Cc1ccc(OC(C)C)cc1,0.0008738498514960156
CCN(Cc1ccncc1)C(=O)Nc1cnccc1F,0.00043043783809041286
CCN1CC(C(=O)N(C)C[C@H]2CCCN2c2ccc(C#N)nc2)CC1=O,0.3570744873438624
CCNc1cnc(NCc2ccc(Br)cc2)nc1,0.0007647636951127785
CCOC(=O)c1cc(CN(C)Cc2cc(C(C)(C)C)[nH]n2)on1,0.0005791296952802669
CCOc1cccc(N2CCN(CC34CCC(CC3)C4)CC2)n1,0.0011953061781656959
CCS(=O)(=O)CC(=O)N[C@@H](C)CNC(=O)C1CN2CCC1CC2,0.08522321517885727
CCc1[nH]ccc1C(=O)OCc1nn(C)c2c1CNCC2,0.000557924287242156
CCc1c(OC)cc(C(=O)N2CCCc3[nH]nc(C)c32)cc1OC,0.0011332747240360025
CCc1ccc(C(=O)N2CCC(CN(CC)C(=O)CC3CC3)CC2)o1,0.0005628949557229396
CCc1ccccc1CN1CC(C(C)NC(=O)c2cccn2C)C1,0.00053149002317589
CCc1ccnc(C(=O)N[C@@H](C)CCNC(=O)C[C@H]2CCOC2)c1,0.0003029543263281871
CCc1nc(C(=O)N2CC[C@@H]3[C@@H](OC)C[C@@H]32)c(Br)s1,0.0007383666241968892
CCc1ncc(CN2CCN(c3cc(C#N)ccc3Cl)CC2)s1,0.0018617301731309504
CCn1cc(C(=O)NCC2(C)CCCN2C(=O)C2COC(C)(C)C2)cn1,0.0006901693323391778
CCn1ncc(C(=O)NC[C@H](C)NC(=O)[C@H]2C[C@@H](O)C2)n1,0.0002059151543897036
CN(CCNC(=O)C1(c2ccncc2)CC1)Cc1cnn(C)c1,0.0008668421026805304
CN(CCOc1cccc(N2CCCC2)c1)C1CCOCC1,0.0012861038806977491
CN(Cc1ccccc1)c1nc(N)ncc1Br,0.3721646808180854
CN1CCC(n2cc(NC(=O)c3cc(F)cc(OC(F)F)c3)cn2)CC1,0.0017028926976296942
CNC(=O)NC(C)C(=O)N1CC[C@]2(C1)C[C@@H](O)[C@@H]1CC[C@@H]21,0.13481797082718763
CNS(=O)(=O)c1cc(CNC(=O)c2c(O)cccc2OC)ccn1,0.0005063234295664744
CNc1ccc(C(=O)N[C@H]2[C@@H]3CN(C(=O)C4CCOC4)C[C@@H]32)cc1F,0.0004766507539975669
CNc1cncc(C(=O)N(C)C(C)CS(C)(=O)=O)n1,0.0006970746577465331
COC(=O)C[C@@H](C)NC(=O)[C@H](C)Sc1nc2ccccc2s1,0.0007550581008019414
COC(=O)C1CCC(OC(=O)c2cc(C3CCOCC3)nn2C)CC1,0.26826202801112115
COC(=O)c1cc(OC)cc(C(=O)N2CCC(CF)(C(C)=O)C2)c1Cl,0.34004123288149857
COC1(C#N)CC(C(=O)N2CCC[C@@H]2CNC(=O)CC2(C)CC2)C1,0.6586267480045135
COC1(CNC(=O)C2(C)CC2)CN(c2nc3c(cc2C#N)CSC3)C1,0.6239226182926639
COCC(C)CC(=O)N1CCCC1CNC(=O)C1(C)CC1F,0.0005191126848542864
COCC1(CNC(=O)CO)CCN(c2ccc3nccnc3n2)CC1,0.0005446604375049157
COc1c(Br)cccc1CN1CC(C(C)C)C1,0.0003763539988407668
COc1cc(=O)[nH]cc1C(=O)Nc1ccc2c(c1)CC(=O)N2,0.3002462457696513
COc1cc(C)cnc1C(=O)NCCC(C)NC(=O)c1cnc(C)n1C,0.00046762129357578146
COc1ccc(C(=O)NC[C@H]2CCCN(C(=O)[C@H](C)N(C)C)C2)cc1C,0.0003952803762505262
COc1ccc(OCc2ccccc2COC2CC2)cc1C#N,0.0011040037667749162
CS(=O)Cc1cccc(NC(=O)COc2ccc(C#N)cc2)c1,0.001211066797091624
CSC(C)C(=O)N1C[C@@H]2C[C@H]1CN2Cc1cccc(C#N)c1,0.0012933574643333862
Cc1c[nH]nc1C(=O)NCC1(CCNC(=O)c2cncc(N)n2)CC1,0.0005264633880183546
Cc1c(NC(=O)N(C)CC2CCCCO2)ccc(C#N)c1F,0.0018306878899992517
Cc1c(Cl)cnn1CC(=O)Nc1ncccc1CN1CCCC1,0.0008568665002985894
Cc1cc(C)n(-c2ccc(F)cc2)c(=O)c1C(C)NC1CC(F)C1,0.32943590112491605
Cc1cc(O)c(C(C)C)cc1C(=O)N1C[C@H](C)N[C@@H](C)C1,0.0005339814195644425
Cc1cc(F)cc2c1N(C(=O)C1COCC3(CCNCC3)O1)CCC2,0.0012045820934178829
Cc1ccc(C#N)cc1C(=O)N[C@H](C)CNC(=O)[C@@H]1CCC(=O)N1,0.10357130834002921
Cc1ccc(C(=O)N2CCC2CNC(=O)C2(C)CCC(=O)NC2)[nH]1,0.0008050547685727149
Cc1ccc(C(=O)NCC(=O)Nc2ccncc2C(C)C)c(O)c1,0.43029371787268994
Cc1ccc(C(C)NC(=O)N(CC(=O)N2CCC2)C(C)C)s1,0.00048175605999471385
Cc1ccc2c(c1)N(C(=O)C(F)(F)C1(O)CCOCC1)CC(C)O2,0.0009523168357596845
Cc1cccc(F)c1CN1CCOCC1CNC(=O)CC1(C)CC1,0.0007098819682109142
Cc1cccc2c(C(=O)NC3(C)CCCC3(C)O)nsc12,0.0010092868017636432
Cc1cnccc1C(=O)NCC1(C)CCN(CC2CC2)CC1,0.3235318075661468
Cc1nc(C(=O)N2CC3CC2CN(C(=O)[C@@H](O)C2CCCC2)C3)c(C)o1,0.00048507953822078345
Cc1nc(CNC(=O)c2cc3n(c2)CCOC3)nc2c1CCCC2,0.0004695225452286196
Cc1ncc(S(N)(=O)=O)cc1C(=O)N1CCN(C2CC2)CC(C)C1,0.0003563080478128844
Cc1nccc(N2CCCCC2CNC(=O)c2nnn(C)c2N)n1,0.0008548132633986489
Cc1nccn1CC(=O)NCC1CCN(Cc2ncccn2)CC1,0.0009629198680924075
Cc1nnccc1NC(=O)c1cccc(Cl)c1OC(C)C,0.0010502687699753348
Cc1noc(C(C)C)c1CNC(=O)c1n[nH]cc1C1CC1,0.000420800754006453
Cn1cc(C(=O)N[C@H]2C[C@H](NC(=O)CC3CCC(=O)N3)C2)nc1Cl,0.14592567952051635
N#CCc1nc(COC(=O)c2cc(Cl)cc(Cl)c2O)cs1,0.000773632926493652
N#Cc1ccc(-c2cnn3c2CN(C(=O)[C@H]2CCNC2)CC3)cc1,0.5856563213179703
N#Cc1ccccc1CN1CCC(NC(=O)C2(N)COC2)CC1,0.0009293242243501122
N#Cc1ccnc(NCC2CCCCN(C(=O)[C@@H]3CNC(=O)C3)C2)n1,0.49068930637679914
N#Cc1cncc(NCC2CCCCN2C(=O)c2ccc(F)cn2)n1,0.0012866530273976278
NC(=O)N1CCC(C(=O)N2[C@H](c3ccccc3)[C@H]3C[C@@H]2CO3)CC1,0.00033846931777375006
NC(=O)c1ccccc1N1CCCC(NC(=O)c2cccnc2Cl)C1,0.4488232222577944
Nc1cc(-c2ccc(C(F)(F)F)cc2)ccn1,0.001381850204881338
O=C(C(F)C(F)(F)F)N1CCC(CC(F)F)(C(=O)O)C1,0.0006712877656225947
O=C(CC1(O)CCC1)Nc1ccc(F)c(Cn2ccccc2=O)c1,0.0007637018257558344
O=C(NCC1CCC1(F)F)c1cnc(C2CC2)nc1C(F)(F)F,0.0004360456634428771
O=C(O)c1ccc2c(c1)N(CC(O)CC(O)c1ccccc1)CCCC2,0.0015929654481603693
O=C(c1ccc(=O)[nH]c1)N1CC2CC(Nc3cc(O)ncn3)C2C1,0.22453654044576835
O=C(c1ccc2nnnn2c1)N1CCOCC1C1CC1,0.00025773398152079504
O=C(c1ccccc1)N1CCN2C(=O)CCC2(c2ccccc2)C1,0.0005271949082054341
O=C1CC[C@@H](C(=O)N2CCOc3c(Br)cccc3C2)CN1,0.0004299189450675707
O=C1COCCN1Cc1nc(CC(=O)N2CCC23CC2CCC3)no1,0.0
O=C1NCC2(CCN(C(=O)CCc3ccccc3O)CC2)C1O,0.00040246868497377075
O=C1NCCN1C1CCN(C(=O)c2ccc3c(c2)COCCN3)CC1,0.0005787227607100739
O=S1(=O)CC2CC(Nc3cnc4nccc(F)c4n3)CC2C1,0.000702291005484536
Fc1nc(NC2CC(N3CCOCC3)C2)nc2cc(Cl)ccc12,0.0011806807179995402
C[C@@H](OC(C)(C)C)C(=O)NCCC1OCCc2sccc21,0.0005687676803241644
C[C@H](NC(=O)c1ccccc1)C(=O)N1CCN(CC(C)(C)O)CC1,0.13752537508626075
C=C(Cl)CCC(=O)NCC1CN(C(=O)C2CC23CC3)CCN1C,0.13534682046580954
C=C(Br)COC(=O)c1ccnn1CC(C)C,0.0005363897989357671
CC[C@@H]1CN(C(=O)C(c2ccccc2)N2CCNCC2)CCO1,0.00047542689323894655
CC(C(=O)N(C)CC1CN(c2nnc(C(C)(C)C)s2)C1)C1CC1,0.0003194447073602387
CC(C(=O)N1CCC(C(=O)O)C1)c1cccc2ccccc12,0.0006590769438507571
CC(C(=O)N1CCN(c2ccnc3ncnn23)[C@](C)C1)C1CCC1,0.00035526584795977527
CC(C)[C@@H](O)C(=O)N1CC(CNC(=O)c2cc(Cl)c[nH]2)OC(C)(C)C1,0.0003500590431588246
CC(C)(C)OC(=O)N1CCC(F)(C(=O)NC2CCC23CCCC3)C1,0.23913525844029085
CC(C)(CC1CCOCC1)C(=O)Nc1nnc2cccnn12,0.0005517912621500465
CC(C)(F)C(=O)NCC1CN(C(=O)c2cc(O)cc(=O)o2)CCCO1,0.15605402208615257
CC(C)(F)COc1cccc(NC(=O)[C@H]2CCCC(=O)N2)c1,0.0008589706103249205
CC(C)C1CCCN(C[C@H](O)CC(=O)OC(C)(C)C)CC1,0.000493174561055831
CC(C)CC(CN(C)C)NC(=O)c1ncc2cnccc2c1,0.20423222620729983
CC(C)CCC(=O)NC[C@H]1C[C@H](NC(=O)C(C)N2CCN(C)CC2)C1,0.0002769801823284088
CC(C)N(CC(=O)O)C(=O)c1cnc(OCC2CC2)c(Cl)c1,0.2567578981075907
CC(CNC(=O)c1ccc(F)o1)NC(=O)C1CCCC2(CC2)C1,0.0004283994223240084
CC(CSc1ccc(F)c(F)c1)N(C)C(=O)C(F)(F)C1(O)CC1,0.0006131840941391285
CC(NC(=O)c1cncn1C)C1CCN(C(=O)C2CCC3(CCC3)O2)C1,0.0007412509245334204
CC(O)CN1CCC[C@H](NC(=O)C2CCS(=O)(=O)N2)C1,0.0003461928671744435
CC(OC(=O)c1cc(=O)[nH]c(C2CC2)n1)C1CCCO2(CCC2)C1,0.0
CC1(C(=O)NCC2(NC(=O)c3cccc4cc[nH]c34)CCC2)CC1(F)F,0.00045717268499917494
CC1(C)C(C)(C)C1(F)C(=O)N[C@@H]1CCN(C(=O)C2CC3(CC3)C2)C1,0.4017115475825497
CC1(C)CC1(C#N)C(=O)N1CCCC(CNC(=O)C2(F)CCC2)C1,0.23858460598912382
CC1(C)NCCC1C(=O)N[C@H]1c2ccccc2C[C@@H]1O,0.000447756179704826
CC1=C(C(=O)N(C)CC(C)NC(=O)c2cnn(C)c2)CCC1,0.0006632582378979849
CC1=NOC(C(=O)N2CC(CNC(=O)c3cnn(C)c3C)(C3CC3)C2)C1,0.1991308316518612
CC1CC(=O)NCC1C(=O)Nc1ccc(Oc2ccccc2)nc1,0.4962095533593202
CC1CC(NC(=O)N2CCC(C3CCC3)C2)C(=O)O1,0.000330756206211118
CC1CCN(C(=O)c2cc3ccccn3c2)C1CNC(=O)CC1(O)CC1,0.0004479898789474691
CCC(C)NS(=O)(=O)c1cnc2n1CCC(C(=O)O)C2,0.00048728130960016685
CCCC(C)(C)C(=O)NCC(C)CNC(=O)c1cnc2[nH]ncc2c1,0.0008192102330386277
CCCC(C)C(CO)NC(C)Cc1ccccc1-n1cnnc1,0.0004975368120419059
CCCC(OCC)C(=O)N[C@H]1[C@@H]2CN(c3ncc(C)c(OC)n3)C[C@@H]21,0.000592750579900863
CCN(CC)C(=O)Cc1noc(-c2cn(CC(=O)NC)nn2)n1,0.00047855242821144426
CCN(CC)Cc1cccc(CNC(=O)c2ccc3c(c2)CCN3C)c1,0.0012953348220747299
CCOC(=O)c1cc(CNC(c2ccccc2)C(F)(F)F)on1,0.0006006729904748163
CCOC(CNC(=O)Cc1csc(-c2cccs2)n1)C1CCC1,0.0011527048347057124
CCOCc1ccc(CNC(=O)N2CCCN(C3CC3)CC2)cc1,0.00046851240705659256
CCOc1ccccc1C(=O)N(CC)CCNC(=O)C(C)(C)CF,0.0005606310489772322
CCc1ccc(N(CC)C(=O)C2CC(c3ccncc3)C2)cn1,0.001796561913528951
CN(C[C@@H]1CCCCN1c1ncncc1C#N)C(=O)c1cccc(N)n1,0.5136310318946491
CN(C(=O)NCC(F)c1ccccc1)C1CS(=O)(=O)C1(C)C,0.00037549189725578707
CN(C(=O)c1ccc2c(c1)NC(=O)CO2)c1cnc(C#N)cn1,0.00103210440290372
CN(C)C1CNCC(C(=O)N(Cc2ccccc2)C(C)(C)c2ccco2)C1,0.000605872015549162
CN(C)c1ccc(C2(C(=O)N(C)C3CSC3)CC2)cc1,0.0003968795334704925
CN(CC1CC1)C(=O)N1CCN(Cc2ccccc2)CC1,0.0005674018440938043
CN(CC1CCCO1)c1ccc(S(=O)(=O)N2CCOCC2)cc1Cl,0.0005303943748997257
CN1C[C@@H](NC(=O)NCCc2ccc(C#N)c(F)c2)CC1=O,0.0006773152514329501
CN1CCNC(=O)C12CCCN(c1nc(N)cc(C(N)=O)n1)C2,0.0004999782092805767
CN=S(C)(=O)c1cccc(C(=O)NC2(C)CCCCC23CC3)c1,0.001084203073817317
COC(=O)[C@H](Cc1c[nH]cn1)NC(=O)C(C)Oc1ccc(C#N)c(Cl)c1,0.0007126614310014773
COC(=O)C(NC(=O)c1cccc(N)n1)c1cccc(OC)c1,0.0004961107136107129
COC(=O)C1(NC(=O)c2ccc3ccccc3c2Cl)CCSC1,0.4074230950646646
COC(=O)C1COCCN(Cc2cc(F)ccc2Cl)C1,0.0004015388123233887
COC(=O)CCN(C)S(=O)(=O)N1CCCC1(CO)CO,0.00029338970708671857
COC(=O)CCc1ccccc1NS(=O)(=O)C1CCC(C)(C)C1,0.001398059944193023
COC(=O)c1cc(F)cc(NC(=O)N2CCCC2CC(C)O)c1,0.0010326819578866065
COC(=O)c1cccc2c1CCN(C(=O)C[C@H]1C[C@@H](N)C1)C2,0.00035314922178851944
COC(C(=O)NCC1(O)CN(C(=O)c2cscn2)C1)c1ccccc1,0.00039163592486342915
COC(C)C(=O)N(C)C(C)CNC(=O)c1ccnn1C(C)C,0.15917610814537062
COC(C)C(=O)N1CC2CCC1C(CNc1nccc(C#N)n1)C2,0.0013017834264209716
COC1(C(=O)N2CCOC(CN3CCN(c4ccccc4)CC3)C2)CC1,0.0005306721302702477
COC1(CNC(=O)C23CC2C3)CN(C(=O)Cn2cnnn2)C1,0.00021775170258133257
COCC1(CNC(=O)CCn2cc(Cl)cn2)CC(F)(F)C1,0.000533714671650891
COc1cc(C)c(C(C)NC(=O)COCC2CCC2)cc1OC,0.0007241653538793842
COc1ccc(-c2cc(C(=O)NC3CCC4CCC3OC4)n[nH]2)cc1,0.0011062781322961767
COc1ccc(-c2cn(CCC3CCCO4CC(C)=NN4C)CC3)nn2)cc1,0.0
COc1ccc(O)c(C(=O)N2CCC(C)N(C(=O)[C@@H]3C[C@H]3C)CC2)c1,0.0004446671905382691
COc1ccc(F)cc1-c1cnc(N2CCCC2)nc1,0.001137623567714935
COc1cccc(O)c1C(=O)NC1CCN(C(=O)c2cccc(C)c2)C1,0.3345544265921595
COc1ccnc(N2CCOCC2CNC(=O)C2(C)CCC(C)C2)n1,0.0005264842965180624
COc1cncc(S(=O)(=O)NC(C)Cc2ccccc2O)c1,0.0005758865476593509
COc1nscc1C(=O)N1CCCC1CNC(=O)c1coc(=O)[nH]1,0.17188717636755527
CSC1CN(C(=O)NCC(F)(F)c2ccccc2)CC1N(C)C,0.00040248331564311297
CSc1nsc(NCCN(C)C(=O)CN(C)CCC(C)C)n1,0.001013697430068235
Cc1c(C(=O)NC2CC(Nc3nnco3)C23CCOCC3)cnn1C,0.000585229734493651
Cc1cc(-c2ccc(CN3CCCC(N)C3)cc2)[nH]n1,0.0009504813820876467
Cc1cc(C(=O)NC2(c3ccccc3C)CC2)c(C)nc1C,0.000413500052592068
Cc1cc(C)c(C(=O)NS(=O)(=O)CCc2ccc(C)cc2)[nH]1,0.0005189177137900719
Cc1cc(O)cc(C(=O)OC(C)C(=O)N2CC3CCC2C3)c1,0.0006813639586509267
Cc1cc(Br)cc(C(=O)N2CCC(NCC3CC3)C1)c1ccn2,0.0
Cc1ccc(-c2nnc(N3CCC(C)C3)n2CCC#N)c(C)c1,0.8855058620532427
Cc1ccc(C(=O)N(C)CC(=O)N2CCN(C(=O)C34CC3C4)CC2)cn1,0.23207255996740664
Cc1ccc(C(=O)NCC2(NC(=O)C3Cc4cc(F)ccc4O3)CC2)[nH]1,0.0005215714752415284
Cc1ccc(O)c(C(=O)N[C@@H]2CCN(C(=O)C3CCC3)C2)c1C,0.000778858602239427
Cc1ccc(OCC(O)CNc2ccccc2C2CC2)cc1C(N)=O,0.7113489194283886
Cc1cccc(S(C)(=O)=O)c1NC(=O)NCc1ccc(C#N)cn1,0.0014592781583483009
Cc1ccn(-c2c(C(=O)NC[C@@H]3CCCN3)c(C)nn2C)n1,0.0009151820731190079
Cc1ccn(CC(=O)NC(c2nnc[nH]2)C2CC2)c(=O)c1,0.000289518918013036
Cc1ccoc1C(=O)NCC1(NC(=O)c2cccnc2N)CCOCC1,0.25815106440311464
Cc1ccoc1C(=O)OC1CCN(Cc2ccncc2)CC1,0.0004504601445133734
Cc1cnc(N2CCC(N(C)C(=O)[C@@H]3C[C@@H]4C[C@@H]4C3)C2)nc1,0.6535475669042018
Cc1n[nH]c2c1C(NC(=O)N1CCOC13CCOCC3)CCC2,0.00046049419044868263
Cc1nc(C(=O)NCC2(C3CC3)CCN(C(=O)c3ncc[nH]3)CC2)co1,0.24743023251425914
Cc1nc(C(=O)NCCN(C(=O)CC(C)(C)C#N)C2CC2)c[nH]1,0.000988637523344227
Cc1nc(C)n(C2CCCN(Cc3cnc(N4CCOCC4)s3)C2)n1,0.0005330224508430621
Cc1nc(CC(C)C)cc(NCc2ccc(N3CCOCC3=O)cc2)n1,0.001431752022975475
Cc1nccc(CCC(=O)N2CCN(CCO)C2)c1F,0.0002664350431973007
Cc1nn(CC(=O)N2CCC(c3ccccn3)C2)c(=O)n1CC1CC1,0.0005129027524340329
Cc1nnc(CC(=O)NCC2C(F)(F)C23CCOCC3)o1,0.00036423876825690115
Cc1noc(C)c1-c1csc(NC(=O)NC[C@@H]2CCC[C@H]2O)n1,0.0015651603300675281
Cc1sc(O)nc1C(=O)N1CCc2cccc(Cl)c21,0.41418173531613217
Cn1nccc1C1CCCN(C(=O)[C@@H]2C[C@H]2c2ccncc2F)C1,0.0013005567480837788
N#CC1(CC(=O)NC[C@H]2C[C@H](NC(=O)[C@H]3CNC(=O)N3)C2)CC1,0.0007464278802422366
N#Cc1ccc(C(=O)N2CCC2CNC(=O)CN=S2(=O)CCCC2)o1,0.0006472561125346607
N#Cc1ccc(CCNC(=O)Cn2cc(C3CCC(=O)CC3)nn2)cc1,0.2792180490155834
N#Cc1cccc(C(=O)NC2CCN(C(=O)c3c[nH]c(=O)cn3)C2)c1,0.2447902348594937
N#Cc1ccccc1OCc1cn(CC2=NO[C@@H]3COC[C@H]23)nn1,0.000474887039149549
O=C(C1CC(F)(F)C1)N1CC(NC(=O)[C@H]2C[C@@H](O)C2)C1,0.00025424962467176696
O=C(CN1C(=O)CCOc2ccccc21)N1CCC2(CCCN2)C1,0.00048095171012424096
O=C(CN1CCC2CC1CO2)NCc1ccc(-c2nnn[nH]2)cc1,0.0007461895164808988
O=C(CNc1ncccn1)NC1CCN(C(=O)Cc2ccon2)CC1F,0.00046218428367940254
O=C(CO)NC1CCN(c2ccc3c(n2)CCC3=O)C12CCC2,0.0003969386431877528
O=C(Cc1ccc(F)cc1)NC[C@H]1C[C@@H](NC(=O)C2CCC(F)CC2)C1,0.23528802931584078
O=C(NC[C@@H]1CCCN1C(=O)COc1ccc(Cl)cn1)[C@H]1CCCO1,0.00030132223569738785
O=C(NC1(CF)CCN(C(=O)c2cc3occc3[nH]2)C1)C1CCOC1,0.0007570267093295401
O=C(NC12CCCC1N(C(=O)C1CC1)CCC2)c1cscn1,0.000655781400231775
O=C(NCC(=O)c1ccc(Cl)cc1)[C@@H]1CC1C(F)(F)F,0.2575268502616889
O=C(NCC1=NOCC1)C1(c2nn[nH]n2)CC12CCOCC2,0.09799287058762501
O=C(NCC1CCCCS1(=O)=O)N1C[C@H](=O)N(CC2CC2)C1,0.0
O=C(NCC1CCN(CCCc2cccc(F)c2)C1)c1ccn(CC)n1,0.0008073975783790431
O=C(NCCC1CCN(Cc2ccc(Cl)cc2)C1)c1cn[nH]c1,0.0007356205834926903
O=C(c1ccc(N(Cc2ccccc2)C2COC2)cc1)N1CCCC1,0.0010895264688230277
O=C(c1ccn(Cc2ccccc2)n1)N1CCOCC1C1CC1,0.0006595551410377144
O=C(c1cncc(Cl)n1)N1CCC(c2ccc(F)cn2)C1,0.24129487931176272
O=S1(=O)CCCC2CN(Cc3ccccc3)c3ccccc(F)c321,0.0018645922201311642
C[C@@H](O)c1ccnc(NCc2ccc(C3CCCC3)cc2)c1,0.0004737252885852473
C[C@@H]1CN(C(=O)C2(CO)CC2)C[C@@H]1NC(=O)CC1CCC(C)(C)CO1,0.15852514790299277
C[C@H](CNC(=O)C1(NC(N)=O)CC1)NC(=O)c1ccc2n[nH]cc2c1,0.18940873045898535
C[C@H](NC(=O)C1CCS1(=O)=O)C1CN(c2ncc(Cl)c(=O)[nH]2)C1,0.0006637546990151364
CC(=O)N[C@@H](C(=O)NC[C@H](C)NC(=O)[C@@H]1CC1(F)F)C(C)C,0.21422156038052007
CC(=O)N(C)CC(=O)NCC1CCCN1C(=O)c1csc(N)n1,0.2301400603246786
CC(=O)N1CC(CO)C2(C1)CN(C(=O)C1COc3ccccc31)C2,0.0003129890923946675
CC(=O)NCC(=O)NCC1CN(C(=O)c2cccSC2(C)C)C1,0.0007436669382130865
CC(=O)Nc1cc(-c2noc([C@@H]3CCOC(=O)C3)n2)ccc1C,0.4791381719180055
CC(C(=O)N[C@H]1C[C@@H](NC(=O)c2ccc2)C1)n1cc(Cl)cn1,0.34251117987137586
CC(C(=O)N1CC[C@@H](NC(=O)c2cccc(F)c2)C1)c1ccc(N)cn1,0.0007589844511112211
CC(C)(C)n1cc(S(=O)(=O)N[C@H]2CC[C@H](C#N)CC2)cn1,0.00155462455280323
CC(C)(F)C(=O)NC1CN(C(=O)c2ccccc2S(N)(=O)=O)C1,0.12948620752138434
CC(C)COc1ccccc1C(=O)NC(C)CCCC(=O)O,0.000544808265840628
CC(NC(=O)C1(C)Cc2ccccc2C1)C1CCN(C(=O)C2CC2F)C1,0.00046672392604165405
CC(NC(=O)CN(C(=O)c1cccs1)C(C)C)c1cccc(C#N)c1,0.0007149332303424352
CC1(C)C[C@@H]1C(=O)N1C2CCC1C(CNC(=O)c1ccc(Cl)cn1)C2,0.2578353454238499
CC1(C)OCC(COC(=O)c2cn(-c3ccccc3Cl)nn2)O1,0.0005062763940477298
CC1(NC(=O)CNc2ccccc2C#N)CCS(=O)(=O)C1,0.0008185772253803518
CC1(NC(=O)c2ccc[nH]2)CN(C(=O)CC2OCCc3ccccc32)C1,0.0005472878960293257
CC1=NOC(C(=O)N2CC(NC(=O)c3ccncc3Cl)C2)C1,0.14194162849568742
CC1CC(CNCc2ccnc(OC3CCCC3)c2)CCS1(=O)=O,0.0013195585561797765
CC1CN(C(=O)c2ccncc2O)CCC1NC(=O)Cc1ccccc1,0.00045083727503605344
CC1CN(C(=O)c2cnoc2)CCC1NC(=O)c1ccccc1Cl,0.000757629371819657
CC1CN(c2ncc(C(F)(F)F)cn2)CC(C(=O)OC(C)(C)C)O1,0.0007045173204376133
CC1COC(=O)C1NC(=O)C(c1ccc(C#N)cc1)C(C)C,0.0007875223417731196
CC1Oc2ccc(NC(=O)[C@@H]3NC[C@@H](O)[C@H]3O)cc2C1C,0.0005004820565312952
CCC(C)Oc1c(NC(=O)C(O)c2ccccc2)cccc1OC,0.0013556844027906882
CCC(CC)N(C(=O)c1c(C)oc2ncn(C)c(=O)c12)C1CC1,0.48687039511449753
CCC(O)(CN1CCC(C)S(=O)(=O)CC1)c1ccccc1,0.0004274411731581244
CCC1(C(=O)N(C)C(C)Cc2cnn(C)c2)CC1(F)F,0.000981956735876547
CCC1(C)CC1C(=O)NF,0.0005265397741794648
CCC1=NOC(C(=O)N2CC(NC(=O)CC(C)(C)C#N)C2)C1,0.18178687373072516
CCCCC(CNc1nc(C)nc(O)c1C)NC(=O)C1CCC(C)C1,0.00048347419893665275
CCCCN(CC(N)=O)C(=O)c1ccc2c(c1)C(=O)NCC2,0.0003871914372601184
CCCc1cc(C(=O)N2CC3(CN(C(=O)CO)CCO3)C2)nn1C,0.12588209477128504
CCCc1ccc(S(=O)(=O)Nc2cc(C(=O)OC)oc2C)s1,0.0012753962723837042
CCCc1cncc(NC(=O)NCCS(=O)(=O)C2CCOCC2)c1,0.0005206595028279512
CCCc1coc(C(=O)N2CCc3cc(C(C)=O)ccc32)n1,0.26833595082406503
CCN(C)CC1CCN(C(=O)c2ccc3cccnc3c2)CC1,0.2501559945202148
CCN(CCC#N)C(=O)CNc1cncc(-c2ccc(OC)cc2)n1,0.001652593859856748
CCN(CCC#N)CC(=O)Nc1ccc2c(c1)NC(=O)CC2,0.001298723547251551
CCN(CCNC(=O)CCCC(N)=O)c1ncccc1C#N,0.2948444353172441
CCNC(=O)CCC(=O)NC1CCN(C(=O)c2ccc(CC#N)cc2)C1,0.2556833666375281
CCNc1ncc(C(=O)N2CCN(C(=O)c3ccsc3)CC2)s1,0.6266061446636301
CCOC(C)C(=O)NC12CCCC1N(C(=O)c1cc(C)ncn1)CCC2,0.00042453982191207934
CCc1cc(C(=O)N[C@H]2CCN(C(=O)[C@@H]3[C@H]4COC[C@H]43)C2)ccc1O,0.00036073553250581467
CCc1cnccc1COn1cnc2c(c1=O)CCN(C(C)=O)CC2,0.0002540927952556118
CCc1oncc1C(=O)N1CC(C)(NC(=O)CCC2CC(OC)C2)C1,0.2799275394656325
CCn1c(=O)[nH]c2ccc(C(=O)NC3C(C)OC(C)C3C)cc21,0.000925467382761335
CN(C)C(=O)Cn1cc(CN2CCC(C(N)=O)C2)nn1,0.00014846194522608728
CN(Cc1ccon1)CC1CCN(C(=O)C2(F)CCC(F)(F)CC2)C1,0.0005500582862702393
CN1CCCC[C@@H]1C(=O)N1CCCC[C@@H]1CNC(=O)CC(F)(F)F,0.19427818844158734
CNC(=O)C1(C)CCN(C(=O)c2oc(Cc3ccccc3)nc2C)CC1,0.0007679415325699266
CNC(=O)NC(C)C(=O)NC(C)CN(C)c1ccnc(C2CC2)n1,0.00018891087164327154
CNC(=O)c1cccc(N2CCN(CCNC3CCCC3)CC2)n1,0.0003155150013770583
CNC1(CC(=O)Nc2cccc(OCC(O)CN3CCCCC3)c2)CC1,0.000532661698475467
CNc1ncc(C(=O)N[C@H](C)CNC(=O)C(OC)C2CCOC2)o1,0.000560345204965745
CO[C@H]1C[C@@H](N(C)C(=O)N[C@@H](C(F)F)C2CC2)C1,0.0005224538004752862
COC(=O)[C@@H](C)N(C)C(=O)c1cc(Br)c(C(C)C)s1,0.0005978947508837467
COC(=O)[C@@H]1CC(=O)N(C)[C@H]1C(=O)CC1CS(=O)(=O)c2ccccc21,0.0002819962506321789
COC(=O)N(C)CCCC(=O)NC12CCCC1c1ccccc1C2,0.0003878536058446595
COC(=O)c1[nH]c(CN2CCC3CCC(C2)C3CN)cc1C,0.00037326494944598954
COC(=O)c1cc(NC(=O)c2c(O)cccc2OC)ccn1,0.5607070322672946
COC(=O)c1cncc(N2Cc3ccccc3C[C@H]2CO)n1,0.0006534896373783022
COC(C)(CNc1nccc(-n2cccn2)n1)C1CC1,0.001493844280428655
COCC(=O)N1CC(F)(F)CC1(C)CNC(=O)C1(C)CC(O)CN1C,0.12761919036012084
COCC(C)(C)N1CCN(C(=O)Nc2cc(C)ccc2OC)CC1,0.0010618678249360736
COCC1(CNC(=O)C[C@H](C)c2ccccc2)CCN(CC2CC2)CC1,0.0006714769943029729
COCCc1cc(NC(=O)NC2(C(C)(C)C)CC2)n(C)n1,0.00060001202812291
COCCc1ccccc1NC(=O)C1CCCc2cccnc21,0.0005748122056638402
COCc1ccc(C(=O)Nc2cncc(N3CCCCC3)c2)cc1,0.0009062102790458564
CON1CCC(OC(=O)C2CCCN2S(C)(=O)=O)C1,0.000249884764082465
COc1c(C)cc(C(=O)NC[C@H]2CCCN2C(=O)C23CC2C3)cc1C,0.23836251912880588
COc1ccc(-c2cc(C(=O)N3CCCOC3)no2)cc1OC,0.3402611540684337
COc1ccc(C(=O)N2CC(Cc3cccc(C)c3)C2)cc1C#N,0.6249692746252791
COc1ccc(C(C)Nc2cncc(C(C)=O)n2)cc1NC(C)=O,0.4311122542823856
COc1ccc(CC(C)c2nc(C3COCCN3)no2)cc1,0.00031676730734927914
COc1ccccc1C1(NC(=O)C2COC(CN)C2)CCOCC1,0.00033439729583577596
COc1ncccc1C1CCN(CC(=O)NC2CC(C)(C)OC2=O)C1,0.0002867627154198508
CS(=O)c1nc(N)c(Nc2cnn(C(F)(F)F)c2)n1C,0.0007835726650411542
CSc1ccc(NC(=O)CS(=O)(=O)CCCc2ccccc2)nc1,0.0006623583147312174
Cc1[nH]ncc1-c1nnc(N2CCC(C3CCCC3)C2)n1C,0.0016863972483677396
Cc1c[nH]c(CCC(=O)NC(CNC(=O)C(C)C2CCC2)C(C)C)n1,0.0002913662513902143
Cc1c(CC(=O)N2CCOCCO2)ccc2ccccc12,0.0008046633873360075
Cc1c(Cl)cnn1CC(=O)N(C)CC1CN(C(=O)c2cnco2)C1,0.00045656536456503834
Cc1cc(C(=O)N2CCC(n3cnnn3)CC2)c(S(N)(=O)=O)s1,0.0002674858506545549
Cc1cc(C)c(C(=O)NC(C)CC2CN(C(=O)c3nc(O)n(C)n3)C2)o1,0.0005074328674732371
Cc1cc(N[C@H]2CCCC[C@H]2NC(=O)c2cc(C)ncc2C)ncn1,0.0005843572433555608
Cc1cc(Cl)cc(C)c1CC(=O)N[C@@H](C)C(=O)OC1CCC1,0.0006088677627943984
Cc1ccc(C)c2c(SCCC3SCCNC3=O)ncnc12,0.0014493995804291612
Cc1ccc(N(C)C(C)CNC(=O)[C@@H](C)c2ccccc2)nn1,0.0004684426095967596
Cc1ccc(F)cc1-c1cccc(C(=O)N[C@H](CO)C(C)C)c1,0.0010642665315742318
Cc1cccc2cc(C(=O)NCC(C)N(C)CC3CCOC3)[nH]c12,0.27445826044380317
Cc1cccn2cc(C(=O)N3CC(NC(=O)COC4CC4)C3)cc12,0.29429803445672365
Cc1ccn(-c2ccccc2C(=O)OCCN2CC3CCC(C2)O3)n1,0.0007906776799094116
Cc1ccnc(C(=O)NC(CNc2ccnc(C)n2)C2CCCC2)c1,0.001251093170026441
Cc1ccncc1CC(=O)NC1CCN(C(=O)c2cn[nH]c2)CC1F,0.0004057863471073546
Cc1ccoc1CC(=O)NC1(C)CN(C(=O)c2ccncc2O)C1,0.000483600446863721
Cc1n[nH]cc1CN(C)C(=O)c1occc1C(=O)OC(C)(C)C,0.000757256677625412
Cc1nc(C(=O)N2CCC(NC(=O)CCc3cncc(F)c3)C(F)C2)c[nH]1,0.00038534612711153186
Cc1nc(O)ccc1C(=O)N1CCC(CNC(=O)c2ncc[nH]2)CC1,0.34346530975934414
Cc1nn(C)c(Nc2ccc(S(N)(=O)=O)cc2)c1C(=O)O,0.000531812883385937
Cc1nnc(NC2CCN(C(=O)c3csnc3Cl)C2)o1,0.0007175943020680228
Cc1noc([C@@H]2[C@H](C(=O)N3CCOC(COC(C)C)C3)C2(C)C)n1,0.00025849073187190943
Cc1occc1C(=O)N1CC(CCn2cc(C3(O)CCC3)nn2)C1,0.0004816495304963901
Cn1c(=O)ccc2c(N[C@@H]=C@@H]3C[C@@H]4OCC[C@@H]4N3)cccc21,0.0
Cn1cc(C(=O)N2CC(CO)CC23CCNCC3)c2ccccc2c1=O,0.4152468976650419
Cn1cc(CNC(=O)N2CCOC(C(=O)OC(C)(C)C)C2)c(C(F)F)n1,0.0004383843785427795
N#Cc1ccc(OC(CF)C(=O)NCc2ccnnc2)cc1,0.000697843445185249
N#Cc1cnccc1N1C2CCCC1CN(C(=O)CC1CCOC1)C2,0.6474648796464803
NC(=O)C1CN(C(=O)c2cncnc2)c2ccccc2O1,0.41753875989378
NS(=O)(=O)c1cc(NCC2CN3CCC2C3)ccc1Br,0.27813680061166873
Nc1cccc(OC2CCN(C(=O)C3(O)CCCC3)CC2)n1,0.0003303023489156017
O=C(Cn1ccc(=O)[nH]c1=O)N1CC2(CCCCN(C(=O)CO)C2)C1,0.06748631581417537
O=C(N[C@@H]1CNO[C@H](c2ccccc2)C1)c1ncc2n1CCCC2,0.00045450991511242797
O=C(N1CCC2(CC1)c1[nH]cnc1CCN2)C1(CCO)CCC1,0.0009511896291496087
O=C(NC1CC2(CCNC2)OC1)c1cc(F)c2[nH]nnc2c1,0.31188931122142743
O=C(NC1CCNC1)c1cccc(-c2nnc[nH]2)c1Br,0.3226250947844736
O=C(NC1Cc2cccc(O)c2C1)N1CCc2c(O)cccc2C1,0.000737995623480429
O=C(Nc1cccc(N2CCNC2=O)c1)c1c[nH]cc1Br,0.3891662896099788
O=C(O)c1cccc(CC(=O)N2c3cccnc3N3CCC2C3)c1,0.000662535247292872
O=C(c1ccc(=O)n(CCF)n1)N1CCOc2ccc(F)cc2C1,0.18859118154818513
O=C(c1ccco1)N1CCN(Cc2csc(Cl)c2)CC1,0.0005581115689510781
O=C1CC2(CCNC2)OC2CN(CC3CCCCC3O)CCN12,0.0004186669569294723
O=C1CCCc2ccc(C(=O)N3CCC(c4ccncc4)CC3)cc21,0.000946081240920841
O=C1CN(CC(=O)NC2CC(n3cc(-c4cn[nH]c4)nn3)C2)CCN1,0.11569712612422972
OC(CN1C[C@@H]2C[C@H]1CS2=O)c1cccc(Cl)c1Cl,0.0004319709284680074
C[C@@H]1CN(C(=O)CC(F)(F)F)CCN1C(=O)c1ccc2c(c1)C(=O)NC2,0.0003462381783813566
CC(=O)Nc1cccc2c1cc(C2(CC#N)c1ccccc1)c(=O)O,0.0
CC(C(=O)N(C)C1CCC(=O)NC1)n1cc(C2CC3(C2)OCCO3)nn1,0.07331585094948471
CC(C)(C)C[C@@H]1CN(C(=O)NCc2cccc(C#N)c2)C[C@H]1CO,0.001142995079323001
CC(C)(C)OC(=O)N[C@H](C(=O)NN1CCS(=O)(=O)CC1)C1CC1,0.00027563218527997603
CC(C)(O)C[C@H](NS(=O)(=O)c1cnc(N)c(Cl)c1)C(=O)O,0.0003670002240417842
CC(C)C(=O)N1CCn2ncc(-c3ccc(F)cc3)c2C1,0.0010813113076339222
CC(C)C(C)CC(=O)N1CC(C)C(CNC(=O)c2cnccc2N)C1,0.0007135443570887226
CC(C)C(O)CCC(=O)N1CCCc2cnc(Br)cc2C1,0.0004346869639916954
CC(C)CN1CC2CN(C(=O)[C@H]3CC[C@@]4(CC3)CNC(=O)C4)CC2C1,0.3026716355389503
CC(C)N1C[C@@H]2CN(C(=O)Cc3cc4ccccc4s3)C[C@@H]2C1,0.0007158723929279331
CC(C)c1cc(NC(=O)CC2CC3CC3C2)n(C)n1,0.0004953241461092936
CC(CCNC(=O)C12CC1C2)NC(=O)c1cncn1-c1ccccc1,0.00048769263314564184
CC(CNC(=O)C1CCCC2CC21)N(C)C(=O)CCc1cc(C#N)ccn1,0.0014599107129910143
CC(F)(F)C(=O)NC1CCC(NC(=O)c2cc3ccc(F)cc3[nH]2)CC1,0.0006303623347799126
CC1(C)CNC(=O)c2ccc(C(=O)Nc3ccccc3-c3ccco3)cc21,0.0018679824348803264
CC12CCC(C(=O)N3CC(Oc4cccnc4)C3)(CO1)C2,0.00042183733151260046
CC1=NOC(C(=O)N2CCN(C)CC2CNC(=O)CC2CC2C)C1,0.22527725989345615
CC1C(Nc2ccnc(C#N)n2)CCN1C(=O)C1CCC(F)(F)CC1,0.7705363572418977
CC1CC(NC(=O)[C@@H](O)c2ccccc2)CN1C(=O)C1CC1,0.0006493219364407569
CC1CC(NC(=O)c2cncc(N)c2)CCN1C(=O)C1CC2(CCC2)C1,0.0014972580572172884
CC1CC1C1CC1CNC(=O)N1CCN(C2CC2)c2c(Cl)cccc21,0.0012215504583073594
CC1CC1c1nn2c(c1-c1nc(C32CC(=O)NC3)no1)CC(F)(F)F,0.001108401200350688
CC1CCc2nc(NC(=O)c3cc(C#N)ccc3F)ncc2C1,0.001769868326933835
CC1CN(C(=O)C(C)(C)C)CC1Nc1nccc(Oc2ccccc2)n1,0.5150276284875219
CC1CN(C(=O)NC2CCC3CCCCC3C2)CCC1CO,0.0007724004095761535
CCC(=O)NCC(=O)N1CCN(c2nnc(C(C)CC)o2)CC12CCC2,0.24634263317701066
CCC(C)(C)C(=O)NCC1CCC(NC(=O)C23CCC(F)(CC2)C3)C1,0.22728132438968554
CCC(F)C(=O)NC(C)C1CCCN(c2ccnc3nc(C)nn23)C1,0.0009591500169915747
CCC1(C(=O)N2C[C@@H]3C[C@H]2CN3C(=O)c2ccc3c(c2)CC(C)O3)CC1,0.000772728228256281
CCC1(C(=O)NCC2(O)CC(OC)C2(C)C)CCCCC1,0.0006467777663034776
CCC1(C(=O)NCC2CN(c3ncc(F)cn3)CCCO2)CC1,0.0006928790964757027
CCCC(C)NC(=O)C(C)S(=O)c1ncc(C2CC2)n1C,0.000681847834310407
CCCC(Cc1ccccc1)OC(=O)c1conc1C1(C)COC1,0.0009141685754738552
CCCN(CCNC(=O)CC1CN(C)C1)Cc1ccccc1,0.0007841738438253039
CCCS(=O)(=O)N1CC(C(=O)NC[C@H]2CCC(=O)N2)CC1=O,0.00023216471608563123
CCCc1cc(C(=O)N2CCC[C@@H]2CNC(=O)C2CC2(F)F)nn1C,0.0004706444091290115
CCN(CC)CC(=O)N1CCOC2(CCN(C(=O)CC#N)CC2)C1,0.0007316705006026045
CCNC(=O)[C@@H](NC(=O)c1cc(Cl)no1)c1ccccc1,0.0004916774408541041
CCOc1ncc(CC2CCN(c3nccn(C)c3=O)CC2)cc1C,0.0012727376345191893
CCSCC(=O)N1CCN(C(=O)C23CCC(C2)OC3)[C@H](C)C1,0.00040444125167905467
CCc1c[nH]cc1C(=O)OC(C)c1cc(C(=O)OC)ccc1OC,0.0008292925154485052
CCc1ccc(NC(=O)c2nn3c(c2C)CCCC3)c(=O)[nH]1,0.0005434162734230442
CN(C)C(=O)N1CCC(C(=O)Nc2ccc(C3CC3)c(C#N)c2)CC1,0.0017685858263210249
CN(C)Cc1ccc(C(=O)Nc2cccc3c2CNC3=O)cn1,0.27825493733191503
CN(CC(=O)N[C@@H]1CCCN(C(=O)c2ccc(C#N)cc2)C1)C(N)=O,0.3450908527458118
CN(CC(C)(C)CNC(=O)c1cnn(C2CCOCC2)c1)C(=O)CC#N,0.0008492562222602765
CN1C(=O)CCC1CNC(=O)c1cnc2nc(C#N)ccn12,0.4165388945510836
CN1CCC[C@H]1CNC(=O)c1cccc(Br)c1Cl,0.000467928689081412
CN1CCN(S(=O)(=O)N2CCC(=O)c3ccc(F)cc32)CC12CC2,0.3489433214837715
CNC(=O)[C@H](C)NC(=O)c1cc2ccccc2o1,0.0005957158987942496
CO[C@H](C)C(=O)N1CCC[C@@H](NC(=O)c2cc(O)n(C)n2)C1,0.00034969925073877683
COC[C@@H]1CC[C@H](C(=O)N2CCCC3(CCCOC3)C2)C1,0.3944335614366584
COC(=O)C(C)(C)N(C)C(=O)Cc1ccc(O)c(OC)c1Cl,0.0005050258643427384
COC(=O)CC1(NC(=O)C[C@H]2C[C@H](N)C2)CCN(C)CC1,0.0004143163412754514
COC(=O)Cc1ccc2occ(C(C)N3CC(O)CC3C3CC3)c2c1,0.0008314298434387528
COC(=O)c1ccc(CN2CCC(NC(=O)c3ccsc3)C2)[nH]1,0.00045784832689435746
COC1(CNC(=O)C2CCCCC2)CN(C(=O)c2ncccn2)C1,0.000850834803857529
COC1(CNC(=O)c2ccccc2)CN(c2ncc3c(n2)CCOC3)C1,0.3886260113855154
COC1(CS(=O)(=O)N2CCC(n3ccccc3=O)CC2)CCCC1,0.0002722121615332606
COC1CC(N)(C(=O)NC2CCCC(N3CCCC3=O)C2)C1,0.00030254874820648817
COCC1(CNC(=O)c2cc[nH]c(=O)c2)CCN(C(=O)C2(C)CC2)CC1,0.1269071335312409
COCC1(NC(=O)c2ccc3c(c2)NS(=O)(=O)C3)CCC1,0.0003932334052832965
COCCC(=O)N1CCC2(CC1)CC2NC(=O)c1ncc(F)cc1F,0.1640912100559316
COCCC1(NC(=O)Cc2ccc3[nH]ccc3c2)CCN(C(C)=O)C1,0.000685016941316373
COCCS(=O)(=O)Nc1cccc(N2CCCc3ccccc32)c1,0.000888449221478767
COCc1nc2ccccc2c(NC(=O)[C@@H](N)CCSC)c1C,0.0009525118802249005
COCc1noc(C(C)OC(=O)CCC23CC(CO2)C3)n1,0.0007441216709119264
COc1cc(CCNC(=O)c2cc(N)n(C)n2)c(OC)cc1OC,0.0004574379401846935
COc1cc(N2CCN(Cc3nncs3)CC2)cc(OC)c1Cl,0.0013018848794746941
COc1cc(Cl)ccc1C(=O)N1CCC(Nc2cccc(F)c2)C1=O,0.5923625234231278
COc1ccc(-c2cccc(N3CCNC(C)C3)c2)cc1,0.0015036813949731243
COc1ccc(OCCF)cc1NC(=O)c1c[nH]c(=O)n1C,0.0010660280499441002
COc1ccc(S(=O)(=O)NC2(CO)CC3(CCCCC3)C2)nc1,0.0005794146554546956
COc1ccc(Cl)cc1COC(=O)c1n[nH]cc1OC,0.000978669446678752
COc1ccc2c(c1OC)C(NC(=O)C1Cc3nccnc3C1)C(=O)N2,0.000962582792945352
CS(=O)(=O)C1(C(=O)NCCc2ccc3cc(Cl)ccc3c2)CC1,0.0008797442580228277
CS(=O)(=O)c1cccc(NC(=O)CNc2ccc(Cl)cc2)c1,0.000981181814142882
Cc1[nH]ncc1C(=O)NCC1CCN(C(=O)c2cncnc2)C12CC2,0.2534265125446885
Cc1c[nH]c(=O)c(CNC(=O)NC[C@H]2C[C@@H](O)C2(C)C)c1,0.0003268407408222239
Cc1c[nH]c(CN(C)C(=O)CNC(=O)N(C)Cc2ccccc2)n1,0.0006304732372647344
Cc1cc(C(=O)N[C@H](C)c2ccc3c(c2)CCC3)n(C2CC2)n1,0.0006209091643475858
Cc1cc(CC(=O)NC(C)CNC(=O)c2cc(O)ccn2)on1,0.000328845169579089
Cc1cc(N2CC[C@@H](NC(=O)c3cnc(CC4CC4)[nH]c3=O)C2)ncn1,0.0005516594827423607
Cc1cc(OCC(=O)NCC(NC(=O)C(F)F)C(C)C)ccc1C,0.0004681113359780668
Cc1ccc(-c2cn(C[C@@H](C)NC(=O)C(C)CF)nn2)cc1O,0.00131507347736579
Cc1cccc(C(=O)NC2CC(CNC(=O)Cn3ccsc3=N)C2)n1,0.0012269733405956085
Cc1cccc(CC(=O)NC2CCN(C(=O)c3cn[nH]c3C)C2(C)C)c1,0.0005277889964842048
Cc1ccncc1CC(=O)NC(C)C1CN(C(=O)c2cnccc2O)C1,0.25640927801855273
Cc1cncnc1N1CCC[C@H](NC(=O)C2CCn3c(C)cnc3C2)C1,0.0013304469665775744
Cc1coc(COC(=O)[C@H]2OCCO[C@H]2C(=O)OCc2ccccc2)c1,0.0006151105812887614
Cc1cscc1C(=O)NCC1(Nc2ncccn2)CCC1,0.0006373676245296585
Cc1nc2nccc(C(=O)N3CCC(NC4CCC4)CC3)n2n1,0.001165838364750172
Cc1nccc(N2C[C@@H](C)[C@@H](NC(=O)c3nc(O)sc3C)C2)n1,0.001043463568645683
Cc1sc2ccccc2c1S(=O)(=O)N1CCC([C@H](C)O)CC1,0.0009727152340745829
Cn1c(=O)n(CC(=O)N2CC[C@@H](NC3[C@H]4CCC[C@H]4[C@H]3O)CC2)c2ccccc21,0.0003424864538130031
Cn1c(C[C@H](NCc2ccc(C(F)(F)F)cc2)C(N)=O)n[nH]c1=O,0.2686741935689627
Cn1cc(CNC2(c3ccc(C#N)cc3)CC2)cc1Br,0.0016134575554989073
Cn1cncc1CC(=O)NCC1CCN1C(=O)c1cccc(C#N)c1,0.0007020439721312618
Cn1nc(CC(=O)NCc2ccc3c(c2)CCC3(C)C)cc1Cl,0.0007949684377507347
N#Cc1cc(C(=O)NCC2SCCS2)ccc1N1CCCC1,0.7737102542735077
N#Cc1cc(F)c(CN2CCS(=O)(=O)C(CO)C2)c(Cl)c1,0.0007191911588016387
N#Cc1ccc(CN2CCC(NC(=O)C3CC4(CCC(N)CC4)C3)C2)cc1,0.0016740436366096847
N#Cc1cccc(C(=O)NCC2CCCN(C(=O)CN3CCC3)C2)c1,0.551831365043898
NCC1(CC(=O)NCC2COc3ccccc3O2)CCC1,0.0003677172607889093
NCc1coc(C(=O)NCc2ccc(OCC3CC3)cc2)c1,0.0004556053173962808
Nc1cccc(C(=O)NC2(CNC(=O)c3cc(CO)c(CO)o3)CC2)n1,0.24057462044973815
O=C(C1CC2COCC(C1)C2=O)N1CCOc2ccccc21,0.29024547930872396
O=C(C1CCC(F)C1)N1CC(Nc2ccn3nccc3n2)C1,0.0009532077518977763
O=C(C1CCc2ccccc2N1)N1CC(c2cn(CCO)nn2)C1,0.0007878654127040675
O=C(CC1CC1)N1CC2(C1)CN(C(=O)c1cc[nH]c1)CCO2,0.0005460775631960948
O=C(CC1CCn2cncc2C1)NC1COc2ccccc2C1O,0.00043610090750925115
O=C(N[C@@H]1[C@@H](CO)[C@H]2CCC[C@H]21)C1CCN(C(=O)c2ccccc2)CC1,0.0006913499971747567
O=C(N[C@H]1C[C@@H](CNC(=O)C2(CO)CC2)C1)C1CCCC12CCCC2,0.32150061592156687
O=C(N[C@H]1c2ccccc2CC[C@H]1O)c1ccc2c(c1)C(=O)OCC2,0.0006573312744283198
O=C(N1CCc2cc(Br)ccc2C1)[C@]12CNC[C@H]1CCOC2,0.00041798781801154
O=C(NCC1(O)CCS(=O)(=O)C1)c1cccc2ccccc12,0.292336694124004
O=C(NCCC(=O)N1CCCC1)NCC1(C2CCOCC2)CC1,0.000583568260406324
O=C(NCc1cccnn1)NCC1(c2cc(F)ccc2F)CCC1,0.0005422356603948609
O=C(O)c1cc2c(cc1NC(=O)c1ccc(Cl)s1)OCCCO2,0.0012641278438585899
O=C(OCc1nncs1)c1ccc(N2CCCC2)nc1,0.0004986645932242413
O=C(c1cc2cc(F)cc(F)c2[nH]1)N1CCOC2CCCCC21,0.0007482274452734406
O=C(c1ccnc(NC2CC2)c1)N1CCCCC1CO,0.0003128344748087268
O=C1CC(c2ccccc2)NC(=O)N1CC1(c2ccccc2)CCC1,0.001376711845073086
O=C1CC2(C(=O)Nc3cnc3)c3cccc(Cl)c2C2=CCC(C3)N21,0.0016326967936595362
O=C1CCN(C(=O)c2ccc(OC(F)F)c(F)c2)c2ccccc2N1,0.4635042667413969
O=C1CCc2cccc(NC(=O)C3CC4(CCN3)CC4)c21,0.5269378844060671
O=C1NC(c2nc(-c3cc(Cl)cc(Br)c3)no2)CO1,0.0014146133848876416
C[C@@H](NC(=O)C1NC(=O)OC1C)c1ccc(Cl)cc1F,0.0005293797990978215
C[C@@H](OCCN(C)C)C(=O)NC1(C)CCN(c2ncc3c(n2)COC3)C1,0.0003588995915920314
C[C@H]1[C@@H](C)[C@@H]1NC(=O)Nc1c(Br)cnn1C1CCC1,0.2295726543011188
C=C(Cl)CN(C)CCCN(C)C(=O)c1cc(C(C)(C)C)n[nH]1,0.0005847481196635998
CC[C@H](C)[C@H](O)C(=O)NC(C)CCNC(=O)c1ccc2c(c1)CN(C)C2,0.00034483485088532793
CC(=O)N1CCC(C)(C(=O)Nc2cnc3cc4c(cc3c2)OCO4)C1,0.0005744122276297794
CC(=O)N1CCC2(CC1)CC(C)N(c1cc3nc(C)sc3c1C#N)C2,0.0
CC(C(=O)N1CC(C)(NC(=O)c2ncccn2)C1)c1ccccn1,0.0003150670844862099
CC(C(=O)N1CCCC1C(=O)Nc1cccc(-c2cnco2)c1)C1CC1,0.0012166913039889592
CC(C)[C@@H](O)C(=O)N(C)C(CNC(=O)c1cncc(O)c1)C1CC1,0.00040366746541413916
CC(C)(CF)C(=O)N1CCC(Nc2cc(Cl)nc(C3(C)CC3)n2)C1,0.0013198685761867195
CC(C)(NC(C)(C)C)c1cn(-c2cncc(C(N)=O)c2)nn1,0.00019725444327360308
CC(C)CC(c1ccccc1)N(C)CC(=O)NCC1CCCO1,0.00048315453735154
CC(C)Oc1cccc(CN2CCC3(CC2)C(=O)Nc2ccccc23)c1,0.0008461412909102555
CC(C)c1cnn(C)c1C(=O)N[C@@H]1CN(c2ccnc(C#N)n2)C[C@@H]1C,0.6017900266106608
CC(CC(=O)N1Cc2cccc(C#N)c2C1)NC(=O)OC(C)(C)C,0.0005883274326662627
CC(CNC(=O)CCc1cncn1C)N(C)Cc1csnn1,0.00042321165994191383
CC(CNC(=O)c1cccnc1)NC(=O)c1cc(CO)cc(CO)c1,0.0002853647578253906
CC(NC(N)=O)C(=O)N1CC2(CCC2)C2(C1)CN(C(=O)c1cnco1)C2,0.1895636812206275
CC(O)C(=O)NCC1CC2(CO1)CN(c1cc(N)ncn1)C2,0.303716792282328
CC(OC(=O)COc1ccc2ccccc2c1)C(F)F,0.5310763650950581
CC1=NS(=O)(=O)NC12CN(C(=O)Cc1ccc(O)cn1)C2,0.00032752779609323776
CC1CC1C(=O)NC1(CNC(=O)c2ccc(OC(C)(C)C)cc2)CC1,0.00039193986912031625
CCC(=O)NC1CCN(C(=O)Cc2cccc(C(N)=O)c2)C1(C)C,0.00030699586376832516
CCC(CC(=O)N1CCC1CNC(=O)C1(S(N)(=O)=O)CC1)C1CC1,0.1301258538229981
CCC(NCc1csc(-c2ccc(F)cc2)n1)C(O)C(=O)O,0.0012403259389092295
CCC(F)C(=O)N1CCC(O)(CNC(=O)Cc2cncc3ccccc23)C1,0.00040322341048673003
CCC1(C(=O)N2[C@H]3CC[C@@H]2C[C@H](NC(=O)[C@H]2CCCC(=O)N2)C3)CCC1,0.6624248957337323
CCCC(=O)N(C)C1CCN(C(=O)C(CC)OCC)CC1,0.0005013266772043383
CCCOc1ccc(CNC(=O)N2CC34CCC3(COC4)C2)cn1,0.0005774225946193875
CCCc1c(C)nc(Cl)nc1NCc1ccnn1CCN(C)C,0.0009447031529099534
CCN(C(=O)C(C)Nc1ccccc1)[C@H](Cc1ccccc1)C(=O)O,0.0008153440651830533
CCN(C)CC(=O)N1C[C@@H]2C[C@H]1CN2C(=O)[C@@H]1CCCC[C@@H]1C(C)=O,0.17447739032085602
CCN(Cc1cccc2ccccc12)C(=O)NCC[C@@H]1CNC[C@H]1C,0.24543303233971311
CCN(c1ccccc1)S(=O)(=O)N1CC(n2ccnc2)C1,0.0006976205182615731
CCN1CCN(C(=O)c2ccc(-c3ccncc3)o2)CC1=O,0.0006319451011227121
CCN1CCN(c2ccc(C(=O)N3CC(C4=NOC(C)(C)C4)C3)cc2)CC1,0.0008187376455308479
CCNc1nc(C(=O)N2CCC(Oc3ccccn3)CC2)cs1,0.0009040193172021245
CCOC(=O)c1cc2n(n1)CCCN2Cc1ccc2c(c1F)OCC2,0.5603330462915953
CCOC(=O)c1nn(C)c(NC(=O)N2CC(SC)C2C(C)C)c1C,0.0010473196261064682
CCc1cc(C(=O)NC2(CNC(=O)CCc3ccccc3)CC2)c(C)o1,0.00021742507209917837
CCc1cncc(C(=O)N2CC(C)C(Nc3ncc(C)c(C)n3)C2)c1,0.001444742225395386
CCn1ncc2c1CCC(NS(=O)(=O)Cc1cccc(C#N)c1)C2,0.000919985631880724
CN(C(=O)c1ccccn1)C(CNC(=O)C1(C#N)CC12CCC2)C1CC1,0.7423291932038687
CN(C)CC1CN(C(=O)c2cnc(-c3ccoc3)s2)C1,0.3005182776880896
CN(CC1CN(C(=O)C23CCC(C)(C2)OC3)CCO1)C(=O)[C@@H]1CCCO1,0.0007068551262288527
CN(CCNC(=O)c1cocn1)n1cnc2c1CCOC2,0.00019179036476194543
CN1CCN(CCSc2ccc(Cl)c(F)c2)C(CO)C1,0.0006865116638958052
CNS(=O)(=O)c1ccc(NC(=O)NC[C@H]2CCCN2)cc1,0.00029849182271289603
COC(=O)[C@H](CC(=O)OC(C)(C)C)NC(=O)CC1CCC12CCC2,0.0004864373678812498
COC(=O)C(C)(C)C1CCN(C(=O)c2cnc3ncnn3c2O)CC1,0.14239457220532345
COC(=O)C12CCC(COC(=O)c3scnc3Cl)(C1)OC2,0.0008957028671982857
COC(=O)N1CC(CNc2nc(NC(C)C)cc(C(C)(C)C)n2)C1,0.0016163437428145977
COC(=O)c1cc(CNc2ccnc(C3(CO)CCC3)n2)cs1,0.26182361377876445
COC(=O)c1ccc(N[C@H]2C[C@@H](NC(=O)c3cncnc3)C2)nc1C,0.1693206626993121
COC(=O)c1ccc(OC)cc1NC(=O)c1cncc(C(N)=O)c1,0.00044459711728916143
COC(=O)c1ccccc1[C@H]1C[C@H](NCC(O)C(C)(C)CO)C1,0.00048017322034606976
COC(=O)c1ccnc(C(=O)N[C@@H](C)CCNC(=O)C2(C)CC2)c1,0.0002817183230762936
COC(=O)c1ccnc(C(=O)N2CCN(C3(C)CC3)CC2)c1,0.2225256600346337
COC(=O)c1nccc(Sc2ncccc2Br)n1,0.0006706374692854665
COC1(CNC(=O)Nc2nc(-c3ccccc3)no2)CC(C)(C)C1,0.0018073700363731573
COCc1ccc(OC)c(-c2cnc(C(C)(F)F)nc2)c1,0.0012292550567001108
COc1[nH]ncc1NC(=O)c1cccc(OCC2CCCO2)c1,0.0013274481900585244
COc1c(F)cc(S(=O)(=O)NC(CO)CCO)cc1C(=O)O,0.0002176640653029547
COc1cc(C(=O)N2CCOc3cc(O)ccc3C2)ccc1C#N,0.48733595171235855
COc1ccc(C(=O)N2CCC(C)C2CNC(=O)C(C)(C)F)c(C)c1,0.2707544710195289
COc1ccc(N(C)C(=O)N2CCN(C3CCOCC3)C(=O)C2)cc1,0.0007735404499982478
COc1ccc2cc(C(=O)NC34CCC(C3)[C@H](O)[C@@H]4O)c(C)nc2c1,0.0004995732226837602
COc1cccc(CN(C)C(=O)[C@@H]2C[C@H]2c2ccncc2F)c1OC,0.0004853561918360738
COc1cncc(C(=O)NC2CN(C(=O)Cc3cncnc3)CC2C)n1,0.00039961994227253185
CS(=O)(=O)Nc1ccccc1NCC(O)C-c1ccccc1,0.000591581634487696
Cc1cc(-c2ccc(CN3CCCNC(C)C3)cc2F)on1,0.0009614044533382474
Cc1cc(C(=O)N(C)Cc2ccn(C)c(=O)c2)cnc1C(F)F,0.0004933834950319279
Cc1cc(C(=O)N2C[C@@H]3C[C@H]2CN3C(=O)c2cn(C)nc2N)co1,0.0009412755808447917
Cc1cc(C(=O)N2C3CCC2CC(NC(=O)C2CCC(=O)N2)C3)[nH]n1,0.09324782682762023
Cc1cc(C(=O)N2CCC(O)(C(C)NC(=O)C3CC3C)C2)nc(C)n1,0.0005622256051941138
Cc1cc(C(=O)N2CCOC2)nn1C1CN(=O)Cc2ccccc21,0.0
Cc1cc(C(=O)NC[C@H]2C[C@@H](Nc3nccc(C)c3C#N)C2)ncc1N,0.7423730782055332
Cc1cc(CNC[C@@H](O)c2ccccc2Br)ncc1,0.00044505264633905046
Cc1cc(N[C@H](C)CNC(=O)COCC2CCOC2)nc(Cl)n1,0.0007530833015373183
Cc1cc2cccc(CNC(=O)C3CCC(=O)N3C)c2o1,0.0005998824605705779
Cc1ccc([C@]23CCC[C@@H]2OCC3)cc1NC(=O)c1ccc(C(N)=O)[nH]1,0.0014903147367364361
Cc1ccc(-c2cn(CC(=O)NC(C)C(F)F)nn2)cc1F,0.0011562941491411226
Cc1ccc(CC(=O)N[C@@H]2CCCCC[C@H]2O)c(Cl)c1Cl,0.0008601171837546292
Cc1ccc(N(CCC#N)C(=O)NCc2c(C)nn(C)c2F)cc1,0.0009906942888659178
Cc1ccc(OCC(O)CN2CC(C)c3ccc(F)cc32)cc1C#N,0.0017851511582437545
Cc1cccc(S(=O)(=O)N(C)C2CCCc3ccccc32)n1,0.0005719372582504517
Cc1cccc2c1CCC2NC(=O)NC[C@@H](O)c1ccc(F)cc1,0.0004996044064124411
Cc1ccccc1CN(C)C(=O)c1ccnc(C2(N)CC2)n1,0.0006670145638269495
Cc1ccn2ncc(C(=O)N[C@H]3C[C@@H](NC(=O)C4CCC4(C)C)C3)c2c1,0.31721722506955524
Cc1ccnc(N[C@@H]2CCN(C(=O)CCC3CCC(O)C3)C2)c1C#N,0.0014248842868808552
Cc1ccoc1CN(C)c1nn2c(cc1=O)CSCC2,0.0013464748046176944
Cc1cnc(CN2CCOC(CNC(=O)C3(C)CC3)C2)o1,0.00035703635190880535
Cc1nc(CCNC(=O)C2(c3ccccn3)CCOCC2)sc1C,0.0006508052241867747
Cc1nc2cc(C(=O)NCC3CN(CC4CC4)CCCO3)ccn2n1,0.2818869336839507
Cc1ncc(C(=O)N2CC([C@@H](C)NC(=O)c3c(C)noc3C)C2)c(N)n1,0.0009468340273624662
Cc1ncc(COC(=O)CN(C)S(=O)(=O)c2cccs2)o1,0.00041988371572245224
Cc1ncnc(N2CC([C@H](C)NC(=O)CCn3ccccc3=O)C2)c1C,0.0005445377117060188
Cc1nnc(N2CCC(C)(NC(=O)c3cc(C(C)C)[nH]n3)C2)o1,0.0005740564336631318
Cc1nnc2n1CC(C(=O)NC1(CNC(=O)[C@H]3CCC(=O)N3)CC1)C2,0.00027187109322390177
Cc1nsc(NC(=O)N2C[C@@H](C)O[C@H](C)C2)c1-c1ccccc1,0.001511342507543737
Cc1ocnc1C(=O)N1CC(C)(NC(=O)Cn2ccccc2=O)C1,0.0002593477246661727
Cc1sc(-c2ccccc2F)nc1C(=O)NC1(CN)CCOCC1,0.0008479128494148354
Cc1scc(C(=O)N[C@H]2CC[C@H](NC(=O)c3ccsn3)CC2)c1N,0.0006872980025422621
Cn1c(C(=O)OC2CCC3CC3C2)cc2c1CCOC2,0.0004552027848261668
Cn1c(CN2CCC(F)(CO)C2)nc2cc(Cl)ccc21,0.0010209176864573065
Cn1ccnc1CCNC(=O)c1ccc(C(N)=O)cc1Br,0.000534522783233568
N#Cc1cc(C(=O)N2CC3(CCN(C(=O)CC4CC4)C3)C2)ccc1Cl,0.6167897251671811
N#Cc1cccc(-c2cc(CN3CCC(N)C4(CCC4)CC3)on2)c1,0.8807065706638891
N#Cc1cnc(NC2CCCC3CN(C(=O)Cn4nccn4)CC32)cn1,0.001024369058354306
NC(=O)c1ccc2c(c1)CCN2C(=O)NCc1ccc(Cl)cc1F,0.0014148845967983453
Nc1ncnc2sc(C(=O)N3CC(CC(N)=O)C3)cc12,0.194701528064356
O=C(C[C@H]1CCOC1)NC1CCCC1CNC(=O)c1ccc[nH]1,0.00044516486145442565
O=C(COC1CCNC1)Nc1ccnc(-c2ccc(Cl)cc2)c1,0.0009423882856212295
O=C(NC[C@]1(C(=O)O)C[C@@H]1C(F)(F)F)c1cccc2c1COC2,0.0004016491899238027
O=C(NC1CCCN(c2nc3c(cc2F)CNC3=O)CC1)c1ncc[nH]1,0.00044169925495827025
O=C(NCc1nnc[nH]1)C1(Cc2ccccc2)CCCN1,0.00022392854582645237
O=C(Nc1nc2c(s1)COCC2)NC(c1ccccc1)C1CC1,0.001819482021260357
O=C(O)CC1COC2(CCN(c3ccn(-c4ncccn4)n3)CC2)C1,0.6430388432400076
O=C(c1n[nH]c(=O)c2ccccc12)N1CCCCC2(CC2)C1,0.3689406947476461
O=C(c1ncccc1O)N1CCOCC1C1(Cc2ccccc2)CC1,0.0005249096417205922
O=C1C[C@H](C(=O)NC2CCN(C(=O)c3cc(Cl)c(Cl)[nH]3)C2)CN1,0.0002563067434110641
O=C1CC(C(=O)Nc2cccc3c2C(=O)OC3)C2CCCCC2N1,0.0006165826961977617
O=C1CC(c2ccc(NC(=O)NCCC(O)C3CC3)cc2)CN1,0.000643868324476496
O=C1CC2(CCN(C(=O)CCCc3cccnc3)C2)Oc2ccccc21,0.0003369572655341651
O=C1CNc2ccc(C(=O)N3CC4CC4C3)cc2N1CC(F)(F)F,0.2085101073819438
O=S(=O)(CC1(CF)CCC1)N1CCC(F)(F)C(CO)C1,0.0004859522597551139
c1cncc(SCC2CCN(Cc3noc4c3COCC4)CC2)c1,0.0003313571463589828
C[C@@H](C(=O)N1CC(CC(F)F)c2ccccc21)n1cnnn1,0.0005698701080139638
C[C@H](CNC(=O)CCC1(C)CC1)NC(=O)c1c(Cl)cccc1C#N,0.0013482026361067156
C[C@H](NC(=O)CCCC(N)=O)C1CCN(C(=O)C2(C#N)CC2)CC1,0.14409451900344053
C[C@H](NC(=O)NCCN1Cc2ccccc2C1)c1cccs1,0.0004661153412438185
C[C@H](NC(N)=O)C(=O)N(C)CC1CCCN(C(=O)C2(O)CC2)C1,0.10398544870121136
C[C@H]1CN(c2ncccn2)C[C@H]1NC(=O)c1ccn2c1CCCC2,0.0012903216733942617
CC[C@@H]1CN(c2nc(C#N)c(Cl)s2)C[C@@H]1NC(=O)CN(C)C,0.000995066562182419
CC(=O)N1C2CCCC1CN(C(=O)c1ccc(-n3cccc3)cc1)C2,0.0005646649170707646
CC(=O)N1CCCN(C(=O)Nc2ccccc2-n2cccn2)CC1,0.0010313159334891912
CC(=O)NC(C)C(=O)N[C@H]1CCN(CC2CCOC2)C1,0.00021735394417703627
CC(=O)c1ccc(NC(=O)c2ccc(C3CC3)cc2)cc1O,0.0015917938646183313
CC(C#N)C(=O)N1CC2CCCC1C2CNC(=O)[C@H]1CNC(=O)N1,0.00040628150773655005
CC(C(=O)N(C)C1CCN(C(=O)C2CCCC2(C)C)CC1)c1ccco1,0.0004554629688129092
CC(C(=O)N(CCN(C)C(=O)C1(O)CC1)C(C)C)S(C)(=O)=O,0.0003609554638818473
CC(C(C)Sc1ccccc1F)N1CCC12CCS(=O)(=O)CC2,0.0010909093078408172
CC(C)C(CCN(C)C(=O)c1ccnc2[nH]ccc12)NC(=O)C(C)(C)C,0.0009514176466749836
CC(C)Oc1ccc(Oc2ccc(CNCC34CCCNC3CC4)cn2)nc1,0.001357113830716018
CC(CNC(=O)N[C@H]1C[C@@H]1c1ccccc1)N1C[C@H](C)O[C@H](C)C1,0.0002447279856561417
CC(Nc1ccccc1)C(=O)N[C@@H](C)CCNC(=O)Cc1ccnn1C,0.001189334239166739
CC(O)C(=O)N1CCN(C(=O)CCc2ccon2)C(CCO)C1,0.0002432251945449395
CC(O)C1CN1C(=O)c1ccc(NS(C)(=O)=O)nc1,0.000529502142922472
CC(O)CCCC(=O)N(C)CC1CCN(C(=O)c2cccnc2N)C1,0.0007162967965798802
CC(O)CN(CCNC(=O)c1cccc(N(C)C)c1)C1CC1,0.00029342980750819
CC(O)CN1CCCCC2C(NC(=O)c3cccc(C4CC4)c3)C21,0.0006483946665499468
CC1(C(=O)Nc2ccccc2OC2CCCCC2)CCC(=O)NC1,0.001479872972464703
CC1(C)C(CNC(=O)c2cnn3ccccc23)C1Nc1cc(=O)[nH]c(=O)[nH]1,0.20910068589966646
CC1(CNc2cc(=O)[nH]c(=O)[nH]2)CCCN(C(=O)c2ncccc2F)C1,0.3181609375400007
CC1(NC(=O)c2cc(O)cc3ccccc23)CN(C(=O)C2CC2)C1,0.5455702896621127
CC1=NC(C)(CN2CCCc3nc(-c4ccccc4)ncc32)CS1,0.00199006482659761
CC1C(=O)NCCCN1C(=O)c1cc2cccc(Cl)c2s1,0.3935900569122152
CC1C(C(=O)O)CCN1C(=O)C(O)c1ccc(Br)cc1,0.00047326230715639977
CC1CCN(C(=O)C2(C(C)(F)F)CC2)CC1NC(=O)CC1CC1,0.3784796459851223
CC1COC(C(=O)N2CC(CNC(=O)c3ccc(F)cc3F)C2)C1,0.16222402234422878
CC1COC(CNC(=O)NC2CC(c3cccc(Cl)c3)C2)C1,0.0010933151279406716
CCC(=O)N1CC(C)C(NC(=O)c2cc(-c3ccccc3)nn2C)C1,0.000701789328629973
CCC(=O)N1CCc2c(NC(=O)N(C)[C@@H]3COC[C@H]3OC)cccc21,0.0008874663982821391
CCC(=O)NC(C)CN(C)C(=O)c1ccc(N(C)C)nn1,0.0003432532693750653
CCC(C#N)C(=O)NC1(CNC(=O)C2(C)CCc3ccccc32)CCC1,0.001565408564411033
CCC(C)c1ccc(Cl)c(S(=O)(=O)N2CCC[C@@H](CO)[C@H]2C)c1,0.0005411496485354275
CCC(O)CC(=O)N1CC(C)(NC(=O)c2cccc3c2COC3)C1,0.0003368580771098893
CCC1(C(=O)N2CCN(C(=O)c3ccnc4ccsc34)[C@@H](C)C2)CC1,0.2607370896931158
CCC1=NOC(C(=O)NCC2CN(C(=O)c3ccncc3O)C2)C1,0.14801592631099397
CCCN1CCC(CNC(=O)c2cnn3ccccc23)CC1,0.15376946369416888
CCCOc1ccccc1CNC(=O)N1Cc2ccccc2N(C)CC1C,0.0016330164081453842
CCN1CCC(NC(=O)CCOc2ccc(C)cc2C)C(F)(F)C1,0.0005029808130974569
CCOC(=O)c1[nH]cc(NC(=O)c2ccnn2CCC(F)(F)F)c1C,0.48567600984624715
CCOC(=O)c1cc(CNCc2ccc(N3CCCC3=O)cc2)n[nH]1,0.0011532910622924814
CCOCC1CCCN(C(=O)CCC(=O)c2cnn(C)c2)C1,0.00043726750543038626
CCOc1ccc(CNC(=O)c2cccc(OC(F)(F)F)n2)cc1,0.001109640843151323
CCSC1CCCC(NC(=O)NC2CC3(CC3)C2)C1,0.0007284337305240575
CCc1c(Cl)ncnc1NCC1(O)CN(C(=O)C2CCC(C)C2)C1,0.0006230402331204143
CCc1cc(C(=O)N2CCC(NC(=O)C3(COC)CC3)C23CCC3)no1,0.0007782907314988149
CCc1cc(N[C@H](C)CNC(=O)c2c[nH]c(C)cc2=O)nc(C)n1,0.00045400160580049846
CCc1ccc(CNC(C(=O)OC)c2ccc(OC)cc2)s1,0.0006768759369579496
CCc1nccn1CC(C)Nc1nc(C2CCC2)cs1,0.0012967436743449798
CCc1nnc(C(=O)N(C)C(C)CNc2nnc(C(F)F)s2)[nH]1,0.0003565794236900235
CCc1nsc(CN2CCOC(C(=O)C3CCCCC3)C2)n1,0.00033250787144620595
CCn1cc(C(=O)NCC(O)CNc2cc(OC)ncn2)cn1,0.0004737017974071769
CN(C)C1(C(=O)NCC2COCCN(C(=O)c3c[nH]nc3N)C2)CC1,0.0003754429936856392
CN(C)CCC1CCN(C(=O)c2cccc3c2[nH]c(=O)n3C2CC2)C1,0.4318529233138005
CN(CC1CCOC1)CC(O)CN(C)C(=O)c1ccc2cnccc2n1,0.0004014459205012933
CN(CC1CCS(=O)(=O)C1)C(=O)c1cccc2c1CCOC2,0.00041105001515495844
CN(Cc1cccnc1)C(=O)NC1CC(=O)N(c2ccc(F)cc2)C1,0.0008908974720525741
CN(c1ccc(C#N)nn1)C(CNC(=O)c1ccco1)C1CC1,0.001349329353388246
CN1C(=O)O[C@H]2CN(Cc3csc(C(C)(C)C)n3)C[C@H]21,0.0004794311552958305
CN1CCC(C)(COC(=O)c2ccc(Cl)c(-c3nnc[nH]3)c2)CC1,0.5727032235169123
CN1CCC(N2CCN(C(=O)c3cccc4c3OCCC4)CC2)C1,0.0005500388047117907
CN1CCC(NCc2nn(-c3ccccc3)cc2Cl)CC1=O,0.0005823713245474953
CNC(=O)CCC(=O)NC1(CNC(=O)C(F)C2CCOC2)CC1,0.09303098777950558
CNC(=O)NCC(=O)N1CCC(C)(NC(=O)c2cn[nH]c2)C1,0.00019954800851216514
COC(=O)c1ccc(CN2CC(CO)CC23CCOCC3)c(Cl)c1,0.0006071597867514615
COC(C)c1cn([C@@H](C)CNC(=O)[C@@H]2CC[C@H]3CCCC[C@H]23)nn1,0.0010906204281346148
COC(C)c1nc(CNC(=O)c2ccc3c(c2)OCC(C)O3)no1,0.00046254258654974034
COC1(C(=O)N2CC3CCC(C2)N3C(=O)C2CCCC2C)CCCC1,0.0011061519780741402
COC1(C(=O)N2CCCC2CNC(=O)CC2CC2(C)C)CC1,0.0005569359034553005
COC1(CNC(=O)N2CCN(C(C)(C)CC(=O)O)CC2)CC1,0.00030099157523997975
COC1CN(C(=O)Nc2nccn2-c2ccccc2)C(C)(C(=O)O)C1,0.0008736549402490125
COC1CN(c2nnnn2Cc2cc(C(C)(C)C)ccn2)CC1(C)C,0.0006831897986060304
COCc1cc(NC2COC3(CCNC3)C2)n2ncnc2n1,0.0003997227407836125
COCc1cn(C2(C(=O)NC3CC4(CCC4)C3)CCOCC2)nn1,0.0011103474932398288
COc1cc(CN2CCN(c3nnc(C)n3C)CC2)ccc1Cl,0.0013639624587648313
COc1ccc(C2(CNC(=O)NC3CCn4cncc43)CC2)cc1OC,0.0005556912895075027
COc1ccc(NC(=O)Cc2cccc(O)n2)cc1OC(F)F,0.0009309323370260752
COc1ccccc1[C@@H](O)CNCc1cc(C)ncc1Br,0.0005434552359162128
COc1cncc(C(=O)N[C@H]2C[C@H](NC(=O)c3c(C)c1C)C2)c1ccccc1,0.0
COc1cncc(C(=O)NCC(O)CNC(=O)C2CC(F)(F)C2)c1,0.00023649375172981723
COc1ncc(C(=O)N2CC3(C2)CC(C)(C)C3)c(C(F)F)n1,0.00044808400172688503
Cc1c(C(=O)N=S2(=O)CC(C#N)C2)oc2ccccc12,0.001187929455441743
Cc1cc(=O)[nH]cc1C(=O)NC1CCCCN(C(=O)C2(C)CC2)C1,0.00042658701235934865
Cc1cc(C(=O)NCc2ccccc2OCCN2CCCCC2)ccn1,0.0003968397145343704
Cc1cc(C)cc(CNC(=O)[C@H](C)N2CCOCC2)c1,0.00031693296347019563
Cc1cc(NCC(O)CNC(=O)C(O)C2CCCC2)nc(Cl)n1,0.24884756324808724
Cc1cc(Cl)ccc1N1CC(C(=O)NC2(C(N)=O)CC(CO)C2)CC1,0.00041406377779182964
Cc1cc2c(cn1)CCN2C(=O)NCCc1ccc(N(C)C)nc1,0.0006323471973654084
Cc1ccc(C#N)cc1NS(=O)(=O)Cc1ccc2c(c1)OCCO2,0.000948963041841386
Cc1ccc(C(=O)N(C)C(C)CNc2nccc(CO)n2)c(F)c1F,0.0008141521404828795
Cc1ccc(C)c(C(=O)NC(C)CCNC(=O)C2(c3ccccn3)CC2)n1,0.0003849772308702032
Cc1ccc(Br)cc1CNC(=O)C1(C)CC(N)C1,0.0009997283469621323
Cc1ccc2cc(S(=O)(=O)NCC(O)(CO)CO)ccc2c1,0.0003450307474913306
Cc1cccc(OCCC(=O)NCc2cc(C)ncn2)c1C,0.0005202410100936199
Cc1ccnn1CC(=O)N1CC2CC1CN(C(=O)c1cccnn1)C2,0.14632434488582916
Cc1cnc(C(=O)N2CC([C@H](C)NC(=O)Cc3conc3C)C2)c(C)c1,0.17895743125971741
Cc1conc1C(=O)N1C[C@H]2CCN(C(=O)Cc3ccoc3)CC[C@H]2C1,0.00044521774224400934
Cc1nc(C)c(CN2CCN(CCNC(=O)C(C)C(C)(C)C)CC2)s1,0.0005019742080595238
Cc1ncc(C(=O)NCC2CN(c3nccnc3F)CCCO2)o1,0.26782675150571156
Cc1ncc(CC(=O)NC[C@H]2C[C@@H](Nc3ncc(C#N)cc3F)C2)s1,0.0016825073954880338
Cc1nccnc1CN1CC2(C1)CN(C(=O)C1(C(C)C)CC1)CCO2,0.0006238447846299462
Cc1noc(N)c1C(=O)NC(C)CN(C)C(=O)C1(C)CC2(CC2)C1,0.18104997204564932
Cc1ocnc1C(=O)NCC1C(C)CCCN1C(=O)C(C)(C)O,0.23230685049686906
Cn1ccc(C(=O)N2C3CCC2CN(C(=O)C(C)(C)C)C3)cc1=O,0.0004140752549319873
N#Cc1cc(CN[C@@H]2CC[C@@H]2c2ccccc2)ccc1NCCO,0.0007246069113531321
N#Cc1cncc(NCC(NC(=O)C2CN3CCC2CC3)C2CC2)n1,0.0008305447059281738
N[C@H]1CC[C@H](NCc2cccc(S(=O)(=O)N3CCCCC3)c2)CC1,0.0003721725264457964
NC1CC2(C1)CC(NC(=O)N1CC(C(F)F)C3(CCC3)C1)C2,0.0004973947219883998
O=C(CCc1nc(-c2ccccc2F)no1)NC1CCC2(CC1)CC2CO,0.759184882674734
O=C(Cc1ccccc1O)N1CCS(=O)(=O)CC1C1CC1,0.00041851670845316935
O=C(Cc1ccon1)NCC1CN(C(=O)C2CCc3cn[nH]c32)C1,0.13020658642240754
O=C(N[C@H]1C[C@@H](NC(=O)C2=CNc3ncnn3C2)C1)c1ccc(F)o1,0.2025082589872999
O=C(NC1(CO)CC(F)(F)C1)c1cnc2ccccc2c1Cl,0.3260712521868567
O=C(NC1CC2(C1)CN(C(=O)CC1CCC(F)(F)CC1)C2)C(F)F,0.0005450279755943064
O=C(NC1CCC12CCCC2)c1cncc2nc[nH]c12,0.7726567717119828
O=C(NC1CCNCC1)c1cc(-c2ccccc2Cl)n[nH]1,0.0007376849449444579
O=C(NCC1(c2ccccc2)CCC1)N1CCC(CCO)CC1,0.0006376048095781721
O=C(Nc1cc(Cl)ccc1F)N1CCC(C2(O)CC2)CC1,0.0014435067732013922
O=C(Nc1ccncc1O)c1cnn(C2CC2(F)F)c1,0.0011029591485325321
O=C(c1nc2ccccn2c1Cl)N1CCC2C(C1)C2(F)F,0.0008259343815591278
O=C1N[C@H](C(=O)NCC2CCN(C(=O)C3CC4CC4C3)CC2)CCO1,0.1270099374889072
O=S1(=O)NC2(CN(c3ncccc3Oc3ccccc3)C2)CC12CCC2,0.26365850746173114
C[C@H]1C[C@@H]1C(=O)N1CC(NC(=O)c2ccnc(N3CCOCC3)n2)C1,0.0002377642685487929
CC(=O)[C@@H]1C[C@H](CC(=O)NC[C@H]2C[C@@H](NC(=O)C3CC34CCC4)C2)C1(C)C,0.0004905104239344511
CC(=O)N(C)c1ccc(NC(=O)NCC2(O)CC3CCC(C3)C2)cc1,0.0007173053748890224
CC(C(=O)CCC(=O)N[C@@H]1CCCN(C(=O)c2cnccn2)C1)C1CC1,0.3439834832224984
CC(C(=O)N1CCCN(C(=O)C2(C)CC2)CC1)c1ccco1,0.0006435302741237589
CC(C)(C)c1cc(CNC(=O)CN2CCCC2c2ccncc2)ccn1,0.0008166465892161137
CC(C)(c1cccc(OCC(=O)OC2CCOC2)c1)S(C)(=O)=O,0.0004196783168678996
CC(C)C[C@H]1CNCCN1C(=O)Cc1ccc(-c2ccccc2)nn1,0.0007151134395038055
CC(C)C(=O)N[C@H](C)C1CN(C(=O)c2cn3cccc(Cl)c3n2)C1,0.0005326480570554674
CC(C)C(O)c1cn(C2CN(C(=O)C3Cc4ccccc4C3)C2)nn1,0.0003868536656185549
CC(C)CCC1CCN(C(=O)NCc2nccc(C#N)c2F)CC1,0.0013607803460933393
CC(C)n1ncnc1N1CCN(C(=O)NC2CS(=O)(=O)C2(C)C)CC1,0.0008813574774438001
CC(CN(C)C(=O)c1ccc(O)cc1)NC(=O)c1cn[nH]c1C(C)C,0.0005707694398617181
CC(CNC(=O)C1(C2CC2)CC1)N(C)C(=O)c1cccc2c1COC2,0.00038597842891450383
CC(CO)C(=O)N1CC(C)(C)C[C@H]1CNC(=O)c1ccn2nccc2c1,0.11080904417426793
CC(NC(=O)C1(C)CC1(F)F)c1cn([C@@H]2CNC2)nn1,0.00048053698504878364
CC(NC(=O)C1(C)CC1)C1CN(C(=O)c2c(Br)cnn2C)C1,0.0003971702848451716
CC(NC(=O)c1ccc(Cn2cc(Cl)cn2)s1)C(F)(F)F,0.0007110847012120105
CC(NC(=O)c1ncccc1Cl)C1CN(C(=O)c2ccoc2)CCO1,0.0004146094370415885
CC(O)CCCC(=O)N1CCC2(CC1)CN(C(=O)CC1CC3(CC3)C1)C2,0.0006076450573259574
CC(Oc1ccccc1F)C(=O)Nc1cnn(C2CC2)c1Cl,0.001778345773604576
CC(F)(F)CNC(=O)CCC(=O)N1CC(=O)Nc2ccccc21,0.0004107523542222096
CC1(C(=O)NC[C@H]2C[C@H](NC(=O)c3ccno3)C2)CCC(F)(F)C1,0.0003992654492006759
CC1C(C(=O)N[C@H]2C[C@H](Nc3cc(O)ncn3)C2)C1c1ccccc1,0.0006647539810678978
CC1CC(C#N)(C(=O)Nc2ccn(CC(=O)N3CCOCC3)n2)C1,0.0007516875191303142
CC1CC(C(=O)N2CC[C@H](NC(=O)C3(O)Cc4ccccc4C3)C2)C1,0.0003796675871769893
CC1CN(C(=O)c2c(Br)cnn2C)c2ccccc2C1,0.0010124347933805036
CC=Cc1cn(C2CCN(C(=O)c3ccc(Br)cn3)C2)nn1,0.0011073653788340723
CCC(=O)N1CCC[C@@H]1CN(C)C(=O)c1coc2c(F)cc(Cl)cc12,0.6601252327377334
CCC(C)(C#N)C(=O)N1CC2CCC1CN2C(=O)Cc1ccc(F)cc1,0.0009335227300245867
CCC(C)CC(C)C(=O)N1CCCC(S(=O)(=O)NC2CC2)C1,0.000553323522352125
CCC(F)C(=O)NCC1CCN1C(=O)c1csc2cc(C)oc12,0.0007600319902297587
CCC1(C(=O)N(C)CCCN(C)C(=O)C2(C#N)CC(=O)C2)CC1(F)F,0.0005716647698127976
CCCC(=O)N1CC(CN(C)C(=O)C2(O)CCC2)CC12CCOCC2,0.000795126708178486
CCCC(C(=O)N1CCCC1(C)CNC(=O)C1CCSC1)N(C)C,0.0003554898758326201
CCCCC1CCC(NC(=O)C2(N(C)C)CCOc3ccccc32)C1,0.0009970250847001509
CCCN(CCC(=O)O)C(=O)c1ccc(N=S(C)(C)=O)s1,0.0009486815579197115
CCCN1CCC2(C1)CN(C(=O)c1cnc(CCC)s1)CC(C)O2,0.0009093745912192012
CCN(CC)c1ccnc(NCc2cnc(C(=O)O)s2)n1,0.0006143945347811805
CCN(Cc1ccccc1Cl)C(=O)C1CN(C)CCN(C)C1,0.00045558211396388927
CCN1CCN(C(=O)c2cccc(OCc3ccccc3F)c2)CC1=O,0.0005754183566953508
CCN1CCOCC1C(=O)NC1(CC(C)(C)C)CCCC1,0.0009184096139347758
CCOC(=O)c1cnc2c(C#N)cccc2c1N1CC2(CC(OC)C2)C1,0.001643347411555502
CCOc1cc(C(=O)NC(c2cccnc2)C(F)F)oc(=O)c1,0.0006512370679977044
CCOc1cc(C(=O)Nc2c(F)ccc3c2OCCO3)n[nH]1,0.0012841333206188045
CCc1cc(C(=O)NC(CC)CNC(=O)c2cccc(C)n2)ccc1O,0.0005878691212913457
CCc1cc(NC2(CNC(=O)[C@@H]3CC(=O)NC(=O)N3)CC2)nc(C)n1,0.16227543027629523
CCc1ccc(S(=O)(=O)N2CCC2(CC)Cc2ccccc2)cc1,0.001280755208389835
CCc1cccnc1C(=O)N[C@H]1C[C@@H](CNC(=O)c2ccc(C)o2)C1,0.1819320106554951
CCn1cnc(C(=O)N2CCC[C@@H]2CNc2nccc(C)n2)n1,0.00039529579190170235
CN(C)[C@H]1C[C@H](C(=O)N2CC(NC(=O)CCSC(C)(C)C)C2)C1,0.00035582210551977553
CN(CCN(C)C(=O)CCCN(C)C)C(=O)CC1(O)CCCN(C)C1,0.0003270744649963321
CN(CCNC(=O)c1c[nH]cc1-c1ccccc1)C(=O)C1(C2CC2)CC1,0.8427983461344998
CN(CCNC(=O)c1cccc2c1OC(C)(C)C2)C(=O)C1(CF)CC1,0.3759853900925143
CN(CCOc1ccccc1C#N)CC1CCN(C(=O)C2CC2(F)F)C1,0.001087230159278204
CN(CCc1ccc(F)cc1)C(=O)CC1CS(=O)(=O)C2CCCC12,0.0004896860937586018
CN(Cc1cn(-c2cccnc2)nn1)C(=O)C1(N2CCOCC2)CC1,0.00033456182548786045
CNC(=O)N1CCN(C(=O)c2ccc3c(c2)n(C)c(=O)n3C)CC1,0.0005429957797651713
CNC(=O)c1cc(NCCC(=O)N2CCCCC2C)ccc1Cl,0.0007597065982511678
CNS(=O)(=O)c1cnn(Cc2ccc(C)cc2Br)c1,0.0005150850822771249
CO[C@@H]1CCCN(Cc2cccc(OC(C)C#N)c2)[C@@H]1C(=O)O,0.0007060688507560924
COC(C)(C)CC(=O)NC(CNc1ccc(C#N)nc1)C1CCCCC1,0.8060178578569911
COC(C)(C)c1cn(CCNC(=O)C2(CF)CC2)nn1,0.000360843760507228
COC(C)CCC(=O)NC[C@H](C)NC(=O)c1cc(Cn2cccn2)on1,0.0003082066412592313
COC12CCC(c3cnn(C)c3)(CC1)N(C(C)=O)CC[C@H]2C,0.00148672979423929
COCC(=O)NCC1C2CCCC1N(C(=O)c1cc3cc[nH]c3s1)C2,0.000587863908810225
COCC(O)(CSc1ncc(-c2ccccc2)cc1C(=O)OC)COC,0.001219565714320089
COCCC1(NC(=O)c2sccc2Cl)CCNC1,0.0008492201906660643
COc1cc(=O)[nH]cc1-c1nc(CSCC2CC2)no1,0.0015736841681654689
COc1cc(C)ccc1C(=O)N1CCC[C@@H](NC(=O)c2ncccn2)C1,0.23953671602353344
COc1cc(N2CCC(NC(=O)N3CCCC(C)(C)C3)C2(C)C)ccn1,0.0017259525892893116
COc1cc2c(cc1CCN(C)Cc1nc(C(C)OC)no1)OCO2,0.0008325729658695189
COc1cccc(C(CNCc2ccncc2)NC(=O)OC(C)(C)C)c1,0.0007612853215105983
COc1cccc(OCCC(=O)N2Cc3ccccc3C(N)C2)c1,0.0005373386572687539
COc1ncc(Cl)c(N2CCC[C@@H]2CNC(=O)c2cncnc2)n1,0.0007942608204842418
CS(=O)(=O)CC(=O)N1CCCN(CC2CCOC2)CC1,0.0002997458433104085
CS(=O)C1CCCC(NC(=O)N2CCCCc3ncccc32)C1,0.0008028174972122413
CSC1(C(=O)NCC2CCCC2NC(=O)c2occc2C(C)C)CC1,0.001561088699731512
CSCc1cccnc1C(=O)N1CCN(c2ccnc(C)n2)CC1,0.0006178845966661185
CSCc1cn(CCC(=O)NCc2ccc(SC)cc2)nn1,0.0007912131955931993
Cc1[nH]c2ncnc(NCC(C)N(C)C(=O)CCC3CC3)c2c1C,0.0013775226132649566
Cc1[nH]ncc1C(=O)N1CCCC1C(C)(C)NC(=O)C1CCOCC1,0.35693862200090604
Cc1cc(-c2cn(C3CN(C(=O)C4CCSC4)C3)nn2)cc(C)n1,0.30597928609644703
Cc1cc(=O)c(C(=O)N2CCC3(CCN(CCF)C3)C2)c[nH]1,0.0004060288457136133
Cc1cc(C(=O)N2CC3CC2CN(C(=O)[C@@H]2CCCO2)C3)nn1C(C)C,0.000553346472603185
Cc1cc(C(=O)NC(C)(C)c2n[nH]c(C)n2)cc(OC2CCC2)c1C,0.0007813272802032725
Cc1cc(C(=O)NC2CCN(c3ncc(O)cn3)C(C)C2)[nH]n1,0.0005111932151690384
Cc1cc(CC(=O)NC(CNc2cc(O)ncn2)C2CCCC2)n(C)n1,0.0005057792488097637
Cc1cc(CCC(=O)NCCN(C)C(=O)c2cc(C)[nH]c2C)no1,0.000356139572089505
Cc1cc(N2C[C@H]3OC[C@@H]2[C@@H]3O)nc(NC2CCN(C)CC2)n1,0.0007359811760438183
Cc1cc(N2CCCN(C(=O)c3sccc3CN(C)C)CC2)[nH]n1,0.0010110213573395485
Cc1ccc(-c2ccccc2)c(NC(=O)C2CC2N)c1,0.0010676873086867577
Cc1ccc(F)cc1C(=O)NC1CN(C(=O)CCOC2CC2)CC1C,0.0006164359227317812
Cc1ccc(Cl)c(C(=O)OC(C)C2NC(=O)CN2C(C)C)n1,0.000507019230686088
Cc1cccnc1C(F)(F)C(=O)N(C)C1(C)CCOCC1,0.00040951581873743446
Cc1ccn(CC(=O)N2C3CCCC2c2cc[nH]c2C3)n1,0.0011423352983608145
Cc1cnc(C(=O)N2CC(CNC(=O)Cc3sccc3C)C2)cn1,0.0004047429529544212
Cc1cncc(C(=O)N2Cc3nc(N)nc(O)c3C2)c1O,0.0008740715326793832
Cc1conc1CS(=O)(=O)N(Cc1cnn(C)c1)C1CC1,0.000423956414188901
Cc1nc(C(=O)N(C)C2CCCN(Cc3cccnc3C)CC2)co1,0.00034413676880365354
Cc1nc(N)nc(N2CCCCC2CNC(=O)c2cn(C)cc2C)n1,0.5343626818087365
Cc1ncc(N2CC3CN(C(=O)OC(C)(C)C)CC32)cn1,0.001062489365490874
Cc1ncccc1-c1ccc(C(=O)NCC2COCCN2CCF)n1C,0.000609624977907915
Cc1nn(-c2ccccc2)cc1CN[C@@H]1CCNC[C@H]1F,0.0005085804384780482
Cc1nn(CC(=O)NC[C@H](C)n2cc(C3(C)CCCO3)nn2)c(=O)o1,0.00019355721792247422
Cc1nonc1CC(=O)N1C[C@H]2[C@H](NC(=O)CC3(C)CCCC3)[C@H]2C1,0.0002863817166484565
Cn1c(C(=O)N2CC[C@@H](NC(=O)C3CCC(O)CC3)C2)c[nH]c1=O,0.00023909645834137514
Cn1ccc(=O)n(CC(=O)OC2CCc3c(=O)ccoc32)c1=O,0.00034139726080380234
N#CC1(c2cccc(NC(=O)c3cc(C4CCNCC4)n[nH]3)c2)CC1,0.7751896649918544
N#Cc1cc(N2CC(=F)N(Cc3ccccc3)C2)ccc1C1CC1,0.0
N#Cc1cccc(C#N)c1N1CC[C@H](NCc2ccccc2C2CC2)C1,0.0012648885736320891
N#Cc1cccc(C(=O)NCc2nnc3n2CCC(C(F)(F)F)C3)c1,0.0006064096123843323
N#Cc1cccc(NC(=O)NCC(O)c2ccc(C(F)(F)F)cc2)n1,0.0008677001173552861
NC(=O)c1cccc(CCNC(=O)C[C@@H]2C[C@H]2c2ccccc2)c1,0.00042611195751528094
NS(=O)(=O)c1ccc(CN2CCn3c(cnc3C3CC3)C2)s1,0.000427600175237143
Nc1nnc(CCNC(=O)c2cc(Br)cc3c2OCO3)o1,0.0005560082374658359
O[C@@H]1CCC[C@H]1N1CCC(Nc2cnc(C(F)(F)F)cn2)CC1,0.0005375020245028036
O=C(CC1CC2(CCC2)CO1)N1CCOC2(C1)CN(C(=O)CCF)C2,0.0005728977124954317
O=C(CO)N1CCCN(Cc2ncc(Br)s2)CC1,0.0002660354679114205
O=C(NC1(CNc2ccc(C(F)(F)F)nn2)CCC1)C1(CO)CC1,0.00041025886022525777
O=C(NCC1CC2(C1)CC21CC1)c1ncoc1C1CCS(=O)(=O)C1,0.00030603024392401786
O=C(NCC1COc2ccccc21)NC1(CC2CC2)CC1,0.0006272123825199741
O=C(NCCC1(O)CN(c2ncc3cc[nH]c3n2)C1)C1(C2CC2)CC1,0.0009704799617942052
O=C(Nc1ccc(F)s1)c1ccc(N2CCC(O)C2)cc1,0.0011289564033680696
O=C(Nc1ccn(-c2ccncc2)n1)N1C[C@@H](O)C[C@H](F)C1,0.0006413173783785757
O=C(OCC1(C2CCC2)CC1)c1ccc(-n2cc[nH]c2=O)cc1,0.6509520715805754
O=C1NCC[C@H]2CCN(C(=O)NC(c3ccccc3)c3ccco3)C[C@H]12,0.0005407870589057679
O=C1NCCc2sc(-c3ncc4c(n3)COC)cc21,0.0
