smiles,score_UV_FILTER
C[C@H](O)C(=O)N1CCC(NC(=O)c2cc(C3CC3)[nH]n2)C12CCC2,0.00020077550438706682
C[C@H]1C[C@@H]1C(=O)N1CCC(F)(CNc2ncns2)CC1,0.00042573931600149793
C[C@H]1CN(c2ccnc(Cl)n2)C[C@H]1NC(=O)c1ccc(=O)[nH]c1,0.0007037424608316108
C=C(Cl)CCC(=O)N1C[C@H](C)[C@H](NC(=O)C2(COC)CCCC2)C1,0.000394782523067551
CC(=O)N[C@H]1CCN(C(=O)c2cnn(CC3CCOCC3)c2)C1,0.0005588772731032227
CC(C(=O)NCC1CCN1C(=O)COC1CC1)N1CCSCC1,0.00016307390007997465
CC(C)(C(=O)Nc1cnoc1C1CCOCC1)c1ccc(O)cc1,0.0010075309987812246
CC(C)(C(=O)O)[C@@H](NCc1ccc2nnnn2c1)C1CC1,0.000261677774014616
CC(C)(C)OC(=O)C1CCN(S(=O)(=O)CCn2ccnn2)C1,0.00021563015553986638
CC(C)(CC(=O)N1CCCC(NC(=O)c2ccns2)C1)C(F)F,0.0005843145578777923
CC(C)(O)CCC(=O)N1CCC(NC(=O)c2cnc(N)o2)CC1,0.18968825801506461
CC(C)C(F)C(=O)N(C)C1CCN(C(=O)[C@H]2C[C@@H](O)C2)CC1,0.0003262429004797682
CC(C)Oc1cc(C(=O)NC[C@@H](C)NC(=O)CC23CC(C2)C3)ccn1,0.18485608746634366
CC(C)c1ccc(CN[C@@H]2COC[C@@H]2NC(=O)OC(C)(C)C)c(=O)[nH]1,0.0004951395181547625
CC(C)c1n[nH]cc1S(=O)(=O)NC1CCC(C)(C)C1,0.000822348960462962
CC(C)c1ncc(CN2CC(NS(=O)(=O)N(C)C)C2)cn1,0.00022979010361811168
CC(CC(=O)NCC1CC(NC(=O)C2(C#N)CCC2)C1)C(F)F,0.20400036227943422
CC(CNC(=O)C1CCCO1)NC(=O)c1ccc2ccccc2c1F,0.0005969816468850378
CC(CNC(=O)CNC(=O)C1CC1)NC(=O)c1c(C#N)cnn1C,0.22236325414845232
CC(O)CCCC(=O)N1CC2(C1)CN(C(=O)[C@@H](O)C(C)C)CCO2,0.00023029629332529272
CC(F)(F)C(=O)NC1CCN(C(=O)CC2CCNC2=O)C12CCC2,0.1493369086898785
CC1(C)CC(C)(C(=O)N[C@H]2C[C@H](NC(=O)C(C)(F)C(C)(C)F)C2)C1,0.0008283081841725461
CC1(C)CC(O)(CC(=O)N2CCC23CC(C(F)F)C3)CO1,0.3069434271038746
CC1(C)OC[C@@H](C(=O)NCC(O)CNC(=O)C2CC2C2CCCC2)O1,0.00042957875544033145
CC1=C(C(=O)NCc2nc(C)cc(Cl)n2)Cn2nnnc2N1C,0.3353886975554766
CC1CC(C#N)(C(=O)N(C)C(C)CNC(=O)C(C)n2cccn2)C1,0.0013320088932244913
CC1CC(C(=O)N2CCC(C)(C)C(CNC(=O)c3ccon3)C2)CO1,0.00037610934784886187
CC1CCCN(C(=O)c2cccc(-n3cncn3)n2)C1C,0.0006895642412572303
CC1CCOC1CC(=O)N1CC(NC(=O)C23CCCC(CO2)C3)C1,0.00038581276112380035
CC1CN(C(=O)C2(C3CC3)CC2)CCN1C(=O)c1ccc(CN(C)C)[nH]1,0.0004419918356188167
CC1COCC(C)N1CC(=O)N(C1CCCC1)C1CCS(=O)(=O)C1,0.00038236874428673116
CC1NC(=O)C(C)N(C(=O)c2[nH]ccc2C2CC2)C1C,0.00042636881990205564
CCC(C)C(=O)NC[C@@H](C)NC(=O)c1nnc(N)s1,0.00044181038969601103
CCC(C)CCC(=O)N1CCN(C(=O)c2nonc2N)C[C@H]1C,0.0005162266458460736
CCC(CC)(CNC(=O)N(C)c1ncccn1)N1CCOCC1,0.0005176223474645261
CCC(NCc1nc(C(C)C)no1)C(=O)N1CCCC1,0.00024146251111830001
CCC(O)[C@@H]1CCCN1C(=O)Nc1nn(C(F)F)cc1C,0.0007571169415382732
CCC(O)CC(=O)N1CCC[C@@H]1CCNC(=O)CCOC1CC1,0.0002531370069962957
CCC1(Nc2cc(C)nc(C3CC3)n2)CCN(C(=O)[C@@H](O)C(C)C)CC1,0.0013893313409128183
CCC1CC1C(=O)N[C@H]1[C@@H]2CN(C(=O)[C@@H](C)N(C)C)C[C@@H]21,0.00023558424742030392
CCC1CC1C(=O)NC1(C)CCN(C(=O)c2cnnn2C2CC2)CC1,0.0007789404208092901
CCC1CCCC1C(=O)NC(CNC(=O)[C@H](C)O)c1ccccc1,0.0006840421297076385
CCC1CCN(C(=O)NC2CCC3(CCCNC3)CC2)C1,0.0006363636842877378
CCCC(C(=O)N(C)CC1CCN(C(=O)[C@H]2CCC(=O)N2)C1)C(C)C,0.17793425691938428
CCCC(CC)CC(=O)N(C)CCCN(C)C(=O)c1nc(C)nn1C,0.0007532584352096764
CCCC(CNC(=O)NCc1ncnn1C)OC,0.00045494692382234525
CCCC1CC(C(=O)N2CCN(C(=O)c3oncc3C)CC2C)CCO1,0.000518760887963842
CCCCC(CNC(=O)[C@@H]1C[C@H]1C)NC(=O)c1cnc(OC)nc1,0.0006656355065104117
CCCn1ccc(C(=O)N2CCCC(N(C)C(=O)C3CCCO3)C2)n1,0.16444199459454314
CCN(CC)CC(=O)NC1CCCN(C(=O)Cc2ccc(C)o2)C1,0.0002494262854851677
CCN1CCC(N(C)C(=O)c2cccc(C(C)=O)c2)C1,0.167642907001199
CCN1CCC(n2cnc3c2CCN(C(=O)C(C)C)CC3)CC1,0.0006636438404190469
CCOC(=O)C1CN(C(=O)CCn2ccnn2)CC1N1CCOCC1,0.00022223909886569986
CCOC(=O)c1cccnc1N1CCN(C(=O)c2ccc(F)o2)CC1,0.5174456091228491
CCOC(C)C(=O)N1C[C@@H]2C[C@H]1CN2c1ncc(C)c(O)n1,0.24902257323838933
CCOCc1nc(C)c(C(=O)N(CC)CCNC(=O)C23CC2C3)s1,0.0003507299906084503
CCOc1ccc(NC(=O)Cc2c(C)noc2C)c(OCC)n1,0.0004798446092140864
CCOc1nc(C(F)(F)F)ccc1C(=O)N(C)Cc1nnc(CC)o1,0.00048305371112932697
CCS(=O)(=O)CC(=O)N1CCC(CNC(=O)C2(O)CC2)C(C)C1,0.19024065503030987
CCc1cc(C)nc(NCC(O)CNC(=O)Cc2ccccc2)n1,0.00040995275033670216
CCc1cc(N2CCN(C(=O)C(C)NC(=O)NC)CC2)ncn1,0.0003180117773746052
CCc1cccc2c(CC(=O)N3CC(C(CC)NC(C)=O)C3)c[nH]c12,0.000568200617556289
CCc1ncc(C(=O)OCCc2nc(C(C)(C)C)no2)s1,0.0006023167885738115
CCn1c(C(=O)NCC2(O)CN(C(=O)CCC3CCC3)C2)cnc1O,0.1969704925586317
CCn1nc(C(=O)NCc2nnc(N3CCCC3)o2)cc1C1CC1,0.0004773770047918069
CCn1nnc(C(=O)NCC2CN(C(=O)CCC3CCCC3)C2)c1C,0.0004025916353627045
CN(C)[C@@H]1CN(Cc2ccc(F)c(Cl)c2)C[C@@H]1O,0.00039651130117680306
CN(C)CC(=O)NC1(C)CCN(C(=O)C2COC(=O)O2)C1,0.0002802902507702633
CN(CC(=O)NCCC1(O)CN(C(=O)c2ccncc2F)C1)C(N)=O,0.00015850401221184814
CN(CCN1CC(O)C1)C(=O)CN1CCc2ccccc21,0.0005797762138074119
CN1CCCN(C(=O)CC2CSCCN2C)c2cc(F)ccc21,0.000808018058827384
CN1CCN(c2cc(C(=O)NCc3cccc(=O)[nH]3)ccn2)CC1=O,0.14420478215002483
CNC(=O)c1cccc(CCNC(=O)[C@@H]2C[C@H]3[C@@H](N2)C3(F)F)c1,0.000354029032894044
CNS(=O)(=O)CC(=O)N1CCCC(CNC(=O)C(O)C2CC2)C1,0.09448312476272211
COC(=O)[C@@H]1C[C@H]1COC(=O)Cc1c(Cl)cnn1C,0.0005503611480814791
COC(=O)C(CCN1CC(=O)N(C)c2ccccc21)c1ccccc1,0.4059231827502649
COC(=O)C1(CNC(=O)C2CCn3nnnc3C2)COC1,0.00011972996579627797
COC(=O)Cc1coc(CNCc2ncc(C)s2)n1,0.00043837842885406924
COC(=O)N[C@@H](C)C(=O)N[C@H]1CCN(C(=O)c2cnc[nH]2)C1,0.00024062540369061979
COC(=O)c1cc(NC(=O)N2c3ccccc3CC2C)cnc1OC,0.4672456409678706
COC(=O)c1ccnc2c1CN(C(=O)NC1COCCC1(F)F)C2,0.00022663888798075886
COC(C(=O)NC(C)CN(C)CC1CCOCC1)C1CCOC1,0.0003114323233944135
COC1(CNC(=O)CSC)CN(C(=O)C2(C#N)CCC2)C1,0.3356702268519529
COC1(CNC(=O)c2c(C(C)C)cnn2C)CN(c2nnco2)C1,0.0008199165232381978
COC1(c2nnc(N3CCC(F)C3)n2CC(C)C)CCC1,0.0005385088555520727
COC1CCC(C(=O)NC[C@@H](C)Nc2nc(C3CC3)ns2)C1,0.0006941409723025653
COCC(=O)NC1CCC(CNC(=O)c2ccc(Cl)cc2F)C1,0.0005815469141017185
COCC(O)C(=O)N[C@H](C)C1CN(C(=O)c2ncoc2C)C1,0.13290614584254648
COCCC1(C(=O)OC)CCN(C(=O)[C@H]2CC[C@@H](C(=O)OC)C2)C1,0.00035286097932711276
COCCN1C2CCC1CN(C(=O)c1cnn3c1CCCC3)C2,0.00043955354917709873
COCc1ccc(CNS(=O)(=O)CC23CC(C2)C3)cc1F,0.0004628920762788481
COc1cc(C(=O)N[C@H]2C[C@H](NC(=O)CN3CC4CC4C3)C2)nn1C,0.0001513326283124624
COc1ccc(C(=O)NCC(O)(c2nccn2C)C(F)(F)F)cc1,0.00043363039889886707
COc1ccc(CCNC(=O)C(C)NCC2CCC(C)(C)O2)cc1,0.00041625835209603535
COc1cccc(N2CCC(NC(=O)N(C)C3CCCOC3)C2=O)c1,0.0008145959946757598
COc1ccnc(CNC(=O)c2ccc3c(c2)C(=O)NCCO3)c1F,0.15834228871159658
COc1cnc(NC(=O)Cc2ccc(OC)nn2)cn1,0.0005451361595092121
CSC1CN(Cc2nc(C3CCCC3)no2)CC1N(C)C,0.0005720075379989057
Cc1cc(C(=O)N2CC(Nc3nccnc3F)C3(CCC3)C2)no1,0.29723580831077423
Cc1ccc(C(=O)N2CC(CN(C)C(=O)c3nc(O)n(C)n3)C2)cc1,0.0003262020794107086
Cc1ccc(C(=O)O)cc1CS(=O)(=O)NCCC(O)C1CCC1,0.0004427042868603077
Cc1ccc(F)cc1C(=O)N1CCCC(Nc2cncc(C#N)n2)C1,0.001606087241107104
Cc1ccnc(N[C@H]2C[C@@H](NC(=O)c3cnc(C4CCC4)[nH]c3=O)C2)n1,0.23735518365444155
Cc1cnn(C)c1C(=O)N1C[C@H]2[C@H](Nc3ccnc(Cl)n3)[C@H]2C1,0.2910440078684857
Cc1cnoc1C(=O)N1CCC(C(C)NC(=O)CN2CCOCC2)C1,0.0002643196545167791
Cc1cnsc1C(=O)N1CCN(C(=O)Cn2nnnc2C)[C@@H](C)C1,0.000357870261166471
Cc1csc(C)c1S(=O)(=O)N1CC(C)(CO)C1,0.00041310669459415113
Cc1n[nH]c(N2CCN(Cc3nccn3C(F)F)CC2)n1,0.0004778005464160473
Cc1nc(N(C)CC2CCN(C(=O)CO)C2)c(Cl)cc1C#N,0.0010226678337821931
Cc1ncn(C)c1C(=O)NC1(CO)CN(C(=O)C2(C#N)CCOC2)C1,0.0006341819354239646
Cc1sc(C(=O)NC2CN(C(=O)CC(C)C)C2)cc1C#N,0.2501473746261535
N#Cc1ccnnc1N[C@H]1C[C@@H](NC(=O)C2(CF)CC2)C1,0.001180298271224272
N[C@@H]1CCO[C@H]1C1CCN(C(=O)C2(C3CCCCC3)CC2)CC1,0.7536837648976438
NC(=O)c1ccccc1N1CCC(NCc2ccccc2F)CC1,0.00168613098334379
O=C(C1CCCO1)N1CC[C@@H](NC(=O)C2(CO)CCCO2)C1,0.00020858314666581134
O=C(CCC1CCOC1)N[C@@H]1CCN(c2nc(Cl)ncc2F)C1,0.001070248160618953
O=C(N[C@H]1C[C@H](CNC(=O)C2CSC2)C1)c1cn[nH]c1,0.0004850040293316352
O=C(N[C@H]1CCCC(F)(F)[C@@H]1O)c1c[nH]nc1-c1nnc[nH]1,0.0009766393687214853
O=C(N1CCOC([C@H]2COCCN2C2CC2)C1)C(F)(F)CC1CC1,0.0005130932908322004
O=C(NC1CCN(Cc2ccns2)C1)c1cnccc1C(F)(F)F,0.0005057152411514618
O=C(NCC1(CNc2ncnc3scnc23)CCC1)[C@@H]1CC1(F)F,0.001360680143193944
O=C(NCC12CCCC(CO1)C2)NCC(O)C1CCCC1,0.0007500981985285904
O=C(O)c1cccc2c1CN(CC(O)CC1CCOC1)C2,0.0004594350221011631
O=C1CCc2cc(C(=O)N3CCCC4(CC4)S3(=O)=O)cnc21,0.00017287387323144723
O=C1COCC2(CN(C(=O)c3cccc(Nc4ncccn4)c3)C2)N1,0.2354255504965628
O=C1NCCC12CCCN(Cc1cn(C3COC3)nn1)C2,0.0005328770982536711
O=S1(=O)CCN(CC2CC3(CCCC3)CO2)C2COCCN21,0.0005758354481197446
c1cc(CC2(NCC3OCCc4ccccc43)CCNCC2)ccn1,0.0007546839831075389
C[C@@H](CNC(=O)c1cncc(-n2ccnc2)n1)NC(=O)CCC1CC1,0.5072201125913393
C[C@@H](NC(=O)CCC(=O)N1CCOCC1)C1CN(c2nncs2)C1,0.00044976209125080274
C[C@@H](O)C(=O)N1CC(NC(=O)[C@H]2C[C@@](F)(CO)C2)CC2(CC2)C1,0.00027942511304071316
C[C@@H](O)C(=O)N1CCC1CNC(=O)c1ccc(Cl)cc1O,0.00042983335272810894
C[C@@H](O)CN(C)C1=NCC(c2ccccc2F)N1C1CC1,0.001314422340520174
C[C@@H](OC(=O)C1(C#N)CCOC1)c1cc(Cl)c2c(c1)OCO2,0.0011682869600759757
C[C@@H]1CN(C(=O)c2ccon2)CCN1C(=O)c1ccc(N)cn1,0.26338697927264737
C[C@@H]1OCCO[C@@H]1C(=O)NCC(F)(F)c1ccc(F)cc1,0.000440423079663596
C[C@H](NC(N)=O)C(=O)N1CC2C(CNC(=O)CC3CCC4CC34)C2C1,0.00038117174300972804
C[C@H](OC(=O)CCC1CCCC(=O)N1)c1ccc(F)cc1,0.00047455554852873045
C[C@H](F)CC(=O)Nc1cccc(OC2(C(=O)O)CCC2)c1,0.0005928192049385263
C[C@H]1CN(C(=O)C23CCCN(CC2)C3)CCN1C(=O)c1cccc(=O)[nH]1,0.000261443428758048
CC[C@@H]1OCC[C@H]1NC(=O)N1CCC(C2OCCO2)CC1,0.0005602685073781862
CC(=O)N1CC(CNC(=O)Nc2cccc(C(N)=O)n2)C1,0.00036662890482015345
CC(=O)NCCc1ccc(C(=O)NCC[C@@H](C)O)cc1,0.00028062724047743217
CC(C#N)C(=O)N1CC[C@@H](C(=O)OCc2ccccc2)C1,0.0006069468498351375
CC(C)(C)OC(=O)CCNC(=O)N1CC(C)(C)C1c1cccnc1,0.00044875271857302147
CC(C)(CNS(=O)(=O)c1cc(Cl)ccc1C#N)OCCO,0.0006227012855803367
CC(C)(CF)NS(=O)(=O)c1cc2ccccc2cc1F,0.0006553050898775839
CC(C)(F)CCC(=O)N(CCNC(=O)C1(C)CC1(F)F)C1CC1,0.3282332480663648
CC(C)(F)CCC(=O)N1C[C@@H]2CC[C@H](C1)N2c1nncs1,0.00043941892278025907
CC(C)C(=O)N1CCC(O)(CNc2ccnc(Cl)n2)CC1,0.2860366556110302
CC(C)C(=O)NC1(C)CN(C(=O)C2CC23CC(O)C3)C1,0.00023225790628693326
CC(C)CN1CCN(C(=O)C2CC23CCC3N)C(C)C1,0.0002223075513308812
CC(CNC(=O)CC1CCCC1)Nc1ccn2ccnc2n1,0.7471884037233227
CC(CNC(=O)COc1ccccc1)NC(=O)C1CCOC(C)C1,0.000415551862691436
CC(CO)C(=O)N(C)CCCN(C)C(=O)c1[nH]ncc1Cl,0.0002866690393858011
CC(N)CN(C)C(=O)NCC1(C(F)F)CC2(CCC2)C1,0.00042672626008443613
CC1(C(=O)N2CCOC(C)(CNC(=O)C3CCC(=O)NC3)C2)CC1,0.11077316776845525
CC1(C)CCCC1CNS(=O)(=O)c1ccccc1OC(F)F,0.0008349064111900906
CC1(CCC(=O)NCC2(C)CN(C(=O)CO)CCO2)CC1,0.0002934024145173944
CC1(F)CC(NC(=O)Nc2nccn2CC2CC2)C1,0.0009572750958639108
CC1=NOC2(C1)CN(C(=O)c1ccc(C#N)c(Br)c1)C2,0.45418025462945094
CC1C(NC(=O)c2cccn3nnnc23)CCCN1C(=O)CN(C)C,0.00019128124116735037
CC1CC(C)(C(=O)N[C@H]2C[C@H](NC(=O)CCc3nccs3)C2)C1,0.0003808841121800736
CC1CC(C)N(c2nnc(CCCS(C)=O)n2C)C1,0.0005894668643800382
CC1CC1C(=O)NCC1CCCN1C(=O)c1cc(N(C)C)ccn1,0.0004103830568429898
CC1CN(C(=O)CNC(=O)c2cc(F)cc(F)c2)CC2(CC2)O1,0.0007680793671228035
CC1CN(S(=O)(=O)C[C@@H]2C[C@H]2CF)CC(c2ccsc2)O1,0.0003308058353290205
CCC(=O)N1CCC2(C1)CN(c1nsc3ccccc13)C2,0.0017498173045322756
CCC(=O)NCC1CCCN(C(=O)CCc2nc(C(C)C)no2)C1,0.00033769839061427264
CCC(C)(OC)C(=O)N1CC([C@H](C)NC(=O)C2(CN(C)C)CC2)C1,0.0003183319271058881
CCC(C)C(=O)N(C)CC(C)(C)CNc1nc2c(cc1C#N)COCC2,0.001648612894963214
CCC(C)N1CCC(CNC(=O)Nc2ccc3c(c2)C(=O)CC3)C1,0.6985219949208044
CCC(CC)CS(=O)(=O)NC(C)C1CCS(=O)(=O)C1,0.1656146199771675
CCC(O)(CC)CNC(=O)NCc1ncc(OC)c(O)n1,0.0004034750119432034
CCC1OC2(CCN(C(=O)Nc3cccc(OC)c3F)CC2)NC1=O,0.0012843067189774325
CCCCC(=O)N1C2CCC1CN(C(=O)CC1CN(C)C1)C2,0.0004256717088621292
CCCCC(CNC(=O)Cc1cnoc1)NC(=O)c1ccc(=O)oc1,0.0002520278033177896
CCCN(C(=O)OC(C)(C)C)C(C)C(=O)N(CC)CC1CC1,0.00043737821988416533
CCN(C)CC(=O)N1CCC(CCNC(=O)c2ccc(O)c(C)c2)C1,0.22625757618912823
CCOC(=O)N1CCCN(C(=O)C23CCOC(CN)(C2)C3)CC1,0.00028155739102671143
CCOC(C)C(=O)NC[C@@H](C)NC(=O)C12CCCC(C)(C1)OC2,0.0005675856818816816
CCOCC(=O)NCC(C)N(C)C(=O)C1=C(C)OCCS1,0.0004683011771440644
CCc1cc(C(=O)NCC(C)(NC(=O)C2CC(C)=NO2)C2CC2)no1,0.0003086251309912458
CCc1ncc(CN(C)C(=O)C(O)(c2ccc(C)o2)C(F)(F)F)s1,0.000578464547011105
CCc1ocnc1C(=O)N1CC(C)(NC(=O)c2sccc2OC)C1,0.23769179596060805
CCn1cc(C(=O)NC2CC(=O)N(C3CN(CCN(C)C)C3)C2)cn1,0.0974293569341719
CCn1cc(CN(C(=O)[C@H]2CSCN2C(C)=O)C2CC2)cn1,0.00040291044192570873
CCn1ccc(C(=O)N2CC[C@@H](NC(=O)CC3CC4(CC4)CO3)C2)n1,0.0007007019040554417
CCn1cnnc1C(=O)N1CCC[C@@H]1CNC(=O)C1(C(F)F)CC1,0.1734002957773925
CN(C[C@H]1CCCN1C(=O)c1cn2ccncc2n1)C(=O)COC1CC1,0.0011827329452020771
CN(C)Cc1cn(C2CC(NC(=O)C(C)(C)CC#N)C2)nn1,0.0006833686006364564
CN(CC1(N)CC1)C(=O)C(NC(=O)OC(C)(C)C)c1cccs1,0.00047940571664723165
CN1CC(C(=O)Nc2nnc(N3CCOCC3)[nH]2)CC1=O,0.00029073799178073784
CN1CC(CC(=O)N2CC[C@H](NC(=O)C3CCCn4nccc43)C2)C1,0.00034740200465242213
CNC(=O)c1cc(C)nc(N(C)C(C)CNC(=O)CCSC)n1,0.16448041255256232
CNC(=O)c1cncc(N2Cc3cccc(F)c3C(C)(C)C2)n1,0.0006527418082826365
CO[C@@H]1CS(=O)(=O)C[C@H]1NC(=O)NC(C)c1ccnc(C)c1,0.0002750161607289256
CO[C@H](C)C(=O)N1CC2(CCN(C(=O)[C@@H](O)c3ccccc3)CC2)C1,0.00031877908400330853
COC(=O)[C@@H]1[C@@H]2CC[C@H]([C@@H]2C(=O)N2CCCC(C)(CC#N)C2)C1(C)C,0.0018379368914740804
COC(=O)C[C@H]1CCN(C(=O)c2cc3cc(OC)ccc3n2C)C1,0.0007219657852111205
COC(=O)C(NC(=O)c1cnc(C)c2c1cnn2C)C1(OC)CCC1,0.0005577082889048583
COC(=O)C(NCC(=O)OCC1CC1)c1ccc(Cl)cc1Cl,0.0005764978735012368
COC(=O)c1cc(F)cc(C(=O)NC2(c3ncccn3)CCC2)c1,0.0004526209672600157
COC(C)(C)c1nsc(N(C)CCNC(=O)C2(C)CC(C)C2)n1,0.0006354689213510397
COC(CN1CCC(=O)NC(CC2CCOC2)C1=O)C1CCC1,0.00039174292409506007
COC1(C(F)(F)CNC(=O)N2CCCC=C2c2cccnc2)CCC1,0.0013476437878090029
COC1(CC(=O)N[C@@H](C)CCNC(=O)C(C)Cc2c(C)noc2C)CC1,0.24371230630858343
COC1(CC(=O)NCc2ncc(Br)cn2)CCCCC1,0.0007665204246311958
COC1(CNC(=O)c2ccncn2)CN(C(=O)C(F)CC2CC2)C1,0.17425553900853735
COCC(=O)N1CCC2(CC1)CN(C1CCc3c(F)cccc31)C2,0.0009902926022181953
COCC(Cc1ccc(F)cc1F)Nc1cc(N)cnn1,0.0010293895776933633
COCC(NC(=O)NCC(O)C1(C)CC1)C(C)C,0.00040233989562702457
COCCC(C)C(=O)N[C@H]1[C@@H]2CN(C(=O)c3ccncc3N)C[C@@H]21,0.0005197927943878737
COc1cc(CN2CC3(CCC3)[C@@H]3COC[C@@H]32)ccc1SC,0.0006507864836144056
COc1cc(CN2CCC(=O)N(CCF)C2=O)cc(Cl)c1OC,0.0006572927355199831
COc1ccc(C(=O)NC[C@H]2C[C@H](n3ccnn3)C2)c(OCC2CC2)n1,0.16726873843054008
COc1ccc(C(O)CNS(=O)(=O)c2cncs2)cc1,0.0004609872006628883
COc1ccccc1-n1cc(C2CCCN2C(=O)C2(O)CC2)nn1,0.0005209579763129364
COc1cnc(NC2(CNC(=O)c3cnn(C(C)(C)C)c3)CC2)nc1,0.0009982726431500908
CSCC(=O)NCC[C@H](C)NC(=O)C1CCS1(=O)=O,0.0003571357273200631
Cc1cc(C(=O)N2C3CCC2CC(NC(=O)c2n[nH]cc2C)C3)[nH]n1,0.2094789023310354
Cc1cc(C)c(CC(=O)N[C@H](C)CNc2cc(O)ncn2)c(=O)[nH]1,0.00041337651470305483
Cc1cc(C2(C(=O)NC(C)(C)CCO)CC2)nn1C(C)(C)C,0.00042824640538129794
Cc1cc(CC(=O)N[C@@H](C)CNC(=O)C2CCCC2O)ccn1,0.0918567383932117
Cc1cc(S(C)(=O)=O)cc(NC(=O)[C@@H]2C[C@@H]3CCCN3C)c1C,0.0
Cc1ccc([C@H](O)CNC(=O)CC[C@H]2CCCN2)cc1,0.0003479017703453838
Cc1ccc(CC(=O)NC2CN(C(=O)C(C)n3cccn3)C2)cc1,0.00044351622572733404
Cc1cccc(C(=O)NCC2CN(C(=O)Cc3ccccc3C)C2)n1,0.00031664960516879524
Cc1cccc(Cl)c1NC(=O)C(C)NC(CO)CC(F)F,0.3937132692653752
Cc1cccnc1CN(C)CC(C)NC(=O)c1cccnc1C,0.0003861412488299222
Cc1ccnc(NCCc2ccc(CNC(=O)C(C)CF)cc2)n1,0.0012354483577920756
Cc1n[nH]c(CC(=O)N2CCC[C@H]2CN(C)C(=O)C(C)C2CC2)n1,0.0003235141390548832
Cc1nc(C(=O)N2CCCC[C@@H]2CNC(=O)c2nccnc2N)n[nH]1,0.1578613040004454
Cc1nc(C(=O)N2CCN(C(=O)c3c(C)nn(C)c3C)[C@@H](C)C2)c[nH]1,0.23917409442607432
Cc1nc(C)n(CCCC(=O)NCC(O)CNC(=O)C2CC2C)n1,0.00015659409255691574
Cc1nc(CCCC(=O)NC(C)CN(C)C(=O)C2(F)CC2)cs1,0.00041597086479290796
Cc1nnc(CCNC(=O)Nc2ccc3c(c2)C(=O)NCC3)o1,0.22489262674691313
Cc1noc(C(=O)N2CC3CC2CN(C(=O)Cc2cccnc2)C3)n1,0.00028189469285780323
Cc1ocnc1CC(=O)Nc1ccnc(C2CCCC2)n1,0.00046406694417775303
Cn1c(Cn2cnnc2Cl)nnc1N1CCC2CSCC2C1,0.49783942984132523
Cn1ccnc1[C@@H]1C[C@@H]2CC[C@H](C1)N2C[C@@H](O)C(F)F,0.0005394086317926103
N#CCC(=O)N1CC(CO)(NC(=O)CN2CCNC(=O)C2)C1,0.0002025350541520437
N#Cc1cc(C(=O)N2CCN(Cc3ccccn3)CC2)cs1,0.001052498953272178
N[C@@H](Cc1c[nH]cn1)C(=O)N1CCC(F)(c2ccccc2Cl)CC1,0.0005624694580343495
O=C(CC12CCCC1C2)N1CCCCC1c1ncc[nH]1,0.0014726983936281031
O=C(CCC1CCOCC1)NCc1cc(=O)[nH]c(C2CCC2)n1,0.0006484641533655129
O=C(CCc1nc(C2CCCC2)no1)Nc1ccncc1F,0.31996077247919774
O=C(CN1CCCC1=O)NCC1CCCCN(C(=O)c2cnoc2)C1,0.20891658254069664
O=C(Cc1cnco1)NC1CN(C(=O)c2cccc(F)c2)CC2(CC2)C1,0.0008401055517550739
O=C(NC1C2CCCC(F)(F)C21)c1ccc2[nH]cnc2c1F,0.585615586901197
O=C(NC1CN(C(=O)[C@@H]2CCOC2)C1)c1cc(F)c(F)c(OC2CC2)c1,0.23542000507889377
O=C(NCC1(c2ccccc2)CCN(c2nnco2)CC1)C1(O)CC1,0.2326217834678619
O=C(O)C1CCc2cnccc2N1C(=O)c1cncc(C2CC2)c1,0.2921381799472294
O=C(c1cc[nH]c1C1CCC1)N1CCC(Cn2ccnn2)C1,0.0006760477945990228
O=C1C[C@H]2[C@@H]1C[C@@H](OC(=O)C1=C(Cl)CCOC1)N2,0.00036069292958186154
O=C1CC2(CCC2)C(OC(=O)c2ccc(C3(F)COC3)cc2)CN1,0.0006456683334200101
C[C@@H](CCNC(=O)Cn1cccnc1=O)NC(=O)Cn1cccc1,0.00015648792653957658
C[C@@H](OC(=O)c1cnc(-c2ccccn2)s1)C1CCOCC1,0.24998111588168892
CC(=O)CCC(=O)N(C)CCCN(C)C(=O)c1cc(C)cs1,0.21585231598694318
CC(=O)N1C[C@H](O)C[C@H]1C(=O)NC[C@H]1CCCN1C(=O)CC1(O)CC1,0.08466689893480561
CC(=O)N1CCC(C(=O)N2C[C@]3(CO)C[C@]3(CO)C2)CC1,0.00016349893635131613
CC(=O)NC(C(=O)OCC(=O)N(C)CC(F)(F)F)C1CCCC1,0.0004151776659137436
CC(=O)NCC(=O)NC(C)CNC(=O)c1cc(O)ccc1C,0.0002622716244093138
CC(=O)OCCC(=O)N[C@@H](CO)CNC(=O)c1cc(F)ccc1C,0.0002770341041694472
CC(C)(CN1CCOCC1)C(=O)NC[C@@H]1CCCCN1,0.0004282132453576127
CC(C)(NC[C@@](C)(O)c1ccccc1)C(O)c1ccccc1,0.000563128305453111
CC(C)(O)CC(=O)N1CCOCC1CNC(=O)CC1(O)CCOC1,0.0002548968825940387
CC(C)C[C@@H]1C[C@H]1C(=O)N1CC[C@@H]2NCC(=O)N[C@@H]2C1,0.000253551819676701
CC(C)C(C(=O)N1CC(C)(NC(=O)C2CC3CCC(C3)C2)C1)N(C)C,0.15824524608071827
CC(C)C1CCC(C(=O)N2CCCC2c2nc(N(C)C)no2)CC1,0.35506778981397036
CC(C)CCC(=O)N1CCOC2(CCCN(C(=O)[C@@H]3C[C@H]3C)C2)C1,0.0004068068141357018
CC(C)CCS(=O)(=O)N1CCC(Cn2ccnn2)CC1,0.00030340560481954414
CC(C)N(CCN(C)C(=O)Cn1cnnc1)C(=O)C(C)(C)F,0.0003055451894914424
CC(C)OC(C)(C)c1nc(-c2cccc(S(C)(=O)=O)c2)no1,0.0012096114001927873
CC(C)n1cc(C(=O)NC[C@H]2C[C@@H](Nc3nnco3)C2)cn1,0.49531249299081714
CC(CC(=O)N(CCN(C)C)C1CCN(C)CC1)c1ccncc1,0.0007117038700397357
CC(CNC(=O)C(C)CCO)NC(=O)c1csc(CO)n1,0.0002476322582737328
CC(CNC(=O)c1ncccn1)N(C)C(=O)c1ccc[nH]1,0.00029827627042984425
CC(CF)C(=O)NC1CCC(NC(=O)c2occ3c2CCOC3)CC1,0.0005737842444294662
CC(Cn1cncn1)NC(=O)N1CCC2(CCC(O)CC2)C1,0.0006532965576160785
CC(O)C(=O)N[C@@H]1CCN(C(=O)c2cccnc2OC(C)C)C1,0.13294672004128627
CC(O)C(=O)NC12CCC(CC1)N(C(=O)Cc1cccc(Cl)c1)C2,0.0005210944666035624
CC(F)(F)c1ccccc1NC(=O)N1CC(CO)OCC12CCC2,0.0005849042317659599
CC1(C(=O)NCC2(CO)CCCCC2)CCN(Cc2ccccc2)C1,0.0006606306209126885
CC1(C)CN(CC(F)(F)F)CCN1C(=O)c1ncccn1,0.00039711223129830335
CC1CC1C(=O)N1CC2CC(NC(=O)CCC3CCC3)CC2C1,0.42623229127930234
CC1CC1CC(=O)N1CC2CC(C1)N(C(=O)CCc1cnn(C)n1)C2,0.0006184143651014592
CC1CCC(CCNC(=O)Nc2cn(C)nc2OCC(F)F)O1,0.0015575164825801374
CC1CCCN1S(=O)(=O)NCC1(F)CN(C(=O)OC(C)(C)C)C1,0.1380042813029124
CC1CN(C)CC(C(=O)N2CCC[C@H](CNC(=O)C3(F)CC3)C2)O1,0.15596081755502833
CC1COC2(CCC2)CN1S(=O)(=O)c1cnn2c1OCCC2,0.0004633158410678093
CCC(=O)NC(CNc1ccncc1C#N)C1CCCC1,0.7363305938503432
CCC(=O)NC1CCN(C(=O)c2cncc(F)n2)CC1,0.14031617829803453
CCC(C)(CC)C(=O)NC(C)CNC(=O)c1cccc(SC)n1,0.0004956458965992038
CCC(C)C(=O)N1CCC[C@@H](NC(=O)c2cn(CCO)nn2)C1,0.0002505369084820111
CCC(C)C(OC)C(=O)N(C)CCCN(C)c1ncc(C)cn1,0.0013787390288754918
CCC1CC(C)CN1CC(=O)N(CC1CC1)c1ccccc1,0.0007959349675790827
CCC1CCCN(C(=O)C2CCC3(CC2)CC3NC(=O)OC(C)(C)C)C1,0.0018416108234533299
CCCC(NC(=O)C(C)(C)c1ccc(C)s1)C(=O)N(C)C,0.0007187017959007837
CCCCC(C(=O)NCC(C)NC(=O)c1n[nH]c(C)c1C)C(C)C,0.0006228356975239404
CCN(CC)C(=O)CS(=O)(=O)c1nnnn1C1CCCCC1,0.0004281357418545107
CCN1CC2(C1)CN(C(=O)Cc1ccc(C)cc1)CCO2,0.0004919447247743035
CCOC(=O)C1C2CC(NCc3ccc(OC(F)F)cn3)CC21,0.0005688173813911998
CCc1nc(N)nc(NCC(C)CNC(=O)c2nccnc2C)n1,0.29089156117561354
CCc1nnc(CN2CCCN(C(=O)C(C)(OC)C3CC3)CC2)o1,0.0003788033309273258
CCc1nnc(N2CCC(N(C)C(=O)c3nccn3CC)C2)s1,0.0006164028111725477
CCc1noc(C(=O)N[C@H]2C[C@@H](NC(=O)c3cccc(C(C)=O)c3)C2)n1,0.12127147703378884
CCn1cnc(C(=O)NC(C)C2CCN(C(=O)C3CC(=O)C3)C2)n1,0.09534046435027471
CN(C)[C@@H]1CC[C@H](NC(=O)C2CNC(=O)N2Cc2ccccc2)C1,0.00032863342496085844
CN(C)CC(O)CC(=O)N(C)CCN(C)C(=O)c1nn[nH]c1C1CC1,0.12196847412645719
CN(C)CC(O)CC(=O)Nc1ccccc1OCc1nn[nH]n1,0.0002827565941914953
CNC(CNC(=O)[C@@H]1[C@H]2CCCC(=O)[C@H]21)c1ccccc1,0.0002701339124194695
CO[C@H](C)[C@H](NC(=O)[C@H]1C[C@@H](OC(C)(C)C)C1)C(=O)O,0.0003898706396714379
CO[C@H](C)C(=O)N(CCN(C)C(=O)CN1OC(C)(C)CC1=O)C(C)C,0.16520469169674712
CO[C@H](C)C(=O)N1CCN(c2nccn3nnnc23)CC1,0.00030689835358202905
COC[C@@H](O)Cn1cc(C(C)NC(=O)CC2CS(=O)(=O)C2)nn1,0.00024303508273870383
COC[C@H]1C[C@H](NC(=O)Cn2nc3n(c2=O)CCCC3)C1,0.0002670978157965697
COC(=O)C1CCC(C)C(OC(=O)c2cc3c(cn2)OCCC3)C1,0.0005583239136890067
COC(=O)CC(C)C(=O)N1CCCC1(C)CNC(=O)c1cnc[nH]1,0.00032861848764674696
COC(=O)CN(C(=O)NC1CCOC12CCCCC2)C1CCCC1,0.3174563054434722
COC(=O)N(C)CCCC(=O)N1CCC[C@]12C[C@H](C(=O)O)C2,0.0003250523202716106
COC(=O)N(C)CCCC(=O)Nc1cnn(C)c1C(F)F,0.0013119570265953861
COC(=O)N(C)c1ccc(NC(=O)NCC2(CCO)CCC2)cc1,0.0012280049339256618
COC(C)C(=O)NCC(C)N(C)CCOC1CCC1,0.00040630690359510596
COC(C)CC(=O)N1C2CCC1CN(C(=O)c1nncs1)C2,0.00021500097830346352
COC1(C(=O)N2CC(O)(c3cn(C(C)C)nn3)C2)CCSC1,0.00023946982963386955
COC1(C(=O)N2CCCC[C@]23C[C@H](NC(=O)c2cc(C)oc2C)C3)CC1,0.18028739233286617
COC1(C(F)(F)F)CN(C(=O)NCc2ccccc2Cn2cccn2)C1,0.0005267664326644212
COC1C2CCCC2C1NC(=O)NC1CCN(C(=O)C2CC2)C1,0.00042684631559792945
COCC(=O)NCC(C)CNC(=O)c1c2c(nn1C)CCC2,0.00026495517185212345
COCC1(CC(=O)NC(C)CN(C)Cc2ccc(F)cc2Cl)CC1,0.0005655633829153073
COCC1(CCNC(=O)c2ccc(C(=O)N3CC[C@@H](O)C3)cc2)CC1,0.2560862200592537
COCCN(C)CC(=O)N1CC(CO)C2(C1)CN(c1ncccn1)C2,0.00047477258699122216
COCc1ccsc1C(=O)NC1CCCc2[nH]ncc21,0.00041793971477670623
COc1cc(-c2nn[nH]n2)ccc1CNC1CC2(COC(C)C2)C1,0.0013895234741776688
COc1ccc(CC(=O)NCC2CCN2C(=O)C2(F)CC2)cc1,0.00036718062118944547
COc1cccnc1CNC1CS(=O)(=O)CC1OC,0.00021810608745735893
CS(C)(=O)=NCC(=O)N1CC(O)(CNC(=O)CS(N)(=O)=O)C1,0.07491338083957853
CSCc1noc(CNC(=O)N2CCCc3sccc3C2)n1,0.0004013283452845815
Cc1cc(=O)[nH]c(CNC(=O)CN(C)CC(=O)Nc2ccccc2)n1,0.0004740878969134245
Cc1cc(C(=O)N2CCOc3cc(O)ccc3C2)n(C)n1,0.0005828134898245828
Cc1cc(C(=O)NCC(C)N(C)Cc2c(C)cccc2C)n(C)n1,0.0005904928381269641
Cc1cc(CC(=O)N2C[C@@H]3CN(C(=O)CCC(C)(F)F)C[C@@H]3C2)on1,0.0004431579938019003
Cc1cc(CO)cc(C)c1CNC(=O)c1cc(N)c(Cl)cn1,0.0008346935445587183
Cc1ccc(C(=O)N(C)CC2CCc3ccccc32)n1C,0.000831552143754649
Cc1ccc(C(=O)N(C)CCNC(=O)CC2CC3(CCC3)CO2)[nH]1,0.0007937319258930022
Cc1ccc(N2CCN(CC(C)(O)C(F)F)CC2)nc1,0.0003842454326003014
Cc1ccc2cccnc2c1C(=O)NCC1(CO)CC12CCNCC2,0.0006987401895187222
Cc1ccc2oc(N3CCC(C)C(NC(=O)C4CCSC4)C3)nc2c1,0.0008933524815311532
Cc1csc2ncnc(NC3CN(C(=O)C4(N(C)C)CCC4)C3)c12,0.0006639124126793022
Cc1nc(C(=O)N[C@H](C)CNC(=O)C(C)c2cccc(F)c2)co1,0.0004651153909653506
Cc1nc(C(=O)NC[C@H]2C[C@@H](NC(=O)c3cccc(O)c3)C2)c(C)[nH]1,0.23846205654447472
Cc1nc(N2CC[C@H](NC(=O)c3cnns3)C2)ccc1C#N,0.0007885646477480809
Cc1ncc(C(=O)N2CC([C@H](C)NC(=O)Cc3ccc(=O)[nH]c3)C2)s1,0.1297132587124711
Cc1ncn(C)c1C(=O)N1CCC(C)(NC(=O)C(C)(C)C(F)F)C1,0.00045967361056847915
Cc1nnc(NCC2CN(C(=O)C3(O)CCC3)CC2C)nc1C,0.0003881055755812333
Cc1nnc(NCCC(C)NC(=O)C(C)c2c(C)noc2C)nc1C,0.0004715200947449345
Cc1oc(C(=O)N2CCC(C(C)N)CC2)cc1S(C)(=O)=O,0.00044116229835492024
Cc1onc(-c2cccc(Cl)c2)c1C(=O)N1C[C@@H]2C[C@H]1CN2,0.0010331165985214817
Cn1ccc(C(=O)NCCN2CCN(C(=O)c3cnn(C)c3)CC2)c1,0.16412390487066922
Cn1ccnc1CNC(=O)NCC1(c2ccccc2)CCOC1,0.0007241036698161999
N#CCCc1cn(CC(=O)NCC(O)c2cccc(O)c2)nn1,0.00041687917948613184
N#CCc1ccc(NC(=O)C2CCCCN2C(=O)C2CCCO2)cc1,0.001541722856464821
O=C(C1CC(C(F)(F)F)CN1)N(CC(F)F)c1ccccn1,0.0005222665301226263
O=C(CC1CCOC1)N[C@H]1C[C@@H](Nc2ncncc2C(=O)O)C1,0.000816957562501272
O=C(Cn1nccn1)NC1CN(C(=O)c2cccnn2)CC12CCC2,0.000513633212570162
O=C(NC(C(=O)NCc1cc[nH]n1)C1CC1)c1ccccc1F,0.2250974647108549
O=C(NC1CCN(C(=O)C2(O)CCC2)CC1F)c1ccc(Cl)o1,0.0005178107737054916
O=C(NC1CN(C(=O)c2cccc(-n3ccnc3)n2)C1)C1CCCC1,0.6234390883480215
O=C(NCCc1cccc(F)c1O)c1nc2n(n1)CCCN2,0.0005474426226383431
O=C(NCc1ccc(C(F)F)nc1)NC1CC(=O)N2CCCCC12,0.0002605358038803103
O=C(NS(=O)(=O)CC1CCCO1)c1ccn2ncnc2c1,0.00019779665939991507
O=C(Nc1ccccc1CC(F)(F)F)N1CCn2ncnc2C1,0.0008472712609401903
O=C(O)[C@@H]1CC[C@H](CN2CCC(OCC(F)F)CC2)C1,0.23190971903769728
O=C(O)C(O)C1CCN(C(=O)c2ccccc2OC2CCC2)CC1,0.35977909888530346
O=C(O)C1(n2nnc(Cn3c(=O)oc4ccccc43)n2)CCOC1,0.000650867611479076
O=C(O)CC1(NC(=O)Cc2ccc(OCC(F)(F)F)cc2)CC1,0.0005591467886687877
O=C(O)CCN(Cc1nncn1C1CC1)CC1CCCO1,0.0002503092090192963
O=C(c1c[nH]cc1Br)N1CCOC(c2ccco2)C1,0.0004319406483783572
O=C(c1n[nH]c2c1CNC21CCC1)N1CCOCC1C1CC1,0.0005991962510393334
O=C(c1ncccn1)N1CC(C2(Nc3ccnc(COC4CC3)n3)CC2)C1,0.0
O=C(c1ncnc2[nH]ccc12)N1CC(OCCO)C1,0.13396752335136808
O=C1CC(C(=O)NCCC2CCCCN2C(=O)[C@@H]2C[C@@H]3C[C@@H]3C2)C1,0.23536374304806165
O=C1CCCC(c2ocnc2C(=O)N2CCC(CO)(CCO)C2)N1,0.19654665319053252
C[C@@]1(C(=O)NC2CCN(C(=O)CCc3c[nH]nn3)CC2)CCC(=O)N1,0.08819644519809186
C[C@@H](CNC(=O)C1CC(=O)CO1)NC(=O)CCc1ncccn1,0.06664407664311395
C[C@@H](CNC(=O)CN1CCCCCC1=O)NC(=O)c1ccc(=O)[nH]n1,0.08303781485806591
C[C@H](NC(=O)C1CCN(C)C(=O)C1)c1nnc2n1CCCCC2,0.00030986026443330166
C[C@H](O)C1CCN(C(=O)NCCc2ccc([C@H](C)O)cc2)CC1,0.0008709532274325841
C[C@H]1C[C@@H]1C(=O)N1CCC2CCC(NC(=O)Cc3ccn(C)n3)C1C2,0.0004024528813079425
C[C@H]1CN(C(=O)c2ccco2)C[C@H]1NC(=O)c1nccc(Cl)c1F,0.0004531924257908015
C[C@H]1CN(C)c2ccccc2CN1C(=O)N1CCC(F)(F)CC1,0.0008632262457488953
CC[C@H](C)[C@@H](O)C(=O)Nc1nn(Cc2ccccc2)nc1C,0.000579373137628382
CC(=O)CCC(C)(C)C(=O)N1CCC2(CC1)OCCO2,0.00038327072767372337
CC(=O)N(C)CC(=O)N[C@H]1C[C@@H](NC(=O)CNc2ccccc2)C1,0.00035011022173505734
CC(=O)N1CCN(c2cccc(NC(=O)c3cnn(C)c3C#N)c2)CC1,0.0012894657115549908
CC(=O)NCC(=O)NC1CN(C(=O)c2ccccc2CO)CCC1C,0.0003367909389940631
CC(=O)NCc1ccc(CNC(=O)NC(C)C2CCNC2)cc1,0.00037756482818542995
CC(C(=O)NC1(CNC(=O)c2nccnc2N)CCC1)n1cccc1,0.5196444934309403
CC(C)(O)C(=O)NCC(O)CNC(=O)c1[nH]ncc1C(F)(F)F,0.0003092762329563426
CC(C)C1=NOC(C)(C(=O)NCCC2CCN(c3nnco3)C2)C1,0.0007848392081936721
CC(C)C1CN(C(=O)CCCN2CCOCC2)CCN1,0.00036329896094350285
CC(C)OC1(C(=O)NC[C@@H](C)NC(=O)CCc2ccn(C)n2)CCC1,0.0005173934388804856
CC(CC(=O)N[C@@H]1CCN(C(=O)c2ccon2)C1)CC(C)(C)C,0.00047102966377477
CC(CN(C)C(=O)C(F)C1CCOC1)NC(=O)CC1(O)CC1,0.0002602855079929108
CC(CNC(=O)c1ccc[nH]1)CN(C)C(=O)CC1(O)COC(C)(C)C1,0.000356978446438675
CC(CS(=O)(=O)N1CCCCC1)OC(=O)C1CC1Cc1ccccc1,0.0003001651525941503
CC(NC(=O)c1ccc2c(c1)OCCN2)c1cccc(O)c1,0.00125612741146811
CC1(C)CC(CC(=O)NCc2nc(C(C)(C)C)no2)CO1,0.000433969538871337
CC1(CN)CCN(C(=O)c2ccc(OC(F)F)cc2F)CC1,0.0007406373367898856
CC1(CNC(=O)c2nnn(-c3ccccc3)n2)COC1,0.17563074498304243
CC1=C(C(=O)N2CCCCC3C(NC(=O)CC4CC4C)C32)CCCC1,0.46664855485594836
CC1CC1C(=O)N(C)CCCN(C)C(=O)c1ccnc(C#N)c1,0.0011589691669447086
CC1CCC(NC(=O)c2ncnc3sccc23)CS1(=O)=O,0.0006377443581057745
CC1CCCN(C(C)(C)CNC(=O)c2ncc(C#N)cc2Cl)C1,0.0010689328207512964
CCC(=O)N1CC(CNC(=O)c2cc(O)n(C)n2)(C(N)=O)C1,0.0001659808886207031
CCCN(CCNC(=O)CC1CCCC1)C(=O)c1ccc(C)n1C,0.0006933477961295822
CCCN(CCNC(=O)c1ncoc1CC)c1nnc(C)c(C)n1,0.00033037773818857653
CCCN(Cc1ccccc1)C(=O)CS(=O)(=O)c1c[nH]cn1,0.0005681916012251564
CCCN1CCC(CNC(=O)N2CCCC(N(C)CCO)C2)CC1,0.0004079508466990052
CCCN1CCN(S(=O)(=O)c2ncccc2C)C(C)(C)C1=O,0.00024707229062558516
CCCc1nc(NC(=O)c2cc(OCC)[nH]n2)c(C#N)cc1CC,0.0016133818937024218
CCN(CC(=O)N(C)C)Cc1c[nH]c(C(=O)OC(C)(C)C)n1,0.0006048932757268881
CCN(CC)CC1CCN(C(=O)c2[nH]nc(C)c2Br)C1,0.0004630074706690156
CCN(CC)CC1CCN(c2nnnn2CC2C(C)(C)C2(F)F)C1,0.0006243892525698516
CCN(CCNC(=O)c1cn(CCCF)nn1)C(=O)c1cnc[nH]1,0.0003114638297761541
CCN(CCNc1ncnc(C)c1C)C(=O)c1nn(C)cc1C,0.0010915066988582056
CCN(CCF)C(=O)COc1ccc(OC)cc1OC,0.0008944946256327007
CCN(Cc1cccc(Cl)c1)C(=O)c1cn(C)cc1C,0.000976445847387688
CCNC1CCCN(C(=O)c2cnc3c(CC)c(C)ccn23)C1,0.0007182185053930774
CCOC(=O)c1nc(NC(=O)c2cccc(O)c2F)H]c1C(C)=O,0.0
CCOCc1cccc(NC(=O)NC(CO)c2cnn(C)c2)c1,0.0011350841084219459
CCOc1oc(C)nc1C(=O)NCC1(NC(=O)[C@H]2CCC(=O)N2)CC1,0.00025240269845442953
CCSc1ccc(CC(=O)N(C)Cc2nn[nH]n2)cc1,0.00039523653995458574
CCc1cccc(C(=O)NCC2CN(C(=O)C(C)n3cccc3)C2)n1,0.0004379017495074812
CCc1conc1C(=O)NC1CCC(=C(F)F)CC1,0.24341026257618914
CCc1nccn1CC(C)NC(=O)NC1CC1c1ccccc1OC,0.00043068810798264706
CCn1cc(C(=O)NCC2(OC)CN(C(=O)C3CC3)C2)nn1,0.00024390663255932906
CCn1nc(C(=O)N2CCC[C@@H]3CC[C@@H]32)cc1C1CC1,0.0008954379187741909
CN(C)C1CCN(C(=O)NCc2cn(C)cn2)CC1,0.0003730156100517908
CN(C)CC1(C(=O)NC2CCCN(C(=O)CCC3CCOC3)C2)CC1,0.000301255039249834
CN(CCNc1ncc2c(n1)CCCC2)C(=O)CC1CCC(O)C1,0.0014036365151367564
CN(Cc1cccc(CNC(=O)CO)c1)C(=O)C(C)(C)C1CCOCC1,0.0005030793281084718
CN1CC(C(=O)N2CC[C@@H](NC(=O)c3ccc(C#N)cn3)C2)NC1=O,0.2617700777857175
CN1CCCC(CN(C)C(=O)[C@@H]2CCCN2CC(F)(F)F)C1,0.00045371209879492493
CN1CCCN(C(=O)[C@@H]2CCCC[C@@H]2c2ccccc2)S1(=O)=O,0.0006100650798795723
CNC(=O)NCC(=O)NCC1CCCN1C(=O)CS(C)(=O)=O,0.0002635126737751862
CNC(=O)OCC1CCCCN1C(=O)C(OC)c1ccccc1,0.0005362574351765615
CNS(=O)(=O)c1ccc(C(=O)N(C)CC2CC2(C)C)cn1,0.0002840355938526317
COC(=O)[C@@H]1C[C@@H]1CS(=O)(=O)NC1CCN(C(C)C)C1=O,0.0002796489705328416
COC(=O)C(N[C@@H]1C[C@H]2CC[C@@H]1O2)c1csc(-c2ccccc2)n1,0.0010596289573103703
COC(=O)C1C(c2ccccc2)CCN1Cc1nnn(C(C)(C)C)n1,0.0004395839168111833
COC(=O)NC1CCN(c2nnc(C3CC34CC(O)C4)n2C)C1,0.00023961158249834045
COC(=O)c1cc(NCc2nc(CN3CCCCC3)no2)cnc1C,0.0009857364272755384
COC(=O)c1nccnc1NC(C)CCNC(=O)C1(CO)CCCO1,0.0006173132893737763
COC(C(=O)NC1CC(C)N(C(=O)c2ncn(C)n2)C1)C1CCOC1,0.0002287796869654103
COC(C(=O)Nc1cnc2n1cnn2C(C)(C)C)C1CCOC1,0.0007903903183824136
COC1(C(=O)NCCN(C)C(=O)c2c[nH]nc2N)CCC1,0.12150583823421984
COC1CCN(Cc2noc(-c3ccccc3F)n2)C1,0.0012865169823388723
COCC(=O)N1CC(C2CCC2)C1C(=O)OC(C)(C)C,0.0004780463103870854
COCC(C)(C)CC(=O)NC(C)CNC(=O)c1cnc2cccnn12,0.0004971753488675903
COCC1(C(=O)N2CCN(Cc3cn[nH]c3)CC2)COC1,0.0003153030949092439
COc1cc(C(=O)NCC2CN(C(=O)C(F)C(C)C)C2)cc(OC)n1,0.24030013785921842
COc1cc(CN2CCC(CNC(=O)c3ccsc3)C2)sn1,0.0005421822615806444
COc1ccnc(C(=O)NC2CCCN(C(=O)C(C)C(C)C)C2C)c1,0.0006331707125346582
COc1ccnc(C(=O)NCC(C)CNC(=O)c2cc(C)no2)c1F,0.16403625707100072
CS(=N)(=O)C1CN(C(=O)CCCc2nc(C3CC3)no2)C1,0.00023936774209977574
CS(=O)(=O)C1CCN(S(=O)(=O)c2c[nH]c3ccccc23)CC1,0.0005620974186174334
CS(=O)(=O)CC1CN(C(=O)c2ccc(Cl)c(O)c2)C1,0.0004315153157005848
CSC[C@H]1C[C@H](NC(=O)C(C)n2cc(-c3cnn(C)c3)nn2)C1,0.0013514648911264607
Cc1c(C(=O)N2CCN(C(=O)[C@@H](C)O)C3(CCC3)C2)[nH]c2c1CCCC2,0.00044049682350647175
Cc1cc(C(=O)N2CC(CNC(=O)c3c[nH]c(C)n3)C2)c(C)s1,0.2519382950816365
Cc1cc(C(=O)N2CCCC(C)(NC(=O)C(C)n3cccn3)C2)co1,0.000631092527124648
Cc1cc(C(=O)N2CCN(C(=O)c3ccc(C)c(C)c3O)CC2)on1,0.25487946892907076
Cc1cc(C(=O)NC2CC2C2CCCN(C(=O)C3CC(=O)C3)C2)[nH]n1,0.08463725817816255
Cc1cc(CCNC(=O)NCC2(C#N)CCCC2)cc(C)c1O,0.0017402246676834349
Cc1cc(NCC(NC(=O)c2ncc[nH]2)C2CC2)nc(C(C)C)n1,0.0009262300299827662
Cc1ccc(NCCC(=O)NC2CCN(Cc3ccncc3)CC2)nc1,0.0010888105748193039
Cc1ccc(NCCC2CC(NC(=O)C3CCSC(C)C3)C2)nn1,0.5428307662893905
Cc1cccnc1CN1CCC[C@H](NC(=O)[C@H]2C[C@@H]2C)C1,0.000545663935224035
Cc1cnc(C(=O)N2CC(CO)(NC(=O)CN3CC4CC4C3)C2)cn1,0.0002882430930286192
Cc1cnsc1C(=O)N1CCC(C)C(NC(=O)c2ccn(C)n2)C1,0.2865944740892293
Cc1cnsc1C(=O)NCC1CC2(CCC2)CN1C(=O)CC#N,0.0013240376267074638
Cc1n[nH]c(CC(=O)N[C@H]2C[C@H](CNC(=O)c3ncc[nH]3)C2)n1,0.00015155269139926163
Cc1n[nH]c(CN2Cc3ccc(CNC(=O)CC4CC4(C)C)cc3C2)n1,0.0009542188998008385
Cc1nc(C(=O)NCCN(Cc2cc(F)c(C#N)c(F)c2)C2CC2)co1,0.0016804424853539995
Cc1nc(C)c(C(=O)N2CC[C@@H](NC(=O)Cn3cccn3)C2)s1,0.00038400653324371003
Cc1nc(C)c(C(=O)NC2CCC(CNC(=O)C(C)C3CCC3)C2)o1,0.00028731416869125394
Cc1nc(CN2CCC(C3CCCCN3C(=O)c3cn[nH]c3)C2)co1,0.0006364011952895731
Cc1ncc2c(n1)CNC2C(=O)N(C)Cc1cccc(OCC#N)c1,0.0006333987190413439
Cc1ncnc(N2CCN(C(=O)c3ccccn3)C[C@@H]2C)c1C#N,0.0012264203348231262
Cc1nn(C)c(C)c1C(C)C(=O)NCCC(=O)N(C)C,0.0003658060859355157
Cc1nnc(C[C@H]2CC[C@@H](NCC(C)(O)C3CCCOC3)CC2)o1,0.00039947289233405533
Cc1nnc(NCC2(CCNC(=O)C3CCCS3(=O)=O)CC2)o1,0.0004935200970904786
Cc1nnc2n1CC(NC(=O)NC1CS(=O)(=O)C13CCC3)CC2,0.00016612032621477477
Cc1noc(C(=O)N(CCNC(=O)c2cccnc2)C2CC2)n1,0.19387313413751006
Cn1c(N2CCN(C(=O)c3cc[nH]n3)CC2)nc2c1CCOC2,0.3932749655454509
Cn1cc(C#N)c(NC(=O)C2CCC3(CCC3)CC2)n1,0.0013900363178492453
Cn1ccnc1C(=O)N1CCC(n2cc(Br)cn2)CC1,0.0008503915150447124
Cn1nncc1C(=O)N1CCCC(CCNC(=O)C2(C)CC2F)C1,0.00031097633203680953
N#CC1(CNC(=O)COc2ccc(F)cc2Cl)CC1,0.0009268518344955248
N#CCCc1cn(Cc2cc(O)nc(C3CC3)n2)nn1,0.0010990697080728643
NC(=O)c1[nH]ncc1NC(=O)C1CCCC12OCCO2,0.0005361154773758516
O=C(C1CC1(F)F)N1CCC(n2ccc(C(F)(F)F)n2)CC1,0.0006939354556737678
O=C(CC1CCCC1)NCC(O)CNC(=O)c1cnoc1,0.1683473263276096
O=C(Cc1ccc(O)c(Cl)c1)N1N2CCCC1CC(O)C2,0.000395923004801666
O=C(Cc1cccnc1)NCC1(NC(=O)Cc2ccccc2F)CC1,0.0002651797787083525
O=C(N[C@@H]1CCCN(C(=O)c2ccc(F)o2)C1)C1CCCSC1,0.00044066801733879345
O=C(NCC1(C2CCC2)CC1)c1n[nH]c2c1CNCC2,0.0005334969441264092
O=C(NCc1cc(Cl)cc(Cl)c1)NC(CO)C1CCOCC1,0.0006185988000302839
O=C1NCCC2CN(C(=O)NC3CCN(CC(F)F)CC3)CC12,0.16220439585557642
O=S(=O)(c1ccc(NC[C@@H]2C[C@@H]3CC[C@H](C2)N3)nc1)C(F)(F)F,0.000902800228904077
C[C@@H](CCNC(=O)C1CCc2[nH]nnc2C1)NC(=O)[C@@H]1CNC(=O)O1,0.00017258221847021022
C[C@@H](NC(=O)c1cnn(C)c1)C1CN(C(=O)[C@@H]2CCC(=O)N2C)C1,0.0003107038745985632
C[C@H](CNC(=O)CCF)NC(=O)c1cnn2c1CCCC2,0.00027143741945640074
CC(=O)N[C@@H](C(=O)NC(CO)Cc1cnn(C)c1)C(C)(C)C,0.00030514782127041894
CC(C)(C(=O)Nc1ccnn1C1COC1)C1CCOCC1,0.0007400246233354283
CC(C)(O)CN(CCO)C(=O)NCc1cccc(-c2ccncc2)c1,0.0005926168397993693
CC(C)OCC(=O)NCC1CN(c2ncnc(N)n2)CCO1,0.00033830945483837206
CC(CC1CN(C(=O)c2ccc(O)cn2)C1)NC(=O)c1ccncc1F,0.19653469398209983
CC(CCNC(=O)[C@H]1CC[C@H](C)CC1)NC(=O)C1(C#N)CCCC1,0.5858899918852071
CC(CCNC(=O)C1CNc2ccccc21)NC(=O)C(C)CF,0.0007841436942368398
CC(CCNC(=O)CCc1cnn(C)n1)NC(=O)C(C)(F)F,0.0002978960442570357
CC(CNC(=O)c1ccnc(CN(C)C)c1)n1cc(C(C)(C)C)nn1,0.0002763703871127551
CC(CF)CC(=O)N1CC(C(=O)N2CCCCC2)CC1(C)C,0.000702840151407551
CC(NC(=O)c1ccc(CN2CCNCC2)cc1)C1CCCNC1,0.0004013067996708178
CC(O)C(=O)N1CCCCC1CNC(=O)C(F)(F)C1(O)CCCC1,0.17504955715278012
CC(OC(=O)c1cccc(OC(F)F)n1)C(=O)c1cc[nH]c1,0.00046801559535603255
CC1(C(=O)N[C@H]2CCCN(C(=O)[C@@H]3[C@H]4CCCC[C@H]43)C2)CCCOC1,0.6274188790737599
CC1(C(CO)NC(=O)[C@H]2CNC(=O)C2)CNCCO1,0.00012296749472936306
CC1(C)OC(C)(C)C1C(=O)N1C[C@@H](O)[C@H](Cc2ccccc2)C1,0.00041255378817179694
CC1(NC(=O)CCCC2CC2)CCN(CC(=O)NC(C)(C)C)C1,0.0004146107699295447
CC1=C(C(=O)N2C3CCC2CN(C(=O)C2(O)CC2)CC3)CCC1,0.000436451280414291
CC1CC(C(=O)NC2CN(C(=O)c3cc[nH]n3)Cc3nccn3C2)C1,0.00045514596964507003
CC1CC(NC(=O)c2ncsc2C2CC2)CCN1CCCO,0.0003726423680033231
CC1CC1C(=O)NCC1CN(C(=O)C2(O)CCCCC2)C1,0.0004246466041446548
CC1CCN(C(=O)[C@H]2C[C@@H]2C)CC1NC(=O)CC1CSC1,0.00028295178905510303
CC1Cc2cn[nH]c2C(C(=O)NCC(C)(C)c2ccc(F)cn2)C1,0.00055548749823663
CCC(=O)Nc1cc(NC(=O)N2C[C@@H]3NC(=O)O[C@@H]3C2)c(F)cc1C,0.0009338931705793346
CCC(C(=O)Nc1nnc(CC(F)(F)F)s1)N1CCCC1=O,0.0008828312554529363
CCC(Cc1ccccc1C)C(=O)N1CC(NC(=O)C2(O)COC2)C1,0.000507507096398713
CCC(NC(=O)CCC1CCOCC1)(C(=O)O)c1ccccc1,0.0007232232584758781
CCC(OC1CCCC1)C(=O)N[C@@H](CC)C(=O)OC(C)(C)C,0.0005122251059048422
CCC1CC1C(=O)N1CCN(C(C)C(=O)Nc2cc(C)no2)C[C@@H]1C,0.0003173759216130993
CCCC(C)(O)CC(=O)N1CCC[C@@H](NC(=O)C[C@H]2COC(=O)N2)C1,0.1406217966947465
CCCC(Nc1ccccn1)C(=O)NC(C1CC1)C1COCCO1,0.0005931889299925549
CCCCN1CC(CNC(=O)Cc2ccc3[nH]ncc3c2)C1,0.0006675964811761871
CCCOC(=O)N1CCN(C2=NCCN2CC)CC1,0.22925739885829077
CCCc1cc(C(=O)N[C@H]2CC[C@]3(CC2)CNCCO3)no1,0.0003114305858314334
CCCn1ccnc1CCCN(C)C(=O)CCC1CCC1,0.00167849913041612
CCN(CCCn1cccn1)C(=O)Nc1nc(CCC(N)=O)cs1,0.0007187568396745721
CCN(CCNC(=O)C1CCCC1OC)C(=O)[C@@H]1CC(=O)NC(=O)N1,0.10802267680752005
CCOC(=O)c1ccn(CCNc2ccc(F)cc2Cl)n1,0.0010292014433046556
CCOC(C)(C)C(=O)N1CCN(C(=O)c2nonc2N)[C@H](C)C1,0.16542277670254585
CCc1ccc(CNC(=O)N(C)Cc2n[nH]c(=O)[nH]2)cc1,0.00032352820811546107
CCc1cn2c(C(=O)NC3COCC3C)c(C)nc2s1,0.0005796657028202528
CCc1n[nH]c(C(=O)N(CC)CCNC(=O)C2COC(=O)C2)c1Cl,0.00029563342359579717
CCc1nc[nH]c1C(=O)NC1(C)CCN(C(=O)c2ccnn2C)CC1,0.25640893140643056
CCc1occ(C)c1C(=O)N1CCC(C(F)(F)C(=O)O)C1,0.0004894538987933202
CCn1cc(CC(=O)NCC2CCN(C(=O)C(C)(C)CC)C2)cn1,0.0003606926636723996
CCn1cccc1C(=O)Nc1cn(C2CCOC2)nn1,0.0006660246332853742
CCn1ncc(C(=O)N[C@H](C)C2CN(C(=O)c3cnc[nH]3)C2)c1C,0.22544193692060246
CN(C(=O)[C@@H]1C[C@H]1c1ccncc1F)C1CCN(c2ncccn2)C1,0.0006424553667074587
CN(C(=O)C1CCO1)C1CCCN(C(=O)C2COCCO2)C1,0.0005142495145489594
CN(CCNC(=O)[C@]1(C)CCC(=O)N1)C(=O)CCc1cnoc1,0.00018162456520140214
CN(CCNC(=O)C1CCCS1)C(=O)C1CCC2C(CC1)C2(F)F,0.567340484704135
CN1C(=O)C[C@H]2CN(Cc3ccc(-c4nn[nH]n4)cn3)CC[C@H]21,0.000547152835335154
CN1C(=O)CCC1C(=O)N1CCC1CNC(=O)C(F)C(F)(F)F,0.13483182569454805
CN1CCC[C@@H]1C(=O)NCC1CN(C(=O)Cc2cscn2)C1,0.0002640982216088779
CN1CCC[C@@H]1C(=O)NCC1N(C(=O)CO)CCCC1(C)C,0.00042686163485560017
CN1CCC2(CC1)CCN(C(=O)Cc1cccc(-c3nn[nH]n3)c1)C2,0.5751941582518028
CNC(=O)C1CN(C(=O)c2coc3c(C)cc(C)cc23)CCO1,0.2642944259263528
CNC(=O)Cn1cccc(C(=O)Nc2cc(F)cc(C#N)c2)c1=O,0.0010286121803147203
CNC(=O)c1cccc(NC(=O)NC2CCCCC23CCCNC3)n1,0.0005857641362920217
CO[C@H]1C[C@@H](C(=O)O)N(C(=O)c2cc(Cl)cs2)C1,0.0005061000015301408
COC(=O)C1CCN(C(=O)CCc2cccc(=O)[nH]2)C12CCC2,0.13130929443372244
COC(=O)CCC1CCCN(C(=O)C(C)C2CCOC2)C1,0.00047390952718354726
COC(=O)c1nccnc1N1CCC(N(C)C(=O)C2CC3(CC3)C2)C1,0.0008392616790160976
COC1(C(=O)NCC(C)n2cc(C3CCCC3)nn2)CCOCC1,0.0004038281952799412
COC1(CC(=O)N2CCN(C(=O)c3cc(C)nc(C)c3)CC2)CCC1,0.18316733077294503
COC1(CO)CCN(C(=O)Nc2ccnc3ccccc23)C1,0.0007956349737504182
COCCC(C)CNC(=O)NCc1ncc2c(n1)CCC2,0.0004785724921833768
COCCN(CCNC(=O)CC1(O)CC1)C(=O)CS(=O)(=O)C1CC1,0.10522956397433825
COCCN(CCF)C1CCN(C(=O)c2nc(Cl)oc2C)CC1,0.0005033662584195358
COCCn1nccc1C(=O)NC[C@@H](C)NC(=O)Cc1ccc(C)nc1,0.000251252011315351
COCc1ccc(NC(=O)c2cc(OC)ncn2)cc1C(=O)OC,0.0008162439169765959
COc1cc(C(=O)N[C@H]2C[C@H](NC(=O)c3cc(C)c(N)cn3)C2)n[nH]1,0.00038611288014476196
COc1cc(C)ccc1N1CCN(Cc2nnc(N(C)C)o2)CC1,0.0005768670377030774
COc1cc(NC(=O)NC2C[C@H](OC)[C@H](OC)C2)sn1,0.0003524495432688988
COc1cc2c(cc1O)CCN(C(=O)c1cc3n(c1)CCCNC3=O)C2,0.27042609232497505
COc1ccc(C)c(OC)c1CN1C[C@@H](N)[C@H](c2ccnn2C)C1,0.21371474005265206
COc1ccc(S(=O)(=O)CCNC(=O)N(C)C)cc1Cl,0.0004253050373368234
COc1ccc2c(c1C(=O)N[C@@H]1[C@H]3CCC(F)(F)[C@H]31)CCC2,0.0005685133224674904
COc1cccc(-c2nc(CNC3CC(OC(N)=O)C3)co2)c1,0.0015056910606151923
COc1cccc(CN2CCC(CNC(=O)C3CC4(CC4)C3)CC2)c1,0.0004907010451048023
CS(=O)(=O)C1CC(NC(=O)C2CCC(C(F)(F)F)C2)C1,0.0003817373830397886
CSc1ccccc1C(=O)NCC[C@H](C)NC(=O)C1CC12CC2,0.0007029477870485636
Cc1c(Cl)cncc1C(=O)N1CC[C@@]2(CO)CCC[C@@H]12,0.0005111285666172928
Cc1cc(C(=O)N2CC(C)(NC(=O)c3ccc(C#N)cn3)C2)c(C)o1,0.3667904633465774
Cc1cc(C(=O)N2CC3CCC(C2)N3C(=O)[C@H]2CCCO2)oc1C,0.15733515031697917
Cc1cc(C(=O)NC(C)CC2CN(C(=O)c3ccnc(N)c3)C2)[nH]n1,0.0008168177106292684
Cc1cc(C)nc(N2CCC[C@H](NC(=O)c3cnn(CCO)c3)C2)n1,0.0005799599231636531
Cc1cc(N(CCNC(=O)Cc2ccccn2)C2CC2)nc(C)c1C#N,0.0010450868643694393
Cc1cc(N2CCN(C(=O)[C@@H]3CCCO3)CCC2C)c(C#N)cn1,0.7026021577602214
Cc1cc(F)ccc1CC1(C(=O)N[C@@H]2CCO[C@H]2C2CCNCC2)CC1,0.0006517556286131305
Cc1ccc(C)n1CCC(=O)N1CCN(C(=O)COC(C)C)C[C@@H]1C,0.00036511937255341017
Cc1ccc(CC(=O)N[C@H]2[C@@H]3CN(C(=O)CCC(F)F)C[C@@H]32)cc1O,0.000359262411328336
Cc1ccc(CCNC(=O)C2CN(C(=O)OC(C)(C)C)C2)c(C)c1,0.00044429291417512546
Cc1cccc(CNC(=O)N2C3CCC2(CN)CC3)c1C,0.0006684942238593468
Cc1ccsc1C(=O)N1CCN(C(=O)c2cnc[nH]2)C(CCO)C1,0.0004840680931718027
Cc1cnc(CNC(=O)NCc2ccccc2OC(C)C)cn1,0.0005814950611592988
Cc1n[nH]c(CNC(=O)NCC23CC(C2)C3)c1Br,0.00035420564753262617
Cc1nc(C(=O)NCCN(C)CC2CCC(F)(F)CC2)c(C)o1,0.0005591392879936122
Cc1nc(CS(=O)(=O)N2CC[C@@H](C)[C@@H](F)C2)cs1,0.0004733341908065876
Cc1nc(O)c(C)c(N2CCC(NC(=O)c3cn(C)nn3)C(F)C2)n1,0.000710575653884081
Cc1ncc(NCc2cnn(CC3CCC3)c2)c(C#N)n1,0.0016141556140977667
Cc1nccnc1C(=O)N(C)C(C)CNC(=O)CCCC1CCC1,0.5923199616652959
Cc1nn(C)c(Cl)c1C(=O)N1CCS(=O)(=O)CC12CCC2,0.0006157508609685486
Cc1noc(CCCC(=O)N2CCN(C(=O)[C@H]3CC3(C)C)CC2C)n1,0.00025492391578172503
Cc1noc(N)c1C(=O)N1CC([C@@H](C)NC(=O)C2CN(C)C(=O)N2)C1,0.1987490956638072
Cc1nocc1CN1CC2C(CNC(=O)CCC(F)F)C2C1,0.0002927757826632258
Cn1cc(C(=O)NCC2CCN2C(C)(C)C)c(C(F)F)n1,0.2716399609490451
Cn1nc(C(=O)N2CCCN(Cc3ccccc3)CC2)cc1F,0.00047553756358889696
N#CC1(C(=O)NC[C@H]2C[C@H](NC(=O)c3nncs3)C2)CC(=O)C1,0.040448770962868176
NS(=O)(=O)c1cc(N2CC3CCOCC3C2)ccn1,0.0003949101505717133
O=C([C@@H]1[C@H]2COC[C@H]21)N1CCC[C@H]1CNC(=O)[C@H]1C[C@@H](O)C1,0.0003838091646396332
O=C(C1C[C@@H](O)[C@H](F)C1)N1CCCC(OCC(F)(F)F)C1,0.18372585067970645
O=C(CN1CCn2ccnc2C1)N1CCC(Cc2ccccn2)CC1,0.4039122677589303
O=C(COCc1cccnc1)NCCn1cc(C2CCC2)nn1,0.0008716467307612611
O=C(Cc1cccc(C(F)(F)F)c1)N1CCC(OCCO)C1,0.0003962054413365775
O=C(Cc1ccoc1)NC[C@H]1C[C@@H](NC(=O)CCn2ccccc2=O)C1,0.00031005201145929906
O=C(Cc1n[nH]c(C2CC2)n1)N1CC(c2ccccn2)C1,0.0002601317715047648
O=C(NC[C@H]1CCC[C@@H](CO)C1)c1ccncc1C(F)(F)F,0.0005874634792295683
O=C(NC1CCCN(CCF)CC1)C1CC(c2cccnc2)=NO1,0.00044692557839452903
O=C(NC1CS(=O)(=O)N2CCC[C@H]12)C1CC(c2ccccc2)CO1,0.00048490204813270957
O=C(NCC1CCCCC1)C(F)(F)c1cscn1,0.0004215107120617793
O=C(NCCN(C(=O)C1(F)CC1)C1CC1)c1ccc(F)s1,0.28541431853157845
O=C(NCCc1cccc(C(F)F)c1)C1CC2(C1)CS(=O)(=O)C2,0.00032329938748190787
O=C(NCc1ccn2ccnc2c1)NC[C@@H]1C[C@H](O)CCO1,0.0004116095754232772
O=S(=O)(NC1CC1)NC1CCc2nc(-c3ccccc3)sc2C1,0.000569099827634543
C[C@@H](OC(C)(C)C)[C@H](NC(=O)c1cnn(CC(F)F)c1)C(=O)O,0.00043658506994890634
C[C@H](O)C(=O)N[C@H]1CC[C@@H](N(C)C(=O)c2c(N)nn3ccccc23)CC1,0.000375146941270049
CC[C@@H](C(=O)N1CCC[C@H]1CN(C)C(=O)[C@@H]1CNC(=O)N1)N(C)C,0.11160294027857183
CC[C@@H](C(=O)NC1CCN(CCc2ccc3c(c2)CCO3)C1)N(C)C,0.00044300628880122335
CC(=O)Nc1cccc(C(=O)COC(=O)C2=C(C)OCCC2)c1,0.0006776203501974687
CC(C(=O)N1CCC[C@@H]1CNc1nnccc1C#N)N1CCC1,0.4634500042592464
CC(C)[C@@H](NC(N)=O)C(=O)N(C)C1CCN(C(=O)c2cnc[nH]2)CC1,0.000286493159411336
CC(C)(CF)C(=O)N1CC(CO)(NC(=O)C(F)C2(O)CCCC2)C1,0.14050479075513161
CC(C)C(C)(C)C(=O)N1CCC(O)(CNc2ccnc(C#N)n2)CC1,0.0009901398907238939
CC(C)C(C)CC(=O)N1CCN(Cc2nnc(C3CC3)o2)CC1,0.00031302581582054115
CC(C)C(Cc1ccc(F)cc1)N(C)CC(O)CC1(O)CCOC1,0.0005393948020451443
CC(C)CC(C)CC(=O)N1CC(NC(=O)c2cnnn2C)C(C)(C)C1,0.00038231206599890084
CC(C)CC(C)CC(=O)NC(CCc1cn[nH]c1)C(=O)OC(C)C,0.000557337909845421
CC(C)CC(O)c1cn(CC(=O)N2CCOC3(CCOC3)C2)nn1,0.0003243906275298085
CC(CN(C)CC1CCOCC1)NC(=O)OC(C)(C)C,0.0005323086928518428
CC(CNC(=O)C(C)CO)NC(=O)C1(CF)CCC1,0.0002555378560201174
CC(NC(=O)c1cccc(Br)c1)c1cnn(C)c1,0.0006661578305481369
CC(O)CCC(=O)NCC1(CCNC(=O)C(C)C(C)(C)C)CC1,0.0006056371563109165
CC1(CC(=O)NC2CCCN(C(=O)c3coc(C#N)c3)CC2)CC1,0.0016915991567696043
CC1(NC(=O)c2[nH]cnc2CNC(=O)OC(C)(C)C)CCC(F)(F)C1,0.0007239924914323687
CC1CC(C(=O)NCC2C3CN(C(=O)CCF)CC23)CO1,0.0002862910240853747
CC1CN(C(=O)C2(C)CC2(F)F)CC1NC(=O)CN1CCCC1=O,0.13607452469502543
CC1CN(C(=O)c2ccc(C#N)[nH]2)CCC1NC(=O)Cc1nnco1,0.00038317010355698786
CC1CN(C(=O)c2ccncc2)CC1CNC(=O)CCc1cnoc1,0.00040077019951484627
CCC[C@@H](CC(=O)OC)NC(=O)c1ncnc2c1CCC2,0.0004250100656025277
CCC[C@H](CC(=O)OC)NC(=O)c1n[nH]c2c1COCC2,0.0003819094740471619
CCC(=O)N(C)[C@H]1CC[C@@H](NC(=O)CC2CCNC2=O)CC1,0.00030874762143993744
CCC(C)(C)CC(=O)N1C(C)CN(C(=O)CC2CCOC2)CC1C,0.00043391143885850654
CCC(C)(OC)C(=O)N[C@H](C)CNC(=O)C1CCCc2ncnn21,0.0002357696332837954
CCC(CC)C(=O)N1CCC[C@@H](NC(=O)C2CN(C3CCCCC3)C2)C1,0.37928987054863855
CCC(CNC(=O)c1cc(O)no1)NC(=O)C(CC)(CC)CC,0.0005332821522374943
CCC(NC(=O)CSCc1cccs1)c1nccn1C,0.0004929773445904566
CCC(F)(F)CC(=O)NCCN(C)C(=O)c1[nH]cc2c1CCCC2,0.24979743931022783
CCC1(CC)CC(C(=O)N[C@H]2[C@@H]3CN(C(=O)CC(C)OC)C[C@@H]32)C1,0.0003978193798516639
CCCC(=O)N1CCSCC1CCNC(=O)Cn1cc(C)cn1,0.0002301944944658241
CCCOC1CCN(C(=O)Nc2ccc(OCC(N)=O)cc2)CC1,0.0013765080200297205
CCN(C(=O)N1CC(=O)Nc2c(F)ccc(F)c21)C1CCN(C)C1,0.0008563032341389241
CCN(C(=O)c1cccn1CC)C1CCN(C(=O)c2c[nH]c(C)c2)C1,0.0007342615908969212
CCN(CCNc1ccnc(C)n1)C(=O)c1cnns1,0.00039658646069540027
CCNc1nc(C)cc(N2CCC(S(C)(=O)=O)CC2)n1,0.0003943246508719285
CCOC(=O)C[C@H](NC(=O)NCC(COC)C(C)C)C1CC1,0.00043989167979423087
CCOC(=O)C(C)n1cc(-c2ccc(OC)nc2)cc(C#N)c1=O,0.31081702935278205
CCOC(C)C(=O)NCC1C2CN(C(=O)C(C)(C)n3cccn3)CC12,0.0002929390253579119
CCOC1(CN(C)C(=O)NCCS(=O)(=O)N2CCOCC2)CCC1,0.00016831519488347678
CCOC1CC(O)(CNC(=O)NCc2ncc(OC)cn2)C1(C)C,0.0004505332357718058
CCOCC(=O)NC1(CO)CN(C(=O)C(C)c2ccc(N)cc2)C1,0.00041580951787703824
CCOCc1cccc(S(=O)(=O)NCC(CC)(CC)CO)c1,0.0005234260135231926
CCSCc1nnc(-c2ccc(C(=O)O)cc2)o1,0.5700852521400409
CCc1nc(CC(=O)NC2(C)CN(C(=O)C3CSC3)C2)cs1,0.00027423663430868166
CCc1nccn1C(C)CC(=O)N1C[C@H]2[C@H](NC(=O)C(C)(C)O)[C@H]2C1,0.00031164692690887534
CCc1nnc(C(=O)NC2CCN(C(=O)C3CCC4(CCC4)O3)C2)[nH]1,0.00027046187249392596
CCn1c(CNC(C)=O)nnc1N1CCc2ccc(O)cc2CC1,0.0007888815321032558
CCn1nnc(C(=O)NC(C)CCNC(=O)C(C)CC(C)C)c1C,0.0004692189196571082
CN(CC(=O)N1CCOCC1)C(=O)NCC1CCC=CO1,0.00021007827966902998
CN(CCNC(=O)C1(C2CCC2)CC1)C(=O)c1ccc(F)c(F)c1,0.0016521449526193767
CN1C(C)(C)C(NC(=O)c2cc3c(n2C)CCOC3)CS1(=O)=O,0.00037072434858944275
CN1CCC(C(=O)N2CCC(CNC(=O)c3cnn(C)n3)C2)CC1=O,0.0001938222021243853
CNC(=O)c1cc(N[C@H]2CC[C@@H](O)C2)c2ccccc2n1,0.3730905289130467
CNC(=O)c1cccc(CCC(=O)N(C)CC2(C)COC2)c1,0.0003574617235345356
CNc1ccccc1C(=O)NCc1cn(CC(F)(F)F)nn1,0.0006420359914796343
COC[C@@H](O)CN1CCC(NC(=O)c2sc(C(C)(C)C)nc2C)C1,0.0003422733785028431
COC(=O)[C@@H]1OCC[C@@H]1CNC(=O)c1cc2c(Cl)cncc2s1,0.25338412267638866
COC(=O)C[C@H]1CCCN1Cc1cccc2ncccc12,0.0006106918338505913
COC(=O)c1ccc(NC2CC(CNC(=O)[C@@H]3[C@H]4COC[C@H]43)C2)nc1,0.00020560435209730738
COC(=O)c1cnc2c(c1O)CN(C(=O)NC1CCCCNC1=O)CC2,0.00020846695785464795
COC(C(=O)N1CC[C@H](NC(=O)c2cnccc2O)C1)C1CCC1,0.13856409103963627
COC1[C@@H]2CCN(C(=O)c3ccccc3O)[C@@H]2C1(C)C,0.0005948741509573329
COC1(C#N)CC(C(=O)N2CC[C@H](NC(=O)CC3CCC3)C2)C1,0.3895321652166608
COC1(C(=O)N2CCN(C(=O)c3ncn4cccnc34)CC2)CC1,0.24552117390274855
COC1CC(OC)C12CCN(c1cc(Cl)n[nH]c1=O)CC2,0.0007593233904481756
COC1CNCCC1C(=O)N(C)CC(=O)N1CCOCC1,0.00024144789428250812
COCC1(C(=O)NC2CN(CCC3CCCCC3C)CC2(C)C)CC1,0.0013901819040971885
COCCC1(NC(=O)C2=C(C)CCCC2)CCN(C(=O)[C@@H]2C[C@H]2C)C1,0.14787922978953777
COCCN1CC(CNC(=O)[C@]23C[C@H]2[C@H](C)C3)CC1=O,0.0002663490783942875
COCc1ncc(COC(=O)c2cc(C)n(C)c2)s1,0.0006741069294798358
COCc1noc(C(=O)N[C@H]2CC[C@@H](Nc3nncs3)CC2)n1,0.0004770713090256019
COCc1noc(C(C)N2CCN(C(=O)Cn3ncnn3)CC2)n1,0.00016609276455723196
COc1cccc(-c2cncc(N3CC[C@@H]4NCCC[C@@H]4C3)n2)c1,0.8208063365508124
COc1cccc(OC)c1C(=O)N1C[C@H](OC)[C@H](OC)C1,0.0007170097013278921
COc1ccccc1Cc1cnc(NC(=O)CCNC(=O)C2CC2)s1,0.0010868286707077521
CS(=O)(=O)CC1CN(c2ccc(C(=O)O)cn2)CCO1,0.0004040529131572184
CSc1ccc(C(=O)N2CCCC[C@H]2CN(C)C(=O)[C@H](C)O)o1,0.000526960737953857
CSc1ccc(CCNC(=O)[C@@H]2CO[C@@H]3CCCC[C@H]23)cc1,0.0010656738504603764
Cc1cc(C)n(Cc2ccc(OCC(=O)NCCN3CCNC3=O)cc2)n1,0.0003792561454477562
Cc1cc(C)nc(C(=O)NC(CN(C)C)c2ccccc2)c1,0.00038632642383430683
Cc1cc(COCC(=O)N2CCC[C@H]2CNC(=O)C(C)(C)C)no1,0.0006462082152831955
Cc1ccc(C(=O)NCC(O)CNC(=O)C(C)n2ccnc2)nc1,0.0002527942807945864
Cc1ccc(CC(=O)N2CC(O)(CNC(=O)c3cccnc3)C2)o1,0.00021047107322818182
Cc1ccc(CN(C)CC2CCN(C(=O)[C@@H]3CCCN3C)C2)cc1,0.000588883357035325
Cc1ccc(N2CCN(C(=O)C3CCCCC3(F)F)CC(O)C2)nn1,0.0004867833142646845
Cc1cccc(CCC(=O)NC[C@H](C)NC(=O)CC2CC(F)(F)C2)c1,0.20015816045617055
Cc1cccc(NC(=O)C(C)N2CCC3(CCCC(=O)N3)C2)c1C,0.0006822648963256808
Cc1cnc(CNC(=O)c2cccc(NC(=O)NCC(C)C)c2)nc1,0.0010642625085004194
Cc1n[nH]c(SCC(=O)N[C@H]2C[C@H](NC(=O)c3nccn3C)C2)n1,0.00023327747082034375
Cc1nc(C)c(CCC(=O)Nc2ccc(CN(C)C)c(F)c2)c(=O)[nH]1,0.000674669228035618
Cc1sc(=O)n(CCC(=O)NCC(C)Nc2nnco2)c1C,0.0006842916143358296
Cc1sc(CN)nc1C(=O)N1CC[C@@H](O)C[C@H]1C,0.0003898449167491221
Cn1c(Cc2cscn2)nnc1N1CCN(C(C)(C)C)CC1,0.0007596798940757029
Cn1nnc2cc(C(=O)NC3CCCC34CCOCC4)cnc21,0.000614126320288067
N#CCC(=O)N1CCCN(C(=O)CCc2cncc(F)c2)CC1,0.0006156057799024854
N#Cc1cc(C(=O)N2CCCC(NC(=O)[C@@H]3CCCO3)C2)cs1,0.0010422923599532502
N#Cc1ccc(OCC(O)CN(CCC#N)Cc2ccccc2)cc1,0.0006441276722995545
NC(=O)C(n1cc(CNC(=O)CC2CCC3CC23)nn1)C1CC1,0.0009104313512944285
NC1(C(=O)NCC(c2ccccc2)n2cccn2)CC2(CCC2)C1,0.33800988113556923
O=C(C1CCC1)N1C2CCC1C(CNC(=O)C1(F)CCOCC1)C2,0.0005495078656269893
O=C(CC1=CN2CCN=C2S1)Nc1ccc2c(c1)C(=O)CC2,0.6787305833151175
O=C(CC1CCC(F)(F)C1)NC1CCN(C(=O)C2CCCC2)C1,0.57444141123025
O=C(CC1CCSCC1)N1CCC1CNC(=O)C1(C(F)F)CC1,0.1560267921850843
O=C(CCC1CNCCO1)N1CC(Cc2cccc(Cl)c2)C1,0.0006381163725371024
O=C(CCc1ncc[nH]1)N[C@H]1C[C@@H](NC(=O)c2coc(CO)c2)C1,0.08337484476461494
O=C(COC1CCCOC1)N1CCC(CN2CCCCCC2)CC1,0.001378371442384179
O=C(Cc1cnns1)NC1CCN(c2cccc(F)c2)C1,0.0009209052888637025
O=C(Cn1ncnn1)N[C@@H]1CCN(C(=O)Cn2cn[nH]c2=O)C1,9.969491029352125e-05
O=C(N[C@H]1C[C@H](NC(=O)[C@H]2C[C@@H](O)C2)C1)c1ccn(C(F)F)n1,0.00028927514427509965
O=C(NC[C@@H]1CCC[C@@H](C(=O)O)O1)C1(c2ccccn2)CC1,0.00047402473842141974
O=C(NC[C@H]1CCN(C(=O)[C@H]2CCCO2)C1)c1cccc(F)c1O,0.22603534190855817
O=C(NC1CC(Nc2nnco2)C12CCC2)c1ccc(Cl)[nH]1,0.46230183564354604
O=C(NC1CCN(C(=O)C2CC2F)CC1)c1cccn2c(=O)[nH]nc12,0.0003219912903718599
O=C(NCC1(CO)CCNCC1)c1nnc2ccccn12,0.00017924908742569326
O=C(NCC1CCCC1NC(=O)C12CC1C2)c1cc(CO)[nH]n1,0.0004901114613098577
O=C(NCC1CCN1C(=O)c1ncccc1F)c1coc(=O)[nH]1,0.1291767220079942
O=C(NCc1cccc(C(=O)N2CCCC2)c1)C1CCNC12CCC2,0.0007519080670228815
O=C(c1ccc(F)c(O)c1)N1CCOC(C2(O)CC2)C1,0.0003727385940208294
O=C(c1cncn1C(F)(F)F)N1CCC2(CCCO2)C1,0.000596680036482787
O=C1C[C@H](C(=O)NCC(O)CNC(=O)C2(F)CCCCC2)CN1,0.0002208633678346371
O=C1CC(CC(=O)N[C@H]2C[C@@H](NC(=O)c3ccc(O)cc3)C2)CO1,0.0005153918395624431
O=C1COC(C(=O)N(CCNC(=O)CC2CCC2)C2CC2)C1,0.16375244087987648
O=C1OCCN1Cc1ccnc(N2CC[C@@H]3[C@H]2C3(F)F)c1,0.001266315821202453
C[C@@H](C(=O)N1CCCC(CN(C)CC2CCC3CC3C2)C1)C(C)(C)O,0.0011365085291787616
C[C@@H]1CNC[C@@H](C(=O)N2C[C@@H]3Cc4ccccc4[C@@H]32)C1,0.00048517664571911346
C[C@H](CNC(=O)c1cnoc1)NC(=O)c1cccc2c1CCN2,0.3856131569202177
CC(=O)CC(C)(C)CC(=O)N1CCC(c2c[nH]c3ncccc23)CC1,0.19509673677950132
CC(=O)N1CCC[C@@H]1C(=O)N1CC([C@H](C)NC(=O)[C@H]2C[C@@H](O)C2)C1,0.07957980207998623
CC(=O)NC(C)(C)C(=O)Nc1ccn(Cc2ccc(F)c(F)c2)n1,0.0007857442726156389
CC(C(=O)N1CCC(C)(F)C1)n1cc(C2CCOC2)nn1,0.00038285068021271624
CC(C(=O)NCC(C)N(C)C(=O)c1cnc2n1CCOC2)C1CC1,0.00041728159202768846
CC(C)[C@H](N)c1cn(CC(O)c2cc(Br)no2)nn1,0.0005345798864191895
CC(C)(C)C1(CO)CCN(CC2CC3(CCOCC3)C(=O)O2)C1,0.00046990507149627847
CC(C)C(=O)N1CC[C@@H](NC(=O)c2ccc(C#N)[nH]2)C1,0.24465318354734897
CC(C)C(=O)NCC1CCCCN1C(=O)CCc1cnn(C)c1,0.0006552809039500806
CC(C)C(CNC(=O)c1ccco1)NC(=O)CC(C)(O)C1CC1,0.00046537819015139996
CC(C)CC1(CO)CCCN1C(=O)c1nccc2[nH]nnc12,0.17975472750281082
CC(C)Cn1c(=O)[nH]c2ccc(C(=O)OC3CCCNC3=O)cc21,0.0008795602317177123
CC(C)c1nccc(N(C)CC(C)NC(=O)CCC2CCCO2)n1,0.0007286626327722131
CC(CC(=O)NCC(O)CNC(=O)C12CC1C2)C1CCCCC1,0.000663853738180071
CC(CF)C(=O)N1CCN(C(=O)c2cc3n(c2)CCOC3)[C@@H](C)C1,0.0005985746030159122
CC(Cn1cc(-c2ccncc2)nn1)NC(=O)C(C)(C)C1(O)CCOC1,0.0007088985650144102
CC(NC(=O)c1cc2c([nH]1)CCOC2)c1nnc2n1CCCC2,0.0002398478428062954
CC(NC(C)C1(O)CCC1)C(=O)Nc1cc(C(C)(C)C)[nH]n1,0.0003184100697174771
CC(O)(C(=O)N1CC[C@H](CNC(=O)c2ccoc2Cl)C1)C1CC1,0.00037045272731869763
CC(O)C1CC1C(=O)N1CCC(C(C)NC(=O)CC2CC2)C1,0.00023344095516224508
CC(O)c1cn(C(C)CNC(=O)c2ccc(N)cn2)nn1,0.000325898140373337
CC1(C(=O)NCC2COCCN2C(=O)CC2CSC2)CC1,0.00019458182229533646
CC1(C)CC1CCC(=O)N1CCC[C@@H](NC(=O)C2(CO)COC2)C1,0.00039038863849877537
CC1=C(C(=O)N2CCC(N(C)C(=O)[C@H]3C[C@@H](O)C3)CC2)CCO1,0.00034438109925323925
CC1=NOC(C)(CNC2CS(=O)(=O)N3CCC[C@H]23)C1,0.00028891295918912825
CC1C(C(=O)NCCn2cc(-c3ccn[nH]3)nn2)C1C1CC1,0.0008701598976158793
CC1CC1CC(=O)N[C@@H]1CCCN(C(=O)[C@@H]2C[C@H]2C)C1,0.00024513761292586255
CC1CN(CCN(CCO)Cc2ccsc2)CCO1,0.0003883749963046784
CC1COC(C(=O)NC(CNC(=O)c2cc(CO)[nH]n2)C2CC2)C1,0.0002450725825073888
CCC(=O)NCC(=O)NCC1(Nc2cc(OC)ncn2)CCC1,0.00032040859792442633
CCC(C)(O)C(=O)N(C)CC1CCN(C(=O)c2nc(C)[nH]c2C)C1,0.0003761791188813037
CCC(C)(OC)C(=O)N(CCNC(=O)c1cc(C)c(C)o1)C1CC1,0.0003595662603795725
CCC(CN1CCCC(N(C)C(=O)c2c[nH]c(C)n2)CC1)OC,0.0005609115444629198
CCC(CNC(=O)C1NC(=O)CC1C)NC(=O)C1C2CCC(=O)C21,0.0001154751654841492
CCC(NS(=O)(=O)c1cnc(C(C)(C)C)s1)C(F)F,0.0005600138107788312
CCC(O)CC(=O)N1CCC(O)(CNC(=O)c2cc[nH]n2)C1,0.00028701600724335773
CCC(F)C(=O)NC1CCCC12CN(C(=O)c1nc[nH]c1C)C2,0.0006102009839430389
CCC1(C)CC(C(=O)N2CC[C@H](CNC(=O)c3ccc(C)n3C)C2)C1,0.0004472969615282491
CCC1CN(C(=O)c2cocc2C)CCC1NC(=O)c1cnc(C)o1,0.0006362006966902728
CCCC(=O)c1cn(CCC(=O)NCc2ccccc2Cl)nn1,0.0003736954384522652
CCCCC(C)C(=O)N1CCN(C(=O)C2(O)CCC2)CCC1C,0.0008635332290226968
CCCc1cc(C(=O)NC2CC(CNC(=O)CCC(C)O)C2)[nH]n1,0.132952453593064
CCN(C(=O)N1CCC2(CC1)CC2(CO)c1nn[nH]n1)c1ccccc1,0.0006568660367147789
CCN(C(=O)c1ccc(OC)cc1-c1nn[nH]n1)C1CCC(C)CC1,0.0015425034156052052
CCN(C(=O)c1ncccc1C)C1CCN(C(=O)Cc2ccn[nH]2)C1,0.00033956880156982316
CCN(CCNc1nccnc1F)C(=O)C1CCN2CCOCC12,0.0008088423361393357
CCO[C@@H]1CN(C(=O)c2cc(C3CCOCC3)nn2C)C[C@H]1CN,0.0003471250330875626
CCOC(=O)[C@@H]1CC[C@@H]1C(=O)N1CCCC2(C1)C(O)CC2O,0.12217589134844777
CCOC(=O)C(F)(F)CNC(=O)c1ccc(-n2cnnn2)cc1,0.00038419264155856284
CCOCC(=O)N(C)CCCN(C)Cc1nc2c([nH]1)CCCC2,0.0004689196154048522
CCOCc1nnc(CNC(=O)c2ccc(C(F)F)s2)s1,0.0006687787909801328
CCc1c(CN2CC3CCC(O)CC3C2)noc1C1CC1,0.0005818004361080731
CCc1c(CNCc2cc3c([nH]c2=O)CCC3)noc1C1CC1,0.0006103946716295787
CCc1cc(C(=O)N2CC3CCC(C2)N3C(=O)Cn2cnnn2)[nH]n1,0.00017368291336113288
CCc1ccc(CC(=O)N(CCN(C)c2nnnn2C)C(C)C)cc1,0.0009618061032836511
CCc1nccc(C)c1NC(=O)N1CCNC(=O)C12CCC2,0.0004638535848111854
CCc1nn(C)cc1NC(=O)CCN(C)c1ccncn1,0.0012110584808229681
CCc1nnc(CN2CCCC3(CCN(C(=O)c4ccco4)C3)C2)o1,0.00046159949462856113
CCc1onc(C)c1C(=O)Nc1cn(C)nc1C1CC1,0.0014555501562208799
CN(C)C(=O)C1CCC(C(=O)NC(C)(C)C(=O)Nc2ccccc2)CC1,0.2934251999591867
CN(C)C(=O)c1nccc(NC(=O)c2ccc(C#N)n2C)n1,0.4965981865650712
CN(CC1CCCN1c1nccc(C#N)n1)C(=O)c1cn[nH]c1,0.001113807585091695
CN(Cc1nn(C)cc1Br)CC1(C)CCC1,0.000525613470317329
CN1CCC[C@H]1CNC(=O)c1cc(C(F)(F)F)n(C)n1,0.00040513343951992914
CN1CCC(F)(F)C(CNC(=O)NCC(O)c2ccccc2F)C1,0.0003140107613653911
CNC(=O)C(C)N1CCCC1CNC(=O)c1conc1C(C)(C)C,0.0003493487767885081
CNS(=O)(=O)c1ccc(C(=O)NC[C@@H](C)OC(C)(C)C)cc1,0.0003332008940451473
COC(=O)[C@@]12CCOC[C@@H]1CN(Cc1ccc(F)cc1Cl)C2,0.0004336827537711522
COC(=O)[C@H]1CC[C@@H](NCC2(C)COCCN2Cc2ccccc2)C1,0.0006598332630182188
COC(=O)CNC(=O)CCC(=O)c1ccc2c(c1)OCCO2,0.14340781545535536
COC(=O)c1cc(CN2CCCN(c3ccccc3)CC2)n(C)c1,0.0016661847947584667
COC(=O)c1ccc2c(c1)N(C(=O)NC1(C)CCOC1C)CCN2C,0.0008181313784151968
COC(=O)c1cncc(NC(=O)C2(C(F)F)CCCO2)c1,0.0005776786457626698
COC1(C(F)(F)F)CC(C(=O)Nc2c(C)nn3cnncc23)C1,0.000687195371585447
COCC(=O)NC1CN(C(=O)[C@H]2CNC(=O)N2)CCc2ccccc21,0.00024998777263045014
COCC(=O)NCCN1CCC(Nc2ncnc3c2ncn3C)CC1,0.0008146060763365495
COCC(C)(C)C(=O)N[C@@H]1CN(C(=O)c2cccnc2OC)C[C@@H]1C,0.00039746315099813763
COCC1(CNC(=O)Nc2ccc(OC3CCOC3)nc2)CCCO1,0.0007216819526881574
COCCC(C)C(=O)N(C)CC1CN(C(=O)c2cnnn2C)C1,0.00037603745804729515
COCCC1(C(=O)N2CC(NC(=O)[C@@H]3C[C@H]3C)C2)CCCC1,0.0002990376238915047
COc1cc(CCNC(=O)C(C)(C)S(=O)(=O)C2CC2)cc(OC)c1,0.0004157515451035057
COc1ccc(-n2cc(CN3CCN(CCN)CC3)cc2C)cc1,0.0007677867800995757
COc1ccc(CNC(=O)Nc2cccc(N(C)C)n2)nc1,0.0006706146843599725
COc1ccc(S(=O)(=O)NCC(F)(F)CC2CC2)c(F)c1,0.000579571935990502
COc1cccc(CNC(=O)c2noc(C)c2C)c1OC1CC1,0.0005118696528352773
COc1cccc2nc(NC(=O)CC3(C#N)CCOCC3)[nH]c12,0.7473123500616297
COc1ccnc(N[C@@H](CO)CNC(=O)C(O)C(C)(C)C)n1,0.000435520353724893
COc1nc(N2CC3C(CNC(=O)CC4(C)CC4)C3C2)nc(OC)n1,0.0007247510100004729
CS(=O)(=O)N1CCN(Cc2cccc(-n3cnnc3)c2)CC1,0.00019400076317778255
Cc1cc(C(=O)N[C@H](C)CNC(=O)CC2(CO)CC2)sn1,0.0003866402344874409
Cc1cc(C(=O)NC2CCCN(C(=O)c3cnc(Cl)[nH]3)C2)no1,0.18426718995146973
Cc1cc(C(=O)NCC(C)N(C)C(=O)c2cnn(C)c2C)cn1C,0.0004499315142524062
Cc1cc(C(F)(F)F)c(N2CCn3nccc3C2)s1,0.0009600719846140674
Cc1cc(CC(=O)NC2CC3(C2)CN(C(=O)[C@@H]2CCOC2)C3)sn1,0.00022736408670381267
Cc1cc(CNC(=O)NC[C@@H]2C[C@H]2C(F)F)ccc1C#N,0.0006789190418201771
Cc1cc(NC(=O)c2ccc3c(c2)C(=O)NCC3)ncc1C#N,0.4911028451267983
Cc1cc(Oc2cccnc2)ccc1NC(=O)NC[C@@H]1[C@H]2CNC[C@H]21,0.5123875087436804
Cc1ccc(C(=O)NC[C@@H](C)NC(=O)C2CNc3ccccc3O2)o1,0.23693556030608823
Cc1ccc(CC(=O)NCC2CC(O)(C(F)(F)F)C2)cc1O,0.0004453924084103986
Cc1ccc2cnccc2c1C(=O)NC1CN(C2CC2)CC1C,0.0006932806251773381
Cc1cccc(C(=O)N2CCN(CC3CCS(=O)(=O)C3)C[C@H]2C)n1,0.15567599677259322
Cc1cccc(OCCn2nnnc2N2CCC3(CC2)CC3(F)F)c1,0.0013728506807640095
Cc1ccnc(N2CC([C@H](C)NC(=O)c3cncn3C)C2)n1,0.0008122456396727704
Cc1nc(C)c(CC(=O)N[C@@H](C)CCNC(=O)C23CC(C2)C3)s1,0.00044946919633191647
Cc1nc(CCC(=O)NC2(c3ccccc3C)CC2)oc1C,0.0006416414998282625
Cc1nc(N2CCC(NC(=O)C3COCCO3)C2)c2cc[nH]c2n1,0.0005203774927848981
Cc1nc(O)cc(N[C@@H](CO)CNC(=O)C2CCc3cn[nH]c32)n1,0.18480342270198674
Cc1nnc(CN(CCNC(=O)C(C(C)C)N2CCCC2)C2CC2)o1,0.0003554140089151361
Cc1nnc2ccc(C(=O)N[C@H](C)CNC(=O)CCC3CC3(C)C)nn12,0.00040330035782909713
Cc1occc1C(=O)N1CCN(C(=O)Cn2cccn2)CC(C)(F)C1,0.0003977205668454657
Cc1ocnc1C(=O)N1CC(CNC(=O)C2(C3CC3)CC2)(C(N)=O)C1,0.1592236552068218
Cn1cc(C(=O)NC2CCN(C(=O)CCC(C)(C)O)C23CCC3)cn1,0.0005436501736427349
Cn1cc(CN2CCO[C@@H]3CCNC(=O)[C@@H]32)c2ccccc21,0.0006063927921206349
N#Cc1ccnnc1NC[C@H]1C[C@@H](NC(=O)C23CCCCC2OCC3)C1,0.0014962414726962501
NC(=O)CSCC(=O)NC[C@@H]1CCCN1C(=O)C1CCCO1,0.00034294987093808256
NCC1CCN1C(=O)CNc1cccc(-c2nn[nH]n2)c1,0.0005877277230389763
O=C(CN1CCN(c2nccc3ccncc23)CC1)N1CCCCC1,0.6571217416799703
O=C(CNC(=O)C1CC(n2cc(-c3ccsc3)nn2)C1)NC1CC1,0.0006466767254543034
O=C(NC1CC(O)C12CCOCC2)N(CC1CCC1)c1ccccc1,0.0005788359658105478
O=C(NCC12CCCC1N(C(=O)[C@@H]1CC1(F)F)CCC2)c1cc[nH]n1,0.0012907089768096993
O=C(NCCc1ccc(F)cc1)OC1CCN(Cc2ccccc2)C1,0.000642959430119125
O=C(NCCc1ccnnc1)NC1CCN(CC(F)(F)F)C1=O,0.000286853094327505
O=C1CC2(C1)N(S(=O)(=O)c1cc[nH]n1)CCN2C1CC1,0.00019746687578904272
O=C1CCC2CN(C(=O)c3cc(N4CCCCC4)ccn3)CCC2N1,0.4398466995542099
FC(F)(F)[C@@H]1C[C@H](NCc2cnn(C3CC3(F)F)c2)[C@H]2CO12,0.0
C[C@@H]1CC[C@H](C(=O)N2CCN(Cc3ccccc3)CC2)NC1,0.0004367745604447313
C[C@@H]1CN(C(=O)C2(O)CC2)CCN1C(=O)c1cccc2c1OCO2,0.0003478116042953419
C[C@H](C(=O)NCC1CCN(C(=O)C23CCCCN2CCC3)C1)N(C)C,0.0003749567922487012
C[C@H]1NCC[C@@H]1NC(=O)c1ccc(Cl)cc1Br,0.00048313671594802564
CC[C@@H](CO)NC(=O)Nc1cncc(C(=O)OC)c1,0.0004734526736539945
CC[C@@H]1[C@@H](C(=O)NCc2ncnn2C(C)(C)C)CCN1C,0.0003971994928251919
CC[C@H]1CN(Cc2c(Cl)c3c(s2)OCCO3)CCO1,0.0005446217758595954
CC(=O)CC1(C(=O)N2CCc3c(cnn3-c3ccccc3)C2)CC1,0.00040771200563311807
CC(=O)N1C[C@H]2[C@H](NC(=O)c3ccc(C4CCOCC4)cc3)[C@H]2C1,0.0005488258311289301
CC(=O)NCCC(=O)N1CC(C)(NC(=O)c2cccnn2)C1,0.12105316672642116
CC(C(=O)N1CCCOC(CNC(=O)C2CCCC2)C1)C(C)(C)C,0.0004125819238990059
CC(C)[C@H]1CN(C(=O)NC(CCO)C(C)C)CCN1C,0.000494023724269923
CC(C)(C(=O)O)[C@H](NC(=O)C1(n2cccn2)CCOCC1)C1CC1,0.0005195267954522893
CC(C)(C)OC(=O)C1(S(N)(=O)=O)CCN(C[C@H]2CCCO2)C1,0.00025252794461399223
CC(C)(CC#N)C(=O)N1CC(N2CCN(C(=O)CC3(O)CC3)CC2)C1,0.0004440781496186903
CC(C)(CNC(=O)Nc1nnc(C2CCCC2)s1)CS(C)(=O)=O,0.00046615865259454746
CC(C)C(=O)NC1CCC(C(=O)NCc2ccc3c(c2)C(=O)NC3)CC1,0.262597110919345
CC(C)C(c1noc(CC2CCC(C)(O)CC2)n1)N(C)C,0.0005801971081662249
CC(C)CC(=O)N[C@H](C)CNC(=O)Cc1cn[nH]c1,0.000380574936288364
CC(C)COC(C)C(=O)N1CCC(c2cn([C@H]3C[C@H](O)C3)nn2)C1,0.0005836733364975205
CC(C)NC(=O)CS(=O)(=O)NC1COCCNC1=O,0.00019368201602538044
CC(C)OC(=O)[C@H](C)NC(=O)C1COC(C)(C)CN1,0.0002753083508080475
CC(C)OCC(=O)N1CC(C)C(NC(=O)CN2CCCCCC2)C1,0.0003813962363655702
CC(C)c1ccc(CCNC(=O)COC(=O)C2CCSCC2)cc1,0.0003953782819731624
CC(C)c1ncc(CNc2ccc(C3CCC(=O)N3)cc2)cn1,0.0004479836410758046
CC(C)n1cc(CN(C)S(=O)(=O)c2cnn3c2OCCC3)cn1,0.0004268092040708234
CC(CCNC(=O)c1cnoc1)NC(=O)c1nn[nH]c1C1CC1,0.00022309664981065854
CC(CN(C)C(=O)c1c[nH]nc1N)NC(=O)[C@H]1CCCCN1C,0.14375000883621766
CC(CNC(=O)C1CCOC1)CN(C)C(=O)C1CCC2(CC1)CC2,0.000748370292960245
CC(CO)C(=O)N1CCC23NC(=O)C(C1)N3C(=O)OC(C)(C)C,0.0
CC(O)(C(=O)NCC1(O)CN(C(=O)CC(F)(F)F)C1)C1CCC1,0.00029966572641392116
CC(Oc1cccc(Cl)c1Cl)C(=O)N[C@@H]1C[C@@]2(C(=O)O)C[C@@H]12,0.0004998159867987103
CC1(C(F)(F)F)CNCC1C(=O)NC1(c2nnc3n2CCC3)CC1,0.0003676890677864423
CC1(C)COC(CNC(=O)C(C)(C)C2CCC(O)CC2)CO1,0.0004638735141522801
CC1=C(C(=O)N2C[C@@H]3CN(c4nccnc4F)C[C@@H]3C2)CCO1,0.24335399594930796
CC1=NOC(C)(C(=O)N2CC[C@H](NC(=O)c3oc(C)nc3C)C2)C1,0.20039975876164803
CC1CC(C(=O)N[C@H]2C[C@H](NC(=O)c3cc(C(C)(C)C)n[nH]3)C2)CO1,0.0005800278815223961
CC1CC2(CO1)CC(NC(=O)C1CCN(CC(F)F)CC1)C2,0.00036527671611834837
CC1CCN(c2ccnc3ncnn23)C(C)C1NC(=O)CN1CCC1,0.2851660586033801
CCC(=O)N1CCOC2(CN(CCOc3ccc(C)cc3)C2)C1,0.00047404730883147386
CCC(C(=O)NC[C@H]1CCCCN1C(=O)c1oncc1C)N(C)C,0.20348326652365017
CCC(C(=O)Nc1cc(NS(C)(=O)=O)ccn1)c1nn[nH]n1,0.000334394180532387
CCC(C)(OC)C(=O)N1CC(NC(=O)C(C)(O)Cc2ccccc2)C1,0.000306565793805657
CCC(C)C(=O)NCCN1CCN(C(=O)CCCC(N)=O)CC1,0.00022632307158943008
CCC(CO)C(=O)N[C@H]1CCN(C(=O)CN(C)CCOC)C1,0.0002607488863988422
CCC1(C(=O)N2CCN(C(=O)CC3(CO)CCCC3)CC2)CC1,0.0005483628284709962
CCC1CC2(CCC2)CN1C(=O)c1nn(C)c2c1CNCC2,0.0004904290994884975
CCC1COCCN1CCNC(=O)N(C)Cc1ccccc1C#N,0.0011718874686831094
CCCC(C)NC(=O)N1CCn2c(nn(-c3ccccc3)c2=O)C1,0.0005718744630763344
CCCC1CCCC1C(=O)N[C@@H]1CCCN(C(=O)c2ccncc2C)C1,0.0017156991501008393
CCCN(CCNC(=O)c1cc(C)on1)C(=O)c1cc(C)ccc1O,0.0004566655969648914
CCCNC(=O)CN1CCC(CNC(=O)c2cnc(C)s2)C1,0.20149193219459996
CCCc1ccc(C(=O)N2C[C@@H](CC)[C@@H](NC(=O)C(C)CF)C2)[nH]1,0.0006589651275370521
CCCc1cccnc1C(=O)N1CC(O)(CNC(=O)[C@H]2CC2(C)C)C1,0.0003421466573267455
CCN(CC)C(=O)C(C)NC(=O)CC1CCN(CC(F)(F)F)C1,0.00045890196537882273
CCN(CCNC(=O)c1cc2ccccn2n1)C(=O)C1CC12CCC2,0.2675068684233545
CCN(Cc1nc2cc(F)ccc2[nH]1)C(=O)COC1(C)CCOCC1,0.0008449712962157478
CCOC(=O)CC(C)CNC(=O)[C@H]1CCC(=O)N1C(C)C,0.0003941812013345468
CCOC(C(=O)NC(C)c1ccc(C)o1)C1CCOC1,0.0002968037187747715
CCOC1C(C)C1C(=O)N1CC[C@H](CNC(=O)c2cnc(C)n2C)C1,0.00027344082163193784
CCOCC(=O)NC[C@@H]1CCCN1C(=O)c1ccc(C)c(O)c1,0.0003607105482283444
CCOc1nc(NC[C@H](C)NC(=O)c2ncccc2C)ncc1C,0.0005324036228570229
CCS(=O)(=O)c1ccc(C(=O)Nc2cnc3c(c2)CCC3)cc1,0.00062409823745691
CCc1cc(N(C)C[C@H]2CCCCN2C(=O)CC2(COC)CC2)ncn1,0.0016209591185442189
CCc1occc1C(=O)N1CC2(CCCN(CC(=O)NCC3CC3)C2)C1,0.00047380155761126086
CCn1ccnc1CN(C)C(=O)[C@H]1C[C@H]2CC[C@@H]1C2,0.0010603429891959983
CCn1ccnc1CNc1ccc(S(=O)(=O)NCC2CC2)cc1,0.0007136572906546101
CN(C(=O)C(F)(F)C1CCNC1)C1(CCO)CCOCC1,0.0005309170000323451
CN(C(=O)C1CC12CCSCC2)C1CCN(C(=O)CC#N)CC1,0.0009611541519667543
CN(C(=O)CCCc1nncn1C)c1ccc(F)c(Cl)c1,0.0010009497300321228
CN(C)CCC1CCN(C(=O)c2cncc(C(=O)O)c2)CC1,0.19750721708438138
CN(C)CCOc1cc(C(=O)N2CC(O)(c3ccnn3C)C2)ccn1,0.00033443651902211735
CN(CC(C)(C)CN)C(=O)c1cn(-c2ccccc2Cl)nn1,0.0005045181019267034
CN(CCNS(=O)(=O)OC1CC1)Cc1cccc(F)c1,0.0003348884078954063
CN1CCC2(CC1)CCN(C(=O)c1[nH]c3ccc(F)cc3c1C#N)C2,0.802196254716124
CN1CCCCC1C(=O)N1CCCN(C(=O)C2(C)CC(F)C2)CC1,0.28038240496408817
CN1CCN(CCNC(=O)c2ccc(=O)n(-c3ccccc3)n2)CC1,0.20287630026324305
CO[C@H]1C[C@@](CO)(NC(=O)C(c2ccc(F)cc2)C2CCCC2)C1,0.0006520573914190227
COC(=O)[C@@H]1CN(C(=O)c2cncc3nc[nH]c23)C[C@H]1C,0.0006561171279281727
COC(=O)CC1CCN(C(=O)CCC(=O)c2ccc(C)cc2C)C1,0.0005300934365297666
COC(C)(C)CC(=O)N(C)CCNC(=O)c1cnco1,0.1905304773372274
COCC1(O)CCN(C(=O)c2ccn3nc(C)nc3c2)C1,0.00025467100401067004
COCCC1(S(=O)(=O)N2CCC(C(N)=O)CC2)CCC1,0.00030947886958094167
COCCN(CCNC(=O)c1cc(C2CC2)[nH]n1)CC(=O)N(C)C,0.09142614119868611
COc1cc(C(=O)NCCc2cc(C)on2)c(Cl)cn1,0.0004183857393138024
COc1ccc(CCNC(=O)c2ccc(Br)o2)cc1O,0.0007137243609318419
COc1cccc2c(C(=O)OC3CCSC3)n[nH]c12,0.2749938022513632
COc1nccc(C(=O)N(CCNC(=O)C(C)C2CC2)C2CC2)n1,0.0004928761820964647
CS(=O)(=O)N1CCCN(C(=O)NCCN2CCCCCC2)CC1,0.08421803358565103
CSCC(=O)N[C@@H](C)CNC(=O)c1cncc(Br)c1,0.00047183224577925615
CSc1cccc2c1CN(C(=O)C1CCCN1C(=O)C1CC1)CC2,0.0005238106177165912
Cc1[nH]ncc1C(=O)N1C[C@H]2CN(C(=O)CSCC(N)=O)C[C@H]2C1,0.00024371385691717681
Cc1c(C(=O)NC2CCC(CS(C)(=O)=O)CC2)sc2ncn(C)c12,0.0008652367596414782
Cc1cc(=O)[nH]c(C)c1C(=O)N1CCC2(CC1)CC(O)C2,0.0004263803946334465
Cc1cc(C(=O)N2CCC[C@H]2CNC(=O)C2CCOCC2)cc(O)n1,0.1590591617260378
Cc1cc(C(=O)NCC2CN(C(=O)c3cccc(O)c3)C2)ns1,0.2355807012640731
Cc1cc(CCC(=O)NCC2(O)CN(C(=O)CN3CCC3)C2)no1,0.10026146880555764
Cc1cc(N2CC(CNC(=O)c3sccc3C3CC3)(OC)C2)ncn1,0.17872789465746772
Cc1ccc([C@H](O)COC(=O)C(F)C(C)C(F)(F)F)cc1,0.00040592813740819215
Cc1ccc(N(C)C2CCCN(C(=O)C3CCCCO3)C2)nn1,0.0007694393346136208
Cc1cccc(C(=O)NCC2CN(C(=O)CC(C)(O)C3CC3)C2)c1O,0.00026729846336043364
Cc1cccc(C)c1C(=O)N[C@H]1[C@@H]2CN(C(=O)[C@@H](C)O)C[C@@H]21,0.0003307355882328582
Cc1cnsc1C(=O)N1CCCCC1CNC(=O)[C@@H]1CNC(=O)N1,0.0002601785141425423
Cc1n[nH]c(CC(=O)N(C)C2CCN(C(=O)CC(O)C3CC3)CC2)n1,0.10210434237243977
Cc1nc(C)c(C(=O)COC(=O)C2(c3ccncc3)CCC2)o1,0.00021755253244897926
Cc1nc(N(C)CC(C)(C)CNC(=O)CC2CC2)c2cnn(C)c2n1,0.25496655807446306
Cc1ncc(C(=O)NC(CNC(=O)C2CC2C2CC2C)C2CC2)n1C,0.00023535287953893667
Cc1ncnc(-c2cccc(NC(=O)C3COC(CN)C3)c2)c1C,0.0009907549784366689
Cc1nnc(NCC(NC(=O)C[C@H]2CCOC2)C2CC2)nc1C,0.00040562685826667417
Cc1nnc2n1CC(C(=O)Nc1ccc3c(n1)CCCC3)CC2,0.0006752464153206653
Cc1noc(C)c1CCOC(=O)c1ccc(=O)n(C)c1,0.00038134281884251534
Cn1cc(CNC(=O)CCOc2ccccc2)c(C(F)F)n1,0.0005024459361790345
Cn1ccc(CC(=O)NC2CCCN(c3nnnn3C)CC2)n1,0.00043529013117577837
Cn1ncc2c(N3CCCC3C3CCCOC3)ncnc21,0.0013158327019234144
N#CCCN(C(=O)Cn1nccn1)c1ccc(Br)cc1,0.0015223228970055063
N#Cc1cccnc1N1CC(NC(=O)COC(F)F)C2(CCC2)C1,0.0014434301031906605
N#Cc1nccnc1N1CCOCC(NC(=O)[C@@H]2CNC(=O)C2)C1,0.25688138434800944
O=C(CN1CCC1)NCc1ccc(CNC(=O)C2CC23CCC3)cc1,0.00021498596469335276
O=C(CNS(=O)(=O)NCC(F)(F)F)NC1CN(CC2CC2)C1,0.09333074102150277
O=C(N[C@H]1CC[C@H](CF)CC1)[C@@H]1C[C@@H]2CNC[C@@H]2C1,0.0003901842463666437
O=C(NC1CCOCC1F)c1cscc1C(F)(F)F,0.0006131287037550379
O=C(NCC1(O)CN(C(=O)[C@H](O)c2ccccc2)C1)c1cncc(F)c1,0.0001974518068385603
O=C(NCC1CC2CC2C1)Nc1cc(C(F)(F)F)c[nH]c1=O,0.0005626080845369693
O=C(NCC1CCC2(CN(C(=O)c3ccc(=O)[nH]c3)C2)O1)C1CC1F,0.00016321047781802278
O=C(Nc1ccn(-c2ccccc2Cl)n1)N1CCC[C@@H]1CO,0.001034596983955008
O=C1CC[C@@H](NC(=O)[C@H](O)c2ccc(F)cc2)[C@H](C2CC2)N1,0.00044042684964003265
O=C1CC2(C(=O)N[C@@H]3C[C@@H]4COC[C@@H]43)CCC(C2)N1CC1CC1,0.0004336488889300496
O=C1NCc2c(NC3CCN(c4ccccn4)CC3)cccc21,0.34014955669781793
C=C(Cl)CCC(=O)N1CCC1CNC(=O)CCn1cc(C)cn1,0.00027795052459803543
C=Cn1nccc1C(=O)NC1CN(C(=O)[C@@H](C)N(C)C)CC(C)(C)C1,0.0009086330691033354
CC[C@@H]1CN(C(=O)C2CC(C)(F)C2)C[C@@H]1NC(=O)[C@@H]1C[C@@H]2C[C@@H]2C1,0.19923977129525713
CC(=O)CCC(=O)NC1CCN(C(=O)CNS(C)(=O)=O)C(C)C1,0.11618666770867818
CC(=O)N(C)C(C)CNC(=O)Cn1nnnc1C1CC1,0.00017606639923124543
CC(=O)N1CC[C@@H](OC(=O)Cc2c(C)nn(-c3ccccc3)c2C)C1,0.0005669369609469427
CC(=O)N1CCC(CN(C)c2ccc(C(=O)N(C)C)nc2)CC1,0.0005921594824621285
CC(=O)OCCC(=O)NCC(C)(NC(=O)CN(C)C(C)=O)C1CC1,0.12479342449570723
CC(=O)c1coc(C(=O)OC2CCNC3(CCOCC3)C2)c1,0.1487926591278329
CC(C)[C@@H](O)C(=O)N1CCN(C(=O)CCn2ccnc2)CC1,0.00022299461209385709
CC(C)(C)CC(=O)N1CC[C@@H](NC(=O)CN(C(=O)C2CC2)C2CC2)C1,0.14100530832182104
CC(C)(C)O[C@@H]1C[C@H]1C(=O)Nc1cc(Cl)c2c(c1)OCCCO2,0.0016953717575300727
CC(C)(C)S(=O)(=O)NC(=O)[C@@]1(c2ccccc2)C[C@@H](F)C1,0.0005305092143355787
CC(C)C(=O)[C@@H]1CCC[C@H](NC(=O)NC(CO)C2CCCC2)C1,0.0004459094501412196
CC(C)C(C)C(=O)N1CCC2(CC1)CC2NC(=O)c1cnc(Cl)[nH]1,0.210747718147672
CC(C)C(F)C(=O)N1CCCN(C(=O)C2CCC(N(C)C)CC2)CC1,0.21091744926323466
CC(C)N(C)c1ccc(C(=O)N2CC(N3CC(F)C3)C2)cc1,0.3475786567160506
CC(C)NS(=O)(=O)Nc1cc(S(=O)(=O)C(C)C)ccn1,0.0004341130212301189
CC(CC(=O)NCC(CO)c1ccccc1F)c1cccnc1,0.0004754004307019606
CC(CNC(=O)c1ccc2nncn2c1)N(C)C(=O)C1CCCC1(C)C,0.00046251993616487294
CC(CNC(=O)c1cncnc1)N(C)C(=O)C1CC1C1CCCC1,0.0011765725834589301
CC(COc1ccccc1)NC(C(=O)N1CCCCC1,0.0
CC(CS(C)(=O)=O)C(=O)N[C@@H]1CCCN(C(=O)C(C)CO)C1,0.18875247021027283
CC(Cc1cnc[nH]1)C(=O)NC[C@H](CO)Nc1nncs1,0.00030935672806963046
CC(NC(=O)c1cncc(N2CCCC2=O)c1)c1cn(CCO)nn1,0.0005026625681639333
CC(O)(CC(=O)N1CCC(NC(=O)COC(F)F)CC1)C1CC1,0.00029791205937948815
CC(O)C(=O)N1CC2CCCC1C2CNC(=O)C1(C(C)C)CC1,0.0002789714112620421
CC(OC(=O)c1cnc2c(n1)CCCC2)C(F)(F)F,0.0005046892225649435
CC1(C(=O)Nc2cc(F)cc(-c3ccccn3)c2)CCCN1,0.0016389425404114638
CC1(C)C[C@@H]1C(=O)N1CC2(CCCCN(C(=O)C3(CO)CCC3)C2)C1,0.0005491206537344541
CC1(C)C[C@@H]1C(=O)N1CCN(CCNC(=O)c2ccncn2)CC1,0.00025344099654584824
CC1(C)CN(C(=O)c2ccc3nccn3c2)CC(=O)N1,0.00036048666455792847
CC1(CC(=O)NC[C@H]2C[C@@H](Nc3ncncc3C#N)C2)CCCC1,0.001700737414002664
CC1(CNC(=O)Cn2cnnn2)CCN(C(=O)C2(CO)CC2)C1,0.06287444105369948
CC1CC(C(=O)N2CCCCC2CNc2nc(C3CC3)ns2)C1,0.00103466897778346
CC1CC(C)CC(C(=O)N[C@H]2CCCN(C(=O)C(C)(C)O)C2)C1,0.0005316380219764861
CC1CC(NC(=O)CSC(F)(F)F)CN1C(=O)c1ccon1,0.0004956500804652736
CC1CCC(CCNC(=O)c2n[nH]c3c2COc2ccccc2-3)O1,0.0009625003580472546
CC1CCCC(CC(=O)N(C)CC(C)(C)S(C)(=O)=O)C1,0.3788183557653742
CCC(=O)N1CC2CC1CCC2NC(=O)CNC(=O)c1ccncc1,0.00034795702478132286
CCCC(C)(O)C(=O)N(C)CCC(NC(=O)[C@@H]1C[C@@H]2C[C@@H]2C1)C(C)C,0.0003537294870349193
CCCN(CCNC(=O)c1ccc(OC)cn1)Cc1nccs1,0.0007346230873026859
CCCN(CCNC(=O)c1sncc1C)C(=O)C1(SC)CC1,0.0010913805491791799
CCCNC(=O)c1ccc(NC(=O)NCC2(C)CC2(C)C)cc1,0.3175630937615742
CCCS(=O)(=O)N1CCN(Cc2cnc(C(C)C)s2)CC1,0.0003270851835680893
CCN(C(=O)c1cccnc1O)C1CCN(C(=O)[C@@H](C)OC)C1,0.12434579278567214
CCN(CC(=O)NC(C)C)C(=O)CCc1ccc2c(n1)NCCC2,0.0002625492507672093
CCN(CC)C(=O)c1ccc(NC(=O)C2CCC(OC)C2)cc1,0.0009661832047229927
CCN1CCC(N[C@@H]2CCO[C@H]2c2ccc(F)c(Cl)c2)C1=O,0.0005668443791149117
CCOC(=O)C1CN(c2ccnc(N)n2)CC1(C(F)(F)F)C(F)F,0.0014436710184456145
CCOc1ccc(C(=O)NCC2CCC3(CN(C(C)=O)C3)O2)cn1,0.12396695581064403
CCOc1ccnc(N2CCc3c(F)ccc(F)c3C2)n1,0.0010318850411050152
CCSc1cccnc1C(=O)N1CC([C@@H](C)NC(=O)CC2CC2)C1,0.14977135644993658
CCc1c(C(=O)N2CCC3(CCC3O)CC2)nnn1CC,0.0005730608248496892
CCc1nc(C(=O)NCCN(C)C(=O)c2sccc2C#N)c[nH]1,0.0011633951583024586
CN(C[C@H]1CCCN1C(=O)c1ccc2[nH]ncc2c1)C(=O)[C@@H]1CCCO1,0.0005094058720109845
CN(C)C(=O)OC1CCN(C(=O)NCC(F)(F)C2CC2)CC1,0.0005269234801983821
CN(C)CC(=O)N1CCOCC1CNC(=O)C1CC2(CCC2)CO1,0.18950422804900552
CN(C)CCOc1cccc(NC(=O)NC2C3CCC(C3)C2CO)c1,0.0011380727095995661
CN(C)c1noc(CN2C(=O)CCc3cc(Cl)ccc32)n1,0.0004705280367820289
CN(CC1CN(C(=O)Cn2ncn(C)c2=O)C1)C(=O)CC1CC1,0.00018301636236339755
CN(CCN(C)C(=O)c1ccc(F)cc1)C(=O)Cc1ccoc1,0.00048029680391075606
CN(CCNC(=O)c1cc[nH]c1)C(=O)CCNC(=O)CO,0.12121286093459972
CN(Cc1nnc2n1CCC2)C(=O)Cc1c[nH]c2ccccc12,0.0002727325111349868
CN1C2CCC1CC(NC(=O)[C@@H]1C[C@H]1c1ccccc1)C2,0.0004815613191475414
CN1CC[C@@H](C)[C@@H](CNS(=O)(=O)c2cccc3cccnc23)C1,0.0006604811006126119
CN1CCC(CCC(=O)NCc2ccc(NC(=O)OC(C)(C)C)cn2)C1,0.001223190235549138
CNC(=O)c1cccc(C(=O)NC2(C(=O)N(C)C)CC(F)(F)C2)n1,0.1306392275592237
CNS(=O)(=O)CCC(=O)N1CC[C@H](Nc2ccc(C#N)nc2)C1,0.0005732244894769861
CO[C@@H]1COC[C@H]1NC(=O)CSCC(O)c1ccc(F)cc1,0.0005423042543167441
CO[C@H]1C[C@@H](CN2CCCC2)N(C(=O)NCCc2ccc(C#N)c(C)c2)C1,0.001425966436627527
COC[C@@H]1CN(C(=O)Cc2ccc(OCC#N)cc2)CC(C)(C)O1,0.0009525293240979954
COC[C@@H]1CN(C(=O)c2cc3c(nc2C)CCOC3)CCO1,0.00030060106509612505
COC(=O)C1CC1C(=O)N1CC(CNC(=O)c2cncc(C)c2)C1,0.00028761454325780403
COC(=O)C1CCN(C(=O)NC2Cc3cscc3C2)C2(CC2)C1,0.0007399341596172413
COC(=O)CC[C@@H]1CC[C@H](C(=O)N2CCCc3[nH]nc(C)c32)O1,0.26804123136005886
COC(=O)N1CC2CCC1C(NC(=O)NC1CCc3ccccc31)C2,0.0006908289043915045
COC(=O)c1cc(CN(C)Cc2ccc(C)cc2C)c[nH]1,0.0008096187807518609
COC(=O)c1cccn2c(NC(=O)N3CCC4CC4C3)cnc12,0.0006963948380162376
COC(C(=O)N[C@H]1C[C@]2(CCCCN2C(=O)C(C)C)C1)C1CCC1,0.4083294257047784
COC(C)CC(=O)N[C@@H]1CN(C(=O)CCc2cccnc2)C[C@@H]1C,0.0002617895897414109
COC(C)CC(=O)NC1CCC2CC1CN2C(=O)c1cncc(C)c1,0.00036971485649921253
COC(C)CCNC(=O)N1CCN(c2ccc(F)cc2F)C(=O)C1,0.0007099226687006977
COC1(C(=O)N2C[C@@H]3CN(C)C[C@]3(C)C2)CCS(=O)(=O)C1,0.0002352741877739583
COC1(C)CN(CC(=O)Nc2nc(C3CCNCC3)nn2C)C1,0.0006170624165911205
COC1CC(CNC(=O)CC2(NC(C)=O)CCCCC2)C1,0.0006142964235284535
COCC(=O)N1CCC(N(CCO)Cc2noc(C3CC3)n2)CC1,0.00020591551192664196
COCC1(C(=O)N2CC(NC(=O)c3c(C)coc3C)C2)CC1,0.0004962866997417249
COCC1(CO)CCN(C(=O)C2CCC(=O)c3ccccc32)C1,0.000869466479693772
COCCN1C(=O)N[C@@H]2CN(C(=O)c3ccsc3)CC[C@@H]21,0.0002498914729665904
COCc1ccoc1C(=O)NCC1CCN(C(=O)CC2(O)CC2)C1,0.00038701561193178524
COCc1ncsc1C(=O)N(C)C(CC(C)C)CN1CCCCC1,0.0010089910950834137
COCc1noc(C(C)NC(=O)NC2C[C@@H]3OC(=O)O[C@H]3C2)n1,0.00046512059988905604
COc1cc(C(=O)N(C)CCNC(=O)c2c[nH]c(C)cc2=O)nn1C,0.00025139727346631523
COc1cc(COCC(=O)NCCc2cc(C3CC3)on2)ccn1,0.0002512469036364798
COc1cc(OC)c2c(c1)OCC2NC(=O)CCc1nncn1C,0.00042690770983779084
COc1ccc(-c2noc([C@H](C)OC(=O)C(F)C3CC3)n2)cc1,0.0013115261136770289
COc1ccc(F)c(NC(=O)[C@@H]2[C@@H](NC(=O)OC(C)(C)C)C2(C)C)n1,0.0005686440416998277
COc1nn(C)cc1CNC(=O)NCc1cnn(C(C)(C)C)c1,0.0007064597776419851
CSC[C@H]1C[C@@H](NC(=O)NCCn2ncc3ccccc32)C1,0.0009204848299728863
CSCC(C)(C)C(=O)N=S(C)(=O)C1CCOCC1,0.49204475472370357
Cc1[nH]ncc1C(=O)N1CC2(CCN(CC(C)CC(C)C)CC2)C1,0.2107541165097472
Cc1cc(C(=O)N2CCC[C@@H](Nc3nnc(C(C)(C)C)o3)C2)cnn1,0.0008549069246862447
Cc1cc(C(=O)NC2CCCC(Nc3ncncc3C)C2)c(C)cn1,0.0008150357887165625
Cc1cc(NC2CCCC3CN(C(=O)COC4CC4)CC32)ncn1,0.0011567173742674344
Cc1ccc(C(=O)N[C@@H](C)CNC(=O)C23COC(C2)C3)nn1,0.149841545009973
Cc1cccc(C(=O)N2CN3CCCC3=NS2(=O)=O)c1,0.0006015819833861492
Cc1ccncc1CC(=O)N1CCC[C@@H](NC(=O)C(O)C2CC2)C1,0.1594673303121071
Cc1cnc(NC(C)(C)CNC(=O)C2(CO)CCOCC2)nc1O,0.0006976368312945898
Cc1cncnc1NCC1CCCCN1C(=O)c1coc(Cl)n1,0.0007634531777289982
Cc1nc(-c2nnc[nH]2)sc1C(=O)NC1CCCC23OCCC2CC13,0.32421944876326336
Cc1nc(COC(=O)C2(C)CCCS2(=O)=O)sc1C,0.0005307528067574797
Cc1nc(NCC2CCCN2C(=O)c2cnoc2C)cc(C(C)C)n1,0.0009914935891616407
Cc1nc2ccc(C(=O)NC3CC4CCC(C3)S4)cc2n(C)c1=O,0.3672777767125239
Cc1nccn1CCCC(=O)NC(C)CNC(=O)[C@H]1CC1(C)C,0.00023907309773398683
Cc1nnsc1C(=O)N1CCN(C)CC1CNC(=O)C1CCC1,0.00037868934706418835
Cn1cc(C(=O)NC2(C)CN(C(=O)c3cscc3Cl)C2)cn1,0.0006361755339655643
Cn1ccnc1C(=O)NC12CCCC1N(C(=O)c1ncccn1)CC2,0.0008751491277056682
NC(=O)C(NCCC1CC2CCC1O2)C1CCOCC1,0.00047034563011838135
O=C(CC1CC1)NCC1(CCNC(=O)c2ccc(F)c(F)c2)CC1,0.001622031107140741
O=C(CC1CSC1)N[C@@H]1CCN(C(=O)c2cc(=O)[nH]c(=O)[nH]2)C1,0.00017794138340443188
O=C(CO)N[C@H]1CCN(C(=O)c2ncc[nH]2)C1,0.00017864577311101277
O=C(COc1ccc(Cl)cn1)N1CCCC2(CCCOC2)C1,0.0006688095409918756
O=C(N[C@H]1C[C@@H](NC(=O)C(F)(F)C2CCOCC2)C1)C1CC12CCC2,0.0014515217295463165
O=C(NC1CCN(CCF)CC1)c1cc(O)nc2ccc(F)cc12,0.2569871341957171
O=C(NCC1(NC(=O)[C@@H]2CC2(F)F)CC1)[C@@H](O)c1ccccc1,0.00030939465534240865
O=C(NCCc1ncc[nH]1)c1cc2n(n1)CCCN2,0.0003423594051231967
O=C(c1ccc(C(F)(F)F)cc1Br)N(CCO)CCO,0.0006639543644769429
C[C@@H](CNC(=O)c1ccc2nccn2c1)NC(=O)C1COCCN1C,0.00029371156674907047
C[C@H](CNC(=O)C12CC(CO1)C2)Nc1ncnc2c1NC(=O)CO2,0.31675680889373203
C[C@H](O)C(=O)NCC1CCCC1NC(=O)C[C@H](O)c1ccccc1,0.000364212962324251
C[C@H]1CN(c2n[nH]c(=O)s2)C[C@H]1NC(=O)[C@@H]1OCC[C@@H]1C,0.00032929541139446283
C=C(Cl)CCC(=O)NC1CCCC12CN(C(=O)c1ccc(C)[nH]1)C2,0.0006600995221648011
CC(=O)N[C@H](CC1CCC1)C(=O)NCCN(C)c1ccc(C#N)cn1,0.0005255969986489432
CC(=O)NCCC(=O)N1C[C@@H]2C[C@H]1CN2C(=O)C1(C)COC1,0.10213417506931267
CC(=O)Nc1cccc(C(=O)NC(C)c2ccnc(O)c2)c1,0.0008634425265411612
CC(=O)c1cc(F)c(NC(=O)N2CCC(O)(C(N)=O)C2)cc1F,0.23702404905731098
CC(C(=O)NCCn1cc(C2CCOC2)cn1)n1cncn1,0.0005780314629831893
CC(C)(C(=O)N[C@@H]1C[C@H]1NC(=O)OC(C)(C)C)c1cccc(O)c1,0.00047521775391673156
CC(C)(C)CC(=O)NCC1CC(NC(=O)C2(O)COC2)C1,0.00024722602074847094
CC(C)(C)OC(=O)N1CCC1C(=O)N1CCC2COCC2C1,0.00041885480248960355
CC(C)(O)C(=O)NC1CC2(CCN(C(=O)CCc3ncccn3)C2)C1,0.0005625772741014333
CC(C)C(=O)N[C@@H](CO)C(=O)N1CC(C)OC(C)(C)C1,0.00026852473579178505
CC(C)C(F)C(=O)N1CC(O)(C(C)NC(=O)CN2CC3CC3C2)C1,0.1386431920099437
CC(C)CC(=O)NC1(C)CN(C(=O)c2cccc3ccnn23)C1,0.16425758763521867
CC(C)CC(C)CC(=O)NC1(CNC(=O)c2cc(O)cc(=O)o2)CC1,0.0005184084356461922
CC(C)CC(CO)CNC(=O)c1ccccc1CC(F)(F)F,0.0008564408261282475
CC(C)CCOC(=O)NC1CCCc2nn(C)cc21,0.0005175188306402368
CC(C)CCn1cc(CN2CCN(C(=O)Cc3cnoc3)CC2)nn1,0.0007495818160691049
CC(C)CN1CCC(C(=O)N2CCN(C(=O)[C@H](C)O)CC2)CC1,0.0003294187036133767
CC(C)Cc1cc(C(=O)NCc2cccc(CO)n2)cc(O)n1,0.0003393856146349136
CC(C)SCC(=O)NC[C@@H](C)NC(=O)C(C)(C)C1(O)CCOC1,0.00031249090269367085
CC(C)n1cnnc1CC(=O)NC1COc2cccc(F)c21,0.0003201481022151815
CC(CCNc1cnc(C#N)cn1)NC(=O)C(C)Cn1cccn1,0.0012334341689084305
CC(CNC(=O)C1CC2(CC(O)C2)C1)NC(=O)C(C)(C)O,0.00018673436419383227
CC(CNC(=O)C1CCC1F)NC(=O)C1CC(=O)CC12CCC2,0.00012677853494077478
CC1(C)CC(CO)(CNC(=O)c2ccc3[nH]cnc3c2)C1,0.42213276415365975
CC1(C2CCN(CC(O)CCC(=O)O)CC2)COC(=O)N1,0.0003263518792385129
CC1(CNCC(O)C2(CC(=O)O)CCC2)CC2CCC1O2,0.00035090069358613716
CC1=C(CNC(=O)N2CCOC(CO)C2)S(=O)(=O)CCO1,0.10763171769463714
CC1CC(=O)NCC1C(=O)N(C)CCN(C)C(=O)CC1CN(C)C1,0.08411267327317859
CC1CC1C(=O)N(C)CC1CN(C(=O)[C@H](C)c2ccc(F)cc2)C1,0.00038546243253619115
CC1CCN(Cc2ccccc2-c2nn[nH]n2)CC1(F)F,0.001377485460059156
CC1CN(C(=O)C2(N(C)C)CCC2)CCN1C(=O)c1ccc(O)cn1,0.2174745377074404
CC1CN(C(=O)C2CCCC3CC32)CCC1NCC(=O)NCC1CC1,0.33018627285916763
CC1CN(c2nc3ccccc3n2C)CCN1C(C)C,0.0014760356627894833
CC1CN(c2ncccc2C(C)C)CCC1NC(=O)C1CCCCC1O,0.3236506592385021
CC1COC(C(=O)N=S(C)(=O)c2cc(Cl)ccc2F)C1,0.2216581198118195
CCC(C)CC(=O)NCCN(C)C(=O)C1(C(C)C)CC1,0.0004736319433587828
CCC(CC)C(=O)NC1CCN(C(=O)c2cnc3nccn3c2)CC1,0.6669205070054942
CCC(CNC(=O)C[C@H]1CCOC1)NC(=O)COc1cnn(C)c1,0.00046936617512027064
CCC(CNC(C)=O)NC(=O)Cc1n[nH]c2ccccc12,0.0005436920040891996
CCCC(=O)N1CCC[C@@H](NC(=O)CC2Cc3ccccc3O2)C1,0.00035428365445408716
CCCC(=O)N1CCCC(NC(=O)C(C)c2c(C)noc2C)C1,0.00042668834798767805
CCCC(CC1CCCC1)C(=O)N1CCN(CCF)C[C@@H]1C,0.0014431810391349626
CCCC(CCC)C(=O)NC[C@@H](C)NC(=O)C1CCc2cncn2C1,0.0010803943178883115
CCCC(O)CNC(=O)NCC(C)(OCC)c1ccccc1,0.000435796313240187
CCCN(C(=O)c1cnco1)C1CCN(C(=O)c2occc2C)C1,0.0004780869818111688
CCCn1nnnc1CN1C[C@@H](O)[C@@H](O)[C@@H]1C(=O)OCC,0.00017936083037809324
CCN(C)CC(=O)N(C)C(C)CCNC(=O)C1CCC1(F)F,0.00040328268260599086
CCOC(=O)Nc1cc(C(=O)NC2CCc3[nH]nnc3C2)ccc1OC,0.37511956329212615
CCOC1(C(=O)NCC(OC)C2CCCC2)CCCC1,0.0006142246932573747
CCOc1cnc(C(=O)Nc2cc(CCOC(C)(C)C)n[nH]2)cn1,0.0008156331899949661
CCOc1nccc2cc(C(C)NC(=O)[C@@H]3C[C@H]3CC)[nH]c12,0.0005241829743510985
CCS(=O)(=O)N1CCC(CNC(=O)CN(C)C(C)=O)CC1,0.11603067367162867
CCc1cc(C(=O)N2CCC(N(C)C(=O)C3(O)CCC3)CC2)nn1C,0.2807983783027588
CCc1cc(OC)ccc1CNC1(C(N)=O)CCS(=O)(=O)CC1,0.0003239229967419179
CCc1ccc(C(=O)NC2CN(C(=O)C3CCC3F)CC2CC)o1,0.0006272941004638105
CCc1cnc(CN(C)C[C@H]2CCCCN2C(=O)c2ccoc2)o1,0.0014075119391369038
CCc1cnoc1C(=O)NC[C@H]1CCCN(C(=O)c2nnn(C)n2)C1,0.00040039706556637376
CCc1ncc(CN2CCC(OC3CCOC3)CC2)s1,0.000553581636179918
CCc1nnc(CN2CCCC2CNC(=O)c2ccc(F)cc2C)s1,0.0006565985873651962
CCn1ccc(CN(C)S(=O)(=O)Cc2cc(C(=O)OC)co2)c1,0.0005098985461594434
CCn1cnc(C(=O)N2CCC3(C2)CN(C(=O)C2(C)CC2)CCO3)c1,0.000688111111583401
CCn1ncc(NC(=O)c2cnc(C#N)c(Cl)c2)n1,0.0011877594452357732
CN(C)c1cccc(CN(Cc2nncs2)CC2CCOC2)c1,0.001536115510561246
CN(CC(O)Cc1ccc(F)cc1)C(=O)C1CCC2(CCC2)OC1,0.00090050247672244
CN(CCNC(=O)Cc1cncnc1)C(=O)CCCS(C)(=O)=O,0.0002564198173524128
CN1C(=O)[C@H](O)[C@H](C(=O)OCC2CCCC2(F)F)[C@H]1c1cnn(C)c1,0.0003947365308532593
CNC(=O)c1cc2c(cc1NC(=O)C1(n3cnnn3)CC1)OCO2,0.0006175363214631476
COC[C@@H](O)CN1CC(CNC(=O)c2ccc(F)cc2)C1,0.0002789978823279434
COC(=O)[C@@H](O)CNC(=O)c1sc(C)c2nc(C)[nH]c(=O)c12,0.00033913647182045524
COC(=O)[C@@H]1O[C@@H](C(=O)NC(C)(CO)c2ccccc2)C[C@H]1C,0.0003536067162771245
COC(=O)c1c(C)cc(NC(C)CC(N)C(=O)OC)nc1C,0.0004353250137757372
COC(=O)c1cc(C(=O)OCc2cccc(C)c2F)cn1C,0.0006395031785265672
COC(C)C(=O)NCC(C)(C)C1CCCN1C(=O)Cc1ccccn1,0.00037880153438851673
COC(CC(C)C)C(=O)N[C@@H](C)C1CN(C(=O)c2ccnc(N)c2)C1,0.0011659183894267445
COC(CCSC)C(=O)N[C@H]1CC[C@@H](C(=O)O)CC1,0.19091233293908672
COC1COCCC1NC(=O)CC1(O)CCOCC1,0.0003408184573844817
COCC(C)N1CCN(c2cc(C(F)(F)F)ncn2)CC1,0.00045597311169703864
COCC1(COC(=O)C(C)(C)COC(C)C)COC1,0.3827558616922576
COCC1(COC(=O)c2cc(N3CCOCC3)ncn2)CCOCC1,0.0008681919205499471
COCCN(C)C[C@H]1CCCCN1C(=O)c1cccc2[nH]ncc12,0.39253251156089364
COCCN(Cc1ccccn1)C(=O)c1cc(OC)ncn1,0.0003000279028756933
COCc1ncc(C(=O)Nc2c(C)nc(CO)nc2C)s1,0.0006577657149988705
COc1ccc(OC(C)C(=O)N(C)CC(O)CF)cc1,0.0005561498159714432
COc1ccc2[nH]cc(CC(=O)N3CC(NC4CC4)C3)c2c1,0.29702214447850467
CSC1CN(C(=O)NC2COc3ccc(Cl)cc32)C1,0.0004370670626257506
Cc1c(C(F)(F)F)n[nH]c1C(=O)OC(C)C(=O)N(C)C,0.0005457885800009874
Cc1cc(=O)c(C(=O)N(CCNC(=O)C2CC(C)C2)C2CC2)c[nH]1,0.23239377185972787
Cc1cc(C(=O)N2CCN(C(=O)C3(C)CC(C#N)C3)CC(O)C2)on1,0.24152296786857752
Cc1cc(NC(=O)NC(CS(C)(=O)=O)c2ccccc2)sn1,0.0008469114753185656
Cc1ccc(CNC(=O)CC2C(N)CC2O)c(OCC2CC2)c1,0.0002694084503115177
Cc1ccc(S(=O)(=O)NC(=O)c2ccc3c(c2)CCNC3)c(C#N)c1,0.0007250305938711773
Cc1cccnc1C(=O)NC(C)C1CCCN(CC(=O)NC(C)C)C1,0.00036115365752213414
Cc1ccoc1C(=O)NCCN(C)C(=O)c1ccc2c(c1)CC(=O)N2,0.5172409729126396
Cc1cn(C)c(CNCC2CC(F)(F)CO2)c(Br)c1,0.0
Cc1cn(C)cc1C(=O)N1CC(C)C(NC(=O)C(CO)C(C)C)C1,0.0003824683088211131
Cc1cnn(C)c1NC(=O)c1[nH]ncc1C1CCC1,0.0012030893468626314
Cc1conc1C(=O)N1CC(NC(=O)c2coc(CO)c2)CC1C,0.00035205361402595867
Cc1nc(C)c(F)c(N2CCC[C@@H](NC(=O)C3CCCCO3)C2)n1,0.0007632540464019154
Cc1nc(C2(NC(=O)NCc3ccnn3C)CCC2)no1,0.0005049324526888962
Cc1nc(C2CC2)sc1C(=O)NCCN(C)C(=O)c1cncc(F)n1,0.0004969256034225105
Cc1nc2c([nH]1)CCCC2CC(=O)N1CCS(=O)(=O)CC1,0.00035336853496956415
Cc1ncccc1CC(=O)N1C[C@@H]2C[C@H]1CN2C(=O)C1CSC1,0.00024048186599932454
Cc1nn(C)c(C)c1NC(=O)NC(CCO)C1CC(F)(F)C1,0.0006820246929313251
Cc1nn(C)c(Cl)c1C(=O)NC1CN(C(=O)[C@@H]2[C@H]3COC[C@H]32)C1,0.00046874835503498536
Cc1nnc(CN2CCN(C(=O)c3ccco3)[C@H](C)C2)o1,0.000244395006187902
Cc1nnc(N(C)C[C@@H]2CCCCN2C(=O)COCC(F)F)o1,0.00029777954400732147
Cc1nnc2n1CC(C(=O)NCc1ccc(C(C)(C)C)[nH]c1=O)CC2,0.00033106048492481
Cc1noc(C(C)N(C)CCCN(C)C(=O)c2cn[nH]c(=O)c2)n1,0.00030930139305510273
Cn1c(CNC(CO)C2CCc3ccccc32)nc2c1CCCC2,0.0010261592049483814
Cn1cc(C(=O)NC2CC23CCN(C(=O)[C@@H]2CCC(=O)O2)CC3)cn1,0.0003884078453223866
Cn1cc(C(O)C(=O)N[C@H]2[C@@H]3CN(C(=O)C4CCC4)C[C@@H]32)cn1,0.00030520661894628277
Cn1ncc(C#N)c1C(=O)OCC(=O)c1ccccc1OC(F)F,0.34260968527020014
N#CC1(C(=O)N2C[C@H]3[C@H](NC(=O)C4(CO)CCC4)[C@H]3C2)CCC1,0.45076400855712223
N#Cc1cc(F)cc(-n2cc([C@H]3COCCN3C(=O)C(O)C3CC3)nn2)c1,0.0010664525694889483
NC(=O)NC1(C(=O)Nc2cccc(Oc3ccccc3F)c2)CC1,0.0014847108991210072
Nc1cc(C(=O)N2C[C@@H]3C[C@H]2CN3C(=O)c2cc[nH]n2)ncc1Cl,0.24770174438903367
O=C(CC(O)C1CC1)NC1CN(C(=O)c2cnc3[nH]nnc3c2)C1,0.12638618811608687
O=C(NCC1(CC(F)F)CCC1)NCC1CCOCO1,0.0004587999090575534
O=C(Nc1ccccc1CO)C12CCC(CC1)N2C(=O)OC(C)(C)C,0.0007290249484219613
O=C(c1cnoc1)N1CCN(C(=O)[C@H]2C[C@H]3[C@@H](C2)C3(F)F)CC1,0.3758648057399969
O=C1CC[C@H](NC(=O)N2CCc3c(F)ccc(F)c3C2)N1,0.0003653403320198063
O=C1CN(Cc2cccc(Br)c2)C2(CNC2)C1,0.16017852423358436
O=C1CS(=O)(=O)CC(C(=O)NCC2CCC(F)(F)CC2)N1,0.09825638983989986
C[C@@H](C(=O)N1CC(CN(C)C(=O)[C@@H]2C[C@H]2C)C1)c1ccccc1,0.00024585501490352753
C[C@@H](CCNC(=O)CCC1(C)CC1)NC(=O)CC1CC(C)(C)CO1,0.16513079621655957
C[C@@H](CNC(=O)c1ccncn1)n1cc(C2(F)COC2)nn1,0.0003025587510468094
C[C@@H]1C[C@@H]2N[C@@H](C(=O)N(C)CC3COCCO3)C[C@@H]2O1,0.00017505564633330426
C[C@H](CNC(=O)C1CCC1(F)F)NC(=O)CCn1ccc(N)n1,0.3440347973122993
C[C@H](CNC(=O)c1cc[nH]c1)NC(=O)CNC(=O)N1CCCC1,0.1375379323230189
C[C@H]1CN(c2cncc(C#N)n2)C[C@H]1NC(=O)CCC1CCC(=O)N1,0.0008415982057792989
CC(C(=O)NC[C@H]1CC[C@H](CNC(=O)C2CC2C(C)O)CC1)C1CC1,0.1455161391917435
CC(C(=O)NCC1C(C2CC2)CCN1c1cnc(C#N)cn1)C1CC1,0.0015528415731357928
CC(C)(C)CS(=O)(=O)N1CCN(C(=O)NCc2ccsc2)CC1,0.0003678964101178456
CC(CCNC(=O)c1ccnn1C)NC(=O)c1nnn(C(C)(C)C)n1,0.00026878984315836243
CC(CCc1ccccc1)CC(=O)N(C)CCNC(=O)CO,0.0003960821021412934
CC(CNC(=O)C1CCC2(CC1)CC2)N(C)C(=O)C1CC2CCC1C2,0.5651340917542833
CC(CO)C(=O)N1CCC2(CC1)CC(NC(=O)CC(C)(F)F)C2,0.0003676610649353522
CC(CF)C(=O)NCC1CCN(C(=O)c2snnc2C2CC2)C1,0.0003627041617700469
CC(NC(=O)N[C@@H]1CCOC[C@@H]1C(=O)O)C1Cc2ccccc21,0.0005744793521010009
CC(O)CCCC(=O)N1CC[C@H](CNC(=O)CCc2cccnc2)C1,0.00023474594272201811
CC(O)c1cccc(NC2CCN(c3ccc(F)cc3)C2=O)c1,0.0009546459782471229
CC(O)c1cn(C2(C(=O)N3CCC(N)C3)CCOCC2)nn1,0.00031535529903066554
CC1(C(=O)N2CCCC(Nc3ncc(O)cn3)C2)CCC2(CC1)CC2,0.48441340909141894
CC1(CS(=O)(=O)N2CCCC(S(C)(=O)=O)C2)CCC1,0.0004280116410996135
CC1=NOC(C)(C(=O)NC[C@H]2CCCN2C(=O)c2ncccc2C)C1,0.20099668748199373
CC1C(NC(=O)CCn2ccnc2)CCCN1Cc1ccncc1,0.0009203791831489248
CC1CC(NC(=O)Cn2ccnn2)CN1C(=O)[C@@H]1C[C@@H]2C[C@@H]2C1,0.00043616738091565183
CC1CC2CCC(C1)N2C(=O)Nc1cccnc1N1CCCC1,0.001700130335195052
CC1CCNC(=O)C1CNC(=O)Nc1ccc2ccnc(N(C)C)c2c1,0.4370750199635947
CC1CCc2nc(C(C)NC(=O)C3CCO3)sc2C1,0.0004840199538556147
CC1CN(C(=O)C2CCC2)CCC1NC(=O)c1ccc2ncccc2n1,0.0008465774682788359
CC1CN(C(=O)c2ccnc3nccnc23)CC1NC(=O)CO,0.0001785321739042022
CCC(C)C(=O)NCC1CN(C(=O)c2cc(C)c(C)[nH]2)CCN1C,0.0003858447655722739
CCC(C)OCC(=O)NC[C@@H](C)NC(=O)c1coc(C(C)(C)C)n1,0.0003147488987877562
CCC(CNC(=O)c1sccc1Cl)NC(=O)C1CC1(C)CC,0.00047769583286013756
CCC(OC1CCCCC1)C(=O)N1CCC(C)(C(=O)OC)CC1,0.0011456174737215657
CCC(F)CNS(=O)(=O)c1c(C)oc2ccccc12,0.0007056963217697063
CCC1(C(=O)NC2CCn3ncnc3C2)CCOCC1,0.00036148787686551815
CCC1(C)CCN(S(=O)(=O)CC2(C)COCCO2)C1,0.1578547243562996
CCCC(=O)NCCC1CCCN(C(=O)COC(F)F)CC1,0.0007920781414656108
CCCC1CC(NC(=O)N2CCC23CCOCC3)CCO1,0.0005404661211626555
CCCCC(=O)N1CCCCC1CNC(=O)c1cn(C)c(=O)[nH]c1=O,0.00042133098610671476
CCCCc1nc(C(=O)N[C@@H](C)C(=O)Nc2cccnc2C)cs1,0.000580689580914332
CCCN(CCNC(=O)C1CCCC1)C(=O)c1cccc(N)n1,0.0005965873737755473
CCCc1ccc(C(=O)N(CC)C2CCN(CC(=O)N3CCC3)C2)[nH]1,0.000552007246911946
CCCn1ccc(C(=O)NCC(NC(=O)c2cncn2C)C(C)C)n1,0.0003441411485396321
CCN(C(=O)N[C@@H](C)COC)C1CCS(=O)(=O)C1,0.0002955719327172995
CCN(C(=O)c1coc(C)c1)C1CCN(C(=O)C2OCC2(C)C)C1,0.25292391177968027
CCN(CC)C(=O)C(C)NC(=O)NC(C(C)C)C(F)(F)F,0.0006554883459124204
CCN(CCNC(=O)Cc1ccsc1)C(=O)C12CC(C)(CO1)C2,0.000599355211638699
CCN(CCS(C)(=O)=O)C(=O)C1(c2cccc(OC)c2)CC1,0.0003939688587173158
CCN(Cc1ccccc1)c1cc(N2CCOC3(CCC3)C2)ncn1,0.2801055511931207
CCN1C(=O)CCC1C(=O)N(C)CC(C)Nc1ncns1,0.00025756238820202985
CCN1CCN(C(C)CNC(=O)c2sccc2F)CC1,0.00040469055275661395
CCO[C@@H]1C[C@@H](NC(=O)c2cc(Br)co2)[C@@H]1SC,0.0004348172961326678
CCOC(=O)C1Cc2cc(F)ccc2N(C(=O)CCn2cccn2)C1,0.0008740129848705211
CCOCC(=O)NC1(CNC(=O)COc2ccc(F)cc2)CCC1,0.00037651946409332314
CCOc1ccc(C2CCCN2CCCS(=O)(=O)N(C)C)cc1,0.000384977098417085
CCOc1cncc(N2C[C@H](C)O[C@@H](C(=O)OC)C2)n1,0.0005596868098284397
CCSCC(=O)NC1CCCN(C(=O)c2coc3c2COC3)C1,0.0003034345030600826
CCc1cc(C(=O)N[C@@H](C(C)C)[C@H](O)C(F)(F)F)[nH]n1,0.0005351389716475523
CCc1ncc(C(=O)NC2(CNC(=O)[C@@H]3C[C@@H]4C[C@@H]4C3)CCC2)s1,0.0012585995385623289
CCc1nonc1COC(=O)c1cc(C2CCCC(=O)N2)n[nH]1,0.0003144068844143328
CN(C[C@@H]1CCCN1C(=O)Cc1cnoc1)C(=O)c1ncn(C)n1,0.0002425809568264326
CN(CC(C)(C)CCO)CC1CCN(C(=O)[C@@H]2[C@H]3COC[C@H]32)C1,0.00023203245058420283
CN(CC(O)CNCC1(CCO)CCCC1)C(=O)OC(C)(C)C,0.0008273848427680155
CN(Cc1cccc(CNC(=O)C2(C)CC2)c1)C(=O)Cc1nnco1,0.2995266981252541
CNC(=O)c1ccc(-c2noc(C3(C(F)F)CC3)n2)cc1,0.0013438371970236793
CNS(=O)(=O)CC(=O)N[C@H]1C[C@@H](NC(=O)c2ccc(Cl)o2)C1,0.00025620975266152894
COC(=O)C1(CNC(=O)Nc2nc(CC(N)=O)cs2)CCOC1,0.00027605013835832216
COC(=O)C1(N(C)C(=O)c2cc(SC)oc2C)CCCC1,0.00029855948888417555
COC(=O)N1CC(CNC(=O)c2cc(-c3ccccc3O)[nH]n2)C1,0.3124377657646981
COC(=O)c1ccc(Cn2cc(C(=O)OC(C)(C)C)nn2)c(F)c1,0.000548259841433495
COC(=O)c1cccc(-c2ccc3c(c2Br)OCCO3)n1,0.35240023564623435
COC(=O)c1cccnc1NC(C)(C)CCNC(=O)C(C)(C)CO,0.00045064113240993767
COC(=O)c1nnn(C)c1COC(=O)C1CC1C1CC1,0.0003596987588354001
COC1CN(C(=O)NCC(c2cccnc2)N2CCCCC2)CC1(C)C,0.0007010663297736392
COCC(=O)N1C(C)CN(C2=N[C@H](C)C[C@H]2OC)CC1C,0.0005104762686689451
COCC(C)CC(=O)N1CC[C@@H](NC(=O)c2cc3n(n2)CCO3)C1,0.00029629452505905885
COCC(O)C(=O)NC(C)C1CN(C(=O)c2cc(C)[nH]c2C)C1,0.11109851107699795
COCC1(NC(=O)c2cc3cc[nH]c(=O)c3s2)CC1,0.28516426784338544
COCCC1(C)CN(C(=O)[C@@H]2C[C@H]2c2ccc(-c3nn[nH]n3)cc2)C1,0.0008658645418238881
COCCN(C(=O)c1n[nH]cc1-c1ccccc1)C1CCSCC1,0.0008719752662600579
COCCN1CC(C(=O)N[C@H]2CCC[C@@H](CO)C2)CC1=O,0.0005503899935234063
CON1CCC(C(=O)N2CCC3(CC2)OCCO3)CC1,0.00035464071947445173
COc1c(-c2noc(C(CC(C)C)OC)n2)cnn1C,0.0009136849779683609
COc1cc(CNC(=O)C[C@H]2CCNC2)cc(OC)c1,0.0004527920284810575
COc1cc(CNC2CCc3nc(C)nn3C2)cc2c1OC(C)C2,0.00028983847124293633
COc1cc(OC)c(C(C)NC(=O)Cn2nnc3c2CCCC3)cn1,0.0004897939356415995
COc1ccc(COC(=O)C2(C)COC(=O)C2)c(OCC2CC2)c1,0.00040961045258366475
COc1ccc2ncc(C(=O)NCC(OC)C3CCCOC3)n2n1,0.0005328350803886302
COc1ccccc1N1CCC(NCCc2nc(C)c(C)[nH]2)C1,0.0008752176318146478
COc1ccncc1C(=O)NCC1CCCN1Cc1ccnn1C,0.00033629639731231226
CSC[C@H]1C[C@H](NC(=O)NCc2nc(C)cc(C)n2)C1,0.0004544334276840517
Cc1c[nH]c(=O)c(CNC(=O)c2cccc(C(C)(C)C)n2)c1,0.00041487288664774675
Cc1cc(C(=O)NCC2(c3ncccc3C)CC2)c(C)[nH]1,0.000464138451911417
Cc1cc(C2CC2)ncc1C(=O)N1CCC(CNC(=O)CN(C)C)C1,0.2569779861874353
Cc1cc(CCC(=O)NC2CCN(c3ccc(C#N)nc3)C2)on1,0.0010379940560812178
Cc1cc(CNC(=O)C23CCCC(CN)(C2)OC3)cc(C)n1,0.000601240646464646
Cc1cc(F)ccc1NC(=O)N1CCC[C@H]1CO,0.0012054266212748537
Cc1ccc(C(=O)N2C[C@H]3CN(C(=O)c4cn(C(C)C)nn4)C[C@H]3C2)[nH]1,0.00046211640277809884
Cc1ccc(C(=O)NCC(C)NC(=O)CCn2ccccc2=O)n1C,0.00029501249118933404
Cc1ccc(N(CCC#N)C(=O)CCc2nncn2C)cc1,0.0013904029318920345
Cc1cccc(C(=O)NC2CC3(C2)CN(C(=O)C2(C)CC(C#N)C2)C3)c1,0.0017195185808747493
Cc1cccc(O)c1C(=O)N1CC2(CCC2)[C@@H]2COC[C@@H]21,0.0006641652325504996
Cc1cccc2cc(C(=O)N(C)[C@H]3CC[C@@H](O)CC3)oc12,0.5304550265342037
Cc1cn(C)nc1C(=O)N1CC[C@H](CNC(=O)CC2CCCC2)C1,0.0008852283039226519
Cc1cnc(NC(C)CNC(=O)C2CCCNS2(=O)=O)nc1,0.00028460776699142267
Cc1nc(C(=O)N2CC3(CCN(C(=O)c4ocnc4C)CC3)C2)co1,0.0008121950544006613
Cc1nc(C(=O)N2CCC[C@@H]2Cn2cc(C(C)N(C)C)nn2)c[nH]1,0.00038773537762661097
Cc1ncc(C(=O)N2CCC(CCNC(=O)C3CCC(=O)N3C)C2)o1,0.23577726784176353
Cc1nn(C(C)C)cc1C(=O)NCC(C)CNc1cc(=O)[nH]c(=O)[nH]1,0.0009666211909468053
Cc1nnn(CC(=O)NC2CN(C(=O)C3CC(n4ccnc4)C3)C2)n1,0.00020344397923464642
Cc1noc(CCCC(=O)N2CC[C@@H](NC(=O)c3ccon3)C2)n1,0.000294746830191744
Cn1ccn2ncc(CN3CCC(C(=O)O)(C4CCC4)C3)c12,0.0012825798287680503
N#CC1CCN(C(=O)C(c2ccc(F)cc2)C2CC2)C1,0.0007335385172302613
Nc1nc(C(=O)NC(CCO)c2ccccc2F)cs1,0.0006677618444394949
O=C(C[C@H]1CCOC1)N[C@H]1CCCN(C(=O)C2CCOCC2)C1,0.000406934271105413
O=C(CC1CC(n2cnnc2)C1)NCc1ccc(NC2CCC2)nc1,0.0013469503824028665
O=C(CN1CCCNC(=O)C12CCC2)Nc1ccc(Cl)cc1,0.0006341641221220284
O=C(CN1CCSCC1)NC(CO)CN1CCOCC1,0.00036728161317273916
O=C(CNc1ccccc1)N[C@H]1[C@@H]2CN(C(=O)c3coc(=O)[nH]3)C[C@@H]21,0.2137998447411276
O=C(COC1CC1)NC[C@H]1CC[C@H](CNC(=O)C(F)F)CC1,0.00031858913545412847
O=C(Cn1cc(CCCO)nn1)NCC1OCCCO1,0.00013597368650942595
O=C(NC1CCN(c2ccccn2)C1)N1CCCC2(COC2)C1,0.0006853568040757218
O=C(NCC1CCN1CC1CCOC1)C(F)C(F)(F)F,0.00038106621273675107
O=C(Nc1cnnn1C1CC1)c1cc(Br)n2c1CCC2,0.0006189317170240724
O=C(Nc1nnccc1C(F)(F)F)N1CC2(CCOCC2)C1,0.001060691168720672
O=C(O)c1csc(CN2CCC[C@H](CO)C2)n1,0.0003955391371779011
O=C(OC(Cc1ccccc1)C(F)F)c1cccn1C1CC1,0.0005261988233201667
O=C(c1ccccc1)c1c[nH]c(C(=O)NC(CC2CC2)C(=O)O)c1,0.00028179686291250004
C[C@@H]1COC[C@H]1OC(=O)Cn1cnc(C(F)(F)F)n1,0.00037493769575928503
CC[C@H](CC(=O)N1CCCN(Cc2cnon2)CC1)C(C)C,0.00044029280522375357
CC(C)(C)[C@@H]1C[C@H](NC(=O)NC2COCC2(F)F)c2ccccc2O1,0.0006043004078672355
CC(C)(C)OC(=O)NC1(C(=O)N[C@H]2C[C@@H](CO)C2)COC(C)(C)C1,0.0003993858339419409
CC(CCF)(NC(=O)[C@@H]1C[C@H]1c1ccnc(OC(F)F)c1)C(=O)O,0.2982833578052168
CC(CNC(=O)C1(C2CC2)CC1)N(C)c1ncnc2c1ncn2C,0.0013358235859837443
CC(CO)(NC(=O)c1ccc2c(c1)C(=O)NCC2)c1ccccc1,0.0003825419836438259
CC(NC(=O)c1nonc1N)C1CCN(C(=O)c2coc(=O)[nH]2)CC1,0.0005538350590604514
CC(NCc1ccsn1)C(O)c1ccc(F)c(F)c1,0.0006336770308711572
CC(NS(=O)(=O)c1cccc(CO)n1)C(=O)c1ccccc1,0.00032604118580706256
CC1(C(=O)N2CC(CO)(c3ccccc3F)C2)CCCC1N,0.00040848251337260896
CC1(CNC(=O)N2C[C@@H](N)[C@H](c3ccccc3F)C2)CS(=O)(=O)C1,0.0002810165315672659
CC1(CNC(=O)NCC2CCN(c3ccccc3)C2)CCCS1,0.0016715640978236868
CC1C(=O)N(CCN(C)C)CN1C(=O)C1(S(C)(=O)=O)CC1,0.19065111770394366
CC1C(NC(=O)C2CCCCO2)CCCN1C(=O)c1ccc(C#N)[nH]1,0.4132626823064691
CC1CC(C(=O)N2CCOC3(CN(C(=O)c4cnnc(N)c4)C3)C2)C1,0.1514219258670269
CC1CC(CNC(=O)[C@H]2CC[C@H](NC(=O)OC(C)(C)C)CC2)=NO1,0.000418726813449932
CC1CCCN(CCN2CCN(c3cccc(C#N)n3)CC2)C1,0.0014266436281638421
CC1CCCN1CC(=O)N(Cc1ccccc1)CC(O)CO,0.00031805921745164554
CC1CCCc2cc(C(=O)N(C)C(C)CNC(=O)C3CC3C)nn21,0.00038053308204878894
CCC[C@@H](NCc1cc(Cl)cc(C(=O)OC)c1)C(=O)O,0.0005184369322163106
CCC(=O)N[C@H]1C[C@H](CNC(=O)c2c(OC)nsc2OC)C1,0.2284748944395239
CCC(C(=O)N1CCC([C@@H]2OCC[C@H]2C(=O)OC)CC1)n1cncn1,0.0005170322215679749
CCC(C)(OC)C(=O)N1CC2(CCN(C(=O)CC3CC4CC4C3)C2)C1,0.0007818446002551503
CCC(CC(=O)N(C)C[C@H]1CCCN1C(=O)C1CC1C(C)O)OC,0.0003495879736849013
CCC(CNC(=O)c1ccc(C)n1C)NC(=O)CCCN,0.000514741035641335
CCC(Oc1ccccc1Cl)C(=O)N1CC(C)(NC(C)=O)C1,0.0005503137413633316
CCC(F)(F)CC(=O)N1CCC(NC(=O)C2CCOC2)C(F)C1,0.00038152813339493286
CCC(F)(F)CC(=O)NCC1CN(C(=O)[C@H]2CC2(C)C)CCCO1,0.000590813435417297
CCC1(C(=O)N[C@@H]2CN(C(=O)CC(C)(O)COC)C[C@@H]2C)COC1,0.0002198417321446847
CCC1(C)CC1C(=O)N[C@H]1C[C@@H](NC(=O)CC2(OC)CCC2)C1,0.22365171997139746
CCC1(C)CCCC1C(=O)N1CCC[C@@H]1CNC(=O)c1nccn1C,0.001420580176189416
CCCC(=O)NC[C@H]1CC[C@H](CNC(=O)C2CCC3CC3C2)CC1,0.001076488322508149
CCCC(NC(C)=O)C(=O)NC[C@H](C)NC(=O)c1ncc[nH]1,0.1399719929878468
CCCCC(=O)N1CCCN(Cc2cn(Cc3ccccc3)nn2)CC1,0.0005799682009644816
CCCN(CCNC(=O)c1ncc[nH]1)C(=O)Cc1cccc(CC)c1,0.0005635828971038688
CCCOc1ccc(C(C)NC(=O)c2[nH]ncc2C#N)cc1OC,0.0007883215270863048
CCCc1cc(C(=O)NCC2CCN2C2CCc3ncnn3C2)[nH]n1,0.00036947734473325025
CCN(C(=O)[C@@H](O)C1CCCC1)C1CCN(C(=O)CC2CCCC2)C1,0.0012563041646261929
CCNC(=O)CCC(=O)NC12CCCC1N(C(=O)C1CC(C)C1)CC2,0.19967864589044393
CCOC(=O)[C@H](Cc1c[nH]cn1)NC(=O)C1(N(C)C)CCC1,0.00036287102507838177
CCOC(=O)C1C2CCC(NCc3ccc(CCO)cc3)C21,0.00043536319153645903
CCOC(=O)Cc1nc(NC(C)c2cncc(F)c2)sc1C,0.0008011835918734293
CCOC(=O)c1cn[nH]c1S(=O)(=O)N1CCC1COC,0.0002791476563380119
CCOC(=O)c1cn[nH]c1S(=O)(=O)NCC[C@H](C)O,0.00025394050766180514
CCOC1(C(=O)N2CCN(c3cc(C)nc(CO)n3)[C@@H](C)C2)CCC1,0.0003560268609792222
CCOc1cc(NC[C@H](C)NC(=O)c2cscn2)ncn1,0.0009278864959128764
CCOc1ccc([C@H](COC)NC(=O)CCCc2nc(C)no2)cc1,0.0003373386470764926
CCOc1ccc(CC(=O)NC[C@H]2CCCCN2C(=O)CO)nc1,0.0002030836265873539
CCS(=O)CC(=O)N(C)CC1CN(C(=O)C2CCC(=O)N2C)C1,0.00018670801325195702
CCSc1ccc(CNS(=O)(=O)Cc2nocc2C)cc1,0.0007157086566477036
CCc1cc(OC)ccc1CNC(=O)N1Cc2ccoc2C1,0.00040239198750454373
CCc1cccc(C(=O)N(C)CC2CCN(C(=O)C(C)(C)C)C2)n1,0.0006562581183669574
CCc1nocc1C(=O)N1CCN(C(=O)c2ccn(C)c2C)CC1C,0.000619995884023459
CCn1ccc(C(=O)N2CCC3(CCN(C(=O)C4CCO4)CC3)C2)n1,0.2820029330312902
CN(C(=O)C1(O)COC1)C1CCCN(C(=O)c2nnn3ccccc23)C1,0.10057007024956843
CN(C)c1cccc(NC(=O)C2CCC3CC(C2)CC3=O)n1,0.0004754439042328212
CN(CC1CCN(c2ncc(Cl)cn2)C1)C(=O)CCc1cnco1,0.0014870361413287503
CN(CCC#N)S(=O)(=O)N(C)CCc1ncccn1,0.0006894619663548856
CNC(=O)NCCC(=O)N1CCC1CNC(=O)CCS(N)(=O)=O,0.05916141069445348
CNC(=O)c1cccc(NC(=O)CCN(C)CC(C)(C)CO)c1,0.0007477837251845423
COC[C@@H](O)CNC(=O)NCc1cc2ccccc2[nH]c1=O,0.00029224529944434617
COC(=O)[C@@H]1CO[C@@H](C)CN1C(=O)CSCC(=O)OC(C)(C)C,0.0005081636309285934
COC(=O)C[C@H]1CCCN(C(=O)c2cccc(C(C)(C)C)n2)C1,0.00042810174695197083
COC(=O)C1(CO)CN(C(=O)Nc2cccc(C(F)F)c2)C1,0.0006804793128097878
COC(=O)C1(CF)CCN(C(=O)c2cnc3ncccc3c2)C1,0.23702331826914685
COC1CCN(C(=O)Nc2nnc(-c3ccsc3)s2)C1,0.0009980954101290042
COCC(=O)N1CCCCC(C2CN(C(=O)Cc3nnco3)C2)C1,0.0002471993584031288
COCC1(CC(=O)N2CC(CNC(=O)C(O)c3cccnc3)C2)CC1,0.00033177694630104196
COCC1(CC(=O)NC2CCN(CCn3nc(C)cc3C)CC2)CC1,0.0007510755311820126
COCCN(CC1CCCCC1)C(=O)NC1CCOCC12CCC2,0.0008286471514188064
COCc1nc(CNC(=O)C(N)C2CC3CC3C2)no1,0.00018081040392803362
COc1c(Cn2c(C)cc(=O)n(C)c2=O)cccc1C(F)(F)F,0.0004702121592159719
COc1cc(C#N)ccc1CN1CCc2n[nH]c(=O)cc2C1,0.0005225243503618893
COc1ccc(-c2n[nH]cc2CNNC(=O)[C@@H]2CCC[C@@H](N)C2)cc1,0.0008623502313015785
COc1ccc(CC(O)C(=O)NC[C@]2(F)C[C@H](N)C2)cc1OC,0.000393220814655727
COc1ccc(OCCC(=O)N2CC(=O)Nc3cnccc32)cc1,0.30527524021050023
COc1ccc2c(c1)C(C)CN(C(=O)C1CNC3(CC3)CO1)CC2,0.0005303948701716244
COc1cccc(CC(=O)N(C)CCN(C)C(=O)[C@@H]2CNC(=O)N2)n1,0.0002560303463940964
COc1ccccc1[C@@H](O)CNC(=O)NC1CCCN(C)C1=O,0.0002847479463626595
COc1ccccc1CC(=O)NC[C@H](C)NC(=O)c1cocn1,0.0003316269778301607
COc1nc(C(C)NC2CCOC23CCC3)ccc1Br,0.0005808067043635189
COc1nn(C)cc1C(=O)N1CCC1CNC(=O)C(C)C,0.00029816509042979416
Cc1c(Cl)ncnc1N(C)CC(O)CN(C)C(=O)CC1CSC1,0.0008949202692377135
Cc1cc(C(=O)N2CC(C)(NC(=O)C3C(F)(F)C34CCC4)C2)c[nH]1,0.3124692285622959
Cc1cc(C)n(-c2ccc(NC3C[C@@H]4OC(=O)O[C@H]4C3)nn2)n1,0.0005456778033114434
Cc1cc(C)n2cc(CNC(=O)N3CC[C@@H]4[C@@H](CC(=O)N4C)C3)nc2n1,0.27818575549173385
Cc1cc(C2CCCN2C(=O)Cc2cnc(C)cn2)on1,0.00035760565397295477
Cc1cc(N2CC(C)(NC(=O)CCn3cc(Cl)cn3)C2)ncn1,0.0005831257945672658
Cc1cc(N2CCC(NC(CO)c3ccsc3C)C2=O)n(C)n1,0.0007263309590002072
Cc1ccc(CN2CCCC3(CCNC3=O)C2)cc1C#N,0.0013889171545117146
Cc1ccc(F)c(CN(C)C(=O)Cc2cncc(O)c2)c1,0.0006330294219520866
Cc1cccc(O)c1C(=O)N1CC(n2cc(CC(C)(C)O)nn2)C1,0.0004088617450463715
Cc1ccncc1CC(=O)NC(C)CNC(=O)C(C)(C)CCCO,0.00032909592845785157
Cc1cncc(CCNC(=O)N(C)C(CO)c2ccccc2)n1,0.0003675174287808307
Cc1nc(C#N)cc(NCCC(C)NC(=O)Cc2cnn(C)c2)n1,0.0011688988182817902
Cc1ncc(C(=O)NCC23CC(Nc4ncns4)(C2)C3)c(C)n1,0.5040633361454216
Cc1ncnc(NC2CCN(C(=O)c3cocn3)C(C)C2)c1F,0.0009718447457861769
Cc1ncoc1C(=O)NC1(CO)CC2(CCOCC2)C1,0.00046691687040822575
Cc1nn(C)c(C)c1CC(=O)NCC1(NC(=O)CC(O)C2CC2)CC1,0.0002678481251799407
Cc1nn(C)c(C)c1CN1CCC(NC(=O)Cc2ccoc2)C(C)C1,0.0004899014239899545
Cc1nsc(N)c1C(=O)N1CCC(C)(NC(=O)CC2(O)CC2)C1,0.000413790344740891
Cc1occc1CNC(=O)N1CCC(c2cncn2C)CC1,0.000698996490193202
Cc1oncc1C(=O)N1CCN(C(=O)CC(C)C(F)F)CC1C,0.20356174317457199
Cc1sccc1C(=O)OCC(=O)c1ccc2c(c1)NC(=O)CO2,0.0012983726989394912
Cn1cc(O)c(=O)cc1CNC(=O)c1c2c(nn1C)CCOC2,0.0003034532813865458
Cn1ccc(CC(=O)N2CCCC(C)(CNC(=O)CC3(C)CC3)C2)n1,0.00039360423446797925
Cn1nc(N)c2c1CCN(S(=O)(=O)c1ccc(C#N)c(F)c1)C2,0.0008271442979833797
Cn1ncc(C#N)c1NC(=O)NCC1CC2(CCOCC2)CO1,0.0012167263094326395
N#Cc1ncc(Cl)c(NC2(CNC(=O)C3CCCC3O)CC2)n1,0.6014327038567758
N#Cc1nccc(NCC2CCCC2NC(=O)c2ccc(F)s2)n1,0.0017073529103329974
NS(=O)(=O)Nc1cc(NC(=O)C2SCCS2)ccc1Cl,0.0005833204577744752
Nc1ccc(C(=O)N2CCC2CNC(=O)[C@@H](O)Cc2ccccc2)nc1,0.000694385349157129
Nc1cccnc1C(=O)N1CCC[C@@H](NC(=O)C2CCC(F)(F)C2)C1,0.0006341412080068381
O=C(CC(O)C1CCCC1)NC1(c2ccccn2)COC1,0.00047366191237296863
O=C(CCc1ccncn1)NCCc1ccc(CNC(=O)CO)cc1,0.0001671502880541184
O=C(COC(=O)c1c[nH]c2ccc(F)cc12)C1CCCCO1,0.0005827092150729763
O=C(COCC1CCCO1)N[C@H]1C[C@@H](CNC(=O)C2(CF)CC2)C1,0.12034522909551236
O=C(N1CCN2C(=O)OCCC2C1)C1(Cc2ccccc2)CCC1,0.0006624760155244415
O=C(NC1(CO)CN(C(=O)C2(CO)CCC2)C1)c1cnc2cn[nH]c2c1,0.14089588948656762
O=C(NCC1(n2ccnn2)CC1)N1CCC(c2ccccn2)CC1,0.0003098175940559343
O=C(NCc1cc2n(n1)CCC2)c1cccc(Br)c1O,0.0004686219881193144
O=C(NCc1ncccn1)NCc1ccncc1OCC(F)(F)F,0.00046531499175020495
O=C(O)C1CCC2(CCCN2C(=O)c2cccc3oc(Cl)nc23)CC1,0.4043413576716743
O=C1CN(C(=O)C2(c3ccccc3)CC2)CCN1c1ccccc1,0.4410903064782026
O=C1NC[C@H]2CN(C3C[C@@H]4CC[C@@H]3CC4(F)F)CC[C@@H]12,0.0004960867887518017
O=S(=O)(NC1CCS(=O)C1)c1ccc(CCC(F)(F)F)cc1,0.0003915266332741482
c1cnc(-c2noc(CN(C3CC3)C3COC3)n2)cn1,0.000989627366285648
C[C@@H](NC(=O)[C@H]1C[C@@H](O)C1)C1CN(C(=O)c2ccc(N(C)C)cn2)C1,0.0003401741891444159
C[C@@H](O)[C@H](NS(=O)(=O)CCCN1CCCC1)C(=O)O,0.00021080844685137393
C[C@H](CNC(=O)C1CC2(CC(O)C2)C1)NC(=O)C1CN(C)CCO1,0.00020798700701751182
C[C@H](O)C(=O)N1CCCCC2(C1)CN(c1ncc3ccsc3n1)C2,0.0008898228039118527
CC(=O)N1CC(C(=O)N2CC(C3CN(C(=O)C4SCC4C)C3)C2)C1,0.00026443325549603547
CC(=O)N1CC(CNC(=O)Nc2cccnc2NC(C)=O)C1,0.00046294955344682547
CC(=O)NCCN(C)C(=O)NCCC1COc2ccccc2O1,0.00029920006262463894
CC(=O)OC1(C(=O)N2CCC(N(C)C(=O)c3cncn(C)c3=O)C2)CC1,0.00030439122121126046
CC(C(=O)N1CCC2(C1)CN(C(=O)C1(C)CC1)CCO2)n1cccc1,0.00048777013917038225
CC(C(=O)NCCN1CCN(C(=O)C2CC2F)CC1)n1ccnc1,0.10918835722995213
CC(C)(CC(=O)NC1(C2CCCN(C(=O)c3ncc[nH]3)C2)CC1)C1CC1,0.0013777326500409998
CC(C)C(C(=O)N1CCC1CF)S(=O)(=O)c1cnn(C)c1,0.00044216485902852566
CC(C)C(CO)C(=O)N(C)C1CCN(C(=O)CCc2ccccc2)CC1,0.0005423885267488615
CC(C)C(NC(=O)N1CC2(CC2)c2ccccc21)C(=O)N(C)C,0.0009467418737389933
CC(C)C(O)CC(=O)NC1CC2CCC1(Nc1nncs1)C2,0.0003761086612918839
CC(C)C(Oc1ccccn1)C(=O)N1CCC[C@@H]1CNc1nnco1,0.0013017750437994218
CC(C)CN(C)C1CN(C(=O)NCc2conc2C2CC2)C1,0.00041092446687331807
CC(C)N1CCN(Cc2ccc(CNCc3ccns3)cc2)CC1,0.0007320509227110854
CC(C)OCC(=O)N1CCN(C(=O)c2cn(C)nc2C(F)F)CC1,0.0003513445840813329
CC(CCc1nn[nH]n1)NC(=O)C1Cc2ccccc2O1,0.0002569539280159848
CC(CNC1CC(=O)N(C2CCCCC2)C1)CN1CCOC1=O,0.0007378136557935558
CC(NC(=O)c1ccccc1N1CCCC1)C1=NO[C@@H]2COC[C@H]12,0.30282243271452697
CC(O)CCCC(=O)NCC1CC2(CCC2)CN1C(=O)C(C)(C)C,0.1515206726237913
CC1(C(=O)N2CC(CNC(=O)C3(CF)CCC3)C2)CC1(F)F,0.1530295906096877
CC1(C(=O)N2CCCC[C@H](NC(=O)C3(F)CCC3)C2)CCC1,0.0008762299845188796
CC1(C)CC(NC(=O)C2CC3CCC2C3)CN(C(=O)c2cc[nH]n2)C1,0.00046587780323130673
CC1(C)CN(C(=O)CC2(O)CCCOC2)CC(CNC(=O)C2CC2)O1,0.14685587792259125
CC1(NC(=O)C2CCOC3(CCC3)C2)CCOC12CC2(F)F,0.0009559621887943836
CC1(NC(=O)c2ccncn2)CN(C(=O)C2(C#N)CCOC2)C1,0.3722922652220745
CC1(F)CC(NC(=O)NCC2CCN2C2CCOCC2)C1,0.00041551521059480454
CC12COC(C(=O)NCCN(C(=O)C3CCC(F)C3)C3CC3)(C1)C2,0.0005532876654346418
CC1CC1C(=O)N[C@H]1C[C@H](NC(=O)c2ccc(CNC(N)=O)cc2)C1,0.0004028693334109953
CC1CCCC(OC(C)C(=O)NCC(=O)Nc2ccc(F)cc2)C1,0.569139801862777
CC1CN(C(=O)CC2CC2)CC1CNC(=O)C1CCCS(=O)(=O)C1,0.16913391306163075
CC1Cn2nccc2CN1C(C)C(=O)Nc1nc2c(s1)CCCC2,0.0007463481134005437
CC1OCCC1(F)C(=O)N[C@H]1CCCN(C(=O)C2CCOCC2)C1,0.15539711557592095
CCC(C)(OC)C(=O)NC1CC(OC(F)F)C1,0.00034130146346933845
CCC(C)Oc1nccnc1N1CCOC(COC(C)C)C1,0.0012003537578625996
CCC(CC(=O)N1CC2C(CNC(=O)c3cncs3)C2C1)OC,0.00035504967987785786
CCC(CC)(CNc1ncnc2cnccc12)NC(=O)[C@H]1C[C@@H]1C,0.0016192985248195887
CCC(CC)CC(=O)N[C@@H]1CCCN(C(=O)c2ccc3[nH]ncc3c2)C1,0.36280940251354976
CCC(CNC(=O)C1CCOCC1)NC(=O)C(C)C1CCCC1,0.00041202323842410465
CCC(CO)NC(=O)NC1CCN(c2cccc(F)c2)C1,0.0007608657670472433
CCC(F)C(=O)N(C)CCN(C)C(=O)c1cc(F)cc(F)c1,0.0006250277226740701
CCC1(NC(=O)[C@H]2CCCO2)CCN(C(=O)C(C)(C)OC)CC1,0.00037944499918733367
CCCC(C)CC(=O)N1CCCC[C@H]1CNc1ncccn1,0.0015741582978562063
CCCOc1ccc(NC(=O)c2cc3n(n2)CCC3)cc1,0.0012410130000993775
CCN(C(=O)C1CC1)C1CCN(C(=O)c2ccnc(OC)n2)C1,0.0005353203685163581
CCN(C)C(=O)CN1CCC(C)C(NC(=O)CC(C)OC)C1,0.00035467729271151683
CCN(C)CC(=O)Nc1ccc(OCc2ccncc2)cc1,0.0006494973073957381
CCN(CC)C(=O)c1ccc(NC(=O)N2CC(OC)CC2(C)C)cc1,0.0009198492820759579
CCN(CCNC(=O)c1cc(C(C)C)[nH]n1)C(=O)[C@H]1C[C@@](F)(CO)C1,0.00030318838990841455
CCNC(=O)N[C@@H]1CN(C(=O)OC(C)(C)C)[C@H]2COC[C@@H]12,0.0002992468888352894
CCOC(=O)CN(CC1CC1)C(=O)c1ccnn1C(C)(C)C,0.000801118338773747
CCOC1CC(CC(=O)NC[C@]2(C)CCCN2C(=O)[C@H](C)O)C1,0.00039827952889795535
CCOc1ccc(C(=O)NCC2CC3(C2)CC32CC2)cn1,0.0010435371334836527
CCc1cc(C(=O)NCC(C)NC(=O)C(C)N2CCC2)no1,0.18051056952061798
CCc1ccc([C@H](C)NS(=O)(=O)N2CCC[C@H]2CO)cc1,0.0005429739075932826
CCc1ccc(CNC(=O)CN(C)C(=O)c2cccs2)s1,0.0005617989694171218
CCc1cncc(C(=O)NC2CCCC2CNC(=O)C2(C)COC2)c1,0.0004972073095190358
CCc1cnoc1C(=O)N1CCN(C(=O)C2CC3CCC2C3)[C@H](C)C1,0.0006301958804390701
CCc1nc(N)cc(N2CCC(c3c[nH]cn3)CC2)n1,0.0011983539117132178
CCn1cc(C(=O)NC2(C)CCN(c3nc(C#N)ncc3C)C2)nn1,0.000989874545872261
CN(C(=O)NCc1cccc(OCC(N)=O)c1)C1CCSC1,0.0002974320834905018
CN(C)CC(=O)N1CCCN(C(=O)c2nc(=O)[nH]c(=O)[nH]2)CC1,0.06603129096541048
CN(C)Cc1cccc(C(=O)NCC2CN(C)CCO2)c1,0.00030391762160998593
CN(C1CC1)S(=O)(=O)N1CCC(c2ccc(S(C)(=O)=O)cc2)C1,0.0004787874749595
CN1CCCN(C2CN(C(=O)NCc3nc4ccccc4o3)C2)CC1,0.0004836337904107172
CN1CNC(=O)C12CCN(C(=O)NC1CC(C#N)C1)CC2,0.3158680701266713
CNC(=O)NC1CCN(CC(O)COc2ccccc2F)C1,0.00031333403807495304
CNC(=O)NCC(=O)N1CC(C)(C)c2ccc(Br)cc21,0.0005791866915247009
CNC(=O)c1cccc(C(=O)NCC2(O)CN(C(C)=O)C2)n1,0.06883335577198703
CNc1ncc(C(=O)N2CCCC(NC(=O)C3(SC)CC3)CC2)o1,0.0006914211069022702
COC(=O)Cc1cccc(C(=O)N(C)Cc2ncccn2)c1,0.0004842338269277823
COC(=O)NC1CCN(Cc2ncn(C)c2Br)CC1,0.0005517053797456381
COC(C)(C)C(=O)N1CCC(NC(=O)C2CC(C)(F)C2)CC1,0.0004351553019306107
COC1(C(=O)N[C@@H](C)c2ncc[nH]2)CCN(C(=O)OC(C)(C)C)C1,0.00044848416841357174
COCC(C)(C)CC(=O)NC[C@@H](C)Nc1cnc2ccccc2n1,0.0015010094062119133
COCC(C)C(=O)NC1(C)CN(C(=O)c2cc3oc(Cl)cc3[nH]2)C1,0.0008009823812574484
COCC(C)C(=O)NCCC1(O)CN(C(=O)Cn2nccc2N)C1,0.0004329368131759539
COCC1CCCCN1C(=O)c1c[nH]c(C(F)(F)F)c1,0.000585271206223223
COCCS(=O)(=O)CC(=O)NCc1nc(-c2ccccc2)c[nH]1,0.0007596453718093413
CON1CCC(NS(=O)(=O)CCCc2ccccc2)CC1,0.00028550451707143684
COc1cc(NCCC(C)NC(=O)C2CCOCC2(C)C)ncn1,0.000876758158676643
COc1ccc(OC)c(CC(=O)OC(C)c2ncc(C)o2)c1,0.0005666301832503948
COc1ccc2cc(CNCC(O)CO)oc2c1Br,0.0006058854568204013
COc1cccc(C(=O)N[C@H]2CCN(C(=O)C3CCCC3OC)C2)c1,0.0006336187704409882
CS(=O)(=O)CC1CCN(C(=O)c2c[nH]c(-c3ccccc3)n2)CC1,0.684350264440241
CSCCC(=O)NC1CC(C)N(C(=O)c2cc(C)cc(C)n2)C1,0.00048570710675179197
Cc1c(C(=O)N2CCN(C(=O)c3cncc(Cl)c3)CC2)ccn1C,0.0005624391251921222
Cc1cc(C(=O)NCC(C)CNC(=O)C(C)O)n(C)n1,0.0002788807695988824
Cc1cc(C)nc(C(=O)NC[C@H]2C[C@H](NC(=O)C(C)(C)O)C2)c1,0.18068539907533826
Cc1cc(CCC(=O)N(C)C(C)C2CCN(C)CC2)no1,0.0004293005363445127
Cc1cc(Cl)c(C(=O)N[C@@H](C)CNC(=O)Cn2ncnn2)s1,0.0004145585193091561
Cc1cccc(C)c1CC(=O)NC1CCN(c2nnc(C)o2)C1,0.0009223165506454716
Cc1ccnc(O)c1C(=O)NC[C@@H](C)NC(=O)C1CC(=O)C1(C)C,0.16617093951553338
Cc1csc(C(=O)N2CCC(O)(CCNc3ccncn3)CC2)c1,0.0008409290369521647
Cc1nc(C(=O)N2C3CCC2CC(NC(=O)[C@H]2CC2(C)C)C3)c(C)[nH]1,0.0005177483050966795
Cc1nc(C(=O)N2CC(NC(=O)[C@H]3CC3(C)C)CC3(CCC3)C2)n[nH]1,0.16949680602165995
Cc1nc(O)nc(O)c1NC(=O)[C@H](CO)NC(=O)c1ccc(F)cc1,0.0006622484010510644
Cc1nc2c(C(=O)NC3(CC(C)(C)C)CC3)cccc2[nH]1,0.001321251360992037
Cc1nccc(N2CC(NC(=O)c3n[nH]cc3C)CCC2C)n1,0.0005279056114729277
Cc1nccn1-c1cc(C(=O)NC2CN(C(=O)C3(F)CC3)C2)ccn1,0.2040783330006441
Cc1ncncc1C(=O)N[C@H]1CN(C(=O)CC2CCCC(=O)N2)C[C@H]1C,0.12171569811406528
Cc1nnnn1CC(=O)NCC(C)CN(C)C(=O)Cc1nnco1,0.0001453746261674216
Cc1noc(C)c1COC1CCN(C(=O)CCOC2CC2)CC1,0.00048819820317808256
Cn1ccnc1C(=O)N1CC2(CCN(C(=O)Cc3ccccc3)C2)C1,0.0009746225220683165
Cn1cncc1CCC(=O)NCC1(SCC(=O)O)CCC1,0.0009163024782976809
N#CC1(C(=O)N2CCC(NC(=O)[C@H]3C[C@@](F)(CO)C3)C(O)C2)CCC1,0.3479733973732749
N#CC1(CCF)CN(C(=O)C2CC(C3CCOCC3)=NO2)C1,0.000958987692949433
N#Cc1cncc(NC(=O)N2CCS(=O)(=O)C3CCCC32)c1,0.0007998901917076315
NC(=O)Cc1ccc(CNC(=O)NCc2cccc(CO)c2)cc1,0.00035499485352704675
NC(=O)c1cc(CN2CCN(C(=O)[C@@H]3C[C@H]3c3cnco3)CC2)on1,0.0003544053379310462
NC1CCN(CCNC(=O)C(CCCO)NC(=O)OCc2ccccc2)C1,0.00029727489299394326
NCC1(CNC(=O)c2ccc(F)c(F)c2)CC2CCCC2C1,0.0004995015534402328
O=C(C[C@H]1CCOC1)NC[C@H]1C[C@H](NC(=O)c2ccc(Cl)o2)C1,0.0004949855274363484
O=C(CC#N)N1CCCC1c1nc2n(n1)CC(F)(F)C2,0.00042745262208150804
O=C(CC1CCS(=O)(=O)C1)N[C@H]1CN(c2ncccn2)C[C@H]1CO,0.0005318305905323366
O=C(COC(=O)C1(Oc2ccccc2)CCOCC1)c1ccco1,0.18908887733304588
O=C(NCCN(C(=O)CC1CCOC1)C1CC1)c1ccsc1Cl,0.0006249038132898222
O=C(Nc1cccc(CS(=O)(=O)C2CC2)c1)[C@@H]1C[C@H]1C1CCCCC1,0.0009471009560032025
O=C(Nc1cnn(-c2ccc(F)cc2)c1)N1CC(O)C(F)(F)C1,0.000878823221846655
O=C(c1ccc(F)c2ccsc12)N1CCC(F)(CO)C1,0.379170145974019
O=C(c1cccc2[nH]ccc12)N1CCN(CC(F)F)CC1,0.0006039513973647621
O=C(c1ccoc1Cl)N1CCOC2(CCCC2)C1,0.00040885240544023295
O=C1CCC2(C(=O)NC(CO)C3CCCO3)SCCN12,0.0002317736898881365
OCC[C@@H]1C[C@@H]2CC[C@H](C1)N2c1nc2ncccc2[nH]1,0.7081302100327751
OCC1CC(CNC2CCN(Cc3ccncc3)CC2)CO1,0.0004333117121888741
C[C@@H](CNC(=O)C1(C)CC1F)NC(=O)C1CN2CCN1CC2,0.13743257338925163
C[C@H](NC(=O)[C@@H]1C[C@H]1c1ccc(Cl)c(F)c1)C(=O)N1CCCC1,0.0006162699746704148
C[C@H]1[C@@H](C)[C@@H]1NC(=O)[C@@H]1C[C@@H](S(C)(=O)=O)CN1C(=O)OC(C)(C)C,0.00035060526865710756
CC[C@H](C)[C@H](O)C(=O)NC[C@H]1C[C@@H](NC(=O)C(C)(C)O)C1,0.0003429329711486113
CC(=O)c1cc(C(=O)NCCN(C)C(=O)C2C3CCC(=O)C32)no1,0.00029852060929594923
CC(=O)c1csc(NC(=O)C2(C#N)C(C#N)C23CCC3)n1,0.0007326286083567696
CC(C(F)F)N(C)C(=O)NCCc1nc(C2CC2)no1,0.00040207928699685256
CC(C)(C)CNC(=O)C(C)(C)NCC(O)c1ccc(C#N)cc1,0.0006792056808445178
CC(C)(CC(=O)Cn1ccc(=O)n(C(C)(C)C)c1=O)CC(=O)O,0.00040666310176668284
CC(C)(O)CN(Cc1ccccc1)Cc1ccc(S(C)(=O)=O)o1,0.0004372781888753396
CC(C)C[C@@H](N)C(=O)N1CCC(C)N(C(=O)OC(C)(C)C)CC1,0.0004714594010612521
CC(C)CC(=O)N(C)CCNC(=O)c1ccc2ccncc2n1,0.0004615233784375718
CC(C)CCC(=O)N1CC(C2CN(C(=O)Cc3nccn3C)C2)C1,0.00028106905204224985
CC(C)Cn1cc(C2CCN2C(=O)c2ncn(C)n2)nn1,0.00039640159217879054
CC(C)n1cnnc1C1CCCN1C(=O)N1CC2(CC2)C1,0.0005168053984452836
CC(CC1CN(C(=O)C(C)(F)F)C1)NC(=O)CCC1CCCC1,0.0017441006750091262
CC(CNc1nnco1)CNC(=O)c1cn(C)nc1C1CC1,0.0005285715191036986
CC(NC(=O)[C@@H]1CO[C@@H](C)CN1C(=O)OC(C)(C)C)C1(F)CC1,0.0003803529328960491
CC(NC(=O)N1CC(C)(C)NCC1C)c1cn(C)c2ccccc12,0.001073271866817597
CC(NS(C)(=O)=O)C(=O)NC(CNC(=O)c1ncc[nH]1)C1CC1,0.06959566353444073
CC(O)C(=O)N1CC(c2ccc(-c3ccccc3)cc2)C1,0.0010765931977086618
CC(O)C1CC1C(=O)N(C)C(CNC(=O)C(C)(C)C1CC1)C1CC1,0.14533613152494443
CC(Oc1ccccc1F)C(=O)N(C)CCNc1n[nH]c(=O)s1,0.0006240457568537694
CC1(C(=O)N[C@H]2CCCCN(C(=O)C3(C#N)CCCOC3)C2)CC(=O)C1,0.00019393402139648207
CC1(C)[C@H]2C[C@H](C(=O)NCCN(CC(F)F)C3CC3)C[C@H]21,0.0003678421017640011
CC1(C)CN(C(=O)CC(O)(c2ccccc2)C2CC2)[C@@H]2COC[C@@H]21,0.0005758178601799778
CC1(F)CC(CNC(=O)C2(c3ccccc3)CC(=O)C2)C1,0.20289591022591535
CC1CC2(CCC(CNC(=O)c3cnn(CCO)c3)O2)CO1,0.00019221693094066046
CC1COC(C(=O)N[C@@H]2CN(c3ncnc4ccccc34)C[C@@H]2C)C1,0.0008203351702770868
CC=Cc1cn(C(C)C(=O)NC2CNC3CC32)nn1,0.0003938241012043489
CCC(C(=O)N[C@H](C)CNC(=O)c1csc(C2CC2)n1)N(C)C,0.00039384404290852896
CCC(CNC(=O)C12CCC(F)(CC1)C2)NC(=O)C(CC)N(C)C,0.29024054246235304
CCC(NS(=O)(=O)N1CCC(C)CC1)c1ccccc1,0.0006574077188069795
CCC(O)CC(=O)N1CCC(C)(CNc2ccc3nnnn3n2)CC1,0.0007772996280845495
CCC1(C)CC1C(=O)N[C@@H](C)CNC(=O)[C@@H]1CNC(=O)C1,0.0002568273607591071
CCC1(O)CCN(C(=O)C2(CC3CCC3)CCC2)CC1,0.5994758712290637
CCCC(C)C(=O)N1CC([C@H](C)NC(=O)c2ccc(CO)cc2)C1,0.0005330912594637741
CCCC(CC)C(=O)NCCC(C)N(C)C(=O)C1CC1C(=O)OC,0.0004184663304688838
CCCC1(C(=O)NC[C@H]2C[C@H](NC(=O)c3ccc(C)[nH]3)C2)CC1,0.00030455782238117813
CCCCC(C)C(=O)NC1CCN(C(=O)[C@@H]2CC2(F)F)CC1,0.0007125345871226296
CCCN(CCNC(=O)C1CCSC1)C(=O)C1COCCN1C,0.0003287100742229644
CCCN1CC(C(=O)N2CC(O)C3(CCC3)C2)CC1=O,0.0003265780715778678
CCCN1CC(CNC(=O)NCC2(F)CCCCC2)CC1=O,0.0006922691008800386
CCCN1CCC(CNC(=O)N2CCC(C)(C(=O)OC)C2)CC1,0.0004109799646328506
CCCn1ncc(C(=O)NC2CCN(C(=O)c3cccnn3)CC2)c1C,0.14060143419602109
CCN(CC(=O)N[C@H]1CC[C@H](NC(=O)C2CCC2(F)F)CC1)C1CC1,0.43259589845570107
CCOC(=O)[C@@H]1C[C@H]2C(NCC3CC(F)(F)C3)C[C@H]21,0.00047486684591863213
CCOCC(=O)NCC1(O)CCN(C(=O)C2NC(=O)CC2C)CC1,0.09900558496091226
CCS(=O)(=O)c1ccc(Cl)cc1C(=O)OC1CC1C1CC1,0.2865887835837733
CCc1cc(C(=O)N[C@@H](C)C2CN(C(=O)c3ccncc3F)C2)on1,0.19847739319115
CCc1cc(CNC(=O)NCCC(=O)N2CCCCC2)[nH]n1,0.0003204184816159422
CCc1nc(C(=O)NCCC(C)(C)Nc2nc(C3CC3)ns2)co1,0.0005214563906667858
CCc1ncnc(N(C)CCN(C)C(=O)CCF)c1F,0.0009352789071074393
CCn1cc(C(=O)N2CCO[C@H]([C@@H](O)CN)C2)c(C)n1,0.00022249935976528524
CN(C(=O)CC1CCCO1)C(CC#N)C(F)(F)F,0.20573836057774572
CN(C)C1(C(=O)NC[C@H]2C[C@@H](NC(=O)c3ccsn3)C2)CC1,0.0003735505197634465
CN(C)CCN(Cc1ccc(F)cc1)C(=O)c1c[nH]c(=O)n(C)c1=O,0.0002922741331596411
CN1CCC[C@H]1C(=O)N[C@@H]1CCN(C(=O)C(O)C2CCOCC2)C1,0.12966878158751263
CNC(=O)c1ccc(N2CCN(C)C(C(C)(C)C)CC2)nn1,0.0005275526665770126
CO[C@]1(C(F)(F)F)C[C@@H](NC(=O)CC2CCC(=O)N2C)C1,0.0004098249932358268
CO[C@@H](C(=O)NCC1(C)CCN(C(=O)C2CC2)CC1)c1ccccc1,0.0005090638380385847
COC[C@H](O)CN1C2CCC1CC(NC(=O)c1ccoc1Cl)C2,0.0002794256258466633
COC[C@H]1CN(C(=O)c2ccn(C)c2C2CCC2)CC(C)(C)O1,0.0011120774809203055
COC(=O)[C@@H]1C[C@H](NC(=O)c2cnn(C3CCCC3)c2C)CS1,0.0005931268294627573
COC(=O)[C@@H]1CC[C@H](C(=O)N[C@H]2C[C@H](c3ccccc3C)C2)O1,0.00043672257763646704
COC(=O)C[C@H](NC(=O)OC(C)(C)C)C(=O)N1CCCC12CCC2,0.0005750019618420828
COC1(C(=O)N2CC3CCC(Nc4ccncn4)C3C2)CC1,0.0004187415058069624
COCC(C)C(=O)NCCC(C)N(C)C(=O)CNc1ccccc1,0.0006206371534451453
COCC(C)CC(=O)NC1COCCN(C(=O)c2n[nH]c(C)n2)C1,0.00024400106511577815
COCC1(C(=O)N[C@H]2C[C@@H](Nc3nc(C)ccc3C#N)C2)CCCCO1,0.4686895720836287
COCCC(=O)N[C@@H]1CCCN(C(=O)c2cc(OC)ccc2C)C1,0.0003702063661721911
COCCC(=O)N1CCCCC(NC(=O)Cc2ccc(O)cc2)C1,0.000293991185594239
COc1cc(C(=O)N2CC3CCC(C2)N3C(=O)C2CC(C)CO2)ccn1,0.15359183859204084
COc1cc(CCC(=O)N(C)Cc2cc(C#N)cs2)ccc1O,0.0006614524749894393
COc1ccc(CC(=O)N2CC[C@H](CNC(=O)C3(F)CC3)C2)c(C)c1,0.00048018288764425845
COc1ccc(CN2[C@@H](C)[C@@H](C(=O)O)C(=O)NC2C)nc1,0.0003554213906486892
COc1ccncc1C(=O)N1C[C@H]2[C@H](NC(=O)CC3CCCCC3)[C@H]2C1,0.0011702773701687747
COc1cnnc(C(=O)NC[C@@H](C)NC(=O)C2(CF)CCC2)c1,0.16673700140628225
COc1ncc(C(=O)N2CC3CC(O)C(O)CC3C2)s1,0.00029824193606365604
Cc1c(C(=O)NC2CN(C(=O)c3cccc(F)c3)C2)ccn1CC1CC1,0.2959891572342974
Cc1cc(C(=O)NCC(C)NC(=O)c2coc3c2CSC3)on1,0.00037548203812819803
Cc1cc(C(=O)NCC2(Nc3cc(C)ncn3)CC2)c(=O)[nH]c1C,0.0005340503470868959
Cc1cc(C)cc(OCCC(=O)N2CCCC(C(=O)NC3CC3)C2)c1,0.0005484094385557189
Cc1cc(CCC(=O)NCC2(NC(=O)Cc3ccoc3)CC2)on1,0.0002812171093967875
Cc1cc(NC(=O)N(C)C2CCN(C(C)(C)C)CC2)cc(C(N)=O)c1,0.00155786943248583
Cc1ccc(C(=O)NCC2CCN(C(=O)C3(C)CC3)CC2C)nn1,0.00035660623109148854
Cc1ccc(C(C)C(=O)N2CCCC(OCCO)C2)o1,0.000324994279929186
Cc1ccc(C)c(NC(=O)C2CCCN2C(=O)c2ccccc2)n1,0.0008025812511515879
Cc1ccc(NC(=O)C2COC(CNC(=O)OC(C)(C)C)C2)c(=O)[nH]1,0.00046126619941850287
Cc1ccc(S(=O)(=O)CCCN2CCC3(C2)CS(=O)(=O)C3)cc1,0.0004658432236650977
Cc1ccccc1C(=O)NCC1(O)CCN(C(=O)C(C)C2CCC2)C1,0.0004910095945825291
Cc1ccnc(NCC2(F)CCN(C(=O)c3cc(C)ncn3)CC2)n1,0.0006234474777028091
Cc1cnc(C(=O)N2CCCC(NC(=O)CC#N)C2)cn1,0.34163751661880953
Cc1cnc(CCNC(=O)N[C@@H](C)C2CCC2)s1,0.00032797573231864647
Cc1cncc(C(=O)N2CCC3C(CCCN3C(=O)[C@@H](C)O)C2)c1,0.13809823583035824
Cc1nc(C(C)C)[nH]c(=O)c1C(=O)NCc1nnc(C)n1C1CC1,0.00025258159747914985
Cc1nc(CC(=O)NCC(O)CNC(=O)Cc2ccccc2)cs1,0.00039946289552541083
Cc1nc2c(cnn2C(C)C)cc1C(=O)NC1CCCN2CCCC12,0.0006981424347239122
Cc1ncc(C(=O)NC[C@@H](C)NC(=O)c2nnc(C(C)C)s2)n1C,0.00044223775282299557
Cc1ncsc1CCCN1C[C@@H]2C[C@H]1CN2C(=O)CN1CCCC1=O,0.00022902925482334892
Cc1ncsc1COC(=O)c1cnn(CC(F)F)c1C,0.00070221218251053
Cc1noc(C(C)N2CCN(C(=O)C3CCN(C)CC3)[C@@H](C)C2)n1,0.00038436549038963776
Cc1nsc2ncc(C(=O)N3CCN(C(=O)C4CCO4)C[C@@H]3C)cc12,0.0004276934702524224
Cc1occc(=O)c1OCC(=O)N1CC(OC(=O)N(C)C)C1,0.09898788208303742
Cn1cc(CNC(=O)N2CC(O)CC23CCC3)c(-c2ccccc2)n1,0.0009522797845947265
Cn1cc(CNC23CCCCC2NCC3)c(=O)n(C)c1=O,0.0005049758631618039
Cn1cc(S(=O)(=O)NC(=O)[C@H](N)CC23CC(C2)C3)c(C(C)(C)C)n1,0.00032191147907295224
Cn1nccc1C(CO)NC(=O)NCc1cccc(F)c1Cl,0.0005816685139610821
Cn1nccc1CNC(=O)c1cc(C(F)(F)F)cs1,0.0006574087902877964
Cn1ncnc1CC(=O)NC1(CF)CCN(C(=O)c2cocn2)C1,0.0002475993078347136
Cn1nnc(C(=O)N2CC(C)(NC(=O)C3Cc4ccncc4C3)C2)n1,0.0002462603905824687
NS(=O)(=O)[C@@H]1CCOC[C@H]1NC(=O)CN1CC2CC2C1,0.00013470038524000217
O=C(COC1CCOC1)N[C@@H]1CCN(C(=O)c2cccnc2O)C1,0.00022363638146186168
O=C(COCc1ccco1)Nc1ccnn1C1CCC1,0.0004672546623430741
O=C(Cc1ccccn1)NC1(CF)CCN(C(=O)C2CC2)C1,0.16724809494502602
O=C(Cn1ccnn1)NC1CCN(C(=O)C23CCCN(CCC2)C3)C1,0.0005285563323321763
O=C(N[C@@H]1CCCN(Cc2nnc3n2CCCC3)C1)C(F)(F)F,0.0004285368934180703
O=C(NC(CC(F)(F)F)C(=O)O)C1CCCCC1F,0.0005741762590190039
O=C(NCC1(O)CCN(C(=O)CC2CSC2)C1)C(F)C1CCC1,0.0002396969487731361
O=C(NCCC1CCOC1)NCc1cccc2c1CCOC2,0.0005227637900088167
O=C(NCc1cccc(F)c1F)N1CC2(F)CC1C2,0.00048183647342956814
O=C(Nc1cc(C(F)F)ccn1)c1[nH]nc(C2CC2)c1Cl,0.0005439786644518065
O=C(Nc1ccc(-c2nc[nH]n2)cn1)C1CCN2CCOCC12,0.001010381077557634
O=C(Nc1cccc2c(=O)cc[nH]c12)NC1CCNC12CCC2,0.0006907225304801744
O=C(Nc1cnc2c(c1)OCO2)c1coc2c1CCCC2,0.0009238280906262675
O=C(Nc1nnc(CC(F)(F)F)s1)C1(O)CCOC1,0.0004876598734984545
O=C(Nc1nncn1C1CC1)C1CCCNS1(=O)=O,0.0002299457835798433
O=C(c1sccc1F)N(Cc1nn[nH]n1)C1CC1,0.0003934652307659684
C[C@@H](CN(C)C)NC(=O)c1c(O)cc(Br)cc1F,0.0005287545565550988
C[C@@H](CNC(=O)Cc1cnsc1)NC(=O)c1cccnc1,0.00024989332363164346
C[C@@H]1C[C@H]1C(=O)NCCC1CCN(C(=O)CC2(C)CC2)CC1,0.0005169567380551539
C[C@@H]1CN(C(=O)C2CN(C)CC2C(F)(F)F)CCS1(=O)=O,0.000393265335856721
C[C@@H]1CN(CCn2cnnn2)CCN1C(=O)c1ncnc2c1CCC2,0.00031088121923614735
C[C@H](CNC(=O)CC1(C)CCCO1)NC(=O)CCc1cn[nH]c1,0.00023644560970907357
CC(=O)CCC(=O)N(C)C1CCCN(C(=O)c2cc(C(C)C)[nH]n2)C1,0.13935146761680575
CC(=O)NCC(=O)N1CCN(C(=O)c2n[nH]c(C)c2C)C(C)C1,0.10396783541700151
CC(=O)c1cc(C(=O)N(C)CCCN(C)C(=O)C2(CO)CC2)n(C)c1,0.152278234598015
CC(=O)c1cccc(NC(=O)COC(=O)Cc2nc(C)n[nH]2)c1,0.23516846880479045
CC(C(=O)NC1CCN(CC2CCCOC2)CC1)c1ccccc1,0.000772592317910002
CC(C(=O)NCC[C@H]1CCCO1)c1cc(F)cc(F)c1,0.0004787553689942735
CC(C)(C)C(=O)N1CCOC(C(=O)N[C@@H]2CCOC[C@H]2O)C1,0.0003055958235495725
CC(C)(CO)c1cn(CC(=O)N2CCCC3(C2)OCCO3)nn1,0.00027867948141767563
CC(C)(F)C(=O)N1CCOC(CNC(=O)c2cnc3[nH]ccc3c2)C1,0.2160080122177526
CC(C)=C(Br)CNC(=O)c1n[nH]c2ccccc2c1=O,0.0006268494092887337
CC(C)CN(C)CC(O)CN(C)C(=O)c1cccc2cccnc12,0.22562232374194613
CC(CC(C)C(F)F)NC(=O)NC1COc2ccccc2NC1=O,0.0008276153946643221
CC(CC(F)F)N(C)C(=O)NCC1CC(F)(F)CO1,0.0004345674744941681
CC(CC1CCN(c2ncccn2)CC1)NC(=O)C1CCCC1(C)C,0.0010749939055918736
CC(CCNC(=O)Cc1cnco1)NC(=O)Cc1ccccc1F,0.00035455423567282444
CC(CCO)NC(=O)c1ccnc(OCC(F)F)c1,0.0003720392093011019
CC(CN(C)C(=O)c1n[nH]c2ccc(F)cc12)NC(=O)CC1CN(C)C1,0.1933978908124962
CC(Cn1ccnc1)C(=O)NCC[C@H](C)NC(=O)CCC(C)(C)O,0.00043693798193398896
CC(O)CC(C)(C)CNC(=O)c1coc2c(F)cccc12,0.43467852274093777
CC(F)(F)C1CCCN(c2cnc(C#N)c(C#N)n2)C1,0.6072942230500873
CC1(C)C(NC(=O)CCC2CC2)CCN1C(=O)COc1ccccn1,0.00037585589601927443
CC1(CN)CCN(C(=O)c2ccccc2CS(C)(=O)=O)C1,0.0003094932624425108
CC1(NC(=O)c2c[nH]nn2)CCN(C(=O)CC(C)(C)C2CC2)C1,0.0005106638970431426
CC1=C(C(=O)N2CC(NC(=O)C3CCc4ccnn4C3)C2)CCO1,0.00041794684852766316
CC1=NOC(C)(C(=O)N2CC[C@H](CNC(=O)[C@H]3CC3(C)C)C2)C1,0.10319400837454154
CC1=NOC(C)(C(=O)N2CC(NC(=O)CCC3CCC(=O)N3)C2)C1,0.16542157229351406
CC1CC(C(=O)NC[C@@H]2CCCN2C(=O)C2CCO2)C1,0.00039251675851319657
CC1CCC(NC(=O)c2ccsc2)CN1C(=O)[C@@H]1C[C@@H]2C[C@@H]2C1,0.0004990143850435588
CC1CCCC(CNC(=O)C(N)c2cccc(C#N)c2)O1,0.0010590874350972816
CC1CCN(C(=O)CN2CCC2)CC1CNC(=O)[C@@H]1[C@H]2CCCC[C@H]21,0.22358598922926923
CC1COCCN1CCNC(=O)NCc1ccc(F)c(F)c1,0.000382490755807751
CCC(=O)NC[C@H]1C[C@H](NC(=O)C(C(C)C)n2cnnc2)C1,0.16710451952710814
CCC(C#N)(CC)C(=O)N1CCC(NC2CCC2)CC1,0.0016931460369319165
CCC(C)(C)C(=O)NC[C@H]1C[C@@H](NC(=O)C2(C)CC2C(F)(F)F)C1,0.12613031604021852
CCC(C)(OC)C(=O)N1CC[C@H](CNC(=O)C2CCN2C(C)(C)C)C1,0.2173241390924471
CCC(CC)C(=O)NC1CCN(Cc2coc(C(F)(F)F)n2)C1,0.0005662119921675036
CCC(CNC(=O)c1cc(=O)c(OC)co1)NC(=O)c1cnccn1,0.08676483686237785
CCC(O)C(C)C(=O)N[C@H]1C[C@H](NC(=O)Cc2cccnc2C)C1,0.12482765045769838
CCC(O)C(C)C(=O)NC1CC2(C1)CN(C(=O)CS(=O)(=O)NC)C2,0.07325060469715367
CCC(O)CC(=O)NC1(C)CN(C(=O)C2CN3CCCN2CC3)C1,0.0002655093823131623
CCC1(C(=O)NC2CC(C)N(C(=O)C(C)c3cccnc3)C2)CC1,0.0003856323937482403
CCC1(C(=O)NCC2COCCN2Cc2ccn(C)c(=O)c2)CCC1,0.0004220769168159251
CCN(C)CC(=O)N(CC)CCNC(=O)c1cncc(C)c1O,0.00045729009526547894
CCN(CC(=O)NC(C)CN(C)C(=O)C1CN2CCC1CC2)C1CC1,0.2166612501241826
CCN(CCNc1nccn2nnnc12)C(=O)CC(C)(C)C,0.0005950314520801902
CCOC(=O)c1cc(C)n(CC(=O)N2CCc3c(ccnc3N)C2)c1C,0.0005813548381547934
CCOC1CC(O)(CNC(=O)CN2CC3CC3C2)C1(C)C,0.0002943921850470651
CCOC1CC1C(=O)NCCC1CCN(C(=O)CCC2CC2)CC1,0.0007859285314861226
CCOCC(C)(C)CNC(=O)C(F)(F)CCn1ccnn1,0.00025063189498001514
CCS(=O)(=O)Cc1nc(Cc2ccc(C(=O)OC)s2)no1,0.00038459184444947084
CCS(=O)(=O)N1CC(CNC(=O)c2ccc3nc[nH]c3n2)C1,0.0004027422793276035
CCSCC(=O)NCC1C2CN(c3cc(O)ncn3)CC12,0.34541999778926846
CCc1ccc(F)c(C(=O)NC(CC(=O)O)CN(C)C)c1F,0.0004353499307119172
CCc1cnc(N2CCN(c3ccc(OC)cn3)CC2)s1,0.0009092328557163528
CCc1nc(C(=O)N2CCCN(CC3CCCO3)CC2)c[nH]1,0.00043582300133577665
CCc1ncoc1C(=O)NC(C)CC(C)NC(=O)[C@@H]1CCC(=O)O1,0.0003313872216546596
CCn1cc(C(=O)N[C@H]2C[C@H](Nc3nc(CC(C)C)ns3)C2)cn1,0.38539969129190993
CCn1cc(CC(=O)N[C@H](C)CNC(=O)C2(CO)COC2)cn1,0.00014460852617030585
CN(C)C1(CN2C(=O)CC(c3ccccc3)NC2=O)CCC1,0.0004278974812033412
CN(C)CC(=O)N1CCC(C)(NC(=O)c2ncoc2C2CCCO2)C1,0.0003521489168548773
CNC(=O)C1CCCC1NC(=O)[C@H]1C[C@@H](CC(=O)OC)C1,0.0003473096535677739
CNC(=O)C1CCCN1S(=O)(=O)Cc1cccc2cccnc12,0.000605474880158333
CNC(=O)c1ccc(NS(=O)(=O)CC2(OC)CCCC2)cc1Cl,0.0006640788507323838
CNS(=O)(=O)c1ccc(CC(=O)N2C[C@@H](C)C[C@H](O)C2)cc1,0.00020443886920210912
CO[C@H](C)C(=O)N1CCCC1COC(=O)c1ccc(SC)cc1,0.0006204373513876418
COC(=O)CC(C)C(=O)NCC(CN)CC(C)(C)C,0.0004067181849978747
COC(=O)CCN(C)S(=O)(=O)NCC1(OC)CCC(F)(F)CC1,0.0004758614604157251
COC(=O)CCc1ccccc1CNC1CCC(=O)N(C2CC2)C1,0.00040639574636213446
COC(=O)c1c(NC(C)CNC(C)=O)ncnc1-c1ccccc1,0.6401746177694579
COC(=O)c1cc(C(=O)N(C)c2ccc(C)c(C)c2)n[nH]1,0.3642079927665978
COC(=O)c1cc(C(=O)NC2(C)CC(C)(C)OC2=O)ccc1F,0.00048322950612592297
COC(=O)c1ccc(N2CC(NC(=O)c3cn(C)nn3)C(C)(C)C2)nc1,0.24433204519927584
COC(=O)c1nccnc1N1CCC[C@H](NC(=O)c2cccnn2)C1,0.2665810527695478
COC1CC(CNC(=O)C2CCOC2CNC(=O)OC(C)(C)C)C1,0.0003524726685584193
COCC(=O)N1CCN(C(=O)C2(C)CCCOC2)C[C@H]1C,0.00045912376881766706
COCC1(C(=O)NCc2nc3ccc(F)cc3[nH]2)CCCNS1(=O)=O,0.0004417541957975877
COCCn1ccc(NC(=O)N2CC34CCCC3(COC4)C2)n1,0.00032940550056620525
COCc1cn(CCC(C)NC(=O)C2(C)CC3(CC3)C2)nn1,0.0006554635512657117
COCc1cnc(OC)c(C(=O)OCC2CC3(CCCC3)CO2)c1,0.0007897907635893476
COc1c(CNC(=O)Cc2ccc(C#N)nc2)c(C)nn1C,0.0006158739431591124
COc1cc(C(=O)NCC2CCCN2C(C)c2nc(C)n[nH]2)ccn1,0.0003109856341818649
COc1cc(C(F)F)ccc1NC(=O)NC(CO)CC1CCOC1,0.0013354977064749698
COc1ccc([C@@H]2CN(C(C)c3nocc3C)C[C@H]2N)cc1,0.0005751672269614251
COc1ccc(CNC(=O)c2ccc(C3(C#N)CC3)cc2)nc1,0.001700414774704657
COc1ccc(F)c(C(=O)NCCC(=O)NC2CCCC2)c1OC,0.41616636974085874
COc1ccc(F)c(CNc2ccc(C(N)=O)c(Cl)c2)c1OC,0.0014710918164317363
COc1ccc2nc(C)nc(NCC(O)CNC(=O)CO)c2c1,0.00037708296153385855
COc1ncccc1C(=O)N1CCN(C(=O)CCn2ccnn2)CC1,0.09452455628863007
Cc1cc(-n2cccn2)nc(NC2CN(C(=O)CN3CCC3)C2)n1,0.00043359858902318655
Cc1cc(C(=O)N(CCNC(=O)c2cnccc2O)C2CC2)ccn1,0.22107824462613188
Cc1cc(C(=O)N2CC[C@H](NC(=O)c3cncc(N)c3)C2)co1,0.22170268006445512
Cc1cc(C(=O)NC(C)CN(C)C(=O)c2cccn(C)c2=O)n(C)n1,0.00038865421954038316
Cc1cc(C(=O)NCC(NC(=O)c2ccc(=O)oc2)C2CC2)on1,0.2401178441600981
Cc1cc(CNC(=O)C(F)(F)c2cnn(C)c2)ccc1F,0.00040077880814359096
Cc1cc(N)c(C)nc1C(=O)NC(C)CN(C)C(=O)c1nc[nH]c1C,0.3011292709364644
Cc1ccc(-c2n[nH]c(CNC(=O)CC3CNCC(C)(C)O3)n2)cc1,0.0008696820824323234
Cc1ccc(NC(=O)NC2(C(=O)N(C)C)CC2)c(Br)c1,0.0005839286682380626
Cc1cccc(C(=O)N[C@@H](C)C2CCN(CC3CCCOC3)CC2)c1,0.0005459278020094929
Cc1cnc(C(C)N2CCC(CNC(=O)COc3ccsn3)C2)o1,0.0004032695577393686
Cc1cnc(N2CCC[C@H]2CNC(=O)c2ccn(C(F)F)n2)nc1,0.0006268602197034896
Cc1nc(C)c(C(=O)N2CCC(CCNc3ncncc3C#N)C2)s1,0.7743309639319417
Cc1ncccc1CC(=O)NC1CC2(C1)CN(C(=O)C(C)CO)C2,0.00022601211032670542
Cc1ncn2ccc(C(=O)N3CCC4(CC3)CNC(=O)N4C)cc12,0.0004062455160393635
Cc1nnc(CC(=O)N2CCC(C)(O)CC2)s1,0.0004057347404286988
Cc1nocc1CC(=O)NC1CCC(=C(F)F)CC1,0.00042780766791095993
Cc1nsc(C)c1C(=O)NC1CCCN(c2ccnc(C#N)n2)C1,0.0014481320561929322
Cc1oncc1COC(=O)C1CC(=O)N(CC2CCCO2)C1,0.000393888026547595
Cc1sc(C)c(C(=O)NC(C(=O)O)c2cn(C)nn2)c1C#N,0.000725206395866279
Cn1cccc1C(=O)NC1(C)CCN(c2ncnc(C(C)(C)C)n2)C1,0.0011596984024936435
Cn1nc(C2CCC2)cc1C(=O)N1C[C@@H]2C[C@H]1CN2CCCO,0.0007329652997154298
Cn1nc(C2CCOCC2)cc1NC(=O)NCC1CC(C)(F)C1,0.000521599749108269
Cn1nnnc1N1CCC[C@H](CNC(=O)CCc2cn[nH]c2)C1,0.000425585537036859
N#Cc1cc(NC(=O)N2CCC(CO)(C(F)(F)F)CC2)ncn1,0.0012257782973077403
O=C(C1Cc2nccn2C1)N1CCN(C(=O)C2(O)CC2)CC1,0.0003507832580858897
O=C(CC1COCCO1)Nc1nc2ccc(Br)cn2n1,0.0005238763637997758
O=C(N1CCCN(Cc2ccns2)CC1)C1(F)CCOCC1,0.0006043199521777489
O=C(NC1CN(C(=O)C23CCCN2CCC3)C1)C1(F)CCC1,0.21914061951761765
O=C(NCCC(F)(F)CO)[C@H]1C[C@@H]2CC[C@H](C1)S2,0.00030194359616837215
O=C(NCCN1CCN(CCO)CC1)C12CCC(C1)S(=O)(=O)CC2,0.1219180025300106
O=C(O)c1ccc(CNCc2cc(OCC(F)F)ccn2)[nH]1,0.00048282712450967255
O=C(c1cc(O)nc2c1CCCN2)N1CCCC(c2ccncc2)C1,0.0003876385006049042
O=C(c1cn[nH]c1Cc1ccccc1)N1CCOCC2(CCC2)C1,0.000565784323119515
C[C@@H](NC(=O)C1(S(C)(=O)=O)CCCC1)C1CN(C(=O)C2(C)CC2)C1,0.1490383219766332
C[C@H](NC(=O)CCn1cnnn1)[C@H]1COC(C)(C)O1,0.00024033722832715235
C[C@H](NC(=O)c1cc(Br)cn1C)c1nnc[nH]1,0.0005170051843295987
CC[C@@H]1C[C@H](C(=O)N2CCC(C(=O)OC)CC2)CC(=O)N1,0.00035471672432520527
CC[C@H](CC(=O)NC1(CNC(=O)C2(F)CCCC2)CC1)C(C)C,0.00042896519660030256
CC(=O)CCCC(=O)NC(C)[C@@H]1C[C@H](C(=O)OC(C)(C)C)C1(C)C,0.0004886602416650438
CC(=O)NC1(C(=O)OCc2nnnn2C2CC2)CCCC1,0.06453918750822502
CC(=O)Nc1cc(NC(=O)CCn2nc(C)nc2C)ccc1C,0.00040294878605635394
CC(=O)Nc1ccc(C)c(C(=O)NC2CN(C(=O)CO)CC2C)c1,0.0003876593943598176
CC(C(=O)N1CC(C)(NC(=O)[C@H]2CC2(C)C)C1)N1CCOCC1,0.00025877254394727654
CC(C)[C@H](NC(=O)C1CCC(=O)c2cccn21)[C@H](O)C(F)(F)F,0.0003913650603813072
CC(C)(C)C1CCN(C(=O)NCCN(CC2CC2)C2CC2)CCO1,0.0004970732981604802
CC(C)(C)CNC(=O)N1CCCC(CC(N)=O)C1,0.0003476107908800779
CC(C)(C)OC(=O)N[C@@H]1CCC[C@@H]1CNC(=O)NCC1(CO)CC1,0.17579908194521046
CC(C)CCN(C(=O)C1CCCN(c2nnnn2C)C1)C1CC1,0.0003472585350663774
CC(C)NC(=O)OCC1CCCCN1C(=O)[C@H]1[C@@H](C(=O)O)C1(C)C,0.0004275900356118127
CC(C)OCC(=O)N1CC(C)(NC(=O)C2CC(c3ccccn3)=NO2)C1,0.0003315205971828347
CC(CNC(=O)Cc1ncn(C)n1)N(C)CC1CCCCC1,0.0009885943133414916
CC(CNC(=O)Cn1cccnc1=O)NC(=O)C1(F)CC1,0.00019756065979305016
CC(NC(=O)N(C)Cc1ncno1)c1c(Cl)cnn1C,0.0005690723927983041
CC(NC(N)=O)C(=O)NCC(C)(C)CN(C)C(=O)c1ccc(F)cc1,0.0003662590305733032
CC1(C)CC(C(=O)N2CC3(CCNC(=O)c4ccnn4C)CC2CO3)C1,0.0006885889696887562
CC1(C)CC1CCNC(=O)CCc1nnnn1-c1ccccc1,0.000328396150138883
CC1(C)CCC(C)(C(=O)N2CCC(Oc3ccccn3)C2)CO1,0.000493715019578072
CC1(CNC(=O)C2CCC2)CCN(C(=O)C2COC(=O)O2)CC1,0.00035021799680227066
CC1(CO)COCCN1C(=O)Nc1cc(CC(C)(C)C)no1,0.0009939698475923881
CC1(NC(=O)c2ccc(F)o2)CN(C(=O)c2cc(C(F)F)[nH]n2)C1,0.27087245898666223
CC1=NOC(C(=O)NC(C)CC(C)NC(=O)c2cnc(N(C)C)cn2)C1,0.2624209925918939
CC1CC(c2ccccc2)N(S(=O)(=O)c2c[nH]nc2Cl)CC1,0.0007449817774208605
CC1CCN(S(=O)(=O)Cc2ccc(-n3cnnn3)cc2)CC1,0.0005656717000192794
CC1CN(C(=O)C2(CF)CC2)CC1CNC(=O)C(C)(C)CO,0.000306110473073671
CC1CN(C(=O)c2ccncn2)CC1NC(=O)C1(F)CC1,0.0004494756235045655
CCC(C)CC(CO)NC(=O)c1ccc(C(=O)N2CCCC2)cc1,0.3135578989696496
CCC(CC(=O)N1CCC(NC(=O)CC2(CSC)CC2)C1)OC,0.0004371560064332855
CCC(CN1CCC(=O)N(CCOC(C)C)C1=O)C1CCOCC1,0.00045651287360790147
CCC(F)C(=O)NCC1CN(Cc2ccc(OC)cc2F)CCO1,0.0004496164986599163
CCC1(C(=O)NC2CCN(C(=O)c3cc4cscc4s3)C2)CC1,0.37063246962236196
CCCCC(CNC(=O)C(C)(F)F)NC(=O)[C@@H]1CCC(=O)N1,0.00023946232653016572
CCN(C)CC(=O)N1CC(C)C(NC(=O)c2nccc(C#N)c2F)C1,0.3974112104049738
CCN(CC)c1ncc(CN2CC3CC3(C(=O)OC)C2)s1,0.0005044164433145633
CCN(CCNC(=O)C1(C#N)CCC1)C(=O)C(C)c1ccc(F)c(F)c1,0.4406006813507939
CCN(CCNC(=O)c1cc(C)ncn1)C(=O)[C@@H]1CCC(=O)N1,0.09632874300466361
CCN(CCNC(=O)c1cn2c(n1)CCCC2)C(=O)[C@H]1C[C@@H](O)C1,0.0004289814710874412
CCN(CCS(C)(=O)=O)c1nnc(C2CC2)s1,0.1246028638698571
CCN1CC(C(=O)N2CCC(C(F)C(N)=O)CC2)CCC1=O,0.0002910016103792154
CCNS(=O)(=O)c1c[nH]c(C(=O)N2CCCC3CCCC(O)C32)c1,0.000462547614669815
CCOC(=O)C1CC(CCN2CCC(C(C)(C)O)C2)C1,0.00035254901105413847
CCOC(=O)c1nc2ncn(CCN3CC(C)(COC)C3)n2n1,0.0004457757919086261
CCc1nc[nH]c1C(=O)N1CCN(C(=O)C2(C#N)CCCCC2)C[C@H]1C,0.0014504787076754155
CCc1nc(C(=O)N2CCCCC(Nc3cc(O)ncn3)C2)co1,0.0012919746414235419
CCc1nnc(N(C)C(C)CNC(=O)CCc2ccn(C)n2)o1,0.001013689249125319
CCc1oc(C)cc1C(=O)N1CC(CO)(NC(=O)[C@@H]2CCCO2)C1,0.0004422953541045774
CCc1oncc1C(=O)N1CCC(CNC(=O)c2ccn(C)n2)CC1,0.0003553782509065722
CCn1cc(C(=O)NC2CN(Cc3ccc(Cl)c(F)c3)C2)c(C)n1,0.0007913851400028677
CN(CC(O)CN1CCCC1=O)C(=O)[C@@H]1[C@H]2CCCC[C@H]21,0.0002787761570839615
CN(CCNC(=O)COCC1CC1)C(=O)CCc1nccn1C,0.00033148664895081564
CN(CCNC(=O)c1cn(CC2CC2)nn1)C(=O)c1c[nH]nn1,0.00020320120965352002
CNC(=O)C1(C)CCN(C(=O)c2cc3ccccc3cc2OC)C1,0.3493346680963234
CNCC(C)CNC(=O)N1Cc2ccccc2OC(C)C1,0.0003773800828675658
COC[C@H](N)C(=O)NCCN(Cc1ccccc1)C1CC1,0.0003579695602017573
COC(=O)[C@H](CC(C)C)NS(=O)(=O)c1cc(C#N)ccc1Cl,0.0005385860053668927
COC(=O)C(c1cccc(F)c1)N(C)CCc1nnn[nH]1,0.0002694595891544615
COC(=O)c1cn(CC2CN(C(=O)N(C)CC3(C)CCCO3)C2)nn1,0.00038106845687163577
COC(=O)c1cnc(N2C[C@H]3CCN(C(=O)C4CC4)CC[C@H]3C2)nc1,0.0009008462520213011
COC(C)(C(=O)N1CCN(C(=O)[C@@H]2CCC(=O)N2)[C@@H](C)C1)C1CC1,0.1600574536703187
COC(C)(C)C(=O)NCC1(O)CN(C(=O)c2csc(CO)n2)C1,0.0002972748782287687
COC(C)C(C)NC(=O)NC(CO)c1ccc(F)c(Cl)c1,0.00045561220296318813
COC1(C(=O)NC(C)CC2CCCCN2C)CCC(C)(C)CC1,0.0009595755040871703
COC1CN2CCCC2(C(=O)NCCS(=O)(=O)C(F)(F)F)C1,0.1940938040020066
COCC1(CNC(=O)c2nc(C)ncc2Cl)CC1,0.0005367940297647319
COCC1(NC(=O)[C@H]2C[C@@H]2C)CCN(C(=O)C2(C#N)CC2(C)C)CC1,0.33689390883144715
COCCn1c(C)cc(C(=O)OCCc2cn[nH]c2)c1C,0.0005377428974061739
COc1cc(C)cc(C(=O)N2CC(Oc3ccccc3C#N)C2)c1O,0.6343126719194464
COc1cc(C)cnc1C(=O)NC1CNCC(C)C1,0.0003608544697073452
COc1cc(OC)nc(NC(CNC(=O)CC2CC2C)C(C)C)n1,0.5011056230004841
COc1cc2c(c(C(=O)O)c1)N(C(=O)C1CCC3(CCC3)OC1)CCC2,0.0015388786544743883
COc1cc2ccc(C(=O)NC(C)CNC(=O)C3CC3C)nc2cc1F,0.0005465816891966433
COc1ccc(C(=O)NC2C3CC2CN(C(C)=O)C3)cc1,0.00027414916692734327
COc1ccc(C(O)CNC(=O)Cc2ccc(C)cc2C)cc1OC,0.0005689170777366613
COc1ccc(N(C)C(=O)NCCC(=O)NCC(C)C)nc1,0.00046336636989282887
COc1cn(C)c(C(=O)N(C)C2CCN(C(=O)[C@H](C)O)CC2)cc1=O,0.00023665445612813788
COc1nc(Cl)c(CN2CCCC3CCNC(=O)C32)n1C,0.00040552250231150295
COc1nccc(C)c1CNC(Cc1ccccc1)C(=O)OC(C)C,0.000569180089745529
Cc1c(C(=O)NC2CCCN(Cc3cnon3)C2)nn2c1OCCC2,0.00033569686811737325
Cc1cc(C(=O)NCC(CC(C)C)NC(=O)C2(C)CCCO2)[nH]n1,0.24334288305798232
Cc1cc(C(=O)Nc2ccn(C(F)F)n2)n(C2CCCC2)n1,0.0005774776143952034
Cc1cc(C)c(S(=O)(=O)NC(=O)[C@@H](C)N)cc1Br,0.00034371749203643357
Cc1cc(C)n(CCN2CCC[C@H]2CS(N)(=O)=O)n1,0.0003298338074190285
Cc1cc(NC(=O)N2CCN(CC(C)(C)O)CC2)cn2cnnc12,0.0004598695616585246
Cc1cc(F)sc1C(=O)N[C@H](C)CNc1cnc(F)cn1,0.0006884623589584235
Cc1ccc([C@@H]2C[C@H]2C(=O)NCC(=O)NCC(F)F)cc1,0.00038126651314696514
Cc1ccc(C(C)C(=O)N2CCC(CNC(=O)C(C)N3CCC3)C2)o1,0.0003715387358739822
Cc1ccc(CN(CCC#N)C(=O)NCC23CC(CO2)C3)cc1,0.001388336003361568
Cc1ccc(N2CC([C@@H](C)NC(=O)Cc3ccn(C)n3)C2)nn1,0.0004130808182290195
Cc1ccncc1CN(C)CCNC(=O)Cc1cccc2c1OCCO2,0.0003955868400323666
Cc1noc(C)c1CCOC(=O)C(F)(F)c1cccnc1,0.0003710519717548405
Cc1nonc1CC(=O)N1CC(OC(=O)N(C)C)C1,0.00023460325583544883
Cc1scnc1C(=O)NC(C)CC1CN(C(=O)[C@H]2C[C@@H]2C)C1,0.24797310276681608
Cn1cc(SCC(=O)N2CCCC2CNc2nnnn2C)cn1,0.00039831918921570713
Cn1ccc(C(=O)NCC2CCCN(C(=O)C(C)(O)C3CCC3)C2)c1,0.0005581067077395703
Cn1nccc1C1(NC(=O)NCc2ccnc(OCC3CC3)c2)CC1,0.0007881222865619561
N#CCC1CCN(C(=O)c2cccc(-c3cnco3)c2)C1,0.8086526881678462
NC(=O)CCc1ccccc1Br,0.00041680220247812213
NC(=O)c1csc(COC(=O)Cn2cnc(C(F)(F)F)n2)n1,0.0003591521588754091
O=C(CC[C@@H](O)C(=O)N(CC1CCOCC1)C1CCC1)c1ccccc1,0.3510283845144324
O=C(CC1CCOCC1)NC1CCN(C(=O)C2(O)CCC2)C1,0.0004299931763683264
O=C(CCOc1ccccc1Cl)N1CC(N2CCC(CO)CC2)C1,0.0007232881295491995
O=C(Cn1cccn1)NC1(CO)CN(C(=O)CC2(O)CCOC2)C1,0.06660289170170182
O=C(N[C@H]1C[C@@H](CNC(=O)C2(C(F)F)CCC2)C1)c1ncc(F)cn1,0.1047655181244409
O=C(N[C@H]1CCCc2ccccc21)N1CCC(c2nnnn2C2CC2)C1,0.0004271842060257519
O=C(N1CCCN(C2CCOCC2)CC1)C1(c2ccccc2)CC1,0.0006382500880763842
O=C(NC[C@@H]1CCCN1C(=O)c1ccc(C2CC2)nc1O)C1CC1,0.00036818565868508324
O=C(NC[C@H]1CCN(C(=O)CCc2ccnc(Cl)n2)C1)C1CC1,0.000414486779508956
O=C(NC(CO)c1ccco1)c1sc(Br)cc1F,0.0007512726366852292
O=C(NC1(C(=O)c2ccccc2)CC1)c1cnn2c1CCCC2,0.16860555345432793
O=C(NCC1CCCN1C(=O)C1CCS1(=O)=O)c1c[nH]c(=O)cn1,0.0873281576890992
O=C(NCC1CCS(=O)(=O)C1)Nc1ccc(N2CCCC2)cn1,0.0010376597371925442
O=C(Nc1cccc(N2CCCC2)c1)N[C@H]1C[C@@]2(C(=O)O)C[C@@H]1C2,0.44792673001726246
O=C(OC1CCC(n2ccnn2)C1)C1(C2CC2)CCOCC1,0.0006951480708928296
O=C1CC[C@@H](NCC2(C(F)(F)F)CCOCC2)[C@H](C2CC2)N1,0.0003071519256275928
O=C1CCOc2c(NC(=O)N[C@@H]3C[C@@H]3C(F)F)cccc21,0.0010337658903493562
O=C1CCc2cc(C(=O)NC3CCC3N3CCOCC3)ccc2N1,0.0005512211585360411
O=C1N[C@H]2CN(C(=O)c3ccc4[nH]c(=O)n(C4)c3)CC[C@@H]2CO1,0.0
O=C1NC2(CNC(=O)N(CCCO)C3COC3)CCCC1C2,0.0002645671249036557
O=C1NCC2CCC1N2C(=O)c1ccc(N2CCC2)nc1,0.00027848465174945807
O=S(=O)(CC1CC1)NCc1nnc(Cc2ccccc2)[nH]1,0.0002705214853188882
OC1CC2CC1CC2NC1CCN(Cc2ccccn2)CC1,0.0007253344788491507
c1cc(CNC2CCOC3(CCSC3)C2)ccc1O,0.0014073340154260627
C[C@@H]1C[C@@H](O)CN(C(=O)c2nc3cnccc3s2)C1,0.0006009707519216809
C[C@@H]1CN(C(=O)CN2CCCC2=O)CCN1C(=O)C1CC1(F)F,0.1337588048205387
C=C(Cl)CN1CCN(C(=O)c2ncnc3c2cnn3C)[C@H](C)C1,0.0008490422690211809
C=C(Br)CCOC(=O)C(C)c1cnn(C)c1,0.0004462937057579745
CC[C@@H]1CCO[C@@H]1C(=O)NS(=O)(=O)c1cncc(OC)c1,0.0004929917817648546
CC(=O)N1CC(C(=O)N[C@H](C)CNC(=O)C2CC3CCC2CC3)C1,0.1618330334551564
CC(=O)N1CC2CCC(C1)N2C(=O)Cc1cnc(C)s1,0.0005281784475244302
CC(=O)N1CSC[C@@H]1C(=O)NC[C@H](C)NC(=O)CCc1ccccc1,0.0003526000020891469
CC(=O)c1cc(CNCC(C)(C)c2ccc(F)cc2F)no1,0.26616034752237483
CC(C(=O)N1CCC(Nc2cccnn2)CC1)c1ccccc1Cl,0.0012402808161599873
CC(C(=O)N1CCN(C(=O)C2CCC2)[C@H](C)C1)N1CCOCC1,0.0003634098331064307
CC(C)(C)CCC(=O)N[C@H]1C[C@H](CNC(=O)c2c[nH]c(=O)[nH]c2=O)C1,0.0002734573903607595
CC(C)(CNCc1cn[nH]c1C(F)(F)F)N1CCCC1,0.000495090451129652
CC(C)(F)C(=O)N(CCNC(=O)Cc1cnco1)C1CC1,0.1572497996546636
CC(C)C[C@H](NC(=O)N1C[C@H](O)C[C@@H]1C(=O)O)C(=O)N1CCOCC1,0.12817981868974745
CC(C)c1cc(CNC(=O)NC[C@@H]2CCS[C@@H](C)C2)on1,0.0005853819852248821
CC(C)c1cc(NC(=O)NC2CC3(CC(CO)C3)C2)no1,0.0006594243954812857
CC(C)c1nc(C(=O)NC2CN(C(=O)Cn3cncn3)CC2C)co1,0.00037635557641671713
CC(CC1CN(C(=O)c2ccncn2)C1)NC(=O)C1CCCC(F)C1,0.0006495050321643586
CC(CCS(C)=O)NC(=O)N1CC2(CCCO2)C1C1CC1,0.0004324174200884646
CC(NC(=O)NCC1(C)CCC(=O)NC1)c1c(F)cncc1F,0.0003632993159176985
CC(NCC(c1ccc(F)cc1)N1CCCC1)C1CS(=O)(=O)C1,0.00044637596543173547
CC1(C(=O)NCc2ccc(S(N)(=O)=O)s2)CC2CCC1C2,0.0005101784653769901
CC1(C)[C@H](C(=O)O)[C@H]1NC(=O)CC1Cc2ccccc2O1,0.0004995036972282297
CC1(C)CC(NC(=O)c2coc(C(N)=O)c2)CN(C(=O)C(F)F)C1,0.0004552401950302062
CC1(NC(=O)Cc2csc(N3CCCC3=O)n2)CCNC1=O,0.0006560697474879295
CC1CCCN(C(C)(C)CNC(=O)c2cc3n(n2)CCNC3=O)C1,0.0003442390751242031
CC1CN(C(=O)NCC2COC(C)(C)CO2)CC(C)(C)O1,0.0003619641822057802
CC1CN(C(=O)Nc2ccccc2N2CCN(C3CC3)CC2)CC(C)O1,0.0006074818250070781
CC1Cc2ccccc2CN1C(=O)C1(O)C(C)(C)OC1(C)C,0.0005187919910284872
CCC(=O)NCC1CN(c2ncnc(CC)c2F)CCCO1,0.000553481167710507
CCC(C)(CC)C(=O)N[C@H](C)C1CN(C(=O)c2cncnc2C)C1,0.0005000155809063998
CCC(C)C[C@H](NC(=O)c1cnc2nc(C)n(C)c2n1)C(=O)OC,0.0009360779766268363
CCC1(C(=O)NC2CC3(CCN(C(=O)C(F)C(C)C)C3)C2)CCC1,0.0006660951553353273
CCC1CCCC1C(=O)N1CC(NC(=O)c2ncccn2)CC1C,0.0009913753534571278
CCCC(CC)CC(=O)N1CCC(CNC(=O)C2(CO)CCC2)C1,0.0005472527234909344
CCCC(CNC(=O)N1CCCN(C(C)=O)CC1)OC,0.00038650418783424796
CCCCC1(C(=O)NC(C)CN(C)C(=O)CNC(=O)CC)CC1,0.0003372815537682015
CCCN(C(=O)COC(C)C)C1CCN(c2ccc(C#N)nc2)CC1,0.8031390707547189
CCCN1CCCC(CNC(=O)c2ccc(N(C)C)nc2)C1,0.000990727401850282
CCN(CCC(=O)O)S(=O)(=O)Cc1ccc(C)o1,0.0003554590065646045
CCN1CCC(NC(=O)CCn2cc(-c3sccc3C)nn2)C1,0.0005975497623415491
CCNC(=O)c1cccc(CNC(=O)c2conc2C2CCCO2)c1,0.0005859908057836049
CCOC(=O)CC1CN(Cc2ccccc2-c2ccnn2C)C1,0.0005752070003628357
CCOC(=O)CNC(=O)c1ccc(OC)c(OCC(C)C)c1,0.0005327101179932733
CCOC(C)C(=O)N1CCC[C@@H]1CN(C)C(=O)c1coc(C)c1,0.0003466451398749786
CCOCC(Cc1ccc(F)cc1F)NC(=O)Nc1c(C)noc1C,0.000822597723246811
CCOc1cc(N(C)Cc2ccccc2S(C)(=O)=O)ncn1,0.0010483526522651083
CCOc1ccc([C@@H]2CCNC[C@@H]2NC(=O)N[C@@H]2C[C@H]2C(C)(F)F)cc1,0.0007699596635660575
CCSCC(=O)N1CCC(C)C(NC(=O)C(CC)N(C)C)C1,0.0005019334907996197
CCc1cnc(C(=O)NC[C@H]2CCCN(c3ncc(C)cn3)C2)s1,0.001517006535705748
CCc1nc(C(=O)NC2(CO)CN(C(=O)C3CCOC3)C2)cs1,0.0004805864075368934
CCc1ncnc(N(C)CCNC(=O)CCc2ccnn2C)c1F,0.0008985129034557006
CCc1nnc(C(=O)NC2CN(C(=O)c3cc(C)n(C(C)C)n3)C2)[nH]1,0.00033896776863264345
CCc1noc(C)c1C(=O)NCC(CC)NC(=O)c1ccc(C)n1C,0.0007536859949158644
CCn1c(C(O)C2CC2)nnc1N1CCOC2(CCSC2)CC1,0.0007621798083280525
CCn1ncc(C(=O)NC(C)CCNC(=O)Cn2cnnc2)c1C,0.0001671654975713829
CN(C(=O)C1CCS1(=O)=O)C1CCN(C(=O)c2cnoc2)CC1,0.0002841566098702172
CN(C)C(=O)C1CN(c2cc(CC3CC3)ncn2)c2ccccc2O1,0.0015741789770733518
CN(C)C1(C(=O)N2CC(n3cc(CC4(O)CCC4)nn3)C2)CC1,0.0003053611896541452
CN(Cc1cnccn1)C(=O)c1nnccc1C(F)(F)F,0.0004353336833402333
CN1CCC2C(CCCN2C(=O)NCc2ncnn2C(C)(C)C)C1,0.0004006868136028664
CNC(=O)Cn1nc2c(n1)CCC(c1ccccc1S(C)(=O)=O)C2,0.0003421071179124328
CO[C@H](C)[C@@H](CO)NS(=O)(=O)C1(Cc2ccccc2)CC1,0.0003131073280255136
CO[C@H](C)C(=O)N1CCC(NC(=O)c2cnn3ncccc23)C1,0.0002453707364368639
COC(=O)[C@H]1CC(F)(F)CN1Cc1ccc(C)cc1C,0.000564463233727729
COC(=O)[C@H]1CC(F)(F)CN1Cc1cn(C[C@@H]2CCCN2)nn1,0.00027091780912847724
COC(=O)C1(c2ccccc2)CCN(c2nnc(C)n2C)C1,0.0004530568716932127
COC(=O)C1CC(OC)CCN1C(=O)c1ccc(SC)o1,0.0006002853757964559
COC(=O)C1CN(C(=O)c2cccc3occ(C)c23)C2(CCC2)CO1,0.5041510416203011
COC(=O)CC[C@@H](C)NC(=O)C1CC(c2ccc(Cl)cc2)C1,0.0006045478961612912
COC(=O)c1cc(Cl)nnc1N1C[C@@]2(C)CCC[C@@]2(CO)C1,0.2707532263567471
COC(=O)c1cc2[nH]ncc2cc1NC(=O)NCC[C@@H]1CCC(=O)N1,0.41619733904909034
COC(=O)c1sncc1CN1CCC2(CCC(O)CC2)C1,0.2942097724253863
COC(C)CCC(=O)N1CCC(N(C)C(=O)CC(C)C2CC2)CC1,0.000340957352108879
COC1(CNC(=O)CC(C)n2ccnc2)CN(c2ncc(O)cn2)C1,0.0007903772589868622
COCC(=O)N1CCCC(NC(=O)Nc2cc(F)c(C)c(F)c2)C1,0.0009185170224452906
COCC(OC)C(=O)N1CCN(C(=O)C(C)CC(N)=O)C[C@@H]1C,0.0003161161694708139
COCC1(NC(=O)c2ncccc2CO)CCN(C(=O)C2CC2)CC1,0.19393885762217622
COCCN(CCNC(=O)[C@@H]1[C@H]2COC[C@H]21)C(=O)c1cc(O)ccn1,0.0003212452772046039
COc1cc(NC(=O)NC2CCNc3c(C)cccc32)sn1,0.0012682309265668234
COc1ccc(CCNC(=O)NC(CN2CCCC2)c2ccccc2)cc1,0.0008767683194700954
COc1ccccc1[C@@H]1C[C@H]1C(=O)N1CCN(CCO)C(C)C1,0.0003373080736087147
COc1nc(C)cc(N2CCCC3(CCN(C(=O)C4(C)CC4)C3)C2)n1,0.0006851168465395067
Cc1cc(=O)cc(C)n1CCCC(=O)NCC(C)NC(=O)C1CC12CC2,0.0003957280142528048
Cc1cc(C(=O)N[C@@H](C)CCNC(=O)c2nsnc2O)n(C)n1,0.1540742691726968
Cc1cc(C(=O)NCC2CCN2C(=O)C2CC3(C2)CC3(F)F)c[nH]1,0.317087502271803
Cc1cc(C)nc(N(C)CCCN(C)C(=O)c2cncc(C)c2O)n1,0.0005436831900727053
Cc1cc(NC(=O)CC[C@]2(C)CCCN2)c2c(n1)CCCC2,0.0013459611027811205
Cc1cc(NCC(C)N1CCOc2ccccc2)nc(C)c1C#N,0.0
Cc1ccc(CCNC(=O)NCc2nccnc2C)c(C)c1,0.00044015578903476707
Cc1cccc(S(=O)(=O)NCCC2CC(OC(C)(C)C)C2)n1,0.00048669434691091755
Cc1cccc2nc(CN(C)C3(CN)CCOCC3)cn12,0.0009479990388998569
Cc1cnc(C#N)nc1N1CCN(C(=O)C2(CF)CCC2)C[C@@H]1C,0.5681728711100613
Cc1n[nH]c(C(=O)NC[C@@H](C)NC(=O)c2csnn2)c1O,0.00034960721616694555
Cc1nc(C(=O)N[C@H](C)CNC(=O)CCNC(N)=O)[nH]c1C,0.00018177413453556324
Cc1nc(C(=O)N(C)CCN(C)c2ncc(Cl)c(=O)[nH]2)c(C)o1,0.20360210050813876
Cc1nc(C(=O)NC[C@H]2C[C@H](Nc3ncc(C)c(O)n3)C2)c(C)s1,0.0009286572230547991
Cc1ncc(C(=O)NCC[C@H](C)NC(=O)c2cncc(N)n2)c(C)n1,0.15072872312722244
Cc1ncc(CNC(=O)CCn2cc(CN3CCOCC3)nn2)o1,0.00020748120610417794
Cc1nn(C2CCC2)cc1C(=O)N1CC(C)(NC(=O)[C@@H]2CNC(=O)C2)C1,0.11278096921712186
Cc1nn(C2CCCC2)cc1C(=O)N1CC(C(=O)O)CC(N(C)C)C1,0.000764221813218823
Cc1noc(N)c1C(=O)N1CC(CNC(=O)c2ncccc2Cl)C1,0.3683801651219437
Cc1nocc1C(=O)NCC(O)CNC(=O)C1CCOC1C,0.0002195959544576192
Cn1c(C(=O)NCC[C@@H]2CNC[C@H]2O)cc(Cl)c1Cl,0.00040881828551293423
Cn1nc(C(=O)NC2CN(Cc3ccccn3)CCC2(C)C)cc1F,0.00037339655725775867
Cn1nc(NC(=O)c2ccnc(C(N)=O)c2)nc1N1CCOCC1,0.19749595656680793
Cn1ncc(C(=O)N2CC(CO)(NC(=O)c3coc(=O)[nH]3)C2)n1,0.07926796325078095
Cn1nncc1C(=O)N1CC[C@@H](NC(=O)C(C)(C)C(F)(F)F)C1,0.0003996918327874804
N#CCC1CCN(C(=O)C2CC3(CCOCC3)CN2)CC1(F)F,0.0012147607308825453
N#Cc1nccc(NC(=O)C2CC23CCc2ccccc23)n1,0.0015838784213038112
NC1CN(C(=O)C2CCc3ncncc3C2)CCC1C(F)(F)F,0.0003368681551029883
Nc1n[nH]c(C(=O)NC2(CNC(=O)CC3CC4CCC3O4)CC2)c1O,0.0005408729914729104
O=C(CCC(F)F)N1CCC2(C1)CN(C(=O)[C@@H]1CCOC1)CCO2,0.00036647783350088374
O=C(Cn1cc(-c2ccncc2)nn1)NC1CC1C1CCCC1,0.0015130420888085604
O=C(Cn1ncnn1)NCc1ccnc(N2CCOCC2)c1,0.00018704106416375554
O=C(N[C@@H]1CCCc2cccnc21)N1CC(O)(C2CC2)C1,0.0005033845792117073
O=C(N[C@H](CO)Cc1ccc(O)cc1)c1cnoc1C1CCC1,0.0004146555136034785
O=C(NC[C@@H]1C[C@H]2CNC[C@H]21)C(F)(F)c1ccccc1,0.00038192302804556077
O=C(NC(CNC(=O)C1CN(CC(F)(F)F)C1)C1CC1)c1ccco1,0.0002492619676356874
O=C(NC1(CF)CCN(C(=O)[C@@H]2CC2(F)F)C1)c1cc[nH]c(=O)c1,0.00020700742651386938
O=C(NC1CC1C1CCCN(C(=O)COC2CC2)C1)c1cnccn1,0.0009668707185205435
O=C(NCC1CCOCO1)c1ccc(N2CCNC2=O)cc1Cl,0.0008194909547637912
O=C(NCC1COCCN1C(=O)C[C@H]1CCCC[C@@H]1O)c1cc[nH]c1,0.0005751252668169233
O=C(NCCN(C(=O)C1CC1(F)F)C1CC1)c1noc2ncccc12,0.0004669576933061362
O=C(O)C(O)C1CCCN(C(=O)[C@@H]2CCC[C@H](CF)C2)C1,0.17878837601780687
O=C1C[C@H](C(=O)NC2(CNC(=O)C3(O)CCC3)CC2)CN1,0.00014089448839237743
O=S(=O)(CC1CCCC1(F)F)N(CCO)C1CCCC1,0.0006021716714646498
C[C@@H](CCNC(=O)C12CCC(CO1)C2)NC(=O)c1cnn(C2CC2)c1,0.22429170766735984
C[C@@H](CCNC(=O)Cc1ccccn1)NC(=O)C1CC[C@H]2C[C@H]2CC1,0.001182386487688176
C[C@H]1CNC[C@@H](C)N1S(=O)(=O)c1ccc2ccccc2c1Cl,0.0007027364993222179
CC[C@@H](C(=O)N(C)C[C@H]1CCCN1C(=O)COC(F)F)N(C)C,0.0004118181820446646
CC[C@@H](C(=O)N1CCC1CNC(=O)C1(C#N)CC(C)C1)N(C)C,0.27087738936364947
CC[C@@H]1C[C@H](NC(=O)NCC2(CS(C)(=O)=O)CCC2)CCO1,0.3142482230765548
CC(=O)CCC(=O)N1CC([C@@H](C)NC(=O)c2ccccc2Cl)C1,0.19346948137217992
CC(=O)N1CCC(C)(C(=O)N(C)C2Cc3ccccc3C2)C1,0.0005021919154864482
CC(=O)N1CCC(S(=O)(=O)N2CCN3CCCC3C23CCC3)CC1,0.22618629858509728
CC(=O)N1CCN(C(=O)CCN2Cc3ccccc3C2=O)CC1C,0.00024754353020770074
CC(=O)NCC(=O)NC[C@@H](C)NC(=O)c1cc(N)nn1C,0.00029904273422068904
CC(=O)NCc1cccc2c1CCN(C(=O)c1csnn1)C2,0.0002946836210931921
CC(=O)Nc1ccc(C(=O)NC2(C)CN(C(=O)c3cnoc3)C2)cc1,0.0009159300999742378
CC(=O)c1ccc(F)cc1NC(=O)NC(CO)c1ncc[nH]1,0.0008353527881359591
CC(C(=O)N1CCN(Cc2nc3ccccc3o2)C(C)C1)C(C)(C)C,0.24243558954866812
CC(C(=O)NCCN(C)C(=O)c1occ2c1CCOC2)n1cccn1,0.0002936110902651823
CC(C)CCc1ncc2c(n1)CCN(C(=O)c1c[nH]nc1N)C2,0.0009263706951570292
CC(C)CCc1noc(CN2C[C@H]3CN(C(=O)C4CCC4)C[C@H]3C2)n1,0.0009617634584360968
CC(C)Cn1nccc1[C@@H]1C[C@H]1C(=O)N[C@@H]1CCCC[C@H]1O,0.00032725943017646123
CC(C)Oc1ccc(NC(=O)CC2(CS(C)(=O)=O)CC2)c(F)c1,0.0012247393975075057
CC(C)c1cc(=O)[nH]c(N2CCC(C(F)(F)F)C(N)C2)n1,0.000491069366244737
CC(C)n1ccc(CC(=O)N2CC(c3ccccc3C(=O)O)C2)n1,0.00048617114612659924
CC(CC(C)(C)C)C(=O)NC1COCCN(C(=O)CCCC2CC2)C1,0.00036569588439753624
CC(CCO)C(=O)N1CC(CNC(=O)c2ccc3ncnn3c2)C1,0.11580157328276809
CC(O)(CC(=O)NC1CCN(c2ccc(C#N)cn2)CC1)C(F)(F)F,0.0004266552792524755
CC(O)C(=O)N1CC(NC(=O)c2cc(Br)cs2)C1,0.19248840858907468
CC(O)C(=O)N1CCCC(C2CCCN(C(=O)[C@H]3C[C@@H](O)C3)C2)C1,0.000451061927905056
CC(O)C(=O)NCC1CN(C(=O)c2occc2C2CC2)CCC1C,0.0003904092677398364
CC1(C)[C@@H](NC(=O)N[C@@H]2CC[C@H](CC(N)=O)C2)[C@@H]1c1ccccc1,0.0006021503833590545
CC1(C)CC2(CCN2C(=O)c2cnn3ccc(C#N)cc23)CCO1,0.4612213187777431
CC1(C)COC1C(=O)NCC1CC(NC(=O)C2(F)CCCCC2)C1,0.0004968433160555429
CC1(NC(=O)C(F)C2CCOCC2)CCN(c2ncns2)C1,0.0010059074411800577
CC1(OCC(=O)N[C@H]2C[C@@H](Nc3ncnc(N)n3)C2)CCC1,0.0004013108089430081
CC1CC(C)(C(=O)N2CCC(n3cc(-c4cnn(C)c4)nn3)C2)C1,0.0014970403234853573
CC1CC1C(=O)N1CCC(NC(=O)C(C)n2cc(C3(C)COC3)nn2)C1,0.0005291275852407286
CC1CS(=O)(=O)CCN1C(=O)NCCc1csc(=O)[nH]1,0.00021214562644359934
CCC(=O)NCC(=O)N(C)C(C)CNC(=O)c1ccc(O)cn1,0.11265086442714138
CCC(CC)(CNc1ccc(C)nn1)NC(=O)c1ccnnc1,0.0005485863148859583
CCC(O)CC(=O)N1CCCC12CCN(C(=O)c1ccncc1C)C2,0.23652865596384154
CCC1C(=O)NCCN1c1nccc2nc(C(=O)OC)ccc12,0.0003485623598886991
CCC1CCCC1C(=O)N1CCC[C@@H]1CN(C)C(=O)c1cnccn1,0.0013722206751332177
CCCCC(=O)NC1CC2CCC1N(C(=O)CCn1cccn1)C2,0.0012846263145826797
CCCN(CCNC(=O)Cc1cc(C)[nH]n1)Cc1ccccn1,0.00028483628622423307
CCN(C(=O)Cn1nccn1)C1CCN(c2ncc(C)cn2)C1,0.0004600361239535759
CCN(CC)C(=O)C(CCSC)OC(=O)c1ccnn1CCF,0.00048200761548027624
CCN(CCNC(=O)[C@H]1CCC(=O)O1)C(=O)C(C)Cc1cnc[nH]1,0.00024538173549788533
CCN(CCNC(=O)C(C)c1cccnc1)C(=O)COC(C)(C)C,0.0005339916501332821
CCN(CCNC(=O)Cc1cc(C)ccc1F)C(=O)C1CC1F,0.29958437524175463
CCN(CCNC(C)=O)Cc1ccc(OC)c(-c2ccnn2C)c1,0.0008471688769453573
CCOC1CC(C(=O)N2CCN(C(=O)C(C)(F)F)C(C)C2)C1,0.0005094534705137589
CCSC(C)C(=O)NC1(CNC(=O)C(C)(O)CC)CCC1,0.0004034302839719987
CCc1ccc(C(=O)N(CCN(CC)CC(=O)NC(C)C)C(C)C)o1,0.00044892217682466617
CCc1ccc2cc(C(=O)N3CCOCC3C(N)=O)[nH]c2c1,0.00048473542787848105
CCc1cncc(S(=O)(=O)N(C)CCOC(C)=O)c1,0.000307114654755833
CCc1cnccc1C(=O)OCc1ccc2c(n1)OCCO2,0.0008702357821359046
CCn1ccc(C(=O)N[C@@H](C)CNC(=O)c2ncsc2C)cc1=O,0.0004241220948234337
CN(C(=O)N[C@H]1C[C@H]2[C@H](O)[C@H](O)C[C@@H]12)c1ccncc1Br,0.24446119397001662
CN(C)C[C@H]1C[C@@H](NCc2c(Br)cncc2Cl)C1,0.00034095616947643544
CN(C)CCCC(=O)NCC1CC(NC(=O)C2CCC(=O)C2)C1,0.00022269830450557878
CN(CC(O)CN(C)c1nnc(-c2ccccc2)o1)C(=O)CCF,0.001284948783882485
CN(CC1CN(C(=O)C[C@@H]2CCCC[C@H]2O)C1)C(=O)C1CCCO1,0.0005451198563382841
CN(CCNC(=O)CCC1CC1)C(=O)C12CCCN1CC(C)(C)C2,0.2508921524208762
CN(CCNC(=O)c1cnn2c1NCCC2)C(=O)[C@]1(C)CCC(=O)N1,0.00028393201539964963
CN1CC(C(=O)N2CCCN(C(=O)Cc3cnoc3)CC2)CC1=O,0.0002690173226522883
CN1CCC2(CC1)CCN(Cc1cc(F)ccc1-c1nn[nH]n1)C2,0.0014843588227166286
CNC(=O)CCCC(=O)N1CCCC1C1(NC(=O)c2cocn2)CC1,0.0002820132330141233
CNCc1cn(C(C)C(=O)N2C[C@H](O)C[C@@H]2C(=O)OC)nn1,0.00015052676911350758
CNc1ccc(C(=O)N2CCCCC2CNC(=O)[C@@H]2CC2(F)F)cc1,0.0011535797259441636
COC[C@H](O)Cc1cn(C2CN(C(=O)C3CC(C4CCC4)C3)C2)nn1,0.000735189288861906
COC(=O)[C@@H]1CC[C@H](CS(=O)(=O)N2C(C)c3ccccc3C2C)O1,0.000380412013867045
COC(C)(C)C(=O)Nc1ccnc(-n2cc([C@H](O)C(C)C)nn2)c1,0.0011694538865426947
COC(C)C(=O)N1CCC[C@@H]1CNC(=O)C1CC12CCOCC2,0.0003500918581525547
COC1(C(=O)NC2(CNC(=O)C3CC(C)CO3)CCC2)CCCOC1,0.21110392459973346
COCC(C)C(=O)N(C)C[C@H]1CCCN1C(=O)C1CCCC1,0.0004499340424321296
COCC(COC)N1CCN(C(=O)c2[nH]nc(C)c2Cl)CC1,0.00033540260159107096
COCC(O)C(=O)N1CC[C@H](CNC(=O)c2ncoc2C)C1,0.12151157341550746
COCC1CC(NC(=O)NCC2(OC)CCC(C)(C)CC2)C1,0.00041020080500286113
COCc1nnc(CNC(=O)Nc2nc(C)cc(C3CC3)n2)s1,0.0005567055072224554
COc1cc[nH]c(=O)c1CNC(=O)c1[nH]ncc1C(=O)OC(C)(C)C,0.0005451321064383044
COc1ccc(-c2cn(CC(OC)C3CC3)c(=O)[nH]c2=O)cc1C,0.0009178943142786873
COc1ccc(CNC(=O)NC2CCc3sncc3C2=O)cn1,0.13113707002351271
COc1ccc2c(c1OC)CN(CC1COC3(CCCCC3)O1)CC2,0.0006537071917780446
COc1cccc(C(=O)NCC(C)N(C)C(=O)CC2CCC(=O)N2)n1,0.13462884131336242
COc1nccc(CNC(=O)Cc2c(Cl)cnn2C)n1,0.0004804454267821936
CSC(C)(C)C(=O)NCC(C)NC(=O)C1CCc2cn[nH]c21,0.00046433898489976527
CSC(C)C(=O)N(C)Cc1cn(CC2CCCCNC2=O)nn1,0.0003669463903204379
CSCC[C@H](N)C(=O)NCC1CCCC12CCOCC2,0.0011357352114519594
Cc1cc(C(C)NC(=O)c2cnc3n2CCCC3)ccc1F,0.0004497255217736089
Cc1cc(C)c(C(=O)N2CCC(CNC(=O)C3(C)COC3)CC2)[nH]1,0.0005639982805988551
Cc1cc(NC(=O)CN2CC3CCC(=O)NC3C2)on1,0.000889867450799501
Cc1cc2cc(CNS(=O)(=O)CC3CC(F)(F)C3)ccc2[nH]1,0.25337841647574955
Cc1ccc(-n2nnnc2NC[C@@H](C)NC(=O)C2CNC(=O)C2)cc1,0.15198813773610645
Cc1ccc(C(=O)N2CCC(CN(C)CC(=O)N(C)C)C2)cc1,0.18139704390649494
Cc1ccc(CC(=O)N2CC(NC(=O)C3(C)CC3)CC(C)(C)C2)cc1,0.00043235546274047375
Cc1cccc(CC(NC(=O)C2CCSC(C)C2)C(=O)O)c1,0.0009278608355928872
Cc1ccnn1CC(=O)N1CCCC(C)(NC(=O)c2c[nH]nn2)C1,0.00022304022093633312
Cc1cnsc1C(=O)NC1CCCCN(C(=O)CCC2CC2)C1,0.0014144527924006176
Cc1cnsc1C(=O)NC1CN(C(=O)c2cccn(C)c2=O)C1,0.1575789477521526
Cc1n[nH]cc1CNC(=O)C(CC1CCCO1)C(F)(F)F,0.0005139460265518108
Cc1nc(-c2nnc(N3CCSC(C)C3)n2CC2CC2)nn1C,0.0012147067568370684
Cc1nc(C(=O)N2CCCC2CN(C)C(=O)[C@H](O)C(C)C)cc(=O)[nH]1,0.12399843408100052
Cc1ncc(CC(=O)Nc2ccc3c(n2)NC(=O)CO3)s1,0.0007511655591458107
Cc1ncn(C)c1C(=O)N1CCC(CCN(C)c2ncccn2)CC1,0.66318226043452
Cc1nn(CC(=O)N2CC3(CCCC3NC(=O)C(C)C)C2)c(=O)o1,0.0002050331427032735
Cc1nnsc1CN1CCCc2cc(CN(C)C)ccc21,0.0006391131381332531
Cc1nocc1CN1CC[C@H](NC(=O)c2c[nH]c(=O)cn2)C1,0.0002142224145929481
Cc1nonc1CN1CCCCC(NC(=O)CC23CCC(CC2)C3)C1,0.0011293825711217018
Cc1ocnc1C(=O)N1CC(CCn2cc(C3(O)COC3)nn2)C1,0.15646376436124323
Cn1ccnc1C[C@@H]1CCCN1CC(=O)NCCC1OCCCC1(C)C,0.0012560145167521781
Cn1nc(NC(=O)N2CCCC(C3CCC3)CC2)c2c1CCOC2,0.0008979281248655309
Cn1nc2cncc(C(=O)N3CCC4(CC3)CNC(=O)N4)c2c1=O,0.0
Cn1nnnc1NCC1(CCNC(=O)C23CCCN2CCC3)CC1,0.0006534710196346443
N#Cc1cc(C(=O)N2CCCC(CNC(=O)CCC3CC3)C2)no1,0.46533620247346685
NC(=O)CN(C(=O)c1cnn2c(C(F)(F)F)cc(C3CC3)nc12)C1CC1,0.0005912242731030983
NC(=O)c1ccc(C(=O)Nc2ccc(C(=O)N3CCCC3)c(F)c2)[nH]1,0.6284719332976667
NC(=O)c1cccnc1CN1CCCC2(CCCO2)C1,0.00024417601983150127
O=C(CCc1cccc(O)c1)NC1CN(C(=O)CC2(O)CCOC2)C1,0.00022087431386217835
O=C(CSCC(F)(F)F)NC12CCCN(CC1)C2,0.00042626980725898585
O=C(N[C@H](Cc1ccc(F)cc1)C(=O)O)c1ccn(C2CCC2)n1,0.0003337837618529041
O=C(NC1(CNc2cc(=O)[nH]c(=O)[nH]2)COC1)C(F)(F)C1(O)CCC1,0.00022967141295500052
O=C(NC1CCN(CC2CCCO2)C1)c1snc(O)c1Cl,0.206917628801705
O=C(NC1COCCC1=O)c1c[nH]c(C(=O)N2CCCC2)c1,0.00023710024474284547
O=C(NCC(O)CNC(=O)c1c(Cl)cnn1C1CCCC1)C1CC1,0.0006582035501543887
O=C(NCCC1CCN(C(=O)Cn2cccn2)C1)C1CCCC1,0.0004557904566368035
O=C(Nc1ccc(OC(F)F)nc1)N1CC2(CCC2)CC1CO,0.0010092969609595724
O=C(O)C1CN(C(=O)c2ccc(CNC(=O)C(F)(F)F)s2)C1,0.0004365667451602752
O=C1CC[C@@H](C(=O)N2CCCC[C@H]2CNC(=O)C2CCNC(=O)C2)O1,0.13315985604463362
O=C1CCN(C(=O)CC2(O)CCCOC2)CC1C1CC1,0.000307892059915696
C[C@@H](CCNC(=O)Cc1ccccc1)NC(=O)CCOC1CC1,0.11575787353063477
C[C@@H](NC(=O)N1CCC(F)(F)C1)c1ccc2c(c1)CCC2,0.0009950483071633782
C[C@@H](O)[C@@H](N)C(=O)N1CCn2c(nn(C(C)(C)C)c2=O)C1,0.00023835863317583567
C[C@H](C(=O)NC1(CO)CN(C(=O)CCC2CCC(=O)N2)C1)N(C)C,0.09555685719938735
C[C@H](NC(=O)CS(C)(=O)=O)C1CN(C(=O)C2CCC(F)(F)C2)C1,0.14735777672353942
CC(=O)N1CCC(NC(=O)NCC(C)CS(C)=O)C1,0.0002817660363580319
CC(=O)N1c2ccccc2C[C@H]1C(=O)NC1CCc2ccccc2C1,0.0009715439721438255
CC(=O)NC(C)C(=O)N[C@@H](C)CNC(=O)CC1CC2(CC2)CO1,0.09400203276716079
CC(C#N)C(=O)N1CCC(CNC(=O)C2CCCCC2O)CC1,0.19362540863236286
CC(C(=O)NCC1CCN(C[C@@H](O)Cc2ccccc2)C1)N1CCC1,0.0004636320192147647
CC(C(=O)NCC1CN(C(=O)Cc2ccc(O)cn2)C1)S(N)(=O)=O,0.04371979661546994
CC(C)(C)OC(=O)NC1CCCCN(c2cnc(F)cn2)C1,0.0006539080117138399
CC(C)C(=O)N[C@@H](CO)C(=O)N1CC(CNC(=O)c2ccsc2)C1,0.0002099335832575735
CC(C)C(C(=O)NCC1CCCN(C(C)C)C1)n1cnnn1,0.00036094548023215563
CC(C)COc1ccc(CNCC(O)CNC(=O)OC(C)(C)C)cn1,0.0004085047537592743
CC(C)OCCS(=O)(=O)NC1(c2cccc(Cl)c2)CCC1,0.00047772516868746913
CC(C)c1ccccc1OCc1noc(C2(CC(=O)NC(N)=O)CC2)n1,0.000610996419808143
CC(CN(C)C(=O)C(C)CO)NC(=O)C(O)c1ccc(F)c(F)c1,0.00029485879413604875
CC(CN(C)C(=O)c1cnn2cc[nH]c12)NC(=O)C1CC1C1CC1C,0.0009146043506376828
CC(CNC(=O)C(C)C)N(C)C(C)C(=O)NC1CCC(C)(C)CC1,0.0008880918241782062
CC(CNC(=O)C(F)CC1CC1)NC(=O)c1cn[nH]c(=O)c1,0.19863546393643408
CC(CNS(C)(=O)=O)OC(=O)c1cc2c(s1)CCOC2,0.0003208482315063158
CC(CO)CN(C)c1nc2c(cc1C#N)CN(C(=O)OC(C)(C)C)C2,0.0014162352822664588
CC(CS(C)(=O)=O)N(C)C(=O)Nc1ccnc(C(C)(C)C)c1,0.0005029799808725111
CC1(C#N)CCCN(C(=O)Cn2[nH]c(=O)c3ccccc3c2=O)C1,0.34280187190470784
CC1(C)CC(C)(C(=O)N[C@H]2C[C@H](NC(=O)CNc3ccccn3)C2)C1,0.2599707357094107
CC1(C)CCC1C(=O)N1CCCC(CNC(=O)c2cc(CO)on2)C1,0.00039996412215622166
CC1CC(=O)NC1C(=O)OC1(C(F)(F)F)CCCCC1,0.0005542257910824152
CC1CC1N1CC(NC(=O)c2cnn(-c3ccccn3)c2)CC1=O,0.00038313754917331525
CC1CCC(NC(=O)c2cc(O)nn2C)CN1C(=O)C1CCOC1,0.0002566830833217504
CC1CCCC(OCC(=O)NC2(CNC(=O)CCF)CCOCC2)C1,0.0005517418150467482
CCC[C@@H](NC(N)=O)C(=O)N1CCC([C@H](C)NC(=O)C2CC2)CC1,0.0004042180640001931
CCC(=O)N1CCC(C(=O)Nc2cc3ccccc3nn2)C1,0.38045220387130074
CCC(=O)NCC(=O)NC1(C)CCN(C(=O)CC(C)(F)F)CC1,0.123253543673085
CCC(C)(CNC(=O)N1CC(OC(C)=O)C1)c1ccccc1,0.0004666573161377853
CCC(C)C(=O)NC[C@@H]1CC(C)(C)CN1C(=O)CN1CC2CCC1C2,0.19055632538009049
CCC(C)CCC(=O)N1CC[C@@H](NC(=O)C(CC)Cn2ccnc2)C1,0.001070679144343598
CCC(CC(=O)NCC1CC2(CC2)CN1C(=O)[C@H](C)NC(N)=O)OC,0.16143648995617396
CCCC(=O)N1CSCC1C(=O)Nc1nc(CCC)nn1C,0.0006592539167307411
CCCC(=O)NC(CCNC(=O)Cc1ccc2[nH]nnc2c1)C(C)C,0.0007876490320070616
CCCC(=O)NC(CNC(=O)CC1(CO)CC1)CC(C)C,0.0004415783083386733
CCCCC(=O)N1C[C@@H](F)C[C@H]1CNC(=O)c1cnn(C)c1,0.0004489203868409845
CCCOC(=O)c1ccc(S(=O)(=O)Nc2nc(C)cc(N)n2)cc1,0.2582223173350921
CCCc1[nH]ncc1C(=O)N1CC(C)C(CNC(=O)c2ccnn2C)C1,0.00032805097454442414
CCN(C(=O)c1cncc(N)c1)C1CCN(C(=O)[C@@H]2CCOC2)C1,0.0007833636550139483
CCN(CC(=O)N1CCC(CNC(=O)c2ccncc2)C12CC2)C1CC1,0.421983670684263
CCN(CC)CC(=O)N[C@H]1[C@@H]2CN(C(=O)[C@H]3C[C@H](n4ccnn4)C3)C[C@@H]21,0.00038036911389468413
CCN(CCNC(=O)C(C)C1CC1)C(=O)C1CCC(OC)C1,0.00031510929276365825
CCN(CCNC(=O)CC(C)(C)O)C(=O)c1ccc(C)cc1OC,0.000461001269187513
CCOC(=O)C12COC(CNC(=O)Nc3cnc(COC)nc3)(C1)C2,0.0007947903771371655
CCOC(=O)c1cn2c(n1)CCC(NC(=O)c1ccnc(C#N)c1)C2,0.0012442153424010664
CCOC1CC1C(=O)NC(C)CCNC(=O)CN1CCOC1=O,0.1287470417026444
CCON1CCC(CC(=O)NCC2(N(C)CCO)CCCCC2)CC1,0.0011093369820300819
CCOc1cc(C(=O)N[C@H]2C[C@H](c3cccc(C#N)c3)C2)ccn1,0.8455520594400772
CCc1cnn(C)c1NC(=O)Nc1cc(F)cc(C(=O)OC)c1,0.7446656714391829
CCc1nocc1C(=O)N1CCC2(CC1)CN(CC1CC1)CCO2,0.0005104519867436657
CCn1cnc(C(=O)NCC2CCN2C(=O)CC2(C)CCCC2)n1,0.34213936298728
CCn1nc(C)c(C(=O)NCC2(O)CN(Cc3nncn3C)C2)n1,0.00024971422331215046
CCn1ncc(C(=O)NCC(C)NC(=O)C[C@H]2COC(=O)N2)c1C,0.00023596125158580902
CCn1ncc(CNC(=O)c2c(C(F)F)cnn2C)c1C,0.0005371800091267091
CCn1nnc(C)c1CN1CCOC(c2ccc(OC)cc2)C1,0.000465793297532165
CN(C(=O)CCc1cn[nH]c1)C1CCCN(C(=O)c2ncccn2)C1,0.0006408984232197256
CN(C)CC(O)CC(=O)N1CC2CC(NC(=O)CC(F)(F)F)C2C1,0.10997793337846902
CN(CC1CCCO1)S(=O)(=O)c1ccc2ccccc2c1,0.0006544068006901156
CN(Cc1nnc2n1CCC2)CC(O)C1(O)CCOC1,0.00023724544603703936
CN1C(=O)O[C@H]2CN(c3ncc(Br)cn3)C[C@H]21,0.0003250660806064987
CNC(=O)C(CCSC)NCC(O)COc1cc(F)cc(F)c1,0.0004257662923215952
CNCCN(C)Cc1sc(S(C)(=O)=O)nc1C,0.0004913544860267306
CNCc1cn(CC(=O)N2CCc3c(c(CO)nn3C)C2)nn1,0.0001797045954741755
CO[C@H]1C[C@@H](NS(=O)(=O)c2cnc(N)c(C)c2)C1,0.00026840964504315805
COC[C@@H](CNc1nc(-c2ccc3c(c2)OCO3)cs1)OC,0.0011927844730240968
COC[C@H](CS(=O)(=O)N1CC(C(N)=O)Cc2ccccc21)OC,0.0005579777962760771
COC(=O)c1ccc(Cn2cccc(NC(=O)C(C)O)c2=O)s1,0.0004277515685515071
COC(=O)c1cnc(C)cc1NC(C)CNC(=O)[C@H]1CC1(C)C,0.0005242256407218263
COC(C(=O)NC1(C)CCN(C(=O)[C@H](O)C(C)C)C1)C1CCC1,0.00036904975136348335
COC1(CC(=O)N2CC[C@@H](NC(=O)c3cccn(C)c3=O)C2)CC1,0.00022391559389418436
COC1CCC(CCNC(=O)NC2(C)CCS(=O)(=O)C2)CC1,0.1848848120990868
COC1CCN(Cc2ccccc2-c2nc(C)no2)C1(C)C,0.001744532908337544
COCC(OC)C(=O)NCC1(NC(=O)c2nc(O)sc2C)CC1,0.0002134156557497303
COCC1(C(=O)N[C@H]2CCN(C(=O)CSc3nncn3C)C2)CC1,0.00028932587383899346
COc1c(C)ccc(NC(=O)C2CCc3cncn3C2)c1C,0.0014447396344327364
COc1ccc(CN2CCCn3nc(C(=O)O)cc3C2)c2ccccc12,0.0007240236885979395
CSCC(CCO)NC(=O)Cc1ccc2[nH]nnc2c1,0.0003447349086079404
Cc1c[nH]nc1C(=O)NC1(C)CN(c2nnc(C)c(C)n2)C1,0.0005583225777082433
Cc1cc(=O)[nH]c(C)c1C(=O)N1C[C@H]2[C@H](NC(=O)C3(CF)CC3)[C@H]2C1,0.1632182203899093
Cc1cc(=O)c(C(=O)NCc2cc(C(C)(C)C)ccn2)c[nH]1,0.0004175932028101096
Cc1cc(C(=O)N[C@@H](C)CNC(=O)C2CC2(F)F)ccc1O,0.0005822752743924062
Cc1cc(C(=O)NC[C@H](C)NC(=O)COC(F)F)sn1,0.0003858597420505878
Cc1cc(C(=O)NC2CCN(C)C(C)C2)c2cn[nH]c2n1,0.0008414157953462433
Cc1cc(C2CC2)ncc1C(=O)N[C@H]1[C@@H]2CN(C(=O)CC(C)C)C[C@@H]21,0.21640560565349426
Cc1cc(CCn2nnnc2N2CCC(CO)CC2)ccc1C#N,0.001224367894251538
Cc1cc(CNC(=O)NCCN2CC3CC3C2)ncn1,0.0003316589457233704
Cc1cc(N2CCC3(CCN(C(=O)c4c(C)coc4C)C3)C2)ncn1,0.659234824290506
Cc1cc(N2CCCC2(C)CNC(=O)c2ccc(C)nc2)ncn1,0.0005868677673618795
Cc1ccc(C(=O)N2CCN(C(=O)CCC(C)N(C)C)[C@H](C)C2)n1C,0.0004578962935549961
Cc1ccc(C(=O)NC(CNC(=O)C2CCCC(F)C2)C2CC2)nc1,0.0003848161450805131
Cc1ccc(C(=O)NCC2(O)CN(C(=O)C(C)C3CC3)C2)s1,0.0003117494530472046
Cc1ccc(CCC(=O)NCC2(NC(=O)C3CCOC3)CC2)c(C)c1,0.3421995556546466
Cc1ccc(CNC(=O)CNC(=O)NCCc2cnn(C)c2)cc1F,0.0003184798458565725
Cc1cccc(-n2cc(O)c(C(=O)N3CCC(CC#N)C3)n2)c1,0.6506403771526249
Cc1ccccc1C1CNCCN1C(=O)NCCN1CCCC1=O,0.00040478327417381644
Cc1cccnc1CCC(=O)N[C@H]1C[C@H](NC(=O)C2CC2C(C)O)C1,0.00028448055509005534
Cc1ccncc1CN1CCC(NC(=O)c2cn[nH]c2C)C(O)C1,0.0002465706528501748
Cc1n[nH]c(C(C)N2CCCC(NC(=O)C3CC(F)(F)C3)C2)n1,0.0005987845159816031
Cc1n[nH]c(C)c1NC(=O)CN1CCC12CCSCC2,0.0006009925765769489
Cc1n[nH]c(N2CCN(C(=O)c3cccc(F)c3O)CC2)n1,0.0007347758570141674
Cc1n[nH]c(NC(=O)c2cnnn2C2CCNCC2)c1Cl,0.00048151852101931055
Cc1nc(NC(C)CN(C)C(=O)Cn2nnc(C)n2)ccc1C#N,0.0006449840787974779
Cc1ncc(C(=O)NCC(C)N(C)C(=O)C2CCCOC2C)c(C)n1,0.0004241097409408847
Cc1ncc(C)c(N2CCOC(C(C)NC(=O)C3(C)CC3)C2)n1,0.0006080736360387864
Cc1nn(CC(=O)NC2CC(CNC(=O)C(C)O)C2)c(=O)o1,0.058838299844224125
Cc1noc(COC(=O)Cn2c(=O)oc3ccccc32)n1,0.0003547635786985942
Cc1oc(C)c(C(=O)NCC2CN(C(=O)c3cc[nH]c(=O)c3)C2)c1C,0.10840838441851959
Cn1c(=O)oc2cc(CNC(=O)N3CCOC(C)(C4CC4)C3)ccc21,0.001008174177091575
Cn1cc(C2(CNC(=O)[C@@H]3C[C@@H]3C(=O)NCCO)CCCO2)cn1,0.00016915252721397465
NCc1ccc(C(=O)N2CCN(C(=O)c3ccsc3)CC2)cc1,0.23220346146052556
O=C(CN1CCC(NC(=O)c2cccc3[nH]ncc23)C1)NCC1CC1,0.30722267485996546
O=C(CSC(F)(F)F)Nc1cn(C2CCOC2)nn1,0.0005092724131873391
O=C(N[C@@H]1C[C@@H]2CC[C@H](C1)[C@@H]2O)[C@H]1C[C@@H]2CC[C@H](C1)O2,0.0009526376299381897
O=C(N[C@H]1C[C@H](NC(=O)C2(O)CCSC2)C1)c1cccn(CCO)c1=O,0.07648244427867089
O=C(NC1CCCN(C(=O)c2ccoc2)C1)C1CCO1,0.0004952720112842232
O=C(NC1CCS(=O)C1)c1cncc(OCC(F)F)c1,0.00034385240018588824
O=C(NCC(=O)N1CC(NC(=O)c2sccc2Cl)C1)C1CC1,0.24732064383394256
O=C(NCCC(=O)N1CCc2cccc(F)c21)c1ccsc1,0.0011988409871625954
O=C(O)[C@@H]1[C@@H]2CC[C@H]([C@@H]1C(=O)N[C@H](c1ccccc1)[C@@H](F)CO)C2,0.0004976634232409316
O=C(O)[C@@H]1CN(C(=O)CC2CCCCC2(F)F)C[C@H]1C1CC1,0.0013452181819396274
O=C(O)COc1ccc(S(=O)(=O)N=S2(=O)CCCC2)cc1,0.0007395928391297729
O=C1CN(CCNC(=O)CCc2ccc(-c3ccccc3)o2)CCN1,0.0005089816027591175
C[C@@H](O)C1CN(C(=O)c2ccc(-c3ncn(C)n3)cc2)CCO1,0.000575541050656578
C[C@H](NC(=O)c1c(Cl)ccc(Cl)c1O)c1ccn(C)n1,0.0008063256642900653
C[C@H](O)C(=O)N1CC2CCC(C1)N2C(=O)Cc1cccc(O)c1F,0.00030393211524035483
CC(=O)N[C@@H]1C[C@@H]2CC[C@H](C1)N2C(=O)c1cccc(CS(C)=O)c1,0.00035886824651921604
CC(=O)N1CCN(C(=O)c2cn(C)nc2C(F)F)[C@H](C)C1,0.00039358405564255143
CC(=O)NCC1CCC2(CN(C(=O)C(C)(C)n3cccn3)C2)O1,0.10258921675251942
CC(C(=O)N1CCC[C@H]2CN(CCO)C[C@H]21)C12CCC(CC1)C2,0.0011793977638914588
CC(C)(C(=O)NCC1CC2CCC1N2C(=O)c1ccsn1)C1CC1,0.26476963180478813
CC(C)(C)OCCS(=O)(=O)N1CC[C@@H]2COC(=O)N[C@H]2C1,0.000225715060650988
CC(C)(C)n1cc(C(=O)N2CC[C@]3(C2)C[C@@H](O)C3)cn1,0.0006383764919743395
CC(C)(NS(=O)(=O)C1CC(=O)N(C2CC2)C1)c1cn(CCO)nn1,0.00015591594666582924
CC(C)(O)CN1CC[C@@H](NC(=O)OCc2ncnn2CCF)C1,0.0002649268164781295
CC(C)C(C)CC(=O)N1CC[C@H](NC(=O)c2cnn(C(C)C)c2)C1,0.0004719961786280347
CC(C)CCC1CCCN1c1ncc(S(C)(=O)=O)cn1,0.001564266396860133
CC(C)O[C@@H]1COC[C@H]1NC(=O)NCc1cnoc1C1CC1,0.0002867734958928858
CC(C)n1cc(Cl)c(NC(=O)NC2COC(C3CC3)C2)n1,0.0013080170408520037
CC(CN(C)c1ccnc(C#N)n1)NC(=O)c1cccc(F)c1Cl,0.0015037773541052193
CC(CNC(=O)C1(CO)COC1)(NC(=O)c1cc(O)nn1C)C1CC1,0.00013526002539470487
CC(CNC(=O)CCSc1nnnn1C)N(C)C(=O)C(C)(C)O,0.0002102966336438393
CC(CNC(=O)CS(=O)(=O)C1CC1)NC(=O)C1(C2CC2)CCC1,0.12950560765655025
CC(CNC(=O)c1cnc(C(N)=O)cn1)N(C)C(=O)C1(C)COC1,0.00024581565098690596
CC(O)(CCNC(=O)Nc1ccc(S(C)(=O)=O)nn1)C1CC1,0.00037911295154388603
CC(O)C(=O)N1CCC(CNC(=O)C2(c3nc[nH]n3)CCC2)C12CC2,0.00044310326604258713
CC(O)C1CC1C(=O)N1CCCN(C(=O)C2(C)COC2)CC1,0.0002600416051343216
CC1(C)C(CNC(=O)C(C)(C)n2cccn2)CCN1C(=O)[C@@H]1C[C@H]1C,0.00038617055620196147
CC1=C(C(=O)NC2CC(CNC(=O)c3ccnc(C4CC4)n3)C2)CCC1,0.16413924667982957
CC1CCC(C(=O)N2CC(C3CN(C(=O)Cn4ccc(N)n4)C3)C2)O1,0.0003662932209820463
CC1CCn2c(C(=O)N3CCO[C@@H](C(F)(F)F)C3)cnc2C1,0.0005553606830186308
CC1CN(C(=O)C(O)C2CC2)CCC1NC(=O)C1CSC1,0.00022329420797896667
CC1CN(C(=O)CN2CCN(C)S2(=O)=O)CC1N1CCOCC1,0.08922635033060684
CC1CN(C(=O)c2cccc3c2CCC3)CC2(CCCOC2)O1,0.0005361543734485848
CC1CNCC(CC(=O)N[C@]2(C(=O)O)C[C@H]3CC[C@H](C3)C2)O1,0.00032786192504080154
CC1COCCN1C(=O)N1CCC[C@@H]2OCC[C@@H]2C1,0.0004402264414939651
CCC(=O)C1(NC(=O)c2cnc3nccnc3c2)CCCC1,0.5611715211069142
CCC(C)(CC)C(=O)NCC1CCN(C(=O)CN(C)C(N)=O)CC1,0.00046535381400224804
CCC(C)CC(C)C(=O)NC[C@@H](C)Nc1nnccc1C#N,0.001655320117206041
CCC(CC)CC(=O)N1C[C@@H](CC)[C@@H](NC(=O)C2CC2(F)F)C1,0.0006199834169584759
CCC(F)C(=O)N[C@H](C)C1CN(C(=O)CN(C)c2ncccn2)C1,0.0007244935427939623
CCC1(C(=O)OCc2oncc2Br)CCOCC1,0.0006669639892144141
CCCC(=O)N1CCCCC1C1CCCN1C(=O)c1ccc(O)cn1,0.000878029132331465
CCCC(OCC)C(=O)N1CCC(Nc2nc(C)c3ccccc3n2)C1,0.0008552431634808953
CCCC1CCC(NC(=O)C(CC)NC(=O)OC(C)(C)C)CC1,0.0006047823803521105
CCCCS(=O)(=O)NCC(=O)NCC1(c2nn[nH]n2)CCOCC1,0.0001981559162927456
CCCN(CC(=O)OCC)C(=O)c1cnc2c(C#N)cnn2c1C,0.5369108971480998
CCCN(CCNC(=O)CCc1nnc[nH]1)C(=O)[C@@H](C)N(C)C,0.00021863588935917906
CCCN(CCNC(=O)c1ccccc1CO)C(=O)C1CC(C)CO1,0.00043659540232295307
CCN(C)CC(=O)N1C2CCC1CN(C(=O)c1nncs1)C2,0.09448090311736936
CCN(C)CC(=O)NC1(C2CCN(c3cc(=O)[nH]c(=O)[nH]3)C2)CC1,0.0004305552489885083
CCN(CC(C)OC)C(=O)CCc1n[nH]c2ccc(OC)cc12,0.0005014534548473545
CCN(CC)C(C(=O)Nc1ccc(F)cn1)c1ccccc1,0.0007821389822247774
CCN1CCC(N(C)CC(C)NC(=O)c2sccc2C)C1=O,0.00034663313992754096
CCOC(=O)C1CCCCN1C(=O)COc1ccc(Cl)cn1,0.00046960104821609875
CCOCc1ccc(CNC(=O)c2cc(COC)c[nH]2)cc1,0.0008847695320595764
CCOc1ccc(CNC(=O)C(C)COC(C)=O)cc1OC,0.0004275089653775786
CCS(=O)(=O)Nc1cccc(C(=O)NCC2CCN2)c1,0.00037550088172241537
CCSc1ccc(CNC(=O)NCC(O)C2CCOCC2)cc1,0.0005973394537407465
CCc1n[nH]c(C(=O)NC2(C)CN(c3ncc(C)c(O)n3)C2)c1Cl,0.0005253544554876833
CCc1nn(C)c(N2C[C@H](OC)[C@H](NC(=O)OC(C)(C)C)C2)c1C#N,0.0012964498541397206
CCn1ncc(Br)c1C(=O)OC1CC12CC2(F)F,0.0005551923512648694
CN(C)C1COCC1N1CC2(CCOCC(=O)N2)C1,0.000175231200246301
CN(C)CC(=O)NCC1(NC(=O)c2ccc(O)cc2F)CCOCC1,0.00033665809931663596
CN(CCCc1cccc(F)c1)CCNC(=O)c1cc(F)n(C)n1,0.0009262601642040525
CN(CCNC(=O)CN1CCCS1(=O)=O)C(=O)c1nscc1N,0.000342413340956056
CN(Cc1ccco1)CC1CCCN(C(=O)C(C)(C)N2CCOC2=O)C1,0.0005036368383123909
CN(Cc1ccncc1)C1CCN(S(=O)(=O)N(C)C2CCCC2)C1,0.00043192554737234124
CN(c1ccc(C(=O)NCC2CNCC(C)(C)O2)cn1)S(C)(=O)=O,0.0002557892890524652
CN1CC[C@H](C(=O)NC2CCc3[nH]nc(-c4ccccc4)c3C2)C1,0.0009926595211531338
CN1CCCC1CN(C)S(=O)(=O)[C@H]1C[C@H](c2ccccc2)C1,0.0004369732498473075
CN1CCOc2c(C(=O)N3CC(S(C)=O)C3)cccc21,0.0006532624112930233
CNC(=O)CCC(=O)NCCN(C)c1nc(C(C)C)ns1,0.0003230589394755146
CNCc1ncc(C(=O)N2CCCN(CC(=O)NC)CC2)cn1,0.0001906797281824866
CNc1ccnc(C(=O)NC(C(=O)O)C2CCC(F)(F)CC2)n1,0.2788823488896565
CNc1ncccc1C(=O)N1CC[C@@H](NC(=O)c2[nH]ncc2Cl)C1,0.2820296180350036
COC(=O)[C@@H](NC(=O)CCc1c[nH]c(C)nc1=O)c1ccc(OC)cc1,0.00039328180138896175
COC(=O)[C@H](CC(C)C)NC(=O)c1cc2cccc(OC)c2[nH]1,0.46042084604759276
COC(=O)CC1CN(CCN(C)S(=O)(=O)N(C)C)C2(CC2)CO1,0.12470844123910535
COC(=O)c1ccc(NC[C@H](C)NC(=O)CCOC(C)C)nc1C,0.0004239823167370783
COCC(C)C(=O)NC1CC(CNC(=O)C(O)C2CCC2)C1,0.0003659861676085274
COCC1(O)CCN(C(=O)Nc2cccc(-c3cccs3)n2)C1,0.0009110391267060971
COCCC(=O)NCC1CCN1C(=O)C1SCCc2ccccc21,0.000409575251458456
COCCC(C)C(=O)N1CCC(c2nc(C)cc(C)n2)C1,0.0006021004396262978
COCCn1cc(C(=O)NC(C)c2nc(C(C)C)no2)cn1,0.0004324925216599684
COCc1cn(C2CCC(NC(=O)C3CC(OC)C3)CC2)nn1,0.0008550112193293027
COCc1nn(C)cc1C(=O)NC[C@@H]1CCCC[C@H]1O,0.0004540779759768269
COc1cc(COC(=O)CC2CCOCC2OC)ccc1C#N,0.0010243078014698349
COc1ccc(C)c(C(=O)OCc2cnc(N3CCCC3)nc2)c1,0.0008863703265497493
COc1ccc(NC(=O)C(F)(F)c2cncs2)cc1OC,0.0015627153171872648
COc1ccc2c(c1)CCCN(c1nnnn1CC1(CC#N)CC1)C2,0.0016081687937855539
COc1ccccc1-c1nc(CNCC2CCN(C(C)=O)CC2)n[nH]1,0.0010038839088178555
COc1cncc(F)c1S(=O)(=O)N(C)C1CCN(C(C)=O)CC1,0.0003236616235606073
CS(=O)(=O)c1cc(C(=O)N2CCC(CO)(CC(F)F)CC2)co1,0.0003431448358894118
CSC(C)C(=O)NCCC1CCCN(C(=O)C(C)C#N)CC1,0.0015655044823895594
Cc1[nH]ncc1S(=O)(=O)N1C[C@@H](C)C[C@H](NC(=O)OC(C)(C)C)C1,0.0004152702722538798
Cc1c(C#N)cccc1C(=O)N1CCCN(C(=O)CCC2CC2)CC1,0.8025467408189721
Cc1cc(C(=O)N2CCC(C)(NC(=O)c3ncc(F)cn3)C2)c[nH]1,0.22377036282314294
Cc1cc(C(=O)NCCN(C)C(=O)c2oc(CC3CC3)nc2C)co1,0.30213772323665133
Cc1cc(C)cc(CC(C)NC(=O)N2C3CCC2(CO)CC3)c1,0.0004327882732796202
Cc1cc(C)n(C2CCN(C(=O)C3CCCS3)CC2)n1,0.0005014766011348562
Cc1cc(NC(=O)c2cnc(N(C)C)cn2)nn1C1CC1,0.0003999795718444025
Cc1cc2c(c(C(=O)NCC3CCN(C(=O)[C@H]4C[C@@H](O)C4)C3)c1)OCC2,0.0005579546590930019
Cc1ccc(C(=O)N2CCC[C@@H]2CN(C)CC(=O)NC2CC2)cc1,0.00044757191782323925
Cc1ccc(C(=O)NC[C@H]2C[C@@H](Nc3ccncn3)C2)nn1,0.0008212554945267246
Cc1cnc(N2CCC[C@@H]2CNC(=O)c2cnc(C)n2C)nc1,0.0011714739391911562
Cc1n[nH]c(C(=O)N2CC(NC(=O)c3cnccc3C#N)C2)c1Cl,0.2904853316179318
Cc1nc(C(=O)NC[C@H]2C[C@@H](NC(=O)C3CC3(F)F)C2)co1,0.0003420493873293141
Cc1ncc(C(=O)N2CCN(C(=O)Cc3cc(C4CC4)no3)CC2)o1,0.14586622932858961
Cc1ncnc(N(CCNC(=O)C2CC2(F)F)C2CC2)c1C#N,0.0013427238923753076
Cc1ncsc1CN1CCCCC1CCNC(=O)c1cn[nH]c1C,0.0006993492394104838
Cc1noc2ncc(C(=O)NCC(C)NC(=O)C3(CO)COC3)cc12,0.14630763148636186
Cc1nsc(N2CC[C@@H](NC(=O)C3CC4(CSC4)C3)C2)c1C#N,0.0012109021249907719
Cc1oc(C#N)cc1C(=O)N1C[C@@H](C)[C@@H](NC(=O)c2ccc(=O)[nH]n2)C1,0.21544404236941145
Cn1cnc(C(=O)Nc2cccc(NC(=O)C(F)(F)F)c2)n1,0.0008336080993698238
Cn1ncc(Cl)c1-c1noc(C2CCC(=C(F)F)CC2)n1,0.0018927288765703107
N#Cc1cc(C2(C(=O)NCC(O)c3ccsc3)CCCC2)ccn1,0.0009541224650983145
Nc1n[nH]c(CCNC(=O)N2CCc3cccc(F)c32)n1,0.0004397247475421895
O=C(CC1CCCC1(F)F)N[C@H]1CCCCN(C(=O)[C@@H]2CCOC2)C1,0.0010343729885766225
O=C(CC1CCCO1)NC1(CNC(=O)C2CC2F)CCCCC1,0.0003786928746446868
O=C(CCCc1nnc(NCc2conc2C2CC2)o1)C1CC1,0.782522576703428
O=C(CCn1ccnn1)NC[C@H]1C[C@H](NC(=O)c2cncc(F)c2)C1,0.00034385121764010857
O=C(CCn1cnnn1)NC1(CO)CN(C(=O)c2ncccc2F)C1,0.0001224938312113013
O=C(Cc1cnsc1)NCC1CC2(CC2)CN1C(=O)[C@@H]1CCCO1,0.0006218856675951679
O=C(N[C@@H]1C[C@@H]2CCCC[C@@H]2C1)N1CCCn2nnnc21,0.0006093128048162327
O=C(NCC12CCCC(C1)OC2)c1ccc(C2CCOC2)cc1,0.0007665856144447977
O=C(NCC=CCl)C1CCC2(CN(C(=O)OCc3ccccc3)C2)O1,0.0004484905366538771
O=C(O)c1ccccc1C1CN(CC2COC3CC2C3)C1,0.0005969473359222643
O=C1C[C@H]2[C@H](CCCN2Cc2cc(Br)cc3c2OCC3)N1,0.0004318176893793645
O=C1C(NC(=O)N2CCO[C@@H]3CCOC[C@H]32)CCN1c1ccccc1,0.0005907652664175823
c1csc(CN2CCN(Cc3cc(C4CC4)on3)CC2)c1,0.00039367865006284574
C[C@@H]1C[C@H]1C(=O)NC[C@]1(F)C[C@@H](Nc2cc(CC3CC3)ncn2)C1,0.0007070783126206417
C[C@@H]1C[C@H]1C(=O)NCC1CN(C(=O)c2cccc3c2CC(=O)N3)C1,0.0005050124566561036
C[C@@H]1CN(Cc2ccccn2)CCN1C(=O)CC1CCCC1,0.0007010146202389873
C[C@H](O)C(=O)NC1CCCCN(C(=O)CC2(C#N)CCCCC2)C1,0.2141813993265566
CC[C@@H](C(=O)N1CCC[C@H](NC(=O)c2c[nH]c(C)cc2=O)C1)N(C)C,0.0003894574598936273
CC[C@H](C)[C@H](O)C(=O)N1CCCC(Nc2ncnc(C)c2C)C1,0.000993328846917668
CC(=O)N1c2ccccc2C[C@H]1C(=O)N1CC[C@@H]2C(=O)OC[C@@]21CO,0.0006781812006131612
CC(=O)NCc1nc(C(C)NC(=O)C2CCC(C)O2)no1,0.00020194799646463616
CC(=O)c1cc(C(=O)NC(C)(C)C(C)O)ccc1OC(C)C,0.23019652197412202
CC(C)(C)OC(=O)N1CC(C)(C(=O)N2CC[C@@]3(O)CCCC[C@H]3C2)C1,0.0005293755992713409
CC(C)(C)OC(=O)N1CC(F)(F)CC1(C)C(=O)Nc1ncno1,0.0007686917863623944
CC(C)C(=O)N(CC1CC1)C1CCN(C(=O)C(C)n2cncn2)CC1,0.00036540620819107064
CC(C)C1(NC(=O)N2C[C@@H](C(F)(F)F)C[C@H]2CN)CC1,0.000513947358172284
CC(C)CCC(C(=O)N[C@@H](C)CCNC(=O)c1cncn1C)N(C)C,0.0007679013098154183
CC(C)Cc1oncc1C(=O)NC1CC2CCCCN2C1=O,0.000565295265117725
CC(CC(=O)NC1CC(C)N(C(=O)CCC(N)=O)C1)c1ccccc1,0.0004058489489270481
CC(CS(C)=O)NC(=O)CC(C)n1nc2ccccn2c1=O,0.0002667718606165915
CC(Cc1ccccc1)C(=O)N(C)C(C)CCNC(=O)[C@@H](C)N(C)C,0.0004937672749539702
CC(NC(=O)[C@@H]1CCCC[C@@H]1N)c1cc(Cl)ccc1-n1cncn1,0.2776172398204647
CC1(C)CCCC1CS(=O)(=O)N[C@@H]1CCCN(CCCO)C1,0.00039777917434032485
CC1(CNC(=O)NC2(C3CCCCC3)CC2)CCC(=O)NC1,0.001384095804364422
CC1C(NC(=O)N2CCC[C@@H]2C(C)O)c2ccccc2S1(=O)=O,0.00038213372587852525
CC1CC1C(=O)N(C)C[C@@H]1CCCN1C(=O)c1ccn2ccccc12,0.000439464316128888
CC1CCN(CCOC(=O)C2CC(=O)N(c3nc4ccccc4[nH]3)C2)C1,0.48554794450505884
CCC(=O)NC(C)C(=O)N(CCNC(=O)CC(CC)OC)C1CC1,0.0004547474159800125
CCC(C(=O)OCC(=O)Nc1ccccc1OC)n1cccn1,0.0010431304162569312
CCC(C)(CC)C(=O)N(CCNC(=O)c1ccnc(C)c1)C1CC1,0.2901963493180834
CCC(C)C(=O)N1C[C@H](C)[C@H](NC(=O)Cn2c(C)cc3ccccc32)C1,0.0005393321397452148
CCC(CC(=O)N[C@H]1C[C@@H](NC(=O)Cn2ncnn2)C1)C1CCC1,0.0004185541675083529
CCC(CC)C(=O)NCC(=O)NCC1(OC(C)C)CCOC1,0.00038753298535177175
CCC(CNC(=O)c1cccnc1OC)NC(=O)c1nc(=O)[nH][nH]1,0.00021231333774064797
CCC(CNC(=O)c1cnoc1C)NC(=O)CC(C)(C)C#N,0.0006357368121280016
CCC(F)(F)CC(=O)N[C@H]1C[C@@H](NC(=O)c2ncc(C)cc2C)C1,0.2822333155694535
CCCC(=O)N1CC2(CCCC2NC(=O)CNC(=O)CC)C1,0.0004341911646958153
CCCC(C)C(=O)N1CC2CC1CN(C(=O)COC1CCCOC1)C2,0.0003068260050728625
CCCC(OCC)C(=O)N[C@H]1[C@@H]2CN(C(=O)c3c[nH]c(C)n3)C[C@@H]21,0.00026887957744103826
CCCCC1(C(=O)N[C@H]2C[C@H](NC(=O)c3nn(CC)nc3C)C2)CC1,0.20007824781550854
CCCCN(CC(N)=O)C(=O)C(C)Cc1ccc(OC)c(OC)c1,0.0006059628666907758
CCCN(C(=O)CN1CCC1)C1CCN(C(=O)CCC2CCCC2)C1,0.46795409027353646
CCCNC(=O)CN1CCC(CCNC(=O)c2ccncc2Cl)C1,0.0005567257903323481
CCCc1cccc(COC(=O)C2CC(=O)N(CCN(C)C)C2)n1,0.00029340301640673396
CCN(C)C[C@]12COC[C@H]1CN(C(=O)N=S(C)(C)=O)C2,0.0003695445001818556
CCN(CCNC(=O)c1cn[nH]c1C1CCCO1)Cc1nnsc1C,0.0004190210511262791
CCN(CCNC(=O)c1cncnc1)C(=O)C(C)n1ccc(C2CC2)n1,0.000913941942826379
CCN1C(=O)CCC1C(=O)N[C@@H]1CCN(C(=O)CCC(C)N(C)C)C1,0.1334874088658895
CCOC(CC)C(=O)NC[C@]1(F)C[C@@H](Nc2nccc(CO)n2)C1,0.0003037056765642061
CCOC1CC(O)(CNC(=O)c2ccnc(C#N)c2)C1,0.19347719046091721
CCOCC(=O)N1CCC(N(CC)C(=O)c2sccc2C)C1,0.0004630292928516204
CCSCc1cccc(NC(=O)NC[C@]2(OC)C[C@@H](C(=O)O)C2)c1,0.0009823105890751738
CCc1c(C(=O)NCCC(COC)OC)cnn1-c1ccccc1,0.0005684948150990382
CCn1nc(C(=O)NCC2C3CN(C(=O)[C@@H]4CCOC4)CC23)cc1C,0.0002872268540076397
CN(C[C@@H]1CCCN1C(=O)[C@H](O)c1ccccc1)C(=O)c1c[nH]nn1,0.0002798861090161396
CN(C(=O)c1cnsn1)C1CCN(c2ncnc3c2CCO3)C1,0.00036430875591040424
CN(C)CC(C)(C)C(=O)NC[C@H]1C[C@H](NC(=O)C2CCC(=O)C2)C1,0.12308796817297704
CN(CC1CCCN(C(=O)C2CCO2)C1)C(=O)c1[nH]ncc1Cl,0.25576933498753684
CNC(=O)C(C)N1CCCC(CNC(=O)CC(C)c2ccco2)C1,0.0004022943843338559
CNC(=O)COc1ccc(CN2CCC(Nc3ccccc3)C2)cc1,0.001156586295041117
CNc1ncnc2cc(C(=O)NC[C@H]3CC[C@H](CC(N)=O)CC3)ccc12,0.27046970071207604
COC[C@@H](O)Cc1cn(CCC(F)(F)C(=O)NCC2(C#N)CC2)nn1,0.0007863291217849363
COC(=O)[C@H]1C[C@@H](N(C)S(=O)(=O)c2ccc(C#N)c(Cl)c2)C1,0.0005495201529277104
COC(=O)C[C@H]1CCCN(S(=O)(=O)c2cccc3c2CNC3=O)C1,0.0005413201032206099
COC(=O)C1(CNC(=O)C2(Oc3ccc(Cl)cc3)CC2)CCCC1,0.0005967665791298808
COC(=O)C1(CNC(=O)c2cccc(-n3cc(CN)nn3)c2)CC1,0.00027939883708291767
COC(=O)C1(NC(=O)c2nc3nccc(C)n3n2)CCSC1,0.000357693566026807
COC(=O)N(C)CCCN(C)C(=O)C1CCCCC1(F)F,0.0006432207502856901
COC(=O)N1CCC(OC(=O)c2cc3n(n2)CCCC3=O)CC1,0.0005047248117962673
COC(=O)c1cc(NC(=O)NCC(C)C(F)(F)F)n(C)n1,0.0011799150615516552
COC(=O)c1cn(CC(=O)NCc2cc(C(=O)OC)ccn2)cn1,0.11256111708729201
COC(C(=O)NCCN(C)C(=O)c1coc(CN)n1)c1cccnc1,0.00014930419871145572
COC(C)CC(=O)NC1CCC(NC(=O)c2coc(CO)c2)CC1,0.00040942193548981185
COC(CNCC1(O)CCc2ccccc21)C1CCCC1,0.0005307018278973908
COC1(C(=O)O)CN(C(=O)C2CCS(=O)(=O)c3ccccc32)C1,0.00026772277138333034
COC1CC(CCC(=O)N2CCC(c3nn[nH]n3)C2)C1,0.00041203364778876503
COC1CCC12CC(C(=O)N1CCC(CNS(C)(=O)=O)C1)C2,0.00028986644813574954
COCC(=O)N1CCC(NC(=O)c2cc3cn[nH]c3cn2)C12CCC2,0.000366609401219696
COCC(O)C(=O)N1CCCN(C(=O)[C@@H]2CC2(F)F)CC1,0.00030677940700125634
COCC1(C(=O)N(C)CC(C)NC(=O)C2CCC3C2C3(F)F)CC1,0.00034046694119537315
COCCN(CCNC(=O)[C@@H](O)C1CCCC1)c1ccncn1,0.28252773754271776
COCCN(CCNC(=O)[C@H](O)C(C)C)C(C)c1ncc(C)s1,0.000489994472556229
COCCN(CCNC(=O)c1ccnn1C)C(=O)c1cc(OC)[nH]n1,0.0004247203046750354
COCc1nn(C)cc1C(=O)NCC1(C)CCCN1C(=O)CCF,0.0004438102087731679
COc1ccc([C@H]2C[C@H](NC(=O)NCC3(O)CCC3)C2)cc1,0.0004999711802148772
COc1ccc(CNC(=O)N2CCN(CC(C)C)CC2)c(C)c1,0.0004636878049711618
COc1cccc(C(O)C(=O)Nc2cc(C)nc(=O)[nH]2)c1,0.0004469800980656181
COc1cccc(CC2(F)CCN(C(=O)N(C)CC=CCl)C2)c1,0.0006706118771405298
COc1cccc2c(NCC3(NC(=O)C(C)CO)CCC3)ncnc12,0.0007428986525737767
COc1ccncc1S(=O)(=O)N1Cc2conc2C1,0.00029726393644603896
CS(=O)(=O)N1CCC(CCNc2nc(C3CC3)ncc2Cl)C1,0.0004499009483746823
CSCC(=O)NC(CNC(=O)c1csc2nccn12)C(C)C,0.0004885473511719493
Cc1cc(C#N)cc(C)c1OCC(O)CN(C)C1(C(C)C)CC1,0.0011085416127815596
Cc1cc(C(=O)N[C@H]2CCCN(Cc3cc(F)ccc3F)C2)ccn1,0.0005604664506001041
Cc1cc(C(=O)NC2CCCCN(C(=O)[C@H]3CC3(C)C)C2)ns1,0.0003860209124733289
Cc1cc(C(=O)NC2CN(CCOC3CCC3)CC2(C)C)nn1C,0.0006257461529728954
Cc1cc(C(=O)NCC2CN(C(=O)c3cccn(C)c3=O)C2)ns1,0.1657046777784165
Cc1cc(CN2CCCC2CN2CCN(C)CC2)on1,0.00038679764168120365
Cc1ccc(C)c(C(=O)CNC(=O)C2CNC(=O)C(C)(C)C2)c1,0.00039782977149537186
Cc1ccc(CN2CCC(CNC(=O)CCc3ccn(C)n3)C2)cc1,0.000528366040794398
Cc1ccc(N[C@H]2CCN(C(=O)C3CCCC3C)C2)nn1,0.00039420635982133107
Cc1ccccc1C(=O)N[C@@H](C)CCNC(=O)C(O)c1ccnn1C,0.00040988256468390416
Cc1cccnc1C(=O)NC1CC2(C1)CN(C(=O)C1CC(C)C1)C2,0.18410587093430555
Cc1ccnc(N2CCC[C@@H]2CCNC(=O)CC2(O)CCCC2)n1,0.0011272241984287014
Cc1cn(-c2ccccc2)nc1C(=O)NC(C)C1CC2(CCC2)C1,0.8667191186654143
Cc1cn(C)nc1C(=O)NCC1(C)CCN(Cc2ccns2)CC1,0.00046064609296961236
Cc1cn2c(n1)CN(C(=O)Cc1ccc3c(c1)CCOC3)CC2,0.16435994171717788
Cc1coc(C(=O)NCC2CCN(C(=O)COCC3CC3)C2(C)C)c1,0.000624065344698672
Cc1n[nH]c(C)c1S(=O)(=O)N1CCCC(c2cc(=O)[nH][nH]2)C1,0.00041027491687052695
Cc1nc(C)c(CC(=O)NC(C)CCNC(=O)C2CC23CC3)s1,0.0004802011906578521
Cc1nn(C)c(C)c1CS(=O)(=O)c1cccc(Cl)c1,0.0004891089930700605
Cc1nnc2n1CCC2(C)C(=O)N[C@@H]1[C@@H](C(=O)O)[C@H]2CCC[C@H]21,0.00023905809161489902
Cc1oncc1C(=O)NC(C)c1cn(C2CCN(CCO)C2)nn1,0.0002797703907007199
N#CC1(C(=O)NC[C@H]2CC[C@H](NC(=O)CCC(N)=O)CC2)CC1,0.00016974249371093746
NS(=O)(=O)C1CCN(C(=O)Nc2cc(F)c3nc(C4CC4)oc3c2)C1,0.0009463397720140826
O=C(C[C@@H](O)c1ccccc1)N1CCCC1CNc1nncs1,0.3833208066559732
O=C(C1CSC1)N1CCN(c2ccc(F)cc2)C(=O)C1,0.0005700916706430781
O=C(N1CCC1)N1CCN(c2ccc(-n3cnnn3)cn2)CC1,0.18465426938812177
O=C(NC[C@]1(F)C[C@@H](CO)C1)NCc1ccn2ccnc2c1,0.0005596669572382809
O=C(NC(Cc1nccs1)C(=O)O)c1cc(Cl)ccc1F,0.0007386260090734017
O=C(NC1(CO)CN(C(=O)c2ccc(O)cc2)C1)c1ccoc1,0.20462634157088677
O=C(NC1CC1)c1ccc(NCC(O)COc2ccccc2Cl)nn1,0.00041570727862765385
O=C(NCC1(c2cccc(F)c2)CCOCC1)c1ccc2c(n1)CNC2,0.0004747774698460548
O=C(NCC1CCN1C(=O)c1cnc(C2CC2)s1)c1cn[nH]c1,0.23224190136064587
O=C(NCC1CN(C(=O)C2(C(F)(F)F)CC2)C1)C1CCS1(=O)=O,0.0001754978050170609
O=C(NCC1CN(C(=O)Cn2cc(Cl)cn2)C1)c1cccnn1,0.0003599746150676211
O=C(NCc1nc2ccccn2c1Cl)N1CCC2CC2C1,0.0006424786922277026
O=C(NCc1nn2c(=O)cccc2c1C(F)(F)F)C(F)C1CC1,0.0
O=C(O)c1ccoc1CNC1(c2ccc(F)cc2)CCOCC1,0.0006185124603527544
O=C(c1nc(CN2CCC(c3ccccn3)C2)no1)N1CCCC1,0.00033415095995890465
O=C1CCC2(CC1)C(=O)NCCN2Cc1cc(Cl)ccc1Cl,0.14986708992354988
C[C@@H](O)c1cccnc1N1CCC(O)(c2c(F)cccc2F)CC1,0.0010905944797781329
C[C@H](O)C(=O)N1CC[C@H](CCNC(=O)CSCc2cnn(C)c2)C1,0.00033185078596613166
CC[C@@H](C(=O)N1CCC2(NC(=O)[C@@H](C)O)CCCC12)N(C)C,0.0003800894784722295
CC[C@@H](COC(F)(F)F)NC(=O)N1CCn2cncc2C1,0.0005345349646234264
CC(=O)CCC(=O)N1CC[C@H](CNC(=O)Cn2nccn2)C1,0.09118005658704643
CC(=O)Nc1cccc(CN(C)C(=O)N2CCC23CCOCC3)c1,0.0009743958687697349
CC(C#N)C(=O)N1CCC2C(CCCN2C(=O)CC2(O)CCOC2)C1,0.0007848694096955445
CC(C(=O)N1C[C@H](C)[C@H](NC(=O)CCn2cnnn2)C1)c1ccco1,0.0003512277516500721
CC(C(=O)N1CCN(C(=O)[C@H]2CC2(C)C)[C@@H](C)C1)S(N)(=O)=O,0.00024035101036220863
CC(C(=O)NCC1CC2(CO1)CN(C(=O)CC#N)C2)C1CCOC1,0.00067008898684562
CC(C)(C#N)C(=O)N1CCCC1CNC(=O)CC1(O)CCOC1,0.22813685499183053
CC(C)(C(=O)N1C[C@@H]2CC[C@H]1[C@H]2N)c1cc(C(F)(F)F)ccn1,0.000509906539690821
CC(C)C[C@H](NC(=O)COC1CC1)C(=O)OC(C)(C)C,0.00036571246152889466
CC(C)C(O)CC(=O)N1CCC(C)N(C(=O)C2CSC2)CC1,0.00018989210031930388
CC(C)CC(C)N(C)C(=O)CN(C)S(=O)(=O)N1CCOCC1,0.1445735821073923
CC(C)c1nc(C(C)NC(=O)c2ccc(C(N)=O)cc2)n[nH]1,0.00042407946129410974
CC(CC(C)NC(=O)C1CC12CC2)NC(=O)c1cn(C)c(=O)n1C,0.00023001318471150848
CC(CC(C)Nc1ccncn1)NC(=O)C1CCC(F)CC1,0.0011175026411290357
CC(CNC(=O)C(C)NC(N)=O)N(C)C(=O)c1ccc(Cl)cc1,0.0002973788725694083
CC(CNC(=O)C12CC(C)(C1)OC2(C)C)NC(=O)C(O)C(C)(C)C,0.16637642849656073
CC(NCC1CN(C(=O)[C@@H]2C[C@H]2C)CCCO1)c1cnnn1C,0.000358454468723738
CC1(C(=O)N(Cc2ccsc2)C2CC2)CCC(=O)C1,0.00042496048295313256
CC1(CO)CCN1C(=O)CC(c1ccc2c(c1)OCO2)C(F)(F)F,0.000754809495837902
CC1=C(C(=O)N[C@H]2CCCN(C(=O)CCOC(C)C)C2)CCO1,0.1581112743951496
CC1CC(C(=O)NCC2(O)CCN(C(=O)c3cncc(O)c3)C2)C1,0.21341758874662586
CC1CC(NC(=O)OC(C)(C)C)CN1C(=O)[C@@H]1OCC[C@@H]1CN,0.00028137540825644004
CC1CN(C)C(=O)CN1C(C)c1nnnn1C1CC1,0.000256558667895033
CC1CN(CC(=O)Nc2cc(-c3cnn(C)c3)n[nH]2)CCN1,0.0008372931588801783
CCC(=O)NCC(=O)N[C@H](C)CNC(=O)Cc1ccoc1,0.00030195944847242795
CCC(C)(C)OCC(=O)NC1(CNC(=O)C2C(F)(F)C23CC3)CC1,0.3312975965818968
CCC(C)(CN1CCN(C(=O)[C@H]2C[C@@H](C(=O)O)C2)CC1)OC,0.00027139403010273703
CCC(C)CS(=O)(=O)N1CCN(CCNC(C)=O)CC1,0.0002514550050896862
CCC(CNC(=O)C1(CC)CCC1)NC(=O)c1ccc2[nH]nnc2c1,0.35012724843062754
CCC(CNC(=O)c1ccc2nonc2c1)NC(=O)C(C)(O)CC,0.0005955121598086028
CCC(COC)S(=O)(=O)N1CCC(NC(=O)C2CC2)CC1,0.00043840504335357935
CCC(O)Cn1cc(C(=O)N[C@H]2C[C@@H](Nc3cc(F)ncn3)C2)nn1,0.00036388403601089026
CCCC(=O)NCC1(CCNC(=O)C(C)(OC)C2CC2)CC1,0.0005564417690388481
CCCC(C(=O)NCc1nccn1C)n1cc(C2(O)CC2)nn1,0.0005254476029445162
CCCC1(C(=O)NCCC(C)Nc2cc(OCC)ncn2)CCC1,0.0008827889666000405
CCCN(C(=O)CC)C1CCN(C(=O)C2CCOC(C)C2)CC1,0.0004549699581368602
CCCN(CCNC(=O)C1(O)CC1)C(=O)C1(C#N)CC2(CC2)C1,0.24861162370289125
CCCS(=O)(=O)N1CCC(C(=O)OC(C)c2ccnn2C)CC1,0.00034509458721510656
CCN(C)CC(=O)N1CCC2C(CCCN2C(=O)c2cnc(N)o2)C1,0.0006533773636260281
CCN(CCNC(=O)c1ccc(OC)cc1O)C(=O)CC1(O)CC1,0.23055935945319384
CCN1CC(C(=O)NCC(C)CNC(=O)CCC(C)(F)F)CC1=O,0.19823359414198988
CCN1CCC(NC(=O)N(C)Cc2ncccn2)CC1C,0.00037313571102157443
CCc1[nH]c(C)nc1C(=O)N[C@H](C)CNC(=O)CC(O)CN(C)C,0.00027562988234673035
CCc1[nH]c(C)nc1C(=O)NC1CCN(C(=O)C2(O)CC2)C(C)C1,0.0003202656209350213
CCc1cc(NCC2(CCNC(=O)c3cncs3)CC2)ncn1,0.0005357573050239061
CCc1nnc(N2CC3(CCN(C(=O)C(C)(C)C)C3)C2)o1,0.0007934401510008995
CCn1cc(CNC(=O)N2CCc3ccccc32)nn1,0.0007192891531106171
CCn1ccc(CC(=O)NC2(C)CN(C(=O)C(C)(C)CO)C2)n1,0.0003474390472687873
CCn1cccc1C(=O)N1CC(CN(C)C(=O)C2CC23CCC3)C1,0.0009195994000080944
CN(C(=O)C(C)(C)C(C)(F)F)C(CNc1cc(O)ncn1)C1CC1,0.0008848592420600381
CN(C)C1(CNC(=O)Nc2ccc(N3CCOC3=O)cc2)CCCC1,0.3771288811801851
CN(C)CCOc1ccc(C(=O)OC2CCCCC2=O)cc1,0.0003196070119158647
CN(CC1CCN(c2nccnc2F)C1)C(=O)c1ccc(F)s1,0.0014228540569005013
CN(CCN(C)C(=O)C1CC(F)(F)C1)C(=O)c1cc(F)c[nH]1,0.00040974734484163465
CN1CCc2cc(C(=O)NCC3CN(C(=O)[C@H]4CCCO4)C3)ccc21,0.0008198356036868111
CN1CCn2c(CNC(=O)c3ccccc3SCCO)nnc2C1,0.0004311899290730763
CNC(=O)C1CCCC1NC(=O)NC[C@@H]1OCC[C@@H]1C,0.00038775987820862024
CNS(=O)(=O)CC(=O)NC[C@@H]1CCCN1C(=O)C1COC(C)C1,0.11464962609135741
COC(=O)[C@]1(NC(=O)c2coc(Cl)c2)C[C@@H]1C(F)(F)F,0.0005917538273626158
COC(=O)[C@@H]1C[C@@H]1C(=O)NC1CCc2c(Cl)cc(O)cc21,0.00026496494170904296
COC(=O)C[C@@H](NC(=O)NCC1CCOCC12CCC2)c1ccccc1,0.0007073683035695262
COC(=O)C[C@H]1C[C@@H](OC(=O)c2ccc(=O)n(C3CC3)c2)C1,0.15395006946076367
COC(=O)C1(C(F)F)CCN(C(=O)Nc2cc[nH]n2)CC1,0.0006133048717750891
COC(=O)C1(F)CN(C(=O)NC(c2ccco2)c2ccccc2)C1,0.0006862167625712248
COC(=O)C1CC(NC(=O)N(C)c2ccc(C#N)cn2)CCN1,0.0007247032871715535
COC(C(=O)N[C@@H]1[C@H]2CCN[C@H]21)C1CC(F)(F)C1,0.0003395880445092351
COC(C(=O)N1CCN(C(=O)c2cc3occc3[nH]2)C(C)C1)C1CC1,0.0009499362505770931
COC(C(=O)NC1(C)CN(C(=O)CCC(=O)C(C)(C)C)C1)C1CC1,0.12079017830413893
COC(C(=O)NS(=O)(=O)c1cccc(F)c1C)C1CCC1,0.0004893464504548089
COC(C)C(O)C(=O)N1CCC(O)(c2ccccc2F)C1,0.0003209745259518662
COC1(CC(=O)NCC(O)c2ccc(Cl)cc2)CCC1,0.0003842684511678312
COC1(CCNC(=O)c2oncc2C)CN(c2nnc(C)s2)C1,0.20689233560250958
COC1CC(CCC(=O)NC(C)CCNc2ncnc3c2CCC3)C1,0.0015577911342081786
COCC(C)(O)C(=O)NC(C)CC(C)NC(=O)c1[nH]c(C)cc1C,0.0003741764884045952
COc1cc(CC(=O)NCc2cccc(C(=O)O)c2)ccc1O,0.0006245376475822714
COc1ccc(CNC(=O)C2(Nc3ccccc3)CC2)c(OC)n1,0.0006691124974299598
COc1ccc(S(=O)(=O)N2CC3CC4CC3C2C4)c(C)c1C(=O)O,0.0004981433756567737
COc1ccnc(N2CCCC(NC(=O)C34CCCCC3C4)C2C)n1,0.0014778595351156495
COc1cncc(C(=O)OC(C)C(=O)NCc2cccc(OC)c2)c1,0.0004880607381961892
CS(=O)(=O)c1c(F)cc(F)cc1NC(=O)N1CCC[C@H]1C(N)=O,0.0006478007442871091
CS(=O)C1(CNC(=O)CC2CCCCC2(F)F)CCC1,0.0006916038601858117
CSc1cccc(S(=O)(=O)NCCN2CCC(C)C2)c1,0.0005134978856383093
CSc1nccc(N[C@H]2CCN(C(=O)CC(O)C3CC3)C2)n1,0.0008057089359781956
Cc1[nH]nc(C(=O)N2C[C@@H](C)[C@@H](NC(=O)CC3(O)CCCCC3)C2)c1C,0.0005796881345525291
Cc1[nH]ncc1C(=O)N1CCc2nc[nH]c(=O)c2C12CC2,0.00029683478827465296
Cc1cc(C(=O)N2CCCC(C3(NC(=O)C4CC4)CC3)C2)sc1C,0.0007895772688716687
Cc1cc(C(=O)NC[C@@H](C)NC(=O)Cc2c(Cl)cnn2C)c[nH]1,0.00044895405057578607
Cc1cc(C(=O)NCC(F)=C2CN(c3ncc(O)cn3)C2)ncn1,0.0006662668453707838
Cc1ccc(C(=O)N(C)CCNc2cc(C(F)F)ncn2)o1,0.0005967966797272026
Cc1cccc(N2CCC(NC(=O)c3c(CC4CC4)[nH]c(=O)[nH]c3=O)C2)c1,0.0008080994298280805
Cc1ccnc(N2CCC[C@H]2CNC(=O)c2coc3c2C(=O)NCC3)n1,0.0004238057544368732
Cc1cncnc1N1C2CCC1C(C)C(NC(=O)C1(O)COC1)C2,0.0006657956597779719
Cc1cnn(C(C)C(=O)N2CC(S(C)(=O)=O)CC23CCOCC3)c1,0.0004513979874773582
Cc1cnoc1C(=O)N[C@H]1C[C@@H](CNC(=O)C2(C)CCC(=O)CC2)C1,0.0002492461510264138
Cc1cnoc1C(=O)N1CCC1CNC(=O)c1ccncc1F,0.20901294716433183
Cc1cnsc1C(=O)NC[C@H](C)n1cc(CC(C)(C)C)nn1,0.0008712613462848318
Cc1nc(CC(=O)N2C[C@@H](F)[C@@H](c3ccccc3)C2)n(C)n1,0.0004420539160475691
Cc1nn(C(F)F)c(C)c1CC(=O)N[C@H](C)c1ccn(C)n1,0.0006712209766185916
Cc1nnc2cc(NCC(CC(C)C)NC(=O)[C@@H](C)N(C)C)ncn12,0.0005728000565570548
Cc1nnn(CC(=O)N2CCC(NC(=O)C3(C)CCCC3)C2(C)C)n1,0.00033769393054563503
Cc1noc(C)c1CN1CCCC(NC(=O)C2CN(C)CCO2)C1,0.0005866217815921061
Cn1c(Cl)cnc1C(=O)N1CCC1CNC(=O)CSC1CC1,0.0007740908539016373
Cn1cc(C(=O)N2CCC(NC(=O)CCC(C)(C)C)CC2)nn1,0.0003921192924601263
Cn1ncc(C(=O)N2CC[C@H](NC(=O)C3CCC(O)CC3)C2)c1C#N,0.0004681598140700445
N#Cc1ccc(CCC(=O)NC2CCC(OC(F)F)C2)c(F)c1,0.0006264941365033019
N#Cc1ncncc1N1CCC(OCc2nccs2)C1,0.0009969738459120834
O=C(CC1CCC2CC12)NCC(Nc1cc(=O)[nH]c(=O)[nH]1)C1CC1,0.0005219504979343434
O=C(Cc1ccc(O)cc1)NC1CN(C(=O)Cc2cn[nH]c2)C1,0.0002769276225156813
O=C(N[C@@H]1C[C@@H]2CC[C@H](C1)N2C(=O)CCOC1CC1)c1ccc(F)o1,0.0006464911128033336
O=C(NC12CCCNCC1C2)C1CC(c2ccc(F)cc2)C1,0.00043221808426768934
O=C(NCC1OCCO1)Nc1ccc(C2CCC2)cn1,0.0002693869788825123
O=C(NCCC1CCN(C(=O)Cn2cnnn2)C1)C1CC2(CC2)C1,0.0006701129309462731
O=C(NCc1cc(-c2ccccc2)[nH]n1)N1CCCC12CCCOC2,0.0006868919645333792
O=C(Nc1ccc(-n2cn[nH]c2=O)cc1)C1(O)CCSCC1,0.21930376498527157
O=C(Nc1ccc(F)cc1F)N1CCC12CCCOC2,0.00134617385051345
O=C(Nc1noc2cccnc12)C1(CF)CC2(CCC2)C1,0.0007874408348070941
O=C(OC1CCCCC12CCC2)C(c1cccnc1)N1CCOCC1,0.000730320411773209
O=C(c1cc(F)cnc1O)N1CCC1CNC(=O)C1(C2CC2)CC1,0.00035700694084703254
O=C1C[C@@H]2[C@@H](C[C@H]2OC(=O)C(O)c2ccc(F)c(Cl)c2)N1,0.0003676693936894062
O=C1CC2(CN(S(=O)(=O)c3ccc(-n4ccnn4)cc3)C2)C(O)CN1,0.14927802313911429
O=C1CCCN1CCCN1CCC(N2Cc3ccccc3C2)CC1,0.0003962080935195667
O=C1CN(CCc2cn(CC3CCCC4(CCC4)O3)nn2)CCN1,0.0007178837140972324
O=C1NCC2(CCN(CC3CN(c4ccccc4)CCO3)CC2)O1,0.000839437741595833
OCC1(CNc2nc(C3CCOC3)ns2)CCOC1,0.0008651371662740957
C[C@@H](O)C(=O)N1CC(C)(C)CC1CNC(=O)Cn1ncnn1,0.00019956225839932662
C[C@@H]1C[C@H]1C(=O)N1CCC(NC(=O)Cc2cn3ccccc3n2)C1,0.00048193200110495876
C[C@H](CNC(=O)c1nscc1N)NC(=O)c1ccc(C2CC2)s1,0.0008537660403552964
C[C@H]1CCC(NCC(O)COc2cccc(Cl)c2Cl)C1,0.0008768368008940336
CC(=O)CC1(C(=O)Nc2ccnn2Cc2ccco2)CC1,0.0007515619294675362
CC(=O)N1CCN(CC(C)(C)NC(=O)c2cc(F)ccc2Cl)CC1,0.00045253200561374445
CC(=O)c1cccc(F)c1NC(=O)N1CC(CO)CC12CCOCC2,0.6794016231715512
CC(C)(CS(=O)(=O)NC1CC(=O)c2ccccc21)C(F)(F)F,0.0004431162765740262
CC(C)C[C@H](O)C(=O)NC(C)(c1ccccc1)c1ncccn1,0.0004980522790362071
CC(C)C(Cc1ccc(F)cc1)NC(=O)[C@@H](N)CCc1ccccc1,0.0005825134869341471
CC(C)COC1CN(Cc2ccc(OC3CCN(C)CC3)nc2)C1,0.0007624008440368665
CC(C)OCC(O)CN[C@@H](CC1CCCCC1)C(=O)O,0.0003414111358946371
CC(C)c1nn(C)cc1C(=O)NC1(C)CCN(C(=O)c2cnoc2)C1,0.23727108878655723
CC(CC(=O)NC[C@H]1CCCN1C(=O)C1CCO1)C(F)(F)F,0.00041382788553308357
CC(CCO)C(=O)N1CCC1CNC(=O)C12CCCN(CC1)C2,0.10740885505019142
CC(CNC(=O)c1ccc(C#N)cc1)N(C)C(=O)C1(O)CCCC1,0.2540858105225003
CC(CNC(=O)c1ccnn1CC1CC1)N(C)C(=O)c1ccno1,0.2318621439460398
CC1(C#N)CC(OC(=O)[C@@H]2C[C@@]23C(=O)NC[C@H]3O)C1,0.00034683834825868825
CC1(C)CN(C(=O)[C@H]2CC2(C)C)CC(CNC(=O)Cn2nccn2)O1,0.00039451344432870874
CC1(CO)CCCN(C(=O)c2[nH]ncc2Br)C1,0.0005079629040211027
CC1(F)CC(C(=O)NCC2CN(C(=O)c3c[nH]nc3C3CC3)C2)C1,0.17090186501027654
CC12CCC(O)C(C1)N(C(=O)NCc1ncc(C(F)(F)F)cn1)C2,0.0004350082065036047
CC1C(N(C)C)CCN1C(=O)c1nc2ncccn2n1,0.00027204564583601043
CC1CC(CN2CC(NC(=O)c3ccco3)CCC2C)CCO1,0.0005628802706787939
CC1CCC(NC(=O)Cc2ccon2)CN1C(=O)c1ccc(C#N)[nH]1,0.0008879914727752571
CCC(=O)N(CCO)C1CCCN(C(=O)c2nnn(C)n2)C1,0.00019341825876107292
CCC(=O)NCC(=O)N1CCN(C(=O)c2ccnn2CC2CC2)CC1,0.00031465275500007234
CCC(C)C(=O)N1CCCC2(CC(NC(=O)[C@H](C)NC(N)=O)C2)C1,0.0004086155032621898
CCC(CC)C(C)C(=O)N1CCOCC1CNC(=O)C1CC1(F)F,0.0006903183519948342
CCC(O)(CC)C(C)(C)NC(=O)c1nc2cnccc2s1,0.0006264675979973958
CCC(F)C(=O)N(C)CCN(C)C(=O)c1ccccc1CO,0.0004289048198692498
CCC1(C(=O)N2CC(NC(=O)c3noc4c3CCCCC4)C2)CCC1,0.0011611322967337427
CCC1(C(=O)NC2CC3(C2)CN(C(=O)Cn2cccc(N)c2=O)C3)CC1,0.00028500896176422914
CCC1(NC(=O)CC2CCC3CC23)CCN(C(=O)C(C)(C)F)CC1,0.0004526166071820938
CCC1CC1C(=O)N1CCC[C@]1(C)CNC(=O)COC1(C)CCC1,0.17840257756377487
CCCC(=O)N1CCCC(C2CCN(c3ncnc(N)n3)C2)C1,0.0005116431716935895
CCCC(=O)N1CCN(CC(O)C2CCOC2)CC1,0.0002826214446486643
CCCC(C)CC(=O)N[C@H](C)CNC(=O)c1c(C)ccnc1N,0.000521138813793161
CCCCC(C)(F)C(=O)N1CCN(C(=O)CCC(F)F)C[C@@H]1C,0.0005626237912694177
CCCN(CCC)C(=O)CCCC(=O)N1CCC1(C)COC,0.0005200870284529879
CCCNC(=O)C(C)OC(=O)c1ccnn1-c1ccccc1,0.0006818053326623151
CCN(CC(C)OC)C(=O)C1Cc2ccc(OC)nc2N1,0.0003066479291892359
CCN(CCC(N)=O)C(=O)CC1CNC(C)(C)CO1,0.00023302207715179246
CCN(CCNC(=O)C(C)c1ccc(OC)cc1)CC(=O)N1CCC1,0.16655050430913523
CCN(CCNC(=O)C1(F)CCC1)C(=O)CSCc1ccncc1,0.0005948790955343671
CCNC(=O)CC1(C(=O)N2CC3CC2C3)CCCc2ccccc21,0.0005801191356093408
CCOC(=O)c1c(CN[C@H]2C[C@@H](OCC)C2)nn2c1CCCC2,0.000536538732214063
CCOC(C)(C)C(=O)N[C@@H]1CCCN(C(=O)c2ccnn2CC)C1,0.0003367686958862031
CCOC(CC)C(=O)NC1(C)CCN(Cc2cc(C)n(C)n2)C1,0.000495990645584849
CCOCC(=O)N(CCNC(=O)CCC1CCCO1)C1CC1,0.000275389455268018
CCc1cc(C(=O)N2CC(CC(C)NC(=O)CN3CCC3)C2)no1,0.0003789651786991434
CCc1cc(C)c(C(=O)Nc2ccnc(C(=O)OC)c2)o1,0.0006518421772329101
CCc1cnc(C(=O)NCC2CCCN(C(=O)COC)C2)s1,0.0005729444900240031
CCc1nnc(N2CCC[C@H](CNC(=O)c3scnc3C)C2)o1,0.0010587025271032962
CN(CCN(C)C(=O)c1ccn(C)c1)C(=O)c1ccc(Cl)[nH]1,0.0005010420386693979
CN(CCN(C)C(=O)c1ccnn1CCF)C(=O)c1cocn1,0.000544873733678354
CN(CCNC(=O)c1cn(C)c(=O)n1C)C(=O)[C@@H](O)Cc1ccccc1,0.00026449032347887285
CN1C(=O)CC(C(=O)OC2CC3CC3C2)C1c1cccc(F)c1,0.0005738563158119361
CN1CCC(CNS(=O)(=O)N2C[C@H]3CCC[C@H]3C2)CC1=O,0.0003248587457608627
CN1CCN(C(=O)N2CC3CCCC(N)C3C2)c2cc(F)ccc21,0.0008143104936615742
CN1CCN(Cc2noc(-c3ccc(F)cc3F)n2)C(CN)C1,0.00097765376302624
CNC(=O)N1CCC(NC(=O)[C@]23C[C@H]2CCC3(F)F)CC1,0.28345836409848335
CNC1(CC(=O)N[C@H](C)c2ccccc2OC)CCC1,0.000380956045139719
CO[C@H](C)[C@@H](CO)NC(=O)Cn1cc(-c2ccccc2)nn1,0.0007962580118223677
COC(=O)C1CN(C(=O)NC(C)c2cccnc2O)C1,0.11266245705715572
COC(=O)c1cc(C(=O)N2CC(F)(c3cn(CCF)nn3)C2)on1,0.0003140976442895372
COC(=O)c1cc(C(=O)N2CCC(N(C)C(=O)c3cc[nH]n3)C2)on1,0.14948236890745134
COC(=O)c1cc(C(=O)NCCN2CC3CC3C2)cs1,0.21186014971350906
COC(=O)c1cnn(C)c1NC(=O)C[C@@H]1CCN[C@H]1C,0.0006540983102520987
COC(C)CS(=O)(=O)N1CCC(CO)(NCC2CC2)CC1,0.00023639407347206148
COC(C1CC1)C(F)(F)CNC[C@@H]1C[C@@H]2O[C@H]1[C@H]1C[C@@H]21,0.0006843634282122639
COC(CNC(=O)N1CCC(n2cncn2)CC1)Cc1ccccc1,0.00046462752056800175
COC1(C(=O)N2CC(CNC(=O)C3(CO)COC3)C2)CCSC1,0.05763333365566983
COC1(CNC(=O)c2ccc3c(c2)N(C)CCC3)CCS(=O)(=O)C1,0.000706727535005428
COC1CC2(CCN(C(=O)[C@@]3(C)C[C@H]4CC[C@@H]3O4)C2)C1,0.26270533075003516
COCC(=O)N1CCC(C)(CNC(=O)c2ccn(C)c(=O)c2)CC1,0.0003233849219396574
COCC(=O)N1CCC(NC(=O)c2ccc(N(C)C)c(F)c2)C1,0.0005348074731519829
COCC(C)(NCc1cc(Br)cc(OC)c1)C(=O)O,0.00045314631131406413
COCC(C)C(=O)N1CCC2CCC(NC(=O)c3nocc3C)C1C2,0.00042514217013135886
COCC(CF)OC(=O)[C@@H]1CSCN1C(=O)C(C)C,0.0005151299169718711
COCC1(CNC(=O)C(O)C2CC2)CCCN1C(=O)[C@@H](C)N(C)C,0.13474007019873108
COc1cc(C)cc(N2CCN(CCS(C)(=O)=O)CC2)c1C,0.0005848979359303104
COc1cc(C)sc1C(=O)NCC1CCCN1CC(=O)N(C)C,0.00038593200683509777
COc1cc(C2CCCN(CC3CC3N)C2)ccc1F,0.0005226525813259906
COc1cc(OC)cc(N2CC(C(=O)N3CCC(N)CC3)CC2=O)c1,0.00067893370334874
COc1cc(OC)nc(NC(=O)N[C@@H]2c3ccccc3C[C@H]2O)n1,0.28096185398620366
COc1ccc(CC(=O)NCc2ccc(C)c(C(=O)O)c2)nc1,0.0004340805220106519
COc1ccc(Cl)c(NC(=O)N2CCN3C[C@@H](F)C[C@H]3C2)c1,0.0013101866101164147
COc1cccc2nc(N[C@H]3[C@@H]4CN(C(=O)[C@@H](O)C(C)C)C[C@@H]43)ccc12,0.16790360976524152
CSC(C(=O)NCC1CN(C(=O)C2CC2C)CCO1)C(C)C,0.0002565740889464658
CSC(C)C(=O)N(C)CC1COCCN1C(=O)C1CCSC1,0.00021636288043647668
CSCC(=O)N1C[C@@H]2C[C@H]1CN2C(=O)c1snnc1C(C)C,0.1579617231866951
CSCCC(=O)NC1CC12CCN(C(=O)C1Cc3ccccc31)CC2,0.000809691858890101
Cc1cc(C)c(C(N)C(=O)N[C@@H]2COC[C@@H]2C)c(C)c1,0.00038722465088319015
Cc1cc(N)cnc1C(=O)N[C@H]1C[C@@H](NC(=O)C(C)NC(N)=O)C1,0.00028889937312625137
Cc1cc(N)cnc1C(=O)N1CCC(CNC(=O)CC2(O)CC2)C(C)C1,0.15513685285701911
Cc1cc(NC(=O)N2CCC3(CCC(=O)N3)C2)ccc1C(=O)N(C)C,0.000646566853098962
Cc1cc(NC(C)CC(C)NC(=O)C2(N(C)C)CCC2)ncn1,0.000392834927192949
Cc1ccc(C(C)(C)NC(=O)C2CNC3(CCOCC3)C2)cn1,0.0003950433591629113
Cc1ccc(C(NC(C)C)C(=O)N2C[C@@H]3CC[C@H]2[C@H]3N)cc1,0.000460264750123787
Cc1ccc(OC2CCN(CCN3CCNC(=O)C3)CC2)c(C)c1,0.0004632379568426697
Cc1ccc(S(=O)(=O)Nc2cn(C)nc2OC(C)C)cc1,0.0010141989286020236
Cc1cccc(NC(=O)CN(C)C(=O)CC2CC(=O)C2)c1C,0.000757841192953554
Cc1cccc(NC(=O)CN(C)CC2CCCO2)c1C,0.0007484683512132374
Cc1cccnc1C(=O)NCC(C)N(C)C(=O)C1(C#N)CC1C(F)F,0.00036948703387751586
Cc1ccnc(N2CCN(CC3CCc4ncnn43)C[C@H]2C)n1,0.00040531770715642574
Cc1ccnc(NCCC2CCN(C(=O)c3cn[nH]c3C(C)C)CC2)n1,0.0016424121876018613
Cc1nc(C(=O)N2CCCCC2CNC(=O)c2nc(=O)[nH][nH]2)c(C)[nH]1,0.13516110007150509
Cc1nn(C)c(N)c1C(=O)N1CCC(F)(Cc2ccccn2)CC1,0.001259350643966005
Cc1nn(CC(F)(F)F)cc1C(=O)Nc1cnc(C(C)(C)C)nc1,0.0006847152345013055
Cc1nnn(CC(=O)N[C@@H](C)CNC(=O)CNC(=O)C2CC2)n1,0.07103312476314073
Cc1noc(Cl)c1CC(=O)N1CCC[C@@H]2CCNC(=O)[C@H]21,0.0005544780662535867
Cn1nc(C(=O)N[C@@H]2CCN(CCCO)C2)c2c1CCOC2,0.0002497837757685122
N#Cc1cc(NC(CNC(=O)CCc2ccccc2)C2CC2)ncn1,0.0016264107752814838
NC(=O)C1CCCC(C(=O)OCC(O)CCc2ccccc2)C1,0.0005899350097844075
O=C([C@@H]1CC1(F)F)N(CCO)Cc1ccccc1Br,0.0005802002369480515
O=C(CC1Cc2ccccc2O1)N1CCN(c2nc[nH]n2)CC1,0.00047492780396840724
O=C(CCC=CBr)OCC1OCCOC1(C)C,0.22663731139720728
O=C(CCc1cnoc1)NCC1(O)CCN(C(=O)c2ccc(O)cn2)C1,0.00026409575965484434
O=C(CNC(=O)c1ccc(F)cc1)NCC1CNCCCO1,0.00022668956489565586
O=C(COC(=O)[C@H]1COCCO1)Nc1nnc(-c2ccccc2)[nH]1,0.0009128180428320139
O=C(N[C@@H]1C[C@H]2[C@@H]1CCCN2C(=O)c1cocn1)c1coc(Cl)c1,0.0007523553730159687
O=C(NC1(CNc2nccc(C(F)F)n2)COC1)C1CCC(O)CC1,0.32252833656500585
O=C(NCC1Cc2ccccc2O1)C1(C2CCCCO2)CCC1,0.0007229613161320683
O=C(Nc1ccc(Cl)cn1)c1ccccc1OCC(=O)C1CC1,0.0018297557670164492
O=C(OCCN1CCOCC1)C1COc2ccc(Cl)cc2C1,0.00047819651535477926
O=C1CN(C(=O)c2cccn3ncc3c2)C2CCCCC2N1,0.5536390058679561
c1cc(C2COCCN(Cc3nnnn3CC3CC3)C2)ccn1,0.00019898768453204004
C[C@@H](CNC(=O)C1(C2(O)CCC2)CC1)n1cc(-c2cnsc2)nn1,0.6500096068621609
C[C@@H](NC(=O)CCc1ccc2c(c1)OCO2)[C@@H]1CCC[C@@H]1O,0.000631535168211017
C[C@@H]1CN(CCC(F)(F)F)CCN1C(=O)C1OCC1(C)C,0.0004675781916798569
C[C@H]1C[C@@H]1C(=O)N1CCOC(CNC(=O)C(F)F)C1,0.0002709327272876704
CC[C@@H](c1ccccc1)N(CC)C(=O)C1(CO)CCCO1,0.0005195853153437956
CC[C@@H]1C[C@H]1C(=O)N1CCCN(C(=O)Cc2ccc(O)c(F)c2)CC1,0.0004995471637231694
CC[C@@H]1CN(C(=O)c2nc[nH]c2C)C[C@@H]1NC(=O)C1CCCO1,0.2682395637695962
CC(=O)CC(C)(C)C(=O)N1CC([C@H](C)NC(=O)c2cc(F)cnc2O)C1,0.20704509048675176
CC(=O)N[C@@H](CC(C)C)C(=O)N1CCCC2(CC(NC(C)=O)C2)C1,0.19962584402679864
CC(C(=O)NC1(CO)CN(C(=O)CCc2cncnc2)C1)C1CCC1,0.0007151803855580258
CC(C(=O)NCC1(CNc2ccc(C#N)nc2)CC1)N1CCOCC1,0.0012127119840772188
CC(C)(C)OC(=O)[C@H]1CC[C@@H](Nc2ccc(C#N)nn2)CC1,0.8111621364000284
CC(C)(CCNC(=O)c1coc(=O)[nH]1)Nc1ccnc(C#N)n1,0.001063951162230857
CC(C)C[C@@H]1CCN[C@H](C(=O)N2CC34COCC3(COC4)C2)C1,0.00035662751630809576
CC(C)C(=O)CNC(=O)CCN(Cc1ccccc1)C1CC1,0.19207012542343674
CC(C)C(C)C(=O)NCC1CCC(NC(=O)CCc2ncccn2)C1,0.00023989747738739593
CC(C)C(CNC1CC(O)C12CCOCC2)c1ccnn1C,0.00046022628745073037
CC(C)CC(CCO)CNC(=O)N1CC2(CCSCC2)CC1CO,0.000638266973438111
CC(CC(=O)NC1CC2CCC1(C)C2(C)C)C1CCCO1,0.00046673850046666536
CC(CC1CN(C(=O)C(C)(C)N(C)C)C1)NC(=O)c1ccnn1C,0.0003554470794677451
CC(CCNc1ccnc(Cl)n1)NC(=O)[C@H](C)n1cnnn1,0.00035024811051420776
CC(CN(C)C(=O)c1cccnc1O)Nc1ccnc(Cl)n1,0.29374544001854475
CC(CNc1ccc(C#N)cn1)N(C)C(=O)C1CCC1(F)F,0.0011348597350064925
CC(NC(=O)c1c2c(nn1C)CCSC2)c1ccccn1,0.00044670507138215294
CC1(C(=O)N2CCN(S(N)(=O)=O)CC2)CCOc2ccccc21,0.00030274348278656145
CC1(C)C(O)C2CC1CN(C(=O)c1cccc3nccnc13)C2,0.3317387043127768
CC1C(=O)N(C)CCN1C(=O)[C@H](C)Oc1ccc(Cl)cc1,0.0004359120713296372
CC1CC(CNC(=O)CN(C)CC(C)(C)C)CN1C(=O)C1CC(=O)C1,0.2362598615716428
CC1CCN(C(=O)c2cnn(C3CC3)c2)C(C)C1NC(=O)[C@@H]1C[C@H]1C,0.00043861384645324525
CC1Cc2c(C#N)c(NC3CCOCC3)nn2C1C(N)=O,0.0007234161820506592
CC1OCCC1(C)c1nc(-c2cc3c([nH]c2=O)COC3=O)no1,0.0009115250821358507
CCC(=O)N1CC(CN(C)C(=O)c2cc3c(s2)CCOC3)C1,0.0005847058737040426
CCC(=O)NC1CCC(CCNc2ncnc(Cl)c2CO)C1,0.0010243668687999787
CCC(C)(C)C(=O)N1CCCC(NC(=O)C(C)CSC)C1,0.0005296455497203846
CCC(C)(O)C(=O)NCC(O)CNC(=O)c1cccn(C)c1=O,0.00020118060445620562
CCC(C)C(=O)N1CCOC(CNC(=O)c2nn[nH]c2C2CC2)C1,0.0003713387880343505
CCC(NC(CC)=O)C(=O)N(C)CCNC(=O)c1ccccc1CO,0.0002548651872063981
CCCC(O)C(=O)N1CCC(CO)(c2cc(F)cc(F)c2)C1,0.0003987767313090873
CCCN(C(=O)C1CC(C)C1)C1CCN(C(=O)C(CC)(CC)CO)C1,0.00041351556300965646
CCCN(CC)c1nnc(CO)n1CC(C)(C)OC,0.00036341653491767936
CCCN(CCNC(=O)C1CCC(F)CC1)C(=O)[C@@H](O)C(C)C,0.00045245205524897315
CCCc1cc(C(=O)NC2(C)CCN(C(=O)c3cncs3)C2)[nH]n1,0.0005136986173114828
CCCc1nc(C(=O)N[C@H]2CCCN(C(=O)c3cccc(=O)[nH]3)C2)co1,0.18268164924158717
CCNC(=O)[C@H](CC)NC(=O)c1ccccc1Cc1nn[nH]n1,0.00025384444126774286
CCNc1ccc(C(=O)N[C@@H]2C[C@@H]3CC[C@H]2O3)c(Cl)c1,0.0010195405320036442
CCOC(=O)C12CC(CNC(=O)N3C[C@@H](F)C[C@@H](F)C3)(C1)OC2C,0.20786463497967453
CCOC(C(=O)N[C@@H]1CCN(Cc2nn(C)c(=O)[nH]2)C1)C1CC1,0.00021050864630280656
CCOCC(=O)NC[C@@H]1C[C@H](F)CN1C(=O)CCC1CCC(C)O1,0.00035362514994290866
CCOCC(=O)NC[C@H]1CCCN(C(=O)C2CCC(O)CC2)C1,0.0003944340752164137
CCOc1ccc(C(=O)N(C)C)cc1NC(=O)C1(n2nccn2)CC1,0.35571194189154776
CCc1cc(NCC2(O)CN(C(=O)c3ccc[nH]3)C2)nc(C)n1,0.0005829681459404704
CCc1nc(C#N)cc(N(C)CCN(C(=O)c2ccc[nH]2)C(C)C)n1,0.0014425769713242189
CCn1ccnc1C(=O)NC1CCN(c2ncnc(N)n2)C(C)C1,0.0003887225278677538
CCn1ccnc1C(=O)NCC(NC(=O)c1cnnn1C)C(C)C,0.0003972700989373814
CCn1nc(C)c(C(=O)N2CCC[C@@H]2CNC(=O)CCC(=O)NC)n1,0.00018482369599755188
CN(C(=O)CCCn1ccccc1=O)C1CCN(C2CC2)CC1,0.17724107976781928
CN(C)C1CN(CC(=O)NCC(=O)c2ccc(F)cc2F)C1,0.17858301555051875
CN(CC1CCCN1C(=O)c1cn[nH]c(=O)c1)c1cnc(C#N)cn1,0.0008972429059651898
CN(CCNC(=O)CCc1c[nH]cn1)C(=O)CN1CCC(=O)NC1=O,0.00016613769428460852
CNC(=O)c1ccc(OC)c(NC(=O)NCc2ccsc2)c1,0.0008552280637807185
CNc1ccccc1C(=O)NC1CC(CNC(=O)C2(C)CCC2)C1,0.000774385102567558
COC[C@@H]1C[C@H]1NC(=O)N(C)C1CCCS(=O)(=O)C1,0.00031756958655064033
COC(=O)C1CC(O)CN(C(=O)NCc2ccc(N(C)C)cn2)C1,0.00047982384661274046
COC(=O)C1CCC(NC(=O)Nc2ccnn2C2COC2)CC1,0.34078342459285393
COC(=O)CC1CC(NC(=O)N2CCSC3CCCCC32)C1,0.0006717346550139067
COC(=O)CC1CC2(C1)CN(C(=O)c1cc3n(n1)CC(C)NC3)C2,0.0004038996937319692
COC(=O)c1cccc(Br)c1CNc1ccc(C)nn1,0.0005991234949620726
COC(C(=O)N1CCCC1CNC(=O)c1cn(C)c(=O)cn1)C1CC1,0.00028715565194232097
COC(C(=O)N1CCN(C)CC1CNC(=O)c1ccon1)C1CCC1,0.2081556049619585
COC(C)(C)C(=O)NCC1(C)CN(c2ncns2)CCO1,0.0006061514430824188
COC(C)(C)C(=O)NCC1(O)CN(C(=O)c2scnc2C)C1,0.14644747268832214
COC(C)CC(=O)N[C@@H]1CCN(C(=O)c2cn(CC3CC3)nn2)C1,0.0004428890393510424
COC1(CNC(=O)c2cnoc2)CN(C(=O)c2c(C)nn(C)c2C)C1,0.17031910970945432
COC1C(C)C(NC(=O)Nc2ncc(C)cc2Cl)C1(C)C,0.5684257742576491
COC1CCCC1C(=O)NCC(O)CNC(=O)CC(C)C(F)F,0.0003899681540133194
COC1COCCC1CC(=O)N1CCCC12CCCOC2,0.3340820862120856
COCC(=O)N1CCN(C(=O)Cc2cccc3cccnc23)C[C@H]1C,0.0003950099493546271
COCCC(=O)N1CC2(CC2)CC1CNC(=O)CC1CCCNC(=O)C1,0.16764358311546004
COCCN(Cc1ccc(F)cc1)C(=O)NCC1(C)CCC1,0.0005911521229614309
COCCN1CCC2(CC1)CN(C(=O)CCCC1CCC1)CCO2,0.0010548438989291156
COCc1ccnc(CCNS(=O)(=O)c2cccc(C(N)=O)c2)n1,0.00045048314167660513
COCc1nc(C)cc(NC2CC(C)N(C(=O)c3cnccc3C)C2)n1,0.0007505216672161462
COCc1nsc(N2CCCC(CNC(=O)c3ccoc3)C2)n1,0.0011223126521591733
COc1cc(C)nc(NC2CN(C(=O)C3CCOC(C)(C)C3)C2)n1,0.5253552554111205
COc1ccc(C(OC)C(=O)OCc2nnc(C)n2C)cc1,0.00032130862672349295
CS(=O)(=O)NCC1CCCCN1S(=O)(=O)[C@@H]1C[C@H]1C(C)(C)C,0.0007532646223312333
CS(=O)CCC(=O)N1CCC1CNC(=O)C12CCCC1CCC2,0.000893966551564249
CSC(C)C(=O)N1CCN(C(=O)c2cc3n(n2)CCCO3)C(C)C1,0.0003101800173697112
CSCC1CC(NC(C)CC(C)NC(=O)OC(C)(C)C)C1,0.0005306625677284818
CSCCC(=O)N1CC2CCC1C(CNC(=O)[C@H]1CCCO1)C2,0.0006109995989036646
Cc1cc(C(=O)N[C@H]2[C@@H]3CN(c4nnnn4C)C[C@@H]32)nn1CCO,0.0002000055417720065
Cc1cc(C(=O)N[C@H]2C[C@@H](NC(=O)c3cnoc3C)C2)cc(C)n1,0.14346980300386517
Cc1cc(C(=O)N2CC[C@H](CNC(=O)c3c(C)coc3C)C2)[nH]c1C,0.25897470208218987
Cc1ccc(N2CCN(C(=O)c3cnc(C4CC4)nc3)C[C@H]2C)nn1,0.00030691511826631135
Cc1ccccc1CC(NC(=O)CCNC(=O)c1ccoc1)C(=O)O,0.0003637805736033414
Cc1conc1CC(=O)N1CCN(C(=O)C2(CF)CC2)C2(CCC2)C1,0.0005434211101263925
Cc1n[nH]c(CN2CCCC(C)(CNC(=O)C3CC3)C2)n1,0.00029892781222885914
Cc1nc(C(=O)NCC(NC(=O)c2nncn2C2CC2)C(C)C)co1,0.15350069657108087
Cc1nc(C2CC2)oc1C(=O)N1CC[C@H](CNC(=O)C2CCOC2)C1,0.0002845893143695792
Cc1nc(C2CCCCCN2C(=O)COCC2CCOC2)no1,0.0004141942075477237
Cc1nc(CC(=O)NC(CNC(=O)[C@H]2C[C@@H](O)C2)C2CC2)sc1C,0.00015033559073718403
Cc1nccc(NCC2(NC(=O)c3nc(=O)[nH][nH]3)CCC2)n1,0.00029692591177637225
Cc1ncoc1C(=O)N1CCC(C2(NC(=O)CC3CCCC3)CC2)C1,0.0009592526475700455
Cc1nnc(C2CCCN(C(=O)NCC3(C4CC4)CC3)C2)o1,0.0003396658544176088
Cc1nnc(N2CCC[C@@]2(C)CNC(=O)Cc2ccc(Cl)cn2)o1,0.000502528914862925
Cc1noc(Cl)c1CC(=O)N1CCC2COCCC21,0.00039689179955522814
Cn1nc(Br)c(CN2CCCc3ccncc32)n1,0.0008563910712858832
N#CCC(=O)N1CCC(NC(=O)C23CC2C3)CC1C1CC1,0.5166499254514871
N#CCc1cccc(S(=O)(=O)NC(=O)C23CCC(CN)(C2)OC3)c1,0.00044856581030249784
N#Cc1ccc(C(=O)N2CC(CNC(=O)[C@@H]3[C@H]4CCCC[C@H]43)C2)cc1,0.0015195867652649674
N#Cc1ccc(N2CC(C(=O)OCC3CCCCO3)CC2=O)cc1,0.0015519033707526396
N#Cc1cccc(C(=O)N2CC(CCn3cc(CO)nn3)C2)n1,0.00042302682953775165
NC[C@@H]1CCCCN1C(=O)c1sc(Br)nc1C1CC1,0.2933596151493524
NC(=O)C12CCCC1CCC2NC(=O)c1c2c(n[nH]c1=O)CCC2,0.0003418164585350488
NC(=O)CSCC(=O)N1CC(CNC(=O)C2CCOC2)C1,8.787903392110196e-05
NC(=O)c1nnc(NCC2CCN(C(=O)CC3COCCO3)C2)s1,0.000392968314354857
NCC1(C(=O)NCc2nc(-c3cccs3)c[nH]2)CC2(CC2)C1,0.0005756811049301015
O=C(COC1CCCNC1)NCCc1nnc2c(=O)[nH]ccn12,0.00014780856014023775
O=C(Cc1ccc(F)c(F)c1)N[C@H]1[C@@H]2CC[C@@H](O2)[C@H]1C(=O)O,0.00027260214266925455
O=C(N1CC(C(F)(F)F)OC(c2ccccc2)C1)C1(O)CCCC1,0.0006219402134375106
O=C(NC[C@H]1CCN(C(=O)C2CC23CCCC3)C1)c1cccc(=O)[nH]1,0.21519982470664265
O=C(NC1(CNC(=O)c2csc3cncn23)CCC1)C(F)F,0.00043237175523837875
O=C(NCC1(F)CC(C(=O)O)C1)[C@@H]1CC[C@H]2[C@@H](C1)C2(F)F,0.00048324431164508406
O=C(O[C@@H]1COC[C@H]1OC(F)(F)F)c1coc(-c2nn[nH]n2)c1,0.0011505171395439777
O=C(OCC(=O)N1CCCC1=O)c1cnn(-c2ccccc2)c1F,0.1524791615447923
O=C(c1cnn(-c2ccncc2)c1)N1CC(CO)OCC12CCC2,0.0007467450343030535
O=C(c1nnc2c(Br)cccn12)N1CC(F)C1,0.0004266587483001464
O=S(=O)(Nc1ccn(CC2CCOC2)n1)c1cncnc1,0.0007168769671808303
C[C@@H](CNc1cc(O)ncn1)NC(=O)c1cnoc1C1CCOCC1,0.0006989243884466704
C[C@@H](CO)n1cc(C2CN(C(=O)C3CCc4cnn(C)c4C3)C2)nn1,0.0004703462416937693
C[C@@H]1CCN(C(=O)N2NC3CCC2C(=O)N3)[C@H](C)C1,0.0003295550487838488
C[C@H](C(=O)OC(C)(C)C)N(C)C(=O)c1ccncc1O,0.00044396621852069374
C[C@H]1CN(C(=O)C2=C(Cl)CCOC2)C[C@H]1NC(=O)c1cncs1,0.264571137255757
C[C@H]1CN(C(=O)c2ccccc2C2(C)CC2)C[C@@H](C)N1CCO,0.0005042641612292378
CC[C@H](NC(=O)c1cc(C)n(-c2ccc(C)cc2)n1)C(=O)O,0.0007005398915871634
CC(=O)CC(C)(C)CC(=O)N1CCC(NC(=O)C(C)(C)CF)C1,0.3446335343768366
CC(=O)NCC(C)(C)C(=O)NC1CCCN(CC(C)O)C1,0.00047133245551035267
CC(=O)Nc1cccc(OCC(=O)N(C)C2CCN3CCOC2C3)c1,0.0005596321840011078
CC(C(=O)N1CC2CC2(O)C1)(c1ccccc1)N1CCOCC1,0.00039854260996703857
CC(C(=O)NC1CN(C(=O)c2ncc(F)cc2F)C1)S(N)(=O)=O,0.00018968394011457108
CC(C)C(=O)N[C@@H](CO)C(=O)N1CCCC[C@H]1CNC(=O)C(F)F,0.12034503153170636
CC(C)Cc1cc(N2C[C@@H]3C[C@H]2CN3C(=O)c2ccsn2)ncn1,0.001170631191100836
CC(C)N(C(=O)[C@@H]1C[C@@H](O)CN1)C1CCN(c2ccncc2)CC1,0.0005584166292763347
CC(C)N(CCN(C)Cc1csnn1)C(=O)c1ccnn1C,0.00047657592727506936
CC(C)OCC(=O)N(C)CC1CCCN1c1ncc(Cl)cn1,0.0005539255229346474
CC(CC(=O)N1CCCC(Nc2ccn3ccnc3n2)C1)C(F)F,0.5342726346107534
CC(CC1CCCC1)C(=O)NC1CC2CS(=O)(=O)CC2C1,0.000797844009469551
CC(CC1CN(C(=O)c2cnn(C)n2)C1)NC(=O)CCC1CC1(C)C,0.0005095255495394643
CC(CNC(=O)[C@@H](C)O)NC(=O)c1nc(Cl)cs1,0.0003973553963865808
CC(O)C(=O)NC1CCN(C(=O)C2CC(C3CCC3)C2)CC1,0.0002182648263979194
CC1(C(=O)N2CC3(CCN(C(=O)Cn4cccn4)C3)C2)CCC(=O)NC1,0.1602805102796623
CC1(C)CCCC1C(=O)N1CCCN(C(=O)C2CC(F)(F)C2)CC1,0.00043624803306566
CC1(C)CN(C2CCOCC2)CC1NC(=O)COCc1nnc[nH]1,0.00045420200669089335
CC1(CN)CCCN1C(=O)NC1CCCCC12CC2,0.0006840584322242598
CC1(NC(=O)CS(C)(=O)=O)CCN(C(=O)COC2COC2)C1,0.10694352826260314
CC1CC(NC(=O)C23COC(C2)C3)CN1C(=O)CCC1CC(F)(F)C1,0.15629254326629938
CC1CCC(C)(NC(=O)c2cn3cccnc3n2)CC1,0.001626917898729691
CC1CCCS(=O)(=O)N1C(=O)C(C)(C)Oc1ccccc1,0.0005302071044664766
CC1CN(C(=O)C2CCCCC2O)CCN1C(=O)CC1CCCO1,0.0004412217948019772
CC1OC(=O)NC1C(=O)N1CCN(C(=O)C2Cc3ccccc32)CC1,0.1963646267227354
CCC(=O)N1CCN(C(=O)CC(O)CN(C)C)[C@H](C)C1,0.00037826879198848523
CCC(=O)c1ccc(F)c(NC(=O)N2CC[C@@H](NC(=O)C3CC3)C2)c1,0.6344278892978364
CCC(C#N)(CC)C(=O)N1CC(CO)(NC(=O)c2ccc(=O)n(C)n2)C1,0.0006682562930733116
CCC(C(=O)OC1CC(CS(C)(=O)=O)C1)N1CCCC1=O,0.00041807375810365687
CCC(C)(C)C(=O)NCC1CCCN(CCc2cnn(C)c2)C1,0.0011831719049385137
CCC(CC(=O)N[C@H]1[C@@H]2CN(C(=O)CC3OCCC3C)C[C@@H]21)C(C)C,0.000505323187368201
CCC(CO)C(=O)NCC1CCN(C(=O)c2cnc(C3CC3)nc2)C1,0.0005123259965744303
CCC(SC)C(=O)N1CC2CC1CN(C(=O)[C@H](C)O)C2,0.0002680860405045829
CCC1(C(=O)NC2CN(C(=O)c3cc(C4CCC4)no3)C2)CCCC1,0.0010858054615747416
CCC1(C(=O)NCCN(C(=O)CC2(CO)CC2)C2CC2)CCC1,0.38967238900252926
CCCC(=O)N[C@H]1C[C@H](NC(=O)c2cccc(OC(F)F)n2)C1,0.0004547152441965571
CCCC(C(=O)N1CC(NC(=O)Cc2nccn2C)CC1C)C(C)C,0.0003755824244147851
CCCC(C)C(=O)N(C)C(C)CNC(=O)c1cn[nH]c1C(C)C,0.0005242715508424009
CCCC1CN(c2cc(=O)n(C)c(=O)n2C)CCN1c1cccc(C)c1,0.3942491041442145
CCCCC(NC(N)=O)C(=O)NC1CC2CCC(C1)N2CC(C)C,0.00042857555562125234
CCN(C(=O)CNC(=O)CN)C1CCN(C(=O)C(C)(C)CC#N)C1,0.0006179165991613071
CCN(C(=O)CO)C1CCN(C(=O)c2cnc3cnccc3c2)C1,0.0003146447177490775
CCN(CC(=O)N(CC)C1CCCN(C(=O)c2cnco2)C1)C1CC1,0.0003332974484479998
CCN(CC(=O)NC(=O)NC1CCCC1)CC1CCC(C)C1,0.0011028659356705727
CCN1CCC2CCC(C1)N2C(=O)c1cccc2c1CCC(=O)N2,0.0010623374654315804
CCN1CCN(C(=O)c2n[nH]c3c(=O)[nH]ccc23)C(C)C1,0.00028670487021595787
CCNC(=O)C1CCN(c2nnnn2CC2C(C)(C)C2(F)F)CC1,0.0005191293234720985
CCOC(=O)N(C)CCCC(=O)N1CCOCC12CCOCC2,0.000300526304359294
CCOC(C)c1noc(CN(C)C(=O)[C@@H]2C[C@H]2C(CC)CC)n1,0.0003886990715183284
CCc1[nH]ccc1C(=O)N1CCC(NC(=O)c2cc(OC)ns2)C1,0.23454848114823154
CCc1c(C(=O)N2CCC3CCC(C2)N3CCCO)cnn1C,0.0004777513830947274
CCc1ccc(CN2C(=O)C[C@@H](c3ccccc3)NC2=O)cn1,0.0004990807713539018
CCc1cccnc1C(=O)NC[C@H]1CCN(C(=O)Cc2nnco2)C1,0.00029516013460251613
CCc1nnc(C(=O)NCC(C)CNC(=O)c2ncccc2CO)[nH]1,0.00021706133454230068
CCc1noc(CCC(=O)N[C@H](C)CNc2ccnc(C#N)n2)n1,0.0004432525558706876
CCn1cc(C(=O)N2CC(C)C(CNC(=O)c3ocnc3C)C2)nn1,0.1668388259637467
CCn1ccc(CC(=O)NC(C)CNC(=O)C2CN3CCN2CC3)n1,0.00021698498827817244
CCn1cccc1CN(C)C(=O)[C@H](N)CCc1ccccc1,0.0005800667966138839
CCn1ncc(CNC(=O)Cc2ccc(OC)c(C)c2)c1C,0.00047215516692215913
CN(C[C@@H]1CCCN1C)c1nnnn1Cc1cccnc1,0.000557277969288589
CN(C)CCc1cn(C2CC(NC(=O)CC(C)(F)F)C2)nn1,0.0003776112928170346
CN(CC1COCCN1c1ncc(O)cn1)C(=O)CC1CC2(CC2)C1,0.0010576918924763588
CN(CCC(N)=O)C(=O)NCc1ccc(C#N)c(Cl)c1,0.0005294605381582395
CN(Cc1nnc2n1CCCC2)C(=O)N[C@H]1CC[C@@H](S(C)(=O)=O)C1,0.000284130764573464
CN1CCC(N2CC(O)(CNC(=O)c3csc4ccccc34)C2)C1=O,0.14347684998828916
CO[C@@H]1C[C@@H](O)CN(C(=O)NCC(CN(C)C)c2ccccc2)C1,0.00045459150231471354
CO[C@H](C)[C@H](NC(=O)c1cccc(F)c1F)C(=O)O,0.0005792921839519376
COC(=O)[C@@H]1CC[C@H](CNc2cc(C)c(F)cc2C#N)O1,0.001454231416165499
COC(=O)[C@H](C)OC(=O)C(C)(C)Oc1ccc(C#N)cc1Cl,0.0006425662504674751
COC(=O)[C@H]1C[C@@H](OC)CN1C(=O)c1ccn2ccnc2n1,0.00022884651494058068
COC(=O)C1(c2ccccc2NC(=O)COC2CCN(C)CC2)CC1,0.3521299984612015
COC(=O)C1CCCC(C(=O)NCC(CO)c2ccccc2)C1,0.0004485297162733659
COC(=O)C1CN(C(=O)[C@@H](N)c2ccccc2)Cc2ccnn2C1,0.0003145193834576237
COC(=O)CN(C)C(=O)c1cccc(C(C)(F)F)n1,0.00036442611748827426
COC(=O)COc1ccc(NC(=O)N2C3CCC2COC3)cc1Cl,0.0012388900737855424
COC(=O)NCC(=O)N1C[C@@H]2C[C@H]1CN2C(=O)[C@H]1CC1(C)C,0.11168553914656155
COC(C(=O)NCC(C)NC(=O)COC1CCN(C)CC1)C(C)C,0.00037899338591928285
COC(C(=O)OCc1nnnn1C1CCOCC1)C1CC(F)(F)C1,0.0003815181292113551
COC(CC(C)C)C(=O)N[C@@H]1CCCN(C(=O)[C@H](C)O)C1,0.00026537002749620146
COC(CN1CCC(NC(=O)CC2CC2(C)C)C(O)C1)C1CCC1,0.0004302858924092679
COC1(CS(=O)(=O)N2CCCC(CCO)C2)CCCCC1,0.0008061563671099941
COC1CCN(Cc2ccc(-c3cccnc3)s2)CC1,0.0006978457955995464
COCC(=O)OCC(Cc1ccccc1)CC(F)F,0.0005501095270259531
COCCC(=O)N1C[C@]2(C)CN(C(=O)[C@@H](O)C(C)C)C[C@]2(C)C1,0.00034236307301389245
COCCC(C)(C)c1noc(C(C)(Oc2ccccc2)C(=O)OC)n1,0.0004218104426689638
COCCC(C)C(=O)N1CCC(CN(C)C(=O)c2coc(C)n2)C1,0.00036362421823951793
COCCN(CCC#N)C(=O)NC1(C(=O)O)CC(COC)C1,0.0009364263287345155
COc1cc(C(=O)N2CCN(Cc3nnn(C)n3)C[C@@H]2C)ccn1,0.00016790191380984946
COc1ccc(NC(=O)Cc2cc(F)c(C)cc2F)c(OC)n1,0.0007696588261641059
COc1nc(C)cc(N2CC([C@H](C)NC(=O)c3cnc(Cl)[nH]3)C2)n1,0.0010884358798422856
Cc1[nH]c(C#N)cc1C(=O)Nc1ccn(CCC#N)n1,0.001055558641893782
Cc1cc(C)c(C(=O)NC2(CNC(=O)CC3OCCC3C)CCC2)o1,0.000486188054695686
Cc1cc(C)cc(C(=O)N2CCC(NC(=O)c3c[nH]cc3C)C[C@H]2C)c1,0.0006835796744584052
Cc1cc(CC(=O)NCCN(C)C(=O)c2ncccc2O)ccn1,0.00021228249881956538
Cc1ccc(C(=O)N2C[C@@H](C)[C@@H](NC(=O)CCC3CCCN3C)C2)[nH]1,0.0004960161523488691
Cc1ccc(F)c(CC(=O)OC(C)C(=O)OC2CCOCC2)c1,0.0005497257741092914
Cc1ccsc1CNC(=O)N1CCC(O)C(F)(F)C1,0.0004857027724824008
Cc1cn2ccc(NC(=O)N3CCOC(CO)C3)cc2n1,0.0006851964076952425
Cc1cnc(C(=O)NC2CCCC(NC(=O)C3CC(C)(C)C3)C2)cn1,0.0009302328685297732
Cc1cocc1C(=O)NCC(CC(C)C)NC(=O)CC(O)C(C)C,0.0005829921331173861
Cc1csc(CN(C)C(=O)CCC2CCC(=O)NC2)c1,0.0005235877774909594
Cc1nc(C(=O)NC2CCCN(CC3CCCOC3)C2C)c[nH]1,0.0004953211928782077
Cc1nc2ncnn2c(N(C)CCNC(=O)CC2CSC2)c1C,0.0009884504363715737
Cc1ncn(CCc2noc(COC(=O)C(C)(C)C)n2)n1,0.00042656875108870913
Cc1ncnc(NC2(CNC(=O)Cc3cnn(C)c3C)CC2)c1F,0.0011928677312975269
Cc1nnc2n1CC(C(=O)N1CC3CCCC(C1)C3O)C2,0.00031043668832382354
Cc1nnn(CCNC(=O)NCc2ccc3c(c2)COCC3)n1,0.0002327424337018221
Cc1noc(C2CC2)c1C(=O)N(C)C1CCN(C(=O)CN(C)C)CC1,0.1652538868839423
Cn1c(=O)c(CNC(=O)[C@@H]2C[C@H]2C2CCCO2)c(F)c2ccccc21,0.0006293437781130313
Cn1cc(C(=O)N2CCC3CCC(C2)N3CCO)ncc1=O,0.0003255550207370558
Cn1nccc1C(=O)N1CC(C)(NC(=O)c2cc(C(N)=O)ccn2)C1,0.09924802866352361
N#CC1(C(=O)NCC2CCN(C(=O)c3cc(Cl)no3)C2)CCC1,0.23120364576915797
N#Cc1cc(C(=O)N2C3CCC2C(=O)NC3)ccn1,0.0005759838522865823
NC(=O)c1ccc(CNC(=O)NCC2CCCC23CCOCC3)cn1,0.00028364222273909753
O=C(CC1CC1)NC1CCC2CC1CN2C(=O)[C@H](O)c1ccccc1,0.00046164855400115533
O=C(CCn1ccnc1)NC1CN(CCc2ccccc2)CCC1(F)F,0.0014140707911915107
O=C(CO)NCCC(=O)N1CCC1CNC(=O)[C@@H]1[C@H]2COC[C@H]21,0.00016862457525868767
O=C(N[C@H]1C[C@H](Nc2ncc(O)cn2)C1)c1ccno1,0.08829883819940469
O=C(NCC1(c2ncccc2F)CC1)[C@@H]1CCCN1CC(F)(F)F,0.0004226732581812991
O=C(NCC1CCCN1Cc1ccccc1)N1CCC2(CCNC2)C1,0.000660302125355771
O=C(NCc1ccc(C2CC2)cc1F)N[C@@H](CO)C(=O)O,0.00032123930982908894
C[C@@H](Cn1cc(C(O)C2CC2)nn1)NC(=O)CC(O)C1CC1,0.00022612312090377294
C[C@@H]1CN(C(=O)Cc2ccoc2)C[C@@H]1NC(=O)CCC1CCOC1,0.0003920472464257774
C[C@@H]1CS[C@H](C(=O)N(C)CC2CCOCC2)CN1,0.00040976317732897773
C[C@H](CNC(=O)c1ccns1)NC(=O)C1CCCC(F)(F)C1,0.0004807474210726205
C[C@H]1C[C@@H]1C(=O)N1CCCC(CNC(=O)c2ccc(N(C)C)cn2)C1,0.0006654090183133486
CC(=O)Nc1cccc(-c2noc(C3CCS(=O)(=O)C34CCC4)n2)c1,0.5662377812632672
CC(=O)Nc1ncc(CNc2ccc(C3(C(=O)O)CCC3)cc2)s1,0.0008912661230064997
CC(C(=O)N1CCC(CN(C)C(=O)C2(O)CC2)C1)C1CCCO1,0.000497570637780862
CC(C(=O)NCC1CCN(C(=O)c2cnsn2)CC1)C1CCCC1,0.45517497459405537
CC(C)[C@H](CO)NC(=O)NCc1cc2c([nH]c1=O)CCN(C)C2,0.0001782838716877253
CC(C)C(CNC(=O)c1cn(C)nc1Cl)NC(=O)C1(O)CCC1,0.0004571717627956723
CC(C)C(NC(=O)CN1CCCc2sccc21)C1CC1,0.0004408304524805393
CC(C)N(C)C(=O)CC1CCN(C(=O)NCC2CCCS2)CC1,0.0006309178713904642
CC(C)N(CCN(C)CC1CC1)C(=O)c1ccc(N(C)C)cn1,0.0009361819519474951
CC(C)N1CCCOC(CNC(=O)c2cc(C3CCC3)nn2C)C1,0.0008279346891775514
CC(C)c1n[nH]c(C2CCN(S(=O)(=O)N3CCCOCC3)CC2)n1,0.00026755777965242094
CC(C)n1ccc(CC(=O)N2CC[C@H](Oc3ccc(F)cc3)C2)n1,0.0004935878680211247
CC(CNC(=O)CC1NC(=O)c2ccccc21)CNC(=O)C(C)C#N,0.2613952985443889
CC(O)C(NC(=O)c1ncnc2ccsc12)C(F)(F)F,0.0007856675891467085
CC(O)CN(C(=O)[C@@H]1CC[C@H](C(N)=O)C1)C1CCCC1,0.0003427993530236913
CC(F)(F)CCNC(=O)N1CCC(C(=O)NCC(F)(F)F)CC1,0.0004845247670305226
CC1(C(=O)NC2CCN(C(=O)c3ncoc3C3CCCO3)C2)COC1,0.0005150209954871344
CC1(C)CCN(C(=O)C2(C3CCC3)CC2)CC1NC(=O)CN1CCC1,0.3603287101464952
CC1(C)CN(S(=O)(=O)c2ccnn2CC2CC2)Cc2ccccc21,0.0005604976213919423
CC1(C)c2ccccc2C1C(=O)N1CCN(CCOC2CCC2)CC1,0.0007544900170175845
CC1(CN2CCC(=O)N(CC3CCCS3)C2=O)CCC1,0.0006831970200273086
CC1=NOC(C(=O)NC(C)C2(O)CN(C(=O)CC#N)C2)C1,0.0702642767474365
CC1CC(CO)CN1C(=O)NC1CCS(=O)(=O)C1,0.00028787303440756427
CC1CC(NC(=O)CN(C)C)CN1C(=O)C(C)n1cccc1,0.1388167147106534
CC1CN(C(=O)C(C)(O)C2CC2)CC1NC(=O)c1cc(O)n(C)n1,0.0003552787256709416
CC1CN(C(=O)CCn2ccnn2)CCC12CCCN(CCCO)C2,0.0008541086890316053
CC1CN(C(=O)c2cnc[nH]2)CCN1c1nc2c(cc1C#N)COCC2,0.547965898939425
CC1CN(C)CCN1C(=O)c1cc(-c2ccc(F)cc2)ns1,0.0011586449183011776
CCC(C)(C#N)C(=O)NC1CCN(C(=O)c2nn(C)cc2C)CC1,0.0006940933330885342
CCC(C)(C)CC(=O)N1CC(O)(CNC(=O)c2cnc(C)cn2)C1,0.16263982923015283
CCC(C)C(=O)N1CCC2(CC1)CC(NC(=O)C(F)C(C)C)C2,0.0004158745558007535
CCC(C)CCC(=O)N(CC)CCNC(=O)Cc1cc(C)[nH]n1,0.000553663260583592
CCC(CC)C(=O)N1CCC2(CCN(CC(C)OC)C2)C1,0.000562180536165589
CCC(CC)C(C)C(=O)N[C@H]1C[C@@H](NC(=O)c2cnc(C)c(N)c2)C1,0.0005205647656864387
CCC(CNC(=O)c1sccc1CN(C)C)Nc1ncc(O)cn1,0.0005809544519046557
CCC(O)C(CC)NS(=O)(=O)c1cccc2nonc12,0.00034819219448066344
CCC(O)CC(=O)NCC1CCCN(c2cc(C)ncc2C#N)C1,0.5339642029079678
CCCCC(=O)NC1CCN(C(=O)CC2COC(=O)C2)C(C)C1,0.00046267163420133484
CCCN(CCNC(=O)[C@@H]1C[C@H]1C)C(=O)COCC(F)(F)F,0.0004605833191983932
CCCOc1ccccc1C(=O)NC(C)(CNc1nnco1)C1CC1,0.6131271381094499
CCCc1nsc(N)c1C(=O)NC(CC)CNC(=O)[C@H]1C[C@@H]1C,0.0005916769426650883
CCN(C)CC(=O)NCC(C)Nc1cc(F)ncn1,0.0005416660405954618
CCN(CC)[C@H](C)CNC(=O)C(C)(C)c1ccc(C)cn1,0.0006051037528615417
CCN(Cc1cccc(OC)c1)c1nnc(C2(O)CC2)n1CC(C)C,0.001083466672602283
CCOC(C(=O)OCC(=O)N1CCOCC1)C1CCOCC1,0.0002765934319567324
CCOc1cc(C(=O)N2CC(O)(C(C)NC(=O)C(C)OC)C2)n[nH]1,0.00030907688289086126
CCOc1nc(N[C@H]2C[C@@H](CO)C2)ncc1Br,0.0003978953217636662
CCSc1cncc(NC2CCCNC(=O)c3[nH]ccc32)n1,0.0005195099613220446
CCc1cnc(CCNC(=O)CN2CCOCC2=O)s1,0.00028184963915174133
CCc1nn(C)cc1C(=O)N[C@@H](C)CCNC(=O)C1(C)CC1,0.00038374708271109387
CN(C)C1(CNC(=O)Nc2ccn(CCF)n2)CCCCC1,0.0005802558959727174
CN1C(=O)c2ccc(NC(=O)NCC3(CO)CC3)cc2C1=O,0.466734782446228
CN1CC[C@@H]2CN(C(=O)NCC(c3ccccc3)C(F)F)C[C@@H]21,0.0005732619874123078
CN1CCC[C@@H]1C(=O)NCC1CCN1C(=O)C1(C2CCOCC2)CC1,0.00030498664870879467
CN1CCC(CNC(=O)c2cc(-n3cccc3)ccn2)C1=O,0.23788553807170823
CN1CCN(C(=O)c2cccc(N3CCN(C(=O)OCCO)CC3)c2)C1,0.28477861176696917
CNC(=O)CC(C)NC(=O)Nc1cn(C)nc1OC1CC1,0.0005857105488802755
CO[C@@H](C(=O)NC1(C)CCN(Cc2cc(C)ncn2)CC1)c1ccccc1,0.0005473589283861312
COC(=O)[C@@H]1CCC[C@H](CNC(=O)NCc2ncn(C)n2)O1,0.0003291816150928796
COC(=O)CC[C@@H]1CC[C@H](C(=O)N(C)C2CN(C(=O)OC)C2)O1,0.0002597163008990246
COC(=O)c1cc(NC(=O)c2ncc3n2CCC3)c[nH]1,0.0005594093733464728
COC(C)C(=O)N1C[C@@H]2C[C@H]1CN2C(=O)C(C)Cn1ccnc1,0.00028874752387640277
COC(C)CC(=O)N1CCN(C(=O)C(OC)C2CCOC2)C[C@H]1C,0.0003247738557769166
COC1CC(C(=O)N2C[C@@H](C)[C@@H](NC(=O)C3(C)CC(F)C3)C2)C1,0.0004495499971458501
COC1CC(COC(=O)c2ccc(-c3ccco3)[nH]c2=O)C1,0.7186810654315943
COCC(=O)N[C@H](C)CNC(=O)c1cc(C)ncc1C,0.00029451136256519576
COCC(C)NCc1cn(-c2cccc(C#N)c2Cl)nn1,0.0010040198857611004
COCCC(C)CNC(=O)N(C)Cc1cnn2c1CNCC2,0.00032671899810130087
COCc1ccc2occ(C(=O)N3CCCC[C@@H]3CNC(C)=O)c2c1,0.0006944340242955306
COCc1nc(C(=O)NC2CCN(CC(F)(F)F)C2)co1,0.00032297234893014057
COc1cc(C(=O)N2CC3CCC2(c2ccccc2C)C3)ncn1,0.0008520223336582569
COc1cc(CC(=O)NC2CCSc3ccccc32)ncn1,0.0005284662764358097
COc1ccc([C@@H](C)NC(=O)N2CCC23CC(CO)C3)cc1,0.0006015486110422227
COc1ccc([C@H]2C[C@H](NC(=O)C3CCC(=O)NC3)C2)cc1,0.00046449349394293496
COc1ccc(C(=O)NC(C)Cn2cc(C3(O)CCCCC3)nn2)o1,0.0004301674250696799
COc1ccc(CCC(=O)OCCC2CCNC2=O)cc1OC,0.0004784168447140026
COc1ccc(NC(=O)N[C@@H]2CCCC[C@@H]2Nc2ccncn2)nn1,0.0007611577841064377
COc1ccc2c1c(C(=O)N1CC(CO)C3(CCOCC3)C1)cn2C,0.0
COc1cccc(NCCC(=O)N2CC3(CCC3)C2)c1,0.000822229547752429
CSCCC(=O)N1CCC[C@]1(C)CNC(=O)CC1CCC(O)C1,0.00043983489213344893
Cc1cc[nH]c1C(=O)N1CC(NC(=O)c2cocn2)CCC1C,0.0004432261048095831
Cc1cc(C(=O)N(C)CC(C)NC(=O)CCCC(C)O)cs1,0.0005280145926907023
Cc1cc(C(=O)N2CCC(C)(CNC(=O)c3cn[nH]c(=O)c3)C2)no1,0.00038521438333625086
Cc1cc(C(=O)NCC(C)N(C)c2nnc(CO)s2)co1,0.000556629442501241
Cc1cc(CC(=O)NCC2CCCN2CCN2CCCC2=O)on1,0.0003602284995511685
Cc1ccc([C@@H]2C[C@H]2Nc2ccnc(N(C)C3CCNC3)n2)cc1,0.0003915924890702973
Cc1ccc(-c2cncc(C(=O)NCC(O)C3CCCC3)c2)cn1,0.0008374675821085598
Cc1ccc(C)c(C(=O)N2CC3(CCN(C(=O)C4CC(C)C4)CC3)C2)n1,0.0005053508182170523
Cc1cccc(CC(=O)N2CC(NC(=O)C(C)CF)C(C)(C)C2)c1,0.0004963514262965226
Cc1ccccc1CCNC(=O)CN1CCC(O)c2cccnc21,0.0004916505609007141
Cc1ccnc(CNC(=O)c2cc(S(C)(=O)=O)c(C)o2)c1F,0.0005039797049918732
Cc1ccsc1C(=O)NCC1CCN(c2cc(O)ncn2)C1(C)C,0.7317595917314833
Cc1cnc(C(=O)NC[C@H]2C[C@H](NC(=O)C(C)C3CC3)C2)cc1Cl,0.0003169201923723048
Cc1cnc(N2CC[C@H](NC(=O)c3ccc(C)c(C)c3)C2)nc1O,0.001133979916363969
Cc1cnsc1C(=O)NC1CCC(C)N(C(=O)c2ccnnc2)C1,0.0003776257129711874
Cc1nc(C(=O)N2CC(CN(C)C(=O)C(C)CO)C2)c2n1CCCC2,0.000365464144373314
Cc1nc(O)cc(N(C)C(C)CNC(=O)COc2ccccc2)n1,0.0007142085152152583
Cc1ncccc1C(=O)N[C@@H](C)CCNC(=O)Cn1ncnn1,0.00016457325229185876
Cc1nccn1CC(=O)NC(C)(C)c1cn(CCCO)nn1,0.0001569049294562283
Cc1nn(-c2ccccc2)c(C)c1C(C)NC(=O)[C@H]1CCCO1,0.0007565204853455058
Cc1nnc(N2CC(C)(C)CC2CNC(=O)C2(O)CCCCC2)o1,0.001271313628350063
Cc1oc(C(=O)NC2CCN(C(=O)CO)CC2O)cc1CO,0.00018014386737817773
Cc1oc(C(C)C)cc1C(=O)N1CC(C)(C)C[C@H]1CNC(=O)[C@H]1C[C@@H]1C,0.0003824888034022678
Cn1ccnc1C(=O)N[C@H]1C[C@H](CNC(=O)c2ccncc2N)C1,0.0006943632184106637
Cn1cnnc1[C@@H]1C[C@@H](O)[C@@H](CNC(=O)C(C)(C)NC(=O)C(F)(F)F)C1,0.00038468548105133934
Cn1ncc(C(=O)NCC2(C)CCCN2c2ncccn2)c1C#N,0.0011721168831402779
Cn1nccc1C1CN(C(=O)CNC(=O)C(C)(C)C)CCO1,0.0004103393790495729
Cn1nnc(N2CCC(CO)C(NC(=O)CCC(F)F)CC2)n1,0.000405708138379931
N#CC1CCN(C(=O)[C@@H]2OC[C@@H]3COCC[C@@H]32)CC12CCC2,0.6057168920505683
Nc1cncc(C(=O)N2CCCC2CNC(=O)CCc2cccnc2)n1,0.0011030599587239928
O=C(CCCc1nccs1)NCC(=O)N1CCOCC1,0.0003381812582004922
O=C(CCc1cncc(F)c1)N1CCC1C1CCOCC1,0.0005235386135843287
O=C(CN1CCSCC1)N[C@H]1CCN(C(=O)Cn2nccn2)C1,0.00014962094043367914
O=C(Cc1cccc2ncccc12)N1CCOC[C@@H]1C(F)(F)F,0.0005596569590627822
O=C(NC[C@]1(CO)COC[C@H]2CCCN21)[C@@H]1CNC[C@H]1c1ccccc1,0.0003496714999551994
O=C(NC[C@H]1C[C@@H]2CC[C@H](C1)N2C(=O)[C@H]1CCCO1)c1ccc[nH]1,0.26219732893833203
O=C(NCC1CCN1C(=O)C1CCCC1)c1cnc2n[nH]c(=O)n2c1,0.39738965256945613
O=C(NCC1CN(C(=O)C2CC2)C1)C1Cc2ccncc2C1,0.000392717514182878
O=C(NCc1cn2ccsc2n1)C(F)C1CCCCC1,0.0007875654035847056
O=C(NCc1nc(C2(O)CCC2)n[nH]1)c1ccccc1C(F)(F)F,0.0004459354917792445
O=C(c1ccnc(N2CCCC2)n1)N(C1CCC1)C1CC1,0.001251544818235553
O=C1C[C@]2(CC[C@@H](C(=O)N[C@@H]3C[C@@H]4CC[C@H]3N4)CC2)CN1,0.27044968089943755
O=C1COc2cccc(NC(=O)NCCC3CCC(F)(F)C3)c2N1,0.0014971428952001717
C[C@@H](CNC(=O)C12CC(C)(CO1)C2)NC(=O)c1cncc(F)c1,0.1893808416589252
C[C@@H](NC(=O)CO)C1CN(C(=O)c2ccc3c(c2)CCCS3)C1,0.0004851545206618495
C[C@H]1C[C@@H]1C(=O)N1CC2CC1CN(C(=O)COc1ccccc1)C2,0.0005375664620300946
CC(=O)CCC(=O)N1CCC2CCC(NC(=O)c3n[nH]c(C)c3C)C1C2,0.0003857133940358075
CC(=O)N(C)Cc1cn(-c2cncc(C(=O)N(C)C[C@@H](C)O)c2)nn1,0.0003108808504710257
CC(=O)Nc1ccccc1CC(=O)OCC1C2COCC21,0.000402253727467608
CC(C)(C)OC(=O)C1(NC(=O)CCNC(=O)C2CCCO2)CCCC1,0.0003877674625321517
CC(C)C(O)CC(=O)NCC1(O)CCN(C(=O)[C@@H](C)O)CC1,0.00016299445711090476
CC(C)Cn1cc(NC(=O)NCCN2CCNC(=O)C2)cn1,0.0005991145383105337
CC(C)Oc1cc(N2CCC(C(=O)N(C)C(C)C)CC2)ncn1,0.0005586421807726847
CC(CC1(C#N)CCOCC1)NCc1ccnc(OC2CCOC2)c1,0.001431006314529908
CC(CN(C)C(=O)C1COC(C)C1)NC(=O)c1coc2ccccc12,0.0008679921260527335
CC(CN(C)C(=O)Cc1cnco1)NC(=O)CCOc1cccnc1,0.0002176258040324138
CC(CO)(Cc1ccc(F)cc1)NC(=O)C1CCC(C(=O)O)C1,0.0005263606708127992
CC(COc1ccccc1)NC(=O)N(C)Cc1n[nH]c(=O)o1,0.0003739472697229899
CC(NC(=O)CCOC1CC1)C1CCN(C(=O)C2CC(C)(C)C2)C1,0.16641013577023608
CC(O)C(C)C(=O)N1CCC(F)(CNC(=O)Cc2ccccn2)CC1,0.00024310040592440005
CC(F)(F)CC(=O)NCC1(O)CN(C(=O)C(F)(F)CC2CC2)C1,0.0003885474895845927
CC(F)C1CCCN1C(=O)[C@@H]1[C@@H](N)C(=O)N(C)[C@H]1c1cncn1C,0.00025240560841098027
CC1(C)OCCCC1NC(=O)c1ccc(N2CCOCC2)nc1,0.0005719807792142468
CC1(CF)CN(CC(=O)N2CCC3(CC2)OC(=O)NC32CCC2)C1,0.4176384430885829
CC1CC1CC(=O)N1CCCC1CN(C)C(=O)c1ccns1,0.2509091604676196
CC1CN(C(=O)NCc2ccc(C(C)C)cc2)CCS1(=O)=O,0.00041791009789639657
CCC(=O)N1CCC(C)(NC(=O)CC23COC(C)(C2)C3)CC1,0.20646981718437846
CCC(=O)N1CCCC(CN(C)C(=O)C2CCOCC2(C)C)C1,0.0003620711496500226
CCC(C#N)C(=O)NC(C)CN(C)C(=O)C(CC)n1cncn1,0.0007810397651763493
CCC(C(=O)N1CCC1CNC(=O)C1CCCC1O)n1ccnc1,0.29047404455640896
CCC(C)CC(=O)N[C@@H](C)C1CCN(Cc2cn(CC)nn2)CC1,0.0004716528860372532
CCC(C)n1nc(C(=O)N[C@H]2C[C@H](CNc3nnco3)C2)cc1C,0.4621919905498689
CCC(CC)(CO)CNC(=O)c1csc(C(=O)OC)n1,0.0005083784420044527
CCC(CCOC)NC(=O)N1CCC(n2cnc3c2CCCC3)CC1,0.001129736283772192
CCC(CO)C(=O)NC1CCC(C)N(C(=O)c2ccc(OC)nc2)C1,0.161192626980071
CCC1(C(=O)N(C)CC2CCCN2C(=O)c2coc(Cl)n2)CC1,0.0008097491609837761
CCCC(=O)N1CC(C)C(NC(=O)c2cc(OC)n(C)n2)C1,0.0003750840433854987
CCCC(C)(NC(=O)CN)c1ccc(OC)c(OCCC)c1,0.0005760495388801817
CCCCN(CC)c1nnnn1CCOC1CCOC1,0.00033416699519725447
CCCN(C(=O)Cc1ccon1)C1CCN(C(=O)CC(C)(C)C)C1,0.000578639164749853
CCCN(CCC)C(=O)CCCC(=O)NC1CC(NC(N)=O)C1,0.0004443735727515982
CCCc1cccc(CNC(CC)C(=O)NC(=O)NCC)c1,0.0005292882334754109
CCN(CC)CC(=O)N1CC2(CCN(C(=O)c3cccnn3)CC2)C1,0.16606207738528486
CCN(CCNC(=O)C1(F)CCOC1C)C(=O)[C@@H](O)c1ccccc1,0.0005099259092262641
CCN(Cc1cc(C2CC2)on1)CC1CCN(C(=O)[C@H]2CCCO2)CC1,0.00040776903790126567
CCNC(=O)CC1(O)CCCN(Cc2cn(C)nc2OC)C1,0.00027673491219916565
CCOC(=O)CC1CN(Cc2ccc(C#N)c(C(F)(F)F)c2)C1,0.0009904939112932872
CCOC1CC(CN(CC)CCNC(=O)c2ccc3[nH]ccc3n2)C1,0.3797607431226508
CCOc1cc(C(=O)OCC(=O)C2CCCCO2)ccc1OC,0.0006134996701665145
CCOc1ccccc1C(=O)N1CCC2(C1)CN(C(=O)C(C)CF)C2,0.00038941352529408684
CCc1ccc(C(=O)NC2(C)CN(C(=O)C3(C)CC4CCC3C4)C2)o1,0.00043934207879542094
CCc1ocnc1C(=O)N1CCC(O)(CNC(=O)[C@H]2CC2(C)C)CC1,0.0004166320541660087
CCn1cc(C(=O)N(C)CCN(C(=O)C2CC3CC3C2)C(C)C)nn1,0.0002822830342821741
CCn1ccc(CNC(=O)N2CC(F)(F)CC2CCO)n1,0.0004449660301603522
CN(C)C[C@H]1C[C@H](NC(=O)c2cn(-c3cccc(F)c3)nn2)C1,0.0006803163107394038
CN(C)C(CCC(=O)N1CCN(CCO)CC1)c1ccccc1,0.00035513110194306256
CN(C)c1ccc(C(=O)NC[C@@H]2C[C@H](F)CN2C(=O)CC#N)cc1,0.0013235401030000345
CN1CCC(C(=O)NC2CCN(C(=O)c3cn(C)cn3)C2)CC1=O,0.00017814953338631066
CN1CCC(CNS(=O)(=O)N2C[C@H]3CCCC[C@H]3C2)CC1=O,0.0004589133565674962
CO[C@@H]1CS(=O)(=O)[C@@H]2CN(C(=O)C34OCCCC3C4(F)F)C[C@H]12,0.00036024280939910724
CO[C@H](C)C(=O)NCC1C(C)CCN1C(=O)c1cc(C#N)cn1C,0.0010384673117733898
COC(=O)[C@H](C)CNC(=O)N(c1ccccc1)C1CC(C)C1,0.0006705920045579446
COC(=O)C1(N(C)S(=O)(=O)c2ccc(C3CC3(F)F)cc2)CC1,0.000492641429682958
COC(=O)CCC(NC(=O)N1CCC2(CC1)COC2)c1ccccc1,0.0007428779433963133
COC(=O)c1ccc(N(C)CCCN(C)C(=O)[C@@H]2C[C@H]2C)nc1,0.0004802587340602321
COC(C(=O)N[C@H]1C[C@@H](NC(=O)c2cnoc2C)C1)C1CCCC1,0.3420428975523353
COC(CCSC)C(=O)N1CCN(CC=C(C)Cl)CC1,0.0007349092044450324
COC1(C(=O)N2CC3CCC2CN3C(=O)COC(F)F)CCCC1,0.00036031019728041534
COC1(CC(=O)N2CCCCC3C(NC(=O)CSC)C32)CC1,0.0006146937304784332
COC1(CNC(=O)Cc2cnoc2)CN(C(=O)CCn2cccn2)C1,0.000342734833079221
COC1(CNC(=O)c2cc(C)n(C3CC3)n2)CCCOC1,0.0003503074356141689
COC1CCCC(S(=O)(=O)NCc2cccc(CC(N)=O)c2)C1,0.00046185447221045725
COC1CCCC1C(=O)NC1CN(C(=O)C2CC(C)=NO2)CC1C,0.0003883397905552647
COCC(=O)N1CCCC[C@@H]1CNC(=O)[C@H]1C[C@@H]1c1ccccc1,0.2855013866391358
COCC(O)C(=O)NC[C@@H](C)NC(=O)c1ccc(C(N)=O)nc1,0.06983525286982108
COCC(F)CNC(=O)CCn1c(C(C)C)nc2ccccc21,0.0008827998960045971
COCC1CCCN1NC(=O)c1cc(C)c(=O)n(C)c1,0.0002369938092568292
COCc1nocc1C(=O)N1C[C@@H](O)[C@@H](O)CC12CCCC2,0.000344469058701921
COc1cc(NC(=O)[C@@H]2CCNC2)cc(OC)c1Br,0.000857328079805315
COc1ccc(C(=O)COC(=O)CC2CCCc3ccccc32)cc1O,0.0011293139224119104
COc1ccc(CC(=O)N[C@@H](C)CNC(=O)c2cccn2C)cc1F,0.0005244197044525194
COc1ccc(CCNC(=O)N(C)C(C)c2ccco2)cn1,0.0003935160130400064
COc1ccc(O)cc1C(=O)N1CCC2(CC1)COCCN2,0.0005762600406921216
COc1cccc(F)c1CNC(=O)c1cc(O)nc2c1CNCC2,0.0007736661490062184
COc1ccnc(C(=O)N2CC3C(CNC(=O)C(C)CO)C3C2)c1O,0.00041497829761596967
COc1ccsc1S(=O)(=O)NC[C@@H]1C[C@H]1c1ccc(F)cc1,0.0006024817223665617
CS(=O)(=O)N[C@@H]1CCC[C@@H]1OC(=O)c1cn2nc(C#N)cc2[nH]1,0.0007043411031378277
Cc1c(CC(=O)NCC(C)NC(=O)C(C)(C)C(F)(F)F)cnn1C,0.00061610882923076
Cc1cc(=O)[nH]cc1C(=O)N(C)C1CCN(C2CCNC2=O)C1,0.08373707873752582
Cc1cc(=O)[nH]cc1C(=O)N1CCN(C(=O)c2cncc(O)c2)[C@@H](C)C1,0.16318103801389586
Cc1cc(NC(=O)CN(C)C(=O)c2cc(F)ccc2F)on1,0.2991790174844304
Cc1ccc(NC[C@H](C)NC(=O)C(F)C2CCOC2)nn1,0.0007576900604552691
Cc1ccc(S(=O)(=O)Nc2sccc2C(=O)N(C)C)cc1C,0.0006805661402478748
Cc1ccc2cc(C(=O)NC3C[C@@H]4CSC[C@H]4C3)cnc2c1,0.0006975250685389656
Cc1ccc2sc(NC[C@H]3C[C@@H](NC(=O)C(C)(O)C4CC4)C3)nc2c1,0.33190750321932017
Cc1cccc(CN2CC(O)C(N3CCc4ccccc4C3)C2)c1,0.00046522878350138463
Cc1ccnc(C(=O)NCCC2CCN(C(=O)c3cccnc3)C2)n1,0.14354236933522002
Cc1ccnc(CCNC(=O)N2CCC[C@@H]3COC[C@@H]32)n1,0.0004606411835323079
Cc1cnc(N(C)C(C)CNC(=O)c2cnn3c2OCCC3)nc1C,0.000455857663401144
Cc1cnc(N2CCCC(C)(C)C2CNC(=O)c2cnn(C)c2)nc1,0.0012626310829260466
Cc1nc(-c2ccccc2)ccc1C(=O)N1CC(OC(F)F)C1,0.554513697651586
Cc1nc(C(=O)NCC2CC(NC(=O)c3ccncc3C)C2)n[nH]1,0.12855266830236065
Cc1nc(O)cc(N2CC(CC(C)NC(=O)c3ccc(C)n3C)C2)n1,0.0004190727383902969
Cc1nc2n(n1)CCCC2NCC(=O)NC1CCCCC1C,0.0004505820914920219
Cc1ncc2c(n1)CCCC2NC(=O)c1cc(C(N)=O)ccc1C,0.0005166666114348899
Cc1ncccc1C(=O)N1CC(CN(C)C(=O)C2(C)CCCOC2)C1,0.00042466306568408863
Cc1nn2ncccc2c1C(=O)N(C)C1CCCCC1S(C)(=O)=O,0.0004940146968502211
Cc1nnnn1CC(=O)NC[C@@H](C)NC(=O)c1ccnn1CC1CC1,0.00015304238524718747
Cc1noc(C)c1C(=O)N1CCOC2(CCSCC2)C1,0.2661532850470501
Cc1sncc1C(=O)NC(C)CCNC(=O)C[C@H](O)C(C)C,0.0005692068518939697
Cn1c(=O)n(CCC(=O)OCC=CBr)c2ccccc21,0.0012952630443221745
Cn1cc2c(n1)C(O)CC1(CCN(C(=O)c3cncc(Cl)c3)CC1)C2,0.0012074731753767777
Cn1nccc1C(=O)N1CCC2(CC(NC(=O)c3cc[nH]c(=O)c3)C2)C1,0.18500261754534444
N#Cc1ccc(=O)n(CC(=O)NCc2ccc(Cl)cc2)c1,0.0005631157493436252
N#Cc1ccc(CC2CCCN(Cc3cnon3)C2)cc1,0.0015885278093807419
NC(C(=O)N1CCC(c2n[nH]c(CN)n2)CC1)c1ccccc1,0.0002279469787908479
O=C(COC1CC1)NC1CCCN(C(=O)CC2CCCO2)CC1,0.00034755263102175893
O=C(Cn1cc(Cn2ccnc2)nn1)N1CCCSCC1,0.0006044088018356328
O=C(NC1(c2ccc(Cl)c(Cl)c2)CCC1)C1CCSCN1,0.0006090333314599837
O=C(NC12CCC(C(F)F)(CC1)C2)C1CCSCC1,0.0006312513138333596
O=C(NC1CCCC12CN(C(=O)C1CCCC1)C2)c1cnco1,0.0010756832162539893
O=C(NC1CCc2cn[nH]c2C1)N1CCC[C@H]2CNC[C@H]21,0.0005469824483001058
O=C(NC1COC2(C1)CN(C(=O)C1CC1)C2)C1CCCS1,0.0003013729471797062
O=C(NCCN1C[C@H](O)C[C@H]1C(=O)O)c1cccc2cccn12,0.1108007907385601
O=C(OCc1nnc(C2CCOCC2)o1)c1cnc2n1CCS2,0.1741188246511732
O=C(c1ccc(=O)n(CCF)n1)N1CCCC(n2cccn2)C1,0.0003107712841116528
O=C1COCCN1CC(=O)N(Cc1cnc2ccccc2c1)C1CC1,0.0003802463235683527
O=C1NCCOC2CCCN(Cc3cccc(OCC(F)F)c3)C12,0.0004112262657450726
O=S(=O)(c1nccs1)N1CCOc2cc(O)ccc2C1,0.0005628905346979245
OC[C@@H]1CN(Cc2cncc(Br)c2)C[C@@H](CO)O1,0.0001968379526149016
OC1CCn2ncc(-c3nnc(SC(F)(F)F)s3)c2C1,0.0007782768359505685
C[C@H](C(=O)N1CCN(C(=O)[C@@H]2CCOC2)[C@H](C)C1)N(C)C,0.00022735744654982793
CC(=O)Nc1ccc(C(=O)N[C@H](CO)C(C)(C)C)cc1Cl,0.0007743964060245433
CC(=O)Nc1ccc(C(=O)NC[C@H]2CCCCN2C(=O)C2CC2)cc1,0.4013061207232226
CC(=O)Nc1cccc(NC(=O)CN2CCNC(=O)C2)c1,0.15526797259976416
CC(C#N)C(=O)NC1(CNC(=O)Cn2nccn2)CCC1,0.000447024611452081
CC(C)(C(=O)N[C@@H]1CC[C@H](C(N)=O)C1)C1(O)CCOC1,0.00024003077493790022
CC(C)(C(=O)N1CCC(O)C1)C1CCS(=O)(=O)CC1,0.11214293909636745
CC(C)(C)OC(=O)N[C@@H]1C[C@@H]1[C@@H]1C[C@@H]1C(=O)N1CCOCC1CCO,0.00023807033892570616
CC(C)(C)OC(=O)N1C[C@H]2[C@@H](C1)[C@@H]2C(=O)OCc1cc(C2CC2)n[nH]1,0.00039719093752429107
CC(C)(O)c1cn(CC2CCCN2C(=O)c2ccncc2Cl)nn1,0.00035875944666843244
CC(C)(F)C(=O)N1CCCC[C@H]1CNC(=O)c1cc(O)ccc1F,0.3101256840717806
CC(C)C(=O)N1CCC(C)C(NC(=O)[C@@H]2CS(=O)(=O)CC(=O)N2)C1,0.00024194957778342143
CC(C)C(=O)N1CCCCC1C(=O)NCC(O)CC(C)(C)C,0.0005536741256256705
CC(C)C(NC(=O)NC1CCc2ccccc2C1)C(N)=O,0.0005296863874577114
CC(C)C(O)CC(=O)NC1(C)CCN(C(=O)C2CC3(CC3)C2)C1,0.1467831564055453
CC(C)N(C)C[C@H](C)NC(=O)C(F)(F)c1cncnc1,0.000328339933726288
CC(C)N(C)C[C@H](C)NS(=O)(=O)C1CCCCC1C(F)(F)F,0.0005530349763613354
CC(C)N(C)S(=O)(=O)N(C)Cc1cccc(Cl)c1F,0.00048561407182595164
CC(C)OC(C(=O)N1CC[C@@H](NC(=O)C(C)C2CC2)C1)C(C)C,0.0003857792980524295
CC(C)OCCN1CCC2(CC1)CCN(C(=O)Cn1ccnc1)C2,0.0013158482498647945
CC(CN(C)CCn1nc2ccccn2c1=O)NC(=O)[C@@H]1C[C@H]1C,0.00028212297768429
CC(CNC(=O)C1CC2CCCC21)NC(=O)Cc1cccc(Cl)c1,0.000379513029695024
CC(CNC(=O)CCc1ccsc1Cl)N(C)C,0.0005371740007328909
CC(c1nnnn1C1CC1)N1CCN(Cc2n[nH]c(C(C)C)n2)CC1,0.0004778157461117959
CC1(C)C[C@@H](CNC(=O)C23CCOC2CCOC3)N(C(=O)C2CC2)C1,0.0005739808761909609
CC1=NOC(C(=O)N(C)C(C)CCNC(=O)[C@H]2C[C@@H](O)C2)C1,0.12955730450657985
CC1=NOC(C)(CNS(=O)(=O)c2cc(F)c(F)cc2C)C1,0.00048609094626711
CC1CC(F)(F)CCN1C(=O)c1cnn(CCN2CCOCC2)c1,0.0003614325649686285
CC1CCC(C(=O)N2CCN(C)CC2CNC(=O)c2cnoc2)CC1,0.000565083406834366
CC1CCC(C)N1CC(=O)Nc1ccccc1OCCN1CCOC1=O,0.000953551389723084
CC1CCCCC1(CNC(=O)[C@H]1C[C@@H]1C)NC(=O)Cc1ncnn1C,0.0001666309528316047
CC1CCN(C(=O)C(F)F)C1CNC(=O)c1cn[nH]c1,0.00036263179747700693
CC1CCc2n[nH]c(C(=O)N[C@H](C)CNC(=O)C(C)O)c2C1,0.0004137053818617814
CC1CCc2n[nH]c(C(=O)N3CC(O)(C(F)(F)C(N)=O)C3)c2C1,0.0001908071665177843
CC1CN(C(=O)C2CCCC3CC32)CCC1NC(=O)CN1CCCC1=O,0.2519140107248456
CC1CN(c2nnnn2CC[C@@H]2COC[C@H]2O)CC(CO)O1,0.00030480896801075353
CCC[C@@H](NC(N)=O)C(=O)N1CCC(O)(CNC(=O)c2c[nH]nn2)C1,0.06193893417845366
CCC(=O)N1CC2(CC(NC(=O)C(C)SC(F)(F)F)C2)C1,0.0006013702496375776
CCC(C)(C)CC(=O)NCC1COCCN1C(=O)Cn1ccnn1,0.0003118680365170893
CCC(CC)(NC(=O)CN1CCC(NS(C)(=O)=O)CC1)C(N)=O,0.13005197425021311
CCC(CCO)NC(=O)c1ccc(OC)cc1-c1ccnn1C,0.000804793200066367
CCC1(C(=O)N2CC[C@@H](NC(=O)CC3CC(=O)C3)C2)CCC1,0.11624022645673834
CCC12CC(C(=O)N3CC[C@H](NC(=O)C(C)CCO)C3)(C1)C2,0.14376348688906174
CCCC(CCC)CC(=O)NC1(C)CN(C(=O)Cn2nnnc2C)C1,0.0003248031420423931
CCCCC(C)C(=O)N1CCN(C(=O)c2cccnn2)CC1,0.2296695999277051
CCCN(CCNC(=O)CCF)C(=O)CC(C)n1cccn1,0.0006673742395014298
CCCN(CCNC(=O)Cc1nncn1C)C(=O)C[C@H]1CCOC1,0.0003230618506750579
CCCc1ccc(C(=O)NC[C@@H](C)NC(=O)C2(C)COC(=O)OC2)[nH]1,0.0004229769797097172
CCN(C(=O)c1ccsc1)C1CCN(C(=O)[C@H](C)NC(N)=O)C1,0.00030558031288817713
CCN(C)CC(=O)NC1C(C)CCN(c2cc(=O)n(C)c(=O)[nH]2)C1C,0.0005191620105834835
CCN(Cc1c(CO)cnc(C)c1O)C1C2CCOC2C1(C)C,0.0006636618235166173
CCN(Cc1ccc(C(=O)N2CC(c3nc(N)cc(=O)[nH]3)C2)cc1)C1CC1,0.1591152238920513
CCN1CCC(N2CCC(CNC(=O)c3cn[nH]c3C(C)C)CC2)C1=O,0.30374543016093464
CCOC(=O)c1cccc(CN2CCN(c3cccnc3)C(=O)C2)n1,0.0005301686215805825
CCOC(C(=O)N1CCC(NC(=O)c2ccc(=O)[nH]n2)C1)C1CC1,0.13041316968221264
CCOC(C)CNCc1ccnc(-n2cc(C#N)cn2)c1,0.0013350798589264583
CCOC1CC(CO)(NC(=O)c2cn(CC)nc2-c2ccccc2)C1,0.0007798837708260542
CCOC1CC(O)(CNC(=O)Cc2ccc(OCC#N)cc2)C1,0.0009095414857054661
CCOc1ccc(CNC(=O)c2cn(CC(F)(F)F)nn2)cc1C,0.0005782944016446122
CCOc1cccc(C(=O)NC2CN(C(=O)[C@H]3CCC(=O)N3C)C2)c1,0.10540653217213886
CCc1cc(C)nc(N(C)C(C)CCNC(=O)CN2CCC2)n1,0.00046616292191499226
CCc1ccccc1C(=O)NCC1(O)CC(Nc2ncc(O)cn2)C1,0.00040692750739719817
CCc1nnc(C(=O)N2CCC(NC(=O)C(C)(C)C#N)C(C)C2)s1,0.0006319067963401464
CCc1nnc(N(C)CCN(C)C(=O)C2CCC2F)s1,0.0004321487605652
CCn1c(=O)[nH]c2ccc(C(=O)NC(CCO)CSC)cc2c1=O,0.00038223305550868635
CN(C(=O)c1ncn2cc(Cl)ccc12)C1CCCS(=O)(=O)C1,0.21923175873859937
CN(C)C1(C(=O)NCC2(C3CC3)CCN(C(=O)c3cc[nH]n3)C2)CC1,0.00043746178812157656
CN(CC(=O)NCc1ccccc1)CC1CCN(C(=O)C(C)(C)F)C1,0.0004260054383473255
CN(CC1CCN(C(=O)COC2CC2)C1)C(=O)CC1CC(O)C1(C)C,0.0003158844344341555
CN1CCN(C(=O)C(C)(C)CC#N)CC1CNC(=O)CCC(F)F,0.4200321461621253
CN1CCN(c2cccc(CNC(=O)[C@H]3N[C@@H]4CC[C@H]3C4)c2)CC1,0.0009098441942656612
CNC(=O)C1(C)CCN(Cc2nccc3cc(OC)c(OC)cc23)C1,0.0009039113863955655
CO[C@@H]1C[C@H](OC(=O)c2cccc(N3CCCC3=O)c2)C1(C)C,0.0012016772426014844
COC(=O)[C@@H]1C[C@@H]1C(=O)NCc1cccc(OC)c1F,0.00038587918456405495
COC(=O)C(CNC(=O)c1cc2cc(Cl)ccc2[nH]1)CC1CC1,0.000689733397579235
COC(=O)c1cc(CCC(=O)OC2CCN(C(C)(C)C)C2)c[nH]1,0.0005008177813995155
COC(C)CC(=O)NCC1(O)CN(C(=O)c2cccc(O)c2)C1,0.00027333718431731766
COC1(CC(=O)N2CCCC[C@H]2CNC(=O)c2ccnc(CO)c2)CC1,0.187630234878268
COC1CCC(C(=O)N[C@H]2C[C@H](NC(=O)C3CC(C(C)C)C3)C2)C1,0.16977634303657665
COC1CCCC(C(=O)N[C@H]2C[C@H](CNC(=O)c3ccno3)C2)C1,0.00030844070878869895
COCC(=O)N1CC(C2(Nc3nc4c(C)cccc4s3)CC2)C1,0.6870809570468088
COCc1nc(CN[C@]23CC[C@H]2CN(C(=O)OC(C)(C)C)C3)no1,0.0004992191653236119
COc1c(NC(=O)C2CC(=O)N(c3cn[nH]c3)C2)ccnc1C,0.2639376490690375
COc1cc(C(C)N[C@H]2CC[C@H](C)CC2)ccc1S(N)(=O)=O,0.0004667515214341312
COc1cc(NC(=O)NC(C)CNC(=O)OC(C)(C)C)cnc1OC,0.0010091125176979869
COc1ccc(Cl)cc1CN1CCCN(C(=O)[C@@H]2[C@H]3CNC[C@H]32)CC1,0.00038688894114983265
CS(=O)(=O)C[C@H]1C[C@@H](NC(=O)NC(CO)c2ccccc2)C1,0.0004487850263560425
CSCC(=O)N(CC1CCCO1)C1CCN(C(=O)C2(O)CC2)CC1,0.0004383661042460883
Cc1[nH]cnc1C(=O)N1CC(n2cc(CNC3CCOCC3)nn2)C1,0.00029928114356325496
Cc1c[nH]nc1C(=O)N1CCN(C)C(CNC(=O)c2ccsc2)C1,0.2831350929767238
Cc1cc(C(=O)NC2CCN(C(=O)c3ccc(C)o3)CC2C)cn1C,0.21322036935407004
Cc1cc(C(=O)NCCN(C(=O)c2c[nH]nn2)C2CC2)[nH]n1,0.11893839627407579
Cc1cc(C)n2nc(NC(=O)C3CSCCS3)nc2n1,0.0013288311295992937
Cc1cc(N[C@@H](CO)CNC(=O)c2csc(C)c2)nc(CO)n1,0.00048774481914341626
Cc1cc(NC(=O)NCC23CC(C#N)(CO2)C3)ccc1Cl,0.001767185983467502
Cc1cc(NCC(C2CC2)N(C)C(=O)C(C)O)nc(C2CC2)n1,0.0008298173798486073
Cc1cc(NCC(NC(=O)[C@@H]2CCOC2)c2ccccc2)nc(=O)[nH]1,0.0007173937467809601
Cc1ccc(CN(C)CCCN(C)C(=O)c2cnccn2)cc1,0.0006549519128664268
Cc1ccc2c(c1)CCN2C(=O)c1cncc(N2CCOCC2)n1,0.4223812506112218
Cc1ccccc1C(=O)NCC1CCCN(CC2CC23CCOC3)C1,0.0007535475887373283
Cc1ccnc(O)c1C(=O)N1CC(Nc2nc(C(C)(C)C)ns2)C1,0.301285913011475
Cc1cnc(C(=O)NC(C)C2CN(C(=O)C(O)C3CC3)CCO2)cn1,0.1262388643335079
Cc1cnc(CN2CC(CNC(=O)c3cnn(C(C)C)c3)C2)s1,0.0004928966747447835
Cc1cncc(CC(=O)N2CC[C@H](NC(=O)c3nocc3C)C2)c1,0.0003995223409787068
Cc1nc(C(=O)N2CCN(C(=O)C3(O)CC4CCC3C4)[C@@H](C)C2)n[nH]1,0.0005498104868654921
Cc1nc(C(C)(C)NS(=O)(=O)C[C@@H]2CC[C@H](N)C2)no1,0.0002582278553683855
Cc1ncc(C(=O)NCC(C)(O)c2ccc(F)c(C)c2)c(C(C)C)n1,0.0006156707632104861
Cn1c(N2CCC(C)(NC(=O)C3CC3)CC2)cc(=O)[nH]c1=O,0.0004285221635832274
Cn1ncc(Cl)c1CC(=O)OCC(=O)C1COc2ccccc2O1,0.23133854949884164
Cn1nccc1C1CC(NC(=O)N(CCO)C2CCC2)CCO1,0.0005598861201135654
N#CC1(C(=O)NCC2CC(NC(=O)CC3(O)CCOC3)C2)CCOC1,0.1905420506278076
N#Cc1cc(C(=O)NCC2CCNC2)c2ccccc2c1,0.6243429197211193
N#Cc1ccc(C(=O)N2CC(CNC(=O)c3cncnc3)C2)nc1,0.17974163180922595
N#Cc1ccc(OC(F)F)c(S(=O)(=O)NCCC2COCCO2)c1,0.0005299382801491687
NC(=O)[C@H]1CC[C@H](CNC(=O)N2CCCc3cccc(O)c32)CC1,0.0005075278549924372
NCC1CCCCC1NCc1csc(CCc2ccccc2)n1,0.00034900924251101843
Nc1nnc(-c2ccc(N[C@H]3C[C@@H](C(=O)O)C3)nc2)s1,0.248271050164981
O=C(C[C@H]1CCOC1)N1CCC2(C1)CN(C(=O)c1cncs1)C2,0.0005654854486181971
O=C(CC1(CO)CC1)NC1CC2CCCC(C2)C1,0.0011839502585042302
O=C(CC1OCCc2ccccc21)NC1CCN(C(=O)C(F)F)C1,0.0003994895096996578
O=C(CCc1ccon1)NC1(CO)CN(C(=O)c2cnco2)C1,0.0001839963763091215
O=C(CS(=O)c1nc2ccccc2s1)NC1CC1,0.0006282338499271456
O=C(Cn1cccnc1=O)NCC1CCNC12CCC2,0.0005037038776694972
O=C(NC1CC2CCC(C1)S2(=O)=O)c1ncn(-c2ccccc2)n1,0.00028070002003305295
O=C(NC1COC2(CCOC2)C1)N1CCCN(CC2CCCO2)CC1,0.15359730787760384
O=C(c1ccc2c(c1)CCCS2)N1C[C@@H]2C[C@H]1CN2CCF,0.0005211133466044308
O=S(=O)(CCC1CCCO1)NC1(COc2ccccc2)CC1,0.0003914275766845119
O=S(=O)(CCn1cnnn1)NC1(C2CCCCC2)CC1,0.0005040183020314445
C[C@@H](NC(=O)C1(C2CCC2)CC1)C1CN(C(=O)c2ccc(C#N)cn2)C1,0.7154079302667472
C[C@@H]1[C@@H](NC(=O)N2CCC(F)(F)C2CO)C1(F)F,0.00048671840888621755
C[C@@H]1C[C@H]1C(=O)NC[C@H]1CCCCN1C(=O)CCS(N)(=O)=O,0.15547139964726361
C[C@@H]1CN(C(=O)C2CNCC3(CCC3)O2)C[C@H](c2ccc(F)cc2)O1,0.0005001466582896638
C[C@H](CNC(=O)[C@@H]1C[C@H]1C)Nc1ncnc2c1ncn2C1CC1,0.30843048717575017
C[C@H]1CCCC[C@H]1NC(=O)N(C)C1CCC(NC(=O)OC(C)(C)C)CC1,0.5551558184746577
C[C@H]1CN(C(=O)CC2CCCO2)CCN1C(=O)c1ccc2c(c1)CCC2,0.0007173073024451941
C[C@H]1CN(C(=O)COC2CCCC2)C[C@H]1NC(=O)c1cn(C)nn1,0.0004842718391364761
CC[C@H](CC(=O)O)NC(=O)c1nc(C(C)(C)C)n2ccccc12,0.0004892333135376283
CC[C@H]1CN(C(=O)C(C)c2ccc(-c3nn[nH]n3)cc2)CCO1,0.0005298654834526588
CC(=O)N1CSC[C@H]1C(=O)N[C@@H]1CCN(C(=O)C2(O)CC2)C1,0.1717712327061139
CC(=O)c1cccc(OCC(O)CN2C3CCC2(CO)CC3)c1,0.000360983661579364
CC(C(=O)NCC1COCCN1Cc1cnon1)C1CCCC1,0.0004688036548188325
CC(C(=O)NCCc1cccc2cccnc12)N1CCOCC1,0.00037204095229984415
CC(C)(C)OC(=O)NC1(C(=O)NC2CC(CO)C2)CCCOC1,0.00037944270052767256
CC(C)(C)c1nc(CNC(=O)C2(S(C)(=O)=O)CCC2)co1,0.00044405131790488676
CC(C)(CC#N)CNC(=O)N1CCC(NC2CCC2)CC1,0.0009077013690345518
CC(C)(CO)C(=O)NCC1CCN1C(=O)CCc1nc(C2CC2)no1,0.1259995373222267
CC(C)C(O)c1cn(Cc2ccc(C(=O)N3CCC[C@H]3C)o2)nn1,0.0006051318579048875
CC(C)n1ccc(CN2CC[C@H](NC(=O)c3cnccn3)C2)n1,0.00040018787533832026
CC(C)n1nccc1NC(=O)N1CCn2ncc(CO)c2C1,0.0005693619293034052
CC(CCNC(=O)C1CCCNS1(=O)=O)NC(=O)c1ccnnc1,0.00015515280621537
CC(CN1CCOC1=O)NC(=O)CC(C)(C)c1ccccc1,0.00045956332535131313
CC(O)C(NC(=O)Nc1csc(Cl)c1)C(F)(F)F,0.0009109862024353742
CC(O)c1ncc(C(=O)N2C[C@@H]3CO[C@H](C2)[C@@H]3O)s1,0.00027737805459930766
CC(O)c1ncc(C(=O)NCC2CN(C(=O)c3cncnc3)C2)s1,0.1264881506695689
CC(OCCN(C)C)C(=O)N[C@@H]1CC[C@H]1c1ccccc1,0.0005328619194810761
CC(F)(F)C1CCCN1S(=O)(=O)CCn1cccn1,0.000810844624373448
CC1(C(=O)N2CC(CNC(=O)c3cccc4c3OCO4)C2)CCC1,0.32035379014153603
CC1(C(=O)O)COCC1NCc1ccc(Cl)nn1,0.0003478364449371162
CC1=NOC(C(=O)N[C@@H](C)CNC(=O)c2ccc(C)c(C(C)=O)c2)C1,0.00037842364316677154
CC1CC2(CCC(CNC(=O)CC(C)(C)c3nn[nH]n3)O2)CO1,0.00027360348219634137
CC1CCCC(CS(=O)(=O)N2CC(O)(c3ccc(F)cc3)C2)C1,0.0004513505931720357
CC1CCN(C(=O)N(C)c2nncn2C)CCC1(F)F,0.0008683187976912521
CC1CN(C(=O)c2ccc3c(c2)C2CCC3O2)CCS1,0.00047299903646649724
CCC(=O)N(C)CCNC(=O)COc1ccc(Cl)c(Cl)c1,0.0005589714465281007
CCC(=O)N1CCC(O)(CNC(=O)c2ccnn2C)CC1,0.0002785273948136661
CCC(=O)NCC(C)(C)C1CCCN1C(=O)c1ccc2ncnn2c1,0.22520962612456039
CCC(CCOC)C(=O)N[C@H]1C[C@H](CNC(=O)c2ccnc(N)c2)C1,0.0005294049359897707
CCC(NC(=O)NC(CC)CCc1ccccn1)C1CCCOC1,0.0006189766481457371
CCC(O)[C@@H]1CCCN1C(=O)Nc1cnc(C(=O)OC)c(C)c1,0.0007004511098195098
CCC(O)CC(=O)N1CCC(C)N(c2cc3c(cn2)C(=O)CCC3)CC1,0.0004741419262552284
CCC1(C)CN(S(=O)(=O)c2ccc(NC(C)=O)cc2)C1,0.0008560606020715487
CCC1(CC)CC(C(=O)Nc2nc3cn[nH]c3c(=O)[nH]2)C1,0.0007495715937769026
CCC1(Cn2nnnc2N2CCC(C)(F)CC2)COC1,0.0007849884743360835
CCCC(=O)N1CC(CNc2nnc(C3CC3)cc2C#N)CC1C,0.001630335582798197
CCCN(C(=O)C1(C)CCc2ccccc21)C1CCN(C2CCC2)C1,0.0012935412871746392
CCCN(CC)c1ccc(C(=O)N2CC3CC2CN(C(C)=O)C3)cn1,0.0008198019835172539
CCCNC(=O)c1cccc(CS(=O)(=O)C(C)c2ccccn2)c1,0.0005919719472708012
CCCc1cc(C(=O)NCC2CN3CCCN2CC3)nn1C,0.00039502934297433223
CCCc1ccc(CCCC(=O)N2CCO[C@@H](C(F)(F)F)C2)cc1,0.00054767944997287
CCN(C)C(=O)c1cccc(C(=O)N2CC[C@@H](CCO)C2)c1,0.20344881681658802
CCN(C)CC(=O)N(CCNC(=O)[C@H]1C[C@@]2(CC2(F)F)C1)C1CC1,0.13468938871800726
CCN(CC)C(=O)COC(=O)c1ccnc(N(CC)CC)c1,0.0008367559145934844
CCOc1cc(NC[C@@H](C)NC(=O)c2cccc(OC)c2C)ncn1,0.001124076757255936
CCOc1ccnc(NC(C)CN(C)C(=O)CNC(=O)CC)n1,0.28957019695582176
CCn1cc(NCC(=O)NC(C)CNC(=O)c2nc(C)oc2C)cn1,0.21452871243721053
CN(C[C@H]1CCCN1C(=O)c1cc(C#N)c[nH]1)C(=O)C1(C)CCCO1,0.2742393113416934
CN(Cc1ccccc1)C1CCN(c2cccc(CO)n2)C1,0.0007630531662570747
CN1C[C@H](NC(=O)NC2CCC(N3CCOC3=O)CC2)CC1=O,0.00018567368922877634
CNC(=O)[C@@H]1CCCN1C(=O)Nc1ccc(C(=O)N(C)C)cc1F,0.0007039106357781471
CNC(C)(C)CNC(=O)CCOc1ccc(C(C)C)cc1,0.0004483256185586042
CO[C@@H]1CC(C(=O)NCC2CC(NC(=O)OC(C)(C)C)C2)C[C@H]1OC,0.00030961892887767145
CO[C@H](C)C(=O)N1CCCN(C(=O)c2c[nH]cc2C2CC2)CC1,0.17499227172330553
COC(=O)C(C)(NC(=O)c1cc(C)nc2ccccc12)C1CC1,0.3930779926220436
COC(=O)C1(CC(=O)Nc2cccc(N=S(C)(C)=O)c2)CC1,0.001062371884117274
COC(=O)N[C@H](C(=O)N1CC(C(F)F)C2(CC2)C1)C(C)C,0.00047078491769937864
COC(=O)N1CCN(c2nnnn2Cc2cccc(C(C)(F)F)c2)CC1,0.0008578684413648715
COC(=O)c1cc(Cn2cc(C(O)C3CC3)nn2)c(C)o1,0.0006630116309704474
COC(=O)c1occc1S(=O)(=O)NC(=O)C12CCC(C1)OC2,0.18823777189852609
COC(C(=O)NC[C@H]1CCCN1C(=O)C1COCCO1)C(C)C,0.00027267717885405833
COC1(C(=O)N2CCC3(CCCN3c3ccnc(C)n3)CC2)CCC1,0.0006741562252159513
COC1(C(=O)N2CCN(Cc3csnn3)C[C@H]2C)CCCOC1,0.0002919158472767689
COC1CCN(C(=O)C2CCCN2S(C)(=O)=O)C(C)(C)C1,0.0004805539603009004
COCC(C)(NC(=O)CNc1nc2ccccc2s1)C(F)(F)F,0.0010050378663827607
COCC1(C(=O)NC[C@H]2C[C@@H](NC(=O)Cn3ccnn3)C2)CCC1,0.0003292850303623635
COCC1CCCN1C(=O)C1COc2ccc(OC)cc2C1,0.0005156807464363321
COCCC(C)(C)C(=O)NCCC(C)NC(=O)c1cnc(C)s1,0.000473288912449208
COCc1cc(NC(=O)NCC2CCN(C)C2)ncn1,0.0006084660457137017
COCc1nc(C)c(C(=O)N2CCNC(Cc3ccccc3)C2)s1,0.0004889442775290099
COc1cc(NC(C)(C)CN(C)C(=O)c2ccc(F)c(OC)c2)ncn1,0.0013046342695119436
COc1cc(F)ccc1NC(=O)CC1CCN(CC(F)(F)F)C1,0.001216685826654536
COc1ccc(OC)c(NCc2nnnn2CC(F)(F)F)c1,0.0008095980905563295
COc1ccccc1OCCN1C[C@@H]2CCO[C@]2(C(=O)O)C1,0.000428102173760121
COc1cccnc1C(=O)N1CC(CN(C)C(=O)[C@@H]2[C@H]3CCCC[C@H]32)C1,0.0005322907873022538
Cc1cc(C(=O)NC(CNC(=O)C2CC(=O)N(C)C2)C2CC2)ncn1,0.00022037825979391275
Cc1cc(C)n2nc(S(=O)(=O)N(C)C3CCC3)nc2n1,0.0006298753202349566
Cc1cc(CCC(=O)Nc2cccn(CC(F)(F)F)c2=O)no1,0.0006585145137919879
Cc1cc(CN2CC(C(C)NC(=O)c3cccc(C(N)=O)n3)C2)no1,0.1250395263896895
Cc1cc(N)n(CC(=O)N2CCC[C@H](NC(=O)Cn3cnnc3)C2)n1,0.00021906814264918944
Cc1ccc(C(=O)NCCC2CCN(C(=O)c3ncoc3C)C2)[nH]1,0.28877266942572516
Cc1ccc2c(N[C@H](C)CNC(=O)C(O)C3CC3)ncnc2c1,0.0008875551751688414
Cc1cccc(CNC(=O)CN2CC3CCC2C(CN)C3)c1,0.0003758915991047297
Cc1ccsc1S(=O)(=O)NC(=O)c1cc(C(F)(F)F)c[nH]c1=O,0.0006698538623645973
Cc1n[nH]c(NCc2cccc3c2OCCO3)c1C(N)=O,0.0009144539983453985
Cc1nc[nH]c(=O)c1C(=O)N1CCC(CC(=O)O)C1(C)C,0.1437191018410604
Cc1nc(C2CC2)oc1C(=O)N1CC2(CCCCN(C(=O)CO)C2)C1,0.00042276441006008436
Cc1nc(N)c2c(C)c(C(=O)N3CCC4(CCCCO4)C3)sc2n1,0.0008212858916661168
Cc1nnc([C@@H]2C[C@H](C)N(C(=O)[C@]34CCC[C@@]3(F)CNC4)[C@H](C)C2)o1,0.0007943478566528857
Cc1noc(C(C)C)c1C(=O)N1C[C@H](C(F)(F)F)[C@@H](S(C)(=O)=O)C1,0.0004797371972321237
Cc1noc(C(C)N2CC(CNC(=O)Cc3ccc(C)c(F)c3)C2)n1,0.00036337072280292316
Cc1noc(C)c1C(=O)N[C@H](C)CNC(=O)c1cnc2n1CCCC2,0.1846235114927599
Cc1noc2ncnc(N3CC(O)(CCNC(=O)C(F)C(C)C)C3)c12,0.25550687061393235
Cn1cc(CCC(=O)N2CC(COc3ccccc3)C2)cn1,0.0005024540944430237
Cn1nc(C2CCCO2)cc1NC(=O)Cc1csc(NCC(N)=O)n1,0.0007093691004840954
Cn1nccc1CCN1CCC2(CCC2)S(=O)(=O)CC1,0.0005392635488752869
Cn1nccc1COCC(=O)NCC1COCCN1CCCO,0.00019645475441767984
Cn1nnc(NCC(C2CC2)N(C)C(=O)c2cc3c(o2)CCCC3)n1,0.00048064635984248685
Cn1nnc(NCC2(F)CCN(C(=O)C(C)(C)CO)CC2)n1,0.00041391633441996184
N#CCCN(CCC#N)c1nnc(Cc2ccncc2)n1CC1CC1,0.00155147208092385
N#Cc1ccc2cc(C(=O)OCC(=O)C3CCCO3)cnc2c1,0.41869231390736533
NC1(CCC(=O)NCC(c2cccs2)N2CCCC2)CCOC1,0.0006433246588237985
Nc1nccc2c1CN(C(=O)c1ccc3c(c1)CCCC3=O)CC2,0.0004990438632976644
O=C(CC1CC(F)(F)C1)NC[C@@H]1CCCN1C(=O)C1COC(=O)N1,0.13235397833600898
O=C(CC1CCCC1)N[C@H]1C[C@H](NC(=O)c2ccc(C(F)F)o2)C1,0.20689862948565405
O=C(CC1CCCCO1)NC1CCN(Cc2ccns2)CC1,0.001063698900045463
O=C(CCCc1cccs1)N[C@@H]1CCN(C(=O)c2cncc(O)c2)C1,0.00044722334562622367
O=C(CNC(=O)c1ccco1)Nc1cnc2n1CCCC2,0.0004167282509257955
O=C(COC1CC1)NC1(CNC(=O)c2ccncn2)CCCC1,0.40970194221134076
O=C(COCC1CCOC1)NCC1(NC(=O)C2CC2)CCCCC1,0.0006158102528199268
O=C(Cn1cn[nH]c1=O)NC1(CNC(=O)C2CC(C3CC3)=NO2)CC1,0.00011314180299140456
O=C(NC1(C(=O)O)CCCC2CC21)c1nccc2ncccc12,0.0007346978705816205
O=C(NC1(CNC(=O)c2[nH]ccc2C2CC2)CC1)c1cocn1,0.18856289621982883
O=C(NCc1ccncc1O[C@H]1CCNC1)C(O)C1(O)CCC1,0.00025395896106366077
O=C(c1ccc(OCC(F)F)nc1)N1CC(CNC(=O)C23CC2C3)C1,0.00014831933005647854
O=C1C[C@H](C(=O)N2CCCC23CCN(C(=O)CC(O)C2CC2)CC3)CN1,0.13070957245578554
O=C1NCCCC1CN1CCc2cc(Br)cnc2C1,0.000271844203438886
O=C1OCCC1N1CC(Nc2nc3cccnc3s2)CC1=O,0.0007943633936870609
C[C@@H](CNC(=O)[C@H]1C[C@H](n2ccnn2)C1)NC(=O)CC1CCN(C)C1=O,0.00018894215675245433
C[C@@H]1C[C@H]1C(=O)N[C@H]1CN(C(=O)C2(C)CNC(=O)C2)C[C@H]1C,0.09407943969094673
C[C@@H]1CN(C(=O)C(F)C2CCOC2)C[C@@H]1NC(=O)CCC1CCC1,0.000535335653975085
C[C@H]1CN(C(=O)Cn2ncc3ccccc32)C[C@H]1NC(=O)[C@H]1C[C@@H]1C,0.0006697769142289177
C[C@H]1CN(C(=O)c2cccc(N)n2)C[C@H]1NC(=O)c1cccn1C,0.0010072162560471629
C=C(Cl)CN1CCC(C)(NC(=O)C(C)c2ccc(C)o2)C1,0.0003873228014086407
CC(=O)Nc1ccc(NC(=O)C2NCCC2(C)C)cc1,0.0011314237730780598
CC(=O)c1cc(NC(=O)N2CC3(C[C@@H]2CO)OCCO3)c(F)cc1C,0.36870923614389167
CC(=O)c1cncc(C(=O)N2CCC(NC(=O)c3cncs3)C2)c1,0.10429477469222449
CC(C(=O)N[C@H]1CC[C@@H](Nc2nncs2)CC1)n1cccn1,0.21114671672842536
CC(C(=O)NCC1COCCN1C(=O)C12CCC(CO1)C2)C1CC1,0.27235553768041376
CC(C)[C@@H](O)C(=O)N1CCC(NC(=O)c2nnn(C)n2)C(C)(C)C1,0.00026696374359445527
CC(C)(CO)C(=O)NC1CCCN(C(=O)c2ccc(C#N)[nH]c2=O)C1,0.29502849465150366
CC(C)CC(F)C(=O)Nc1nccc(CCC(=O)O)n1,0.000626776077579235
CC(C)OCC(=O)N(C)CC(O)CN(C)C(=O)C(F)C1CCC1,0.0003492369037652957
CC(C)Oc1cc(N2CCCN(C(=O)CO)CC2)ncn1,0.13951589443778278
CC(CC1CN(c2nnc(C3CC3)o2)C1)NC(=O)COC1CCCC1,0.0012700106798904014
CC(CCN(C)C)C(=O)N1CC2(CCCN(C(=O)C(C)C3CC3)C2)C1,0.1364960439376698
CC(CCNC(=O)[C@H]1CCC(=O)O1)NC(=O)Cc1ccccc1F,0.00029556146135149174
CC(OC1COC1)C(=O)NCC1CN(C)CCN1C(=O)c1ccon1,0.00019565233747787756
CC1(C(=O)N2CC(N3CC(NC(=O)C4(O)CC4)CC3=O)C2)CC(=O)C1,0.0002778815725411547
CC1(C)CCCOC1CC(=O)N(CCNC(=O)CC1(C)CC1)C1CC1,0.3446222470457002
CC1(C)CN(C(=O)CC2CC(=O)C2)CCS1(=O)=O,0.00028717220614332255
CC1(C)COC(CNC(=O)N(Cc2cccc(F)c2)C2CC2)C1,0.0010902584362084454
CC1(CC(=O)N2CC(NC(=O)c3cccc4ncoc34)C2)CCCO1,0.0005455669419624703
CC1(F)CCN(C(=O)N(CC2CCOC2)c2ccccc2)C1,0.0017073716786205958
CC1=NOC(C(=O)N2CC(CNC(=O)[C@@H]3C[C@@H]4C[C@@H]4C3)(C(N)=O)C2)C1,0.0003940906419490228
CC1CC(C)CN(CCNC(=O)C2NOCC23CCCC3)C1,0.0002495814084223907
CC1CC1CC(=O)NC1CN(Cc2nc(C3CC3)no2)CC1(C)C,0.00036612887005387906
CC1CCC(C(N)C(=O)NC(C)c2ccc(C(C)(C)O)cc2)O1,0.0006391989071771402
CC1CN(C(=O)C[C@H]2CCCC[C@@H]2O)CC1NC(=O)C1CC1,0.0003069551945064102
CC1CN(c2nnnn2C)CCC1NC(=O)c1ccnc(N(C)C)c1,0.23490642739165996
CCC(=O)NC1(CNC(=O)c2ccc(Cl)c(F)c2)CCOCC1,0.00047791267462317377
CCC(=O)NCC(=O)NCC1(NC(=O)c2nncs2)CCCC1,0.00027366505930170366
CCC(=O)Nc1nc2ccccc2n1CC(=O)N[C@H]1C[C@@H](CC#N)C1,0.7132461980505026
CCC(C)(C)C(=O)N1CCN(C(=O)c2ccc3[nH]cnc3c2)C[C@H]1C,0.49153733696181395
CCC(C)C(=O)N1CCC(NC(=O)c2nocc2C)C(O)C1,0.18146698394023855
CCC(CC(=O)N1Cc2ncccn2C1C(F)(F)F)C1CC1,0.0
CCC(NC(N)=O)C(=O)NCC1(NC(=O)C(C)C2CC2)CCOCC1,0.1410587887802965
CCC1(CNC(=O)NC(C)COc2ccccc2F)COC1,0.0005754866639798426
CCCC[C@@H](NC(=O)C(N)Cc1ccco1)C(=O)OC(C)(C)C,0.00047291284545508314
CCCC(C(=O)N(C)C1CCN(c2ncncc2OCC)CC1)C(C)C,0.0008277129618960362
CCCC(O)CC(=O)N1CCC[C@H](Nc2ncccc2C#N)C1,0.0012260579011656686
CCCCC(=O)NC1CC12CCN(c1ncnc3[nH]cc(C)c13)CC2,0.0018118856807711624
CCCCC(=O)NCCN(C)c1cnc(F)cn1,0.0004988076808825075
CCCN(CCc1ccccc1)C(=O)C(N)C1(OC)CCC1,0.0006691411460517106
CCCN1CC(NC(=O)NCc2nnsc2Cl)CC1=O,0.0002978399543261134
CCCN1CCN(C(=O)c2cnn(-c3ccncc3)c2N)CC1,0.0006476617547295918
CCN(CCNC(=O)C(C)C(C)O)C(=O)C12CCC(C1)OC2,0.0002416434127319151
CCN1CCCCC1CNC(=O)c1cc(-c2ccc(F)cc2)no1,0.0009612939922709077
CCOCC(=O)NC1(C)CCCN(C(=O)Cn2cc(CC)nn2)C1,0.0002640338206149581
CCOc1nc2cc(C(=O)N3CC4CCCC(C3)C4O)ccc2[nH]1,0.39674438961686026
CCS(=O)(=O)NCC(=O)N1C[C@@H]2COC[C@]2(C(=O)OC)C1,0.00017369465509745378
CCS(=O)(=O)NCC(=O)Nc1c(C)cccc1C,0.0005059113427307971
CCS(=O)CC(=O)N[C@H](C)CNC(=O)c1cc(CO)c(C)o1,0.00024071089716912628
CCc1ccc(NC(=O)NCC2CCN(C3CC3)C2)cc1F,0.0013362002724074124
CCc1cnoc1C(=O)N1CCC(C)(C)C(NC(=O)c2ncc[nH]2)C1,0.3330478027503022
CCc1nnc(C(=O)N2CCC3(NC(=O)[C@@H]4CCCO4)CCCC23)[nH]1,0.15310583229324098
CCc1nnc(N2CCC[C@H]2CN(C)C(=O)C2CCCOC2)s1,0.0007907346336634064
CCc1nncnc1CNC(=O)NC(CC)C1CCCOC1,0.0004460584696557189
CCn1ccc(C(=O)N2CCN(C(C)c3nncn3C)C[C@H]2C)n1,0.0004634247997637002
CCn1nnn(CCOc2c(Cl)cccc2Cl)c1=O,0.0005394889290365688
CN(CCNC(=O)CC(C)(C)C)c1ncc(F)c(N[C@@H]2CC2)n1,0.45952727320541537
CN(CCc1ccc(Cl)cc1Cl)S(=O)(=O)C1CCNCC1,0.000404337400518688
CN(Cc1cnn(CC(F)(F)F)c1)C(=O)[C@@H]1C[C@H]2[C@@H](N1)C2(F)F,0.0004676806915695194
CN1C(=O)CN=C1NCc1nc(-c2ccccc2Cl)cs1,0.0014845526095166562
CN1CCCCC1CNC(=O)c1cnc2nc(C#N)ccn12,0.4590914289031211
CNC(=O)[C@H](C)NC(=O)Cn1nc(-c2cccs2)oc1=O,0.0007216384551676207
CNS(=O)(=O)c1ccc(C(=O)N[C@@H](C)CNC(=O)C23CC(C2)C3)o1,0.00018310964925871812
CO[C@H](C)C(=O)N1CCN(C(=O)c2c[nH]c(=O)n2C)C[C@H]1C,0.00029352834600723966
COC[C@@H]1[C@H]2CCN(C(=O)CCCC3CCOCC3)C[C@H]21,0.31564576493973856
COC(=O)CN(C(=O)[C@H]1NCCO[C@@H]1C(F)(F)F)C1CCCC1,0.0003551076702832863
COC(=O)NCC(=O)N1CCC[C@@H]1CNc1ncc(Cl)cn1,0.00042769855007123683
COC(=O)c1ccc(CNC(=O)C(C)c2nn[nH]n2)c(F)c1,0.0003255725630726764
COC(=O)c1nccc2c1CCN(C(=O)NCc1ccc(C)cc1)C2,0.0004351491309066727
COC(C1CC1)C(C)NS(=O)(=O)c1cnc2ccccn12,0.0005362660440807393
COC(Cn1nnnc1N1CCCC(C)(Cn2ccnn2)C1)C(C)C,0.0008933647243056531
COC1CCNCC1C(=O)N[C@H]1C[C@H](Cc2nn[nH]n2)C1,0.00017383566681368725
COC1COCCC1CC(=O)N(C)CC(O)CN(C)CC(N)=O,0.00023837514633873942
COCC(=O)N1CC2(CCC2)CC1CNC(=O)c1nc(C)nn1C,0.0003522749811234768
COCC(OC)C(=O)N1CCC[C@@H]1CNC(=O)c1cncc(N)n1,0.0004981863161906208
COCc1nsc(NC2(CNC(=O)C3(C)CCCCC3)CC2)n1,0.001270838351920357
COc1cc2c(c(C(=O)N3CC(=O)N[C@H](CO)C3)c1)NC(=O)CO2,0.23977209773166724
COc1ccc(COC(=O)CCC2CC(OC)C2)c(OC)n1,0.00036901968382758977
COc1ccc(OC(C)C(=O)Nc2ccc(C(F)F)nc2)cc1,0.0014928435884259373
COc1cccc(CC(=O)NC(CC(=O)O)C2CC(F)(F)C2)n1,0.20516384677425917
COc1ccccc1NCC(=O)N1CCCC1C1CCOCC1,0.0012508584101897395
COc1ncccc1C(=O)NC1(CNC(=O)c2ocnc2C)CC1,0.15145603703876784
COc1noc(C)c1C(=O)NCCC(C)N(C)c1ncns1,0.0006254743967559441
CSC1(C(=O)N2CCC2CNC(=O)CCOC2CC2)CC1,0.0003339624994436138
CSc1cncc(C(=O)N2CCN(c3ncccn3)CC2)c1,0.0012489495913626165
Cc1[nH]ncc1C(=O)N(C)C[C@@H]1CCCCN1C(=O)C1CC1C(C)O,0.0005234942028379061
Cc1c(C(=O)N2C3CCC2CN(c2cc(O)ncn2)CC3)cnn1C,0.0008483572705109825
Cc1c(C(=O)N2CCN(C(C)(C)C(N)=O)CC2)cccc1-c1nn[nH]n1,0.2747355534252199
Cc1c(C(=O)NCC2(F)CCOCC2)cnc2ccnn12,0.0005018900321950465
Cc1cc(F)c(CNC(=O)C(O)CC(F)(F)F)c(F)c1,0.0006237494597356962
Cc1ccc(C(=O)NCCC2(CNC(=O)CC3(C#N)CC3)CC2)nn1,0.24665569092599932
Cc1ccc(CN(C)C(=O)N2C[C@H]3CSC[C@H]3C2)cc1,0.00044765582709387644
Cc1cccc(C(=O)N2CCN(C(=O)Cc3nnco3)CC2)c1,0.00024048877957564857
Cc1ccccc1-c1nnc(NC(=O)NC2CCN(C)C(=O)C2)[nH]1,0.4936271258695489
Cc1ccsc1S(=O)(=O)N1CC[C@@H]2[C@@H](COC(=O)N2C)C1,0.0004339810755666274
Cc1cnc(N2CC3(CCC3)C2C(=O)OC(C)(C)C)c(C#N)n1,0.7657854653644667
Cc1conc1C(=O)N1CCC2(CC1)CN(C(=O)C1CCSC1)C2,0.00037228817378775667
Cc1nc(C(=O)NC2CCCC2CNc2ncc(C#N)cc2C)co1,0.0017059138344227985
Cc1nc(C(=O)NC2CCCN(C(=O)c3nccnc3C)C2C)n[nH]1,0.0003158526761508779
Cc1nc(CC(C)C)c(CN2C3CCC2c2cncnc2C3)o1,0.0007612235105620873
Cc1nn(C)cc1CN1CC[C@@H](NC(=O)c2cncn2C(C)C)C1,0.0006001177648255968
Cc1nn(CCO)cc1C(=O)NC1(CNC(=O)[C@@H]2C[C@@H]3C[C@@H]3C2)CC1,0.00039211441874849394
Cn1cc(CN2CC3CCC(C2)N3C(=O)c2cncnc2)nn1,0.0004130743919871678
Cn1nccc1CC(=O)NC1(C)CN(C(=O)C2CCC3CC3C2)C1,0.0002779436027542026
N#Cc1ccc(NCC2(CNC(=O)c3coc(=O)[nH]3)CC2)cn1,0.0011069129474023504
N#Cc1ccnnc1N[C@H]1C[C@H](NC(=O)CCc2ccc(F)c(F)c2)C1,0.0014731305274417379
N#Cc1cncc(CC(=O)N2CCNC(=O)C(F)(F)C2)c1,0.0007185555270313193
NC(=O)C1CCCCN1C(=O)[C@@H]1C[C@H]1c1ccncc1Cl,0.00040972315673961225
NC(=O)NC1CCN(CC(F)c2ccc(F)cc2)CC1,0.0004376771403142198
O=C(C1CCN(c2ccc(Cl)nn2)CC1)N1CCC2COCCC21,0.2701522840253422
O=C(CN1CCN(C(=O)CC2CC2)CC(O)C1)NC1CC1,0.00025795364573686345
O=C(CO)NCC1(F)CC(Nc2nccc(C(F)(F)F)n2)C1,0.18532450530011563
O=C(Cc1cncc(O)c1)N1CC2CCC(C1)N2C(=O)CC1(O)CC1,0.0003406465319141402
O=C(Cn1ncnn1)NC1CCN(C(=O)c2sccc2F)CC1,0.00026417296806386227
O=C(N[C@H]1CC[C@H](c2nc[nH]n2)CC1)c1nc(Cl)cs1,0.0003252170960238551
O=C(N1CCCc2ccccc21)N1CCCC(C2OCCO2)C1,0.001610750938197549
O=C(NC1CCN(C(=O)CCc2cccs2)C1)c1cccnn1,0.00043210697413356594
O=C(NC1CCOC12CCS(=O)(=O)CC2)C1(CC(F)F)CCC1,0.00037775366213715314
O=C(O)c1cc(S(=O)(=O)NC2Cc3cccc(O)c3C2)on1,0.000280915146559362
O=C(c1ccnc(-n2cncn2)c1)N1CCC[C@@H]2C[C@@]21C(=O)O,0.00040977924086278976
O=S(=O)(NC1CN(C2=N[C@H]3CCC[C@H]3N2)C1)C1CCCCC1,0.001005295497713214
O=S(=O)(NCCN1CCc2sccc2C1)c1ccc(F)cc1,0.0003717628432767608
C[C@@H](CNC(=O)C1(C(F)F)CC1)NC(=O)CN1CCCCCC1=O,0.13183835315801662
C[C@@H](CNC(=O)c1cccc2c1COC2)NC(=O)c1ncco1,0.0002971209919918024
C[C@@H]1CN(C(=O)[C@@H]2CCCN2C)CCN1C(=O)[C@@H]1CNC(=O)C1,0.11267028985429259
C[C@@H]1CN(C(=O)C2(c3cccc(F)c3)CC2)CCN1C(=O)C(C)(C)F,0.0005627353902769909
C[C@H](C(=O)NCC1CCCN1C(=O)c1ncnc2nc[nH]c12)N(C)C,0.0002647500725626864
C[C@H]1C[C@@H]1C(=O)Nc1cnc(N2CCNCC2)cn1,0.00039676518349041805
CC[C@@H](COC)NC(=O)N1CCC(Oc2ncccn2)CC1,0.00032809094516442043
CC[C@@H]1CN(C(=O)[C@H]2CCCO2)C[C@@H]1NC(=O)C(C)(C)c1c[nH]cn1,0.0006698954138868448
CC(=O)NC(C)C1CC2CCC1N(C(=O)[C@H]1C[C@@H](O)C1)C2,0.000329121780373246
CC(=O)NCC(=O)NC(C)CN(C)c1nc(N)nc(C2CCCC2)n1,0.0001812805234666046
CC(=O)NCc1ccc(CNc2nccc(C#N)n2)cc1,0.000562880833572951
CC(=O)NCc1cn(CCNC(=O)C2(Oc3cnn(C)c3)CC2)nn1,0.00017083655255344576
CC(=O)c1ccc(C(=O)NC2(CNC(=O)[C@@H]3CC3(F)F)CC2)cc1,0.0004395053440643527
CC(=O)c1cccnc1N[C@H]1C[C@@H](CNC(=O)C2CCCCC2C)C1,0.0016945265145566742
CC(C(=O)NCCN(C)C(=O)c1ccc(C2CC2)o1)c1ccccn1,0.00029371219849124797
CC(C)(C(=O)NC[C@H]1C[C@@H](NC(=O)[C@@H]2CCC(=O)O2)C1)C1CC1,0.0002548830292981446
CC(C)(C(=O)NS(=O)(=O)C1(c2ccccc2)CC1)c1cnsc1,0.000647435725456632
CC(C)(C)OC(=O)[C@H]1C[C@@](F)(C(=O)N2CCC[C@H](C(N)=O)C2)C1,0.00048324954669667084
CC(C)(C)OC(=O)N1CC2(CCC2)C1CN1CCOC2(CC2)C1,0.000655043533659499
CC(C)(C)OC(=O)N1CCC(C(=O)NCC(O)C(F)(F)F)C1(C)C,0.23539538796456355
CC(C)(C)c1nc(C(=O)NCc2cncc(Br)c2)co1,0.0005594886412017546
CC(C)(F)C(=O)NC1(CNC(=O)C2CCC(=O)CC2)CCOCC1,0.0003584584672529856
CC(C)C(=O)N1CCN(C(=O)c2cccc(F)c2F)[C@@H](C(C)C)C1,0.0006647341072176529
CC(C)C(N)C(C)(C)C(=O)N1CCC(c2cccnn2)CC1,0.22401338011880234
CC(C)OCC1CN(CC(=O)N(CC(F)(F)F)C2CCC2)CCO1,0.0005274885165585694
CC(C)n1cc(CN(CCO)C2CCOCC2)nn1,0.00047102178454493164
CC(C)n1nnnc1CN1CCN(C(=O)C2CCCC3CC32)[C@@H](C)C1,0.000532400860947436
CC(CC1CCCO1)C(=O)NS(=O)(=O)c1cccc(CC#N)c1,0.000699753392441975
CC(NC(=O)c1cc(N)cc(O)n1)C1COc2ccccc21,0.0010523596126347909
CC(O)C1CC1C(=O)N1CCC[C@@H]1CNC(=O)c1cn(C)nn1,0.0002492353575904203
CC(O)CN1CC(n2cc(CNC(=O)C3CC(C)CO3)nn2)C1,0.0002679890839508792
CC1(C)O[C@H]2C[C@H](NC(=O)CS(=O)(=O)C3CCCC3)C[C@H]2O1,0.0003744480179311756
CC1C(NC(=O)C(O)C(C)(C)C)CCCN1c1nnco1,0.000746073115638597
CC1CC(=O)CCC1C(=O)NC[C@@H]1CCCCN1C(=O)C1CC12CC2,0.28792460669693465
CC1CC(NC(=O)Cn2cn[nH]c2=O)CN1C(=O)CCc1ccco1,0.0001485908855758111
CC1CC(NC(=O)NC2CCOCC2=O)c2ccccc21,0.1767655966464085
CC1CN(C(=O)c2ccc3nccn3c2)CCC1NC(=O)[C@@H](C)O,0.0002677178447706454
CC1SCCC1NS(=O)(=O)c1ccc(OCCF)cc1,0.00037334516659410046
CC1c2sccc2CCN1C(=O)Cc1nnn(C(C)(C)C)n1,0.0004574270644978836
CCC(=O)N[C@@H]1C[C@@H]2CC[C@H](C1)N2c1nc2cc(F)c(F)cc2o1,0.0009804529131757142
CCC(=O)NCC(CC)NC(=O)c1ccn(CCOC)n1,0.00030267106778127724
CCC(=O)Nc1cncc(C(=O)NC[C@H]2C[C@@H](NC(=O)CO)C2)c1,0.07377628538400434
CCC(C#N)C(=O)N1CC([C@@H](C)NC(=O)CC(O)C2CCCC2)C1,0.15772167765263687
CCC(C)(CC)C(=O)NCC1(C)CCCN(C(C)=O)C1,0.0006860391462804242
CCC(C)(O)c1cn(C[C@@H](C)NC(=O)Cn2ccnn2)nn1,0.00011811288419777816
CCC(C)C(=O)N1CC[C@H](NC(=O)C2CC(=O)N(C(C)CC)C2)C1,0.1755150689531672
CCC(C)C(OC)C(=O)N1CCC(CNC(=O)C(C)(C)N(C)C)C1,0.0005281494935597247
CCC(C)CC(=O)N(C)CCNC(=O)C1CCCc2ccccc21,0.000595943467821768
CCC(C)CC(=O)NCC1COCCN1C(=O)c1cnc(N)nc1,0.0006405938559208959
CCC(C)N1CCC(CNC(=O)C(C)n2cc(C(C)(C)OC)nn2)C1,0.00047529498557911866
CCC(CC(=O)NC1CCN(C(=O)C2(O)CC2)CC1C)C(C)C,0.00034522274170359216
CCC(CC)C(=O)N1CCC(NC(C)c2cnc(C)n2C)C(C)C1,0.0005673284590560432
CCCC(CC(C)C)C(=O)N1CCC(C)C(NC(=O)c2cn[nH]c2)C1,0.0008115174669086809
CCN(CC)CCN1CCN(Cc2csnc2OC)CC1,0.0005646447452808364
CCN(CCNC(=O)c1ccnc(OC)c1)C(=O)c1nnn(C)c1N,0.3075430203190605
CCN1CCOC(C(=O)N2CC3(C2)CN(C2COC2)C3)C1,0.00017500352020759203
CCOC(=O)c1cnn2c(N(C)CCN(C)C2)c1Cl,0.0
CCOC(=O)c1nc(C)[nH]c1NC(=O)C1(C)CCN(C)CC1,0.0007541318024246379
CCOC1CC(NC(=O)c2ccc(CSC)o2)C1n1cccn1,0.000312558436412028
CCOC1CC2(C1)CC2NC(=O)c1cc2cccc(OC)c2s1,0.42764368567156774
CCOc1cc(NCCN(CC)C(=O)C2(CO)CC2)ncn1,0.16383740244941394
CCOc1ccc(C)nc1CN(C)C(CCO)C(F)F,0.00036915828281806066
CCc1cn[nH]c1CNCc1ccc(OC)c(OC)c1C,0.000707451009230154
CCc1ncnc(NC2CN(C(=O)[C@H]3CCCO3)C2)c1F,0.0006263298147336586
CCc1nnc2n1CC(NC(=O)N1CC(O)(C(F)(F)F)C1)CC2,0.00026173252676914337
CCc1nocc1C(=O)N[C@H](CO)c1ccc(Cl)cc1,0.0006594878323454109
CCn1ncnc1C(=O)N1CC2(CC(NC(=O)CC3CC(F)C3)C2)C1,0.0002346306024037936
CN(C1CC1)C1CN(S(=O)(=O)C[C@@H]2CC[C@@H](C)CO2)C1,0.00047010311335280423
CN(CCCc1n[nH]c(N)c1C#N)CC(C)(C)N1CCOCC1,0.0011665325300191816
CN1C(=O)[C@@H](NC(=O)NCCN2CCNC2=O)COc2ccccc21,0.00039190458450276053
CN1CC(N2CCN(Cc3ccn(-c4ccccc4)n3)CC2)C1,0.0004752219458207862
CNC(=O)[C@@H]1CCCN1C(=O)Nc1ccc(C)nc1OC(C)C,0.0005602807413480101
CNC(=O)CC(F)(F)Cn1cnc2c(cnn2C(C)C)c1=O,0.0005504457602030464
COC[C@@H](CS(=O)(=O)NC1CCc2nnn(C)c2C1)OC,0.00028216612120050236
COC(=O)[C@H](C)NC(=O)CC1(C)CCS(=O)(=O)N1,0.00019862537459015532
COC(=O)CCN(C)C(=O)Cn1cc(-c2cnn(C)c2C)nn1,0.0005067293262379154
COC(=O)c1cccc2c1CN(C(=O)c1cccc(C)c1C)C2,0.0006523685630805815
COC(=O)c1nccnc1N[C@@H](CO)CNC(=O)c1ccc(C)c(C)c1,0.3084989351494664
COC1(CNC(=O)C(F)n2cc(C(O)C3CC3)nn2)CCSC1,0.16654494360421893
COCC(C)(C)CC(=O)N1C[C@@H]2C[C@H]1CN2CCOC1CCC1,0.0006239007306611873
COCCC(C)(COC)CNC(=O)[C@H]1N[C@@H]2CC[C@H]1C2,0.00041901671266087576
COCCC(NC(=O)c1csc(C(=O)OC)n1)c1ccco1,0.00047899216618218604
COCCC1(C)CN(C(=O)C2CNC(=O)CC23CNC3)CCO1,0.0001621996938021203
COCCN(CCNC(=O)CNC(C)=O)CC(=O)N1CCCCC1,0.0003698125572372878
COCc1ncsc1C(=O)N1CCC[C@@H](NC(=O)C2(F)CC2)C1,0.000425572392144875
COc1c(C)ncnc1N(C)CCNC(=O)c1c(C)oc(C)c1C,0.001169291569785859
COc1cc(CCC(=O)N2CC[C@H](F)C2)ccc1O,0.00045920241632336665
COc1ccc(C(=O)NC2CN(C(=O)CCc3cnn(C)n3)C2)cn1,0.0911865756569038
COc1ccc(C(C)CNC(=O)c2cnns2)cc1,0.0005273110229600703
COc1cccc(C(=O)N[C@@H]2CCN(c3nc(C)nc(N)n3)C2)n1,0.12430161649911206
COc1cccc(COCC(O)CN2CCN3C(=O)CCC3C2)c1,0.0003567545288672571
COc1ccccc1C1(C(=O)NC2CC(c3ccccn3)C2)CC1,0.0006338458485803186
COc1ccnc(NC2CCCN(C(=O)c3ccc(C)nc3)C2C)n1,0.0007973523079819516
CS(=O)(=O)CC(F)(F)CC(=O)N[C@H]1CCN(C(=O)C2CCC2)C1,0.1524522735307392
CS(=O)(=O)CC1(CNC(=O)N2CCC(C3(C(=O)O)CC3)CC2)CC1,0.1454193858923093
Cc1c(CC(=O)N2CCCCC2CCNC(=O)C(C)O)cnn1C,0.00033035615588563553
Cc1cc(C(=O)NCCN(c2ncc(O)cn2)C2CC2)n(C)n1,0.0009748255989013938
Cc1cc(C)n(-c2ccnc(N3CCN(CC(F)F)CC3)n2)n1,0.0006406362114663539
Cc1ccc(NC2CCN(C(=O)c3cccs3)CC23CCC3)nn1,0.0012737938638253076
Cc1ccc2sc(N(CCC#N)C(=O)[C@@H]3CCOC3)nc2c1,0.0017722917886339032
Cc1cn(C)nc1C(=O)NC[C@H]1C[C@H](NC(=O)C(C)CC(C)C)C1,0.00034173772625371087
Cc1cnc(C#N)nc1NCC1(NC(=O)C2CC23CC3)CCOCC1,0.0007192003957707916
Cc1cnn(C)c1C(=O)N(C)C(CNC(=O)c1nc[nH]c1C)C1CC1,0.21476505365382992
Cc1conc1C(=O)N(C)CC(C)(C)CNC(=O)CC1CCC(=O)C1,0.21754202120216595
Cc1nc(CNC(=O)Nc2cnc3c(n2)CCCC3)c(C)[nH]1,0.00046999135152297073
Cc1nc(N2CCCC(C(=O)NC3CC3)C2)n2c1CCCC2,0.0014138490095790166
Cc1nc2c(cc1C(=O)N(C)C(C)C(N)=O)c(C)nn2C,0.0005968615272040485
Cc1ncc(CC(=O)NCC(O)CC(C)(C)C)s1,0.0005722487549482837
Cc1nn(C)c(C)c1NC(=O)CN1[C@@H](CO)CC[C@@H]1CO,0.0007414097585091887
Cc1onc2ncc(C(=O)N3CC(CNC(=O)CCC4CC4)C3)cc12,0.28887332071684024
Cn1nc(C(=O)N2C[C@H]3[C@H](NC(=O)CCOC4CC4)[C@H]3C2)ccc1=O,0.00031556482273954094
Cn1nc(NC(=O)C23CC(CO)(C2)OC3(C)C)cc1Br,0.3039082759226252
Cn1nccc1COCC(=O)N1CCC(C2OCCO2)C1,0.00034179591000518914
N#Cc1ccc(C(O)CNC(CC(=O)NC2CC2)c2ccccc2)cc1,0.0007608648339301859
N#Cc1ncc(NC2CC3CCC2(NC(=O)CC2CC2)C3)nc1C#N,0.0014697731344594854
NCCOC1CCN(C(=O)c2cccc3c2OCCCO3)CC1,0.000648059102461227
O=C(CCn1cc(-c2ccn[nH]2)nn1)N1C[C@H]2CCC[C@H]2C1,0.001320341271616189
O=C(COc1ccccn1)N[C@H]1CCCCN(C(=O)c2cnco2)C1,0.11676357336470995
O=C(N[C@H]1C[C@H](n2ccnc2)C1)c1csc(NC2CCCCC2)n1,0.5588489342112096
O=C(N1CCN(c2ccccc2)CC1)C12CCCCC1C2(F)F,0.0013984202369576478
O=C(NC[C@@H]1CCOC1)c1csc(-c2ccoc2)n1,0.3653086552353366
O=C(NC(CO)C(=O)NCC1(C2CCCO2)CCC1)c1ccccc1,0.0005909303238325095
O=C(NCC[C@H]1CCCN1C(=O)Cc1ccco1)c1cc[nH]c1,0.0009399328723759322
O=C(NCC(O)CNC(=O)c1ccccn1)c1scnc1Cl,0.0003291181495018159
O=C(OCCc1nc2c(s1)CCCC2)C1(CF)CCOCC1,0.2950407679897393
O=C(c1cccnn1)N1CCC2(C1)CN(C(=O)c1ccns1)C2,0.21121166647853384
O=C(c1nnc2n1CCCCC2)N1CCCN(C2CC2)CC1,0.0004716967653495892
O=C1CN(CC(=O)N2CC3(CCCO3)C2C2CC2)c2ccccc2N1,0.0011118974601766066
C[C@@H](C(=O)NC1(CNC(=O)c2conc2C2CC2)CCC1)n1cnnn1,0.00022420114030952676
C[C@@H](CNC(=O)C12CC1C2)NC(=O)c1c(F)cccc1Cl,0.0005322228937276681
C[C@H](CN)NC(=O)C1(Cc2ccc(F)cc2)CCOCC1,0.00040340713058767495
C[C@H](CNC(=O)c1cc(F)cc(F)c1)NC(=O)C1(C)CC1F,0.00049188549216473
C[C@H](O)C(=O)NCC1CCN1C(=O)c1n[nH]c2c1CCCCC2,0.0002626675551950369
C[C@H]1CN(C(=O)c2ccc3c(c2)CCOC3)C[C@H]1NC(=O)[C@H]1C[C@@H]1C,0.0007927687614834082
CC[C@H](NC(=O)CSc1nncn1C)C(C)(C)C,0.0005316362344417001
CC(=O)NCC1COCCN1Cc1cn(-c2cccc(Cl)c2)nn1,0.0003973052357019299
CC(C(=O)N[C@H]1C[C@@H](Nc2cc(=O)[nH]c(=O)[nH]2)C1)N1CCC1,0.00017750126846175404
CC(C(=O)NC1CN(CC(F)F)C1)n1cc(C2CCN(C)C2)nn1,0.0002539300187557289
CC(C)[C@@H]1C[C@H]1NC(=O)N1CCN(S(=O)(=O)N(C)C)CC1,0.14488601373392448
CC(C)(C(=O)NC[C@H]1C[C@H](NC(=O)c2cc(O)ncn2)C1)C1CCCC1,0.0005645199197567874
CC(C)(C)OC(=O)Nc1cnccc1C(=O)N1C[C@@H]2C[C@]2(C)C1,0.0007786518812211297
CC(C)Cn1nccc1C(=O)NCC1(CCNC(=O)[C@H](C)O)CC1,0.00035598478929504393
CC(C)OCC(CO)N(C)C(=O)[C@@H]1C[C@@H]2CCCC[C@@H]2N1,0.00041191797661430986
CC(CO)(NC(=O)C1CC2(C)CCCN2S1(=O)=O)C(F)(F)F,0.000382206287452262
CC(NS(=O)(=O)CC1CC2(C1)CC2F)C(O)c1ccccc1F,0.0002728618924390598
CC(NS(=O)(=O)N(C)C(C)C)c1ccc2c(c1)CC(=O)N2,0.00038994070356738016
CC(O)(CNC(=O)c1n[nH]c2ccc(F)cc12)C1CCC1,0.24692159881120943
CC(O)CCCN1CC(O)(CNC(=O)c2ccnc3[nH]ncc23)C1,0.00019320067377817334
CC1(C)CC(NC(=O)N2CC(n3cccc3)C2)CS1(=O)=O,0.000507043009229677
CC1(NC(=O)c2sccc2C(F)F)CCN(C(=O)C2CC2F)C1,0.0005596282417930945
CC1CCN(C(=O)c2ncn(C)n2)CC1NC(=O)[C@@H]1[C@H]2COC[C@H]21,0.00028883070617621
CCC(=O)NC(C)C(=O)N1CCC[C@@H]1CNC(=O)C1CCO1,0.00026352738042957337
CCC(=O)NCC(=O)NC(CNC(=O)C(C)(C)n1cnnn1)C1CC1,0.06785864027151081
CCC(C(=O)N[C@@H](C)CNC(=O)c1ccnc2c1CCC2)C(C)C,0.0004443594127044553
CCC(C)(OC)C(=O)N1CCC(NC(=O)c2ccsc2)C(O)C1,0.0003487442462695868
CCC(C)CN1CC(O)(CNC(=O)c2ccc3[nH]cc(CC)c3c2)C1,0.3406115651462285
CCC(CC)NC1CC(=O)N(Cc2ccccc2)C1=O,0.0004857864007518985
CCC(CO)C(=O)NCC(C)CNC(=O)Cc1ccc(Cl)s1,0.0004196043861549689
CCC(NC(=O)c1cccc(OCCF)c1)C1CCCOC1,0.0005706700471371354
CCC(OC1CCCC(C)C1)C(=O)N1CCN(C(=O)CO)C(C)C1,0.0006946934975382141
CCC1(C)CC(C(=O)N[C@@H]2CN(C(=O)Cc3ccn(C)n3)C[C@@H]2C)C1,0.00031826579939272723
CCCC(OC)C(=O)N1CCCCC1CNC(=O)C(NC(C)=O)C1CC1,0.19639525398805852
CCCC1(C(=O)NCCN(CCOC)c2ncnc(N)n2)CC1,0.2698984802151376
CCCC1(NC(=O)NCCN2CCS(=O)CC2)CCOC1,0.00024447004347228507
CCCCC(C(=O)O)n1cc([C@H](O)C2CC2)nn1,0.00030129913088603263
CCCc1ccc(C(=O)NCC(NC(=O)c2cc(C)n[nH]2)C2CC2)[nH]1,0.2584255975780833
CCN(CC(=O)N(C)CC1CN(C(=O)C(C)N2CCC2)C1)C1CC1,0.13519424176803155
CCN(CC)CC(=O)N1CCOC(CNC(=O)C(C)CF)C1,0.00028540120978381555
CCN(CCNC(=O)[C@H](C)NC(=O)C[C@H]1CCOC1)C(=O)c1c[nH]nn1,0.0001773000572927922
CCOC(=O)C1(CNC(=O)NC(C)(C)C(=O)O)CCCC1,0.0004128694572035617
CCOC(=O)c1csc(CC2CCN(Cc3ccnn3C)CC2)n1,0.00046538904936976286
CCOCC(=O)N1CCc2c(F)ccc(F)c2C1,0.00043154729784767584
CCOc1ccc(C(=O)N2CC3(CC(C(=O)OC)CO3)C2)cc1,0.0003884677257959866
CCOc1ccc(C(CO)NCc2nn(CC)nc2C)cc1,0.000511615470775925
CCOc1nc(NCC2(F)CC(NC(=O)C(C)(C)C)C2)ncc1C,0.6017103279838026
CCSCC(=O)NC1(CO)CN(C(=O)C2(C)CC2F)C1,0.0002526201567505076
CCc1ccc(C(=O)NCCC(C)NC(=O)c2ocnc2C)[nH]1,0.19764929235959644
CCc1ccnc(C(=O)N2C[C@@H]3CCC[C@]3(C(=O)OC(C)(C)C)C2)c1,0.000661796687998848
CCc1nocc1C(=O)NC1(C)CN(C(=O)CC(C)CC(C)(C)C)C1,0.0005108608827454505
CCn1nc(C)c(NC(=O)c2ccc(C(=O)OC)n2C)c1C,0.0011550033211312496
CCn1ncc(C(=O)N[C@@H]2C[C@H]2c2cccc(OC)c2)c1C1CC1,0.0004872896466156034
CN(C)CCNC(=O)NC(=O)C1CC1(C)c1ccc(F)cc1,0.00032695976169664503
CN(C)S(=O)(=O)c1cc(F)cc(NC(=O)NCC2(C#N)CCC2)c1,0.000913797172520245
CN1CCC(F)(F)C(CNC(=O)Cc2ccc(OCC#N)cc2)C1,0.001250006923883093
CN1CCCN(c2ccnc(NCC3(N)CCCC3)n2)CC1,0.0009572451258712238
CNC(=O)CC[C@H](NC(=O)c1nc(C)c2n1CCC2)C(=O)O,0.00027045653832336817
CNC(=O)N1CCC(C(=O)NC2CCN(CC(N)=O)CC2)CC1,0.0001635038574109636
CNc1ccc(C(=O)N[C@H]2CCCN(C(=O)CC3(O)CC3)C2)nc1,0.17508674154400125
CO[C@@H]1CN(C(=O)c2ccccc2C(F)F)CC[C@H]1F,0.0005898060887697536
CO[C@H](C)C(=O)N1CCC(CNC(=O)C2(O)CCSC2)C1,0.00024930269333709853
COC(=O)C1CC(NC(=O)C2CC3(CCCO3)C2)CCN1,0.00048440754458225626
COC(=O)c1cc(CS(=O)(=O)NC(C)c2nnc(C)[nH]2)on1,0.00027070357474937636
COC(=O)c1ccc(CN(C)CC(C)(C)N2CCN(C)CC2)n1C,0.0004077477895872727
COC(C(=O)N1CCC[C@H](NC(=O)C2(C)CC(F)C2)C1)C1CC1,0.0003586550040756847
COC1(C(=O)N(C)CC2CCN(C(=O)C3(F)CCC3)CC2)CCC1,0.0006824265926217435
COC1(C(=O)N2C[C@@H](C)[C@@H](NC(=O)c3cnc4[nH]cnc4c3)C2)CC1,0.0006167531775526075
COCC(=O)NCCC(=O)N[C@@H](C)CNc1cc(F)ncn1,0.21021597450932492
COCC1(CNC(=O)c2ccncc2)CCCN1c1cnc(F)cn1,0.0005761127946941259
COCC1(O)CCN(C(=O)c2cnc3n2CCS3)C1,0.0002582691220709251
COCCN(CCOC)C(=O)NCc1cccc(CN2CCCC2)c1,0.0004615747383166118
COCc1ccccc1C(=O)N1CCC(C(C)Nc2ncns2)C1,0.0016065458861106755
COCc1noc(CS(=O)(=O)c2cn(C)nn2)n1,0.00020284376759050634
COc1ccc(C(=O)NCCN(C)c2nc(C)cc(C#N)n2)nc1,0.0011816528181159893
COc1ccc(C(=O)OCC(=O)NC2(C)CCOCC2)nc1,0.00028827025191935173
COc1ccc(C)cc1NC(=O)NCC(O)c1ccccc1F,0.0009912018309674348
COc1ccc(CNC(=O)NCC(C)(CO)CO)cc1,0.0003002078411914242
COc1cccc(NC(=O)Cc2ccccc2CS(C)(=O)=O)c1,0.0008038082094256575
COc1cnc(N(C)C2CCCN(C(=O)C3CCC(C)O3)CC2)nc1,0.5243213274864422
COc1nccc(C(=O)NCCC2CCN(CC3CC34CCOC4)C2)n1,0.00021160246765145762
CSCC(=O)N1C[C@H](C)[C@H](NC(=O)c2n[nH]c3c(C)cccc23)C1,0.0006232489681684907
CSCCC(O)C(=O)N1CC[C@H](NC(=O)C2CCS2(=O)=O)C1,0.0002142252257919014
Cc1cc(C(=O)NC2(CNC(=O)c3cncn(C)c3=O)CC2)c[nH]1,0.13721862376448238
Cc1cc(Cn2cc(CN(C)CCO)nn2)cc(C)c1Br,0.0004504171336986912
Cc1cc(S(=O)(=O)N2CCCCC2C(=O)C(C)(C)C)n(C)n1,0.0005361447728969599
Cc1ccc(C(=O)N2CC3CCC2C(NC(=O)CN(C)C)C3)[nH]1,0.00045376451737839696
Cc1ccc(CNS(=O)(=O)c2ccc(C(=O)O)cc2)c(=O)[nH]1,0.00030957435232017625
Cc1ccc2cc(C(=O)NCC3CCCN3CCO)ccc2n1,0.153335119859608
Cc1ccc2nc(CNC(=O)[C@H]3C[C@@H](C(=O)O)C3)cn2c1,0.5258184694475143
Cc1cccc2c1OC(C(=O)NC1(CO)CCCC(C)(C)C1)C2,0.0006375228480216703
Cc1ccnc(-n2cc(CNC(=O)C3(O)COC3)nn2)n1,0.00030919568768409495
Cc1ccnc(CNC(=O)N2CCc3cc(O)cc(F)c3C2)c1,0.0005112942938059079
Cc1ccncc1CC(=O)NC1(CNC(=O)c2ccc[nH]2)CCCCC1,0.0009344180464819517
Cc1cnc(CNC(=O)N2CC3(C2)OC2(C)CC3(F)F)cn1,0.0
Cc1cnsc1C(=O)N1CCC2(C1)CN(C(=O)[C@@H]1C[C@@H]3C[C@@H]3C1)C2,0.0003249905423383627
Cc1nccc(N2CCC(NC(=O)c3nn(C)cc3C)C3(CCC3)C2)n1,0.0004886073436686176
Cc1ncncc1C(=O)N(C)CC(C)CNC(=O)c1ccc(F)o1,0.21062599525546857
Cc1nn(C(C)C)cc1C(=O)NC1CCN(c2nnco2)CC(C)(C)C1,0.0015676360074834957
Cc1nn(C)c(C(=O)NCCc2nnc(C3CCOC3)[nH]2)c1Cl,0.0003153920900971239
Cc1nn(C)c(C)c1CCOC(=O)CC1CCC(=O)NC1,0.0003042579663542219
Cc1nonc1CC(=O)NC[C@H]1C[C@H](NC(=O)C2CC23CC3)C1,0.00029732231072732694
Cc1sncc1C(=O)NC1CCN(C(=O)C2(C)CC2F)CC1F,0.0006184526730008232
Cn1nnnc1N1CCC(NCC2(C)CC(F)C2)CC1,0.00045393302411917747
N[C@H]1C[C@H](Cn2cc(CCN3CNC(=O)C3)nn2)C1,0.0002176161963656016
NCC(=O)NCc1ccc(-n2cc(Br)cn2)cc1F,0.0005664211582183555
O=C([C@H]1CCCC[C@H]1C(F)(F)F)N1CCCC(n2cn[nH]c2=O)C1,0.0005076716642102423
O=C(C1CCCOC1)N1CCC(N(CCO)C(=O)c2cocn2)CC1,0.2019082974505064
O=C(CC1C[C@@H]2COC[C@H]12)NC[C@]12CCC[C@H]1OCC2,0.0006529922077941295
O=C(CCC1CC1)NC1CCN(C(=O)c2cn(C3COC3)nn2)CC1,0.3370613968258266
O=C(CNC(=O)c1cccc(Cl)c1)NC1(C2CCCO2)CC1,0.00041725913292688706
O=C(CO)N1C[C@@H]2C[C@H]1CN2c1ncc(Br)cn1,0.0003711096905286964
O=C(COCc1nnc[nH]1)NC1CN(C(=O)CO)C2CCCCC12,0.09219692819823401
O=C(CSC(F)(F)F)NCC1(NC(=O)C2CC3(CC3)C2)CC1,0.21016779808797986
O=C(Cn1ccccc1=O)NC1CN2CCC1CC2,0.00017199047458030684
O=C(N[C@@H](COCc1ccccc1)C(=O)O)C1CC12CCCNC2,0.0003102835779223807
O=C(N[C@@H]1C[C@H]2CC[C@@H]1N2)c1ncccc1C1CCCNC1,0.0005515464029006873
O=C(N[C@H]1[C@@H]2CN(C(=O)COC(F)F)C[C@@H]21)c1cccc2c1OCC2,0.000392400572783898
O=C(N1CC(Cc2cccc(F)c2)C1)N1CCSc2ncccc21,0.4608878669253221
O=C(NC[C@H]1CCCN1C(=O)CC1CCCOC1)c1ccsn1,0.0005308743056379584
O=C(NCC(O)c1cccc(Br)c1)c1ccon1,0.00048810218290862506
O=C(NCC1CC(NC(=O)C2(F)CCCCC2)C1)C1CCCCS1,0.0009981092976130855
O=C(Nc1cc(C2CC2)n[nH]1)c1ccc(OCC(F)F)cc1,0.4112522960230357
O=C(c1cc(-c2cccnc2)no1)N1CCC(O)(Cc2ccccc2)C1,0.001071377367379819
O=C1C[C@]2(NC(=O)C(CO)c3ccccc3)CCCC[C@H]2N1,0.0003762598710354647
O=C1CC(NS(=O)(=O)c2cc3ccccc3s2)CN1,0.0007310890123800987
O=C1CN(C(=O)NC2CCc3sccc3C2=O)c2ccncc2N1,0.2917242253302015
OCC1(c2noc(Cc3ccsc3)n2)CC2(CCC2)C1,0.0005604215925072705
C[C@@H](CNC(=O)c1cccc2c1OC(C)(C)C2)NC(=O)c1ncccn1,0.24688007633776451
C[C@@H](NC(=O)[C@H]1CC[C@H](C)CC1)C1CN(C(=O)C(C)(C)C2CC2)C1,0.1725126010741346
C[C@@H](OCc1ccccc1)C(=O)N[C@H]1CCC[C@H]1c1cnn(C)c1,0.00045707355705857484
C[C@H](O)C(=O)NC[C@@H]1CCCCN1C(=O)c1ccc(C(F)(F)F)o1,0.0005193683234606829
C=Cc1ccc(C(=O)N[C@H]2CCN(C(=O)C3(N(C)C)CCC3)C2)cc1,0.001177220363696117
CC(=O)CCCC(=O)NCC(C)CN(C)C(=O)c1ccccc1CO,0.0003802915428400287
CC(=O)N1CC2(CCOCC2)CC1CNC(=O)c1cccnc1C,0.14690510834552425
CC(=O)N1CCCC12CCN(C(=O)c1ccn(-c3ccccc3)n1)CC2,0.43955794982115765
CC(=O)NCC(=O)N1CC2(CCC2)CC1CNC(=O)c1ncoc1C,0.0004020160826800763
CC(=O)c1ccc(C(=O)N[C@H]2CCCN(C(=O)c3ccncn3)C2)o1,0.00028740862920862293
CC(C(=O)N(C)CCN(C)Cc1cc2n(n1)CCCC2)c1ccsc1,0.00032526424851597876
CC(C(=O)N1CCC[C@@H]1C(F)F)n1cc(CS(C)(=O)=O)nn1,0.00031275552245363353
CC(C(N)=O)N(C)C(=O)c1ccnc(-c2ccc(Cl)cc2)n1,0.0012111186902151454
CC(C)(C)c1cc(S(=O)(=O)N2CC3(CC3)C2)on1,0.0006360512949867362
CC(C)(C)c1noc(CNC(=O)C(c2ccc(C#N)cc2)C2CCC2)n1,0.001630489131070455
CC(C)(NC(=O)c1cc(Cl)cc(N2CCCC2=O)c1)c1ncccn1,0.000546395150482845
CC(C)CC(=O)N1CC2CC(C1)N(C(=O)C1CC1Cc1ccccc1)C2,0.0007990417666727006
CC(C)CC(C)(C)C(=O)NCC1(O)CN(C(=O)C2(C)CC(C#N)C2)C1,0.32164689519649875
CC(C)CNS(=O)(=O)NC1COc2cccc(F)c21,0.00040521174458301573
CC(C)S(=O)(=NC(=O)COCc1cc[nH]c(=O)c1)c1ccccc1,0.0006132747243577798
CC(CCNC(=O)C(C)(C)N(C)C)N(C)C(=O)[C@H]1C[C@H]2[C@@H](C1)C2(C)C,0.0002664588602862754
CC(CCNC(=O)C1(C)CCCCO1)N(C)C(=O)CS(N)(=O)=O,0.15051622406842838
CC(NC(=O)[C@@H]1CC[C@H]2CC[C@H]1O2)C(C)(C)CN(C)C,0.0004050893813895436
CC(NC(=O)c1c(F)cccc1F)C1CCCN(Cc2cnccn2)C1,0.001087261133101124
CC(NC(=O)c1ccc(F)c(-c2ccccc2)c1)C(=O)N(C)C,0.0009783673691264735
CC(NC1CN(C(=O)OC(C)(C)C)[C@@H]2COC[C@H]12)c1cncs1,0.0006568711199052315
CC(O)C(=O)NCC[C@H](C)NC(=O)c1cnc(N)nc1,0.11801685161975187
CC(O)CN(C)CCCN(C)C(=O)c1ccn2ncnc2c1,0.00019369152938000122
CC(OC1CCCCC1)C(=O)OCC1(C#N)CCOC1,0.0008666134009864306
CC1(C(=O)NCC2CC23CCN(C(=O)CN2CCCCC2)CC3)CC1,0.2870596346141904
CC1(C)CC(C(=O)OC(Cc2nccc(C(F)(F)F)n2)C(=O)O)C1,0.0006947185184014548
CC1CCC(F)(F)CN1C(=O)c1n[nH]c2c1COCC2,0.0003970207818664399
CC1CF(C)CC(C(=O)NC(C)CNC(=O)CCCn2cccn2)C1,0.0
CCC(=O)NCC(=O)N1CC[C@H](NC(=O)c2cnsc2C)C1,0.1161472783498612
CCC(C)(CO)NC(=O)c1cc(OC)nc2c1CCC2,0.00037618641864227545
CCC(C)C(=O)N[C@H]1C[C@H](NC(=O)c2cccc3oc(=O)[nH]c23)C1,0.000651703821309222
CCC(C)OCC(=O)N1CCCC1CNC(=O)CC1CCNC1=O,0.09497046055652532
CCC(CC(=O)N1CCCC1CNC(=O)c1conc1C)C1CCC1,0.0013284877920892379
CCC(O)CC(=O)N1CC[C@@H](NC(=O)C(C)(C)c2cccc(C)c2)C1,0.00046919585478119314
CCC1=NOC(C(=O)N2CC(NC(=O)CC3(OC)CC3)C2)C1,0.17886780511045014
CCC1CN(C)CCN(C(=O)c2nn(C)cc2Cl)C1,0.00048004365545886425
CCCC(CCC)C(=O)N1CCCN(Cc2nncs2)CC1,0.0009231702078903282
CCCS(=O)(=O)N1CCN(C(=O)C2CCCn3cnnc32)CC1,0.0002253100908868232
CCCn1cc(CNC(=O)N[C@H]2C[C@@H](OC)C2(CC)CC)c(C)n1,0.0005349214260350289
CCN(CC)C(=O)CNC(=O)c1ncsc1C(=O)OC(C)(C)C,0.0004033230582418695
CCN(Cc1cncn1C)C(=O)c1c(Cl)nn(C)c1Cl,0.0007107579849862378
CCOC(=O)CC1(NC(=O)CC(C)(C)C#N)CCN(C)CC1,0.0012198530956786637
CCOCC(=O)NC1(CO)CN(C(=O)C(F)c2ccc(F)cc2)C1,0.00030092457566426874
CCSC1(CNc2cc(=O)[nH]nc2Cl)CCOCC1,0.0006393602738202468
CCc1c[nH]c(C(=O)N2CCN(C(=O)c3nc(C)[nH]c3C)[C@H](C)C2)c1,0.21618529125031577
CCc1c(C(=O)N[C@H](C)CNC(=O)Cn2cn[nH]c2=O)ccn1C,0.00018343485499045875
CCc1ccc(C(=O)N(C)CCN(C)C(=O)Cn2cc(C)cn2)[nH]1,0.0003451069327954264
CCc1cncc(C(=O)NCC2(NC(=O)c3ccn(C)n3)CCC2)c1,0.27388154504877493
CCc1nc(C(=O)NCCN(C)C(=O)C(C)n2cncn2)cs1,0.0003476659717180599
CCc1nnc(C(=O)N2CCCCCC(NC(=O)C(C)(C)O)C2)[nH]1,0.1556710560054968
CCc1nnc(N2CCCC(C)(NC(=O)C3CCCCO3)C2)s1,0.000629493767900197
CCn1ccnc1[C@@H]1OCC[C@H]1C(=O)N1CCC(C(C)(C)F)CC1,0.0007840694607459759
CCn1ccnc1[C@@H]1OCC[C@H]1C(=O)OCC(=O)N1CCCC1,0.17881773790007574
CCn1ncc(C(=O)N2CC(Nc3ncc4c(n3)CCCC4)C2)n1,0.0006886853846242073
CCn1nncc1COC(=O)C12CCC(C(=O)OC(C)(C)C)(CO1)C2,0.0005571114839507504
CN(C)C(=O)c1ccc(CNC(=O)[C@H]2CC[C@@H](NC(N)=O)CC2)cn1,0.0002962903211175809
CN(C)C1CC2(CC(NC(=O)C3CCc4cnn(C)c4C3)C2)C1,0.0007233904490559431
CN(CCNC(=O)C1CCCN1C1CC1)c1nc(N)nc(C(F)F)n1,0.26169309667229257
CN(CCNC(=O)c1ncccn1)C(=O)c1ccccc1OCC#N,0.0006562530431539747
CN1C(=O)CC[C@@H]1C(=O)NCC1CC2(CO1)CN(C(=O)CCF)C2,0.11766392207400664
CN1CC(C(=O)NCC(O)CNC(=O)C2CCC2F)CC1=O,0.06842681365811233
CNC(=O)CCC(NS(=O)(=O)C1CC(C)C1)c1ccccc1,0.00040701635360258765
CNc1ccccc1C(=O)NCCN(C)C(=O)CC(C)C,0.0006970112400922015
COC(=O)[C@@H](C)OC(=O)c1cnn(-c2ccncc2)n1,0.00037515315164570834
COC(=O)[C@@H]1C[C@H]1C(=O)N1CCN(c2ccc(C#N)cc2Cl)CC1,0.49857735269913717
COC(=O)C(C)CC(=O)N1CCC(NC(=O)C2CC2(F)F)C1,0.0003906286268942383
COC(=O)C12CCC(C(=O)NC(C)(C)c3ccncc3)(CC1)C2,0.2631492749565764
COC(=O)NCc1cn(CC(=O)N[C@H](C)c2cc2Cl)nn1,0.0
COC(=O)c1cc(C(C)(C)NS(=O)(=O)CCn2cnnn2)n[nH]1,0.00020307089313258952
COC(CNCc1ccc(F)c(CN2CCN(C)CC2)c1)C1CCC1,0.0006907584468946097
COC1(CNC(=O)C(C)C(C)C)CN(c2ccnc(C(C)C)n2)C1,0.0010262348283902334
COC1CC(C(=O)N[C@H]2CCCN(C(=O)Cc3cncs3)C2)C1,0.0004698614577770447
COCC(O)C(=O)NC1CC2(CCCN(C(=O)CC3CC3C)C2)C1,0.00029727808140365465
COCC1(C(=O)Nc2ccc(Cn3cccn3)cn2)CNC1,0.0007061881777447258
COCCN(CC1CC1)C(=O)C(C)(C)N1CCOCC1,0.0003217697884957104
COCCN1CCC(CNC(=O)Cn2cc(C(F)(F)F)ccc2=O)C1,0.00029874414703101127
COCCN1CCN(CC2(O)CC(c3nn[nH]n3)C2)C(C)(C)C1,0.00021194082128992838
COCCn1ncc(C(=O)OCC2C[C@@H]3CC[C@@H]3C2)c1C(F)F,0.0003618628698802052
COCc1nc(O)cc(N2CCOc3cccc(F)c3C2)n1,0.0009520585428874125
COc1cc(C(=O)O)ccc1CN1CCC[C@@H](OC)C1,0.0006976522091545729
COc1ccc(C)cc1NC(=O)c1ccc(C(N)=O)cc1C,0.0008218211562802246
COc1ccc(C2(NC(=O)NCC(C)SC)CC2)cn1,0.0004404058502951742
COc1ccc(CNC(=O)c2c(C)ccc(F)c2O)c(OC)c1,0.0007982452618950822
COc1nccc(C(=O)NCC2CN(C(=O)[C@@H]3CNC(=O)O3)C2)n1,0.0002448752812204404
CS(=O)(=O)[C@H]1C[C@H](CNC(=O)[C@@H]2[C@H]3CCCO[C@H]32)C1,0.00040072237413566017
CSCC(C)CNC(=O)CO[C@@H]1CCN(C(=O)OC(C)(C)C)C1,0.00040167229145755877
Cc1[nH]cnc1C(=O)N(C)CCN(C)C(=O)CCc1ccoc1,0.000544660204617261
Cc1c[nH]nc1C(=O)N1CCCC2CN(C(=O)CCC3CC3)CCC21,0.001125461462214512
Cc1cc[nH]c1C(=O)N1CCCN(C(=O)Cc2conc2C)CC1,0.0004993476678588128
Cc1cc(C)cc(CCNC(=O)NC2(CC(=O)O)CCCCC2)c1,0.0005673746593419013
Cc1cc(NCC2CCCCN2C(=O)[C@@H]2C[C@@H]3C[C@@H]3C2)ncc1C#N,0.8514044194655436
Cc1cc(O)cc(=O)n1CC(=O)N1CCC(O)(C(N)=O)CC1,0.00015513329580924118
Cc1ccc(NC(=O)c2scc3c2OCCO3)cc1C(N)=O,0.0007733217777948604
Cc1ccc(OCCN2CC[C@H](NC(=O)C3CCCCN3C)C2)cc1,0.0005214228557500847
Cc1ccc(F)cc1S(=O)(=O)NC(=O)c1cncc(CN)c1,0.0004224590125538
Cc1cccc(N(CC(C)(C)C(=O)N[C@@H]2CCC[C@H](N)C2)C2CC2)c1,0.0007578079043278924
Cc1csc(C2(NC(=O)c3cnn4c3NCCC4)CCC2)n1,0.0006206009892558235
Cc1nc(C(=O)NC[C@@H]2CCCN2C(=O)CCc2ccn(C)n2)n[nH]1,0.00028092266676427337
Cc1nc(C)c(F)c(N2CCN(C(=O)CC(C)C3CC3)CC2CCO)n1,0.0004316861591363942
Cc1nc2c(N3CCN(C(=O)C4CCCOCC4)C[C@@H]3C)nccc2[nH]1,0.0012683471002718533
Cc1nccc(CCC(=O)NC2(C(=O)N(C)C)CC(F)(F)C2)n1,0.0003939743569064375
Cc1nn(C(C)C)cc1C(=O)N1CCN(C(=O)OC(C)(C)C)CC1,0.22034029316536055
Cc1noc(N)c1C(=O)N[C@H]1C[C@H](NC(=O)c2csnn2)C1,0.20792213243935126
Cc1nocc1CC(=O)N1C2CCC1CN(C(=O)COC(C)(C)C)C2,0.0004466577351656085
Cc1nonc1S(=O)(=O)N1CCC(CC(F)F)C1,0.00037743817636814574
Cn1cc(C2CSCCN2CCC2CCCC2)cn1,0.000699254414143446
Cn1ccc(C(=O)NCC2CN(Cc3cccc(Cl)c3)CCCO2)n1,0.0007047395869212593
N#CCCN(CC1CC1)C(=O)C1CCCN1C1CCOCC1,0.0014132167204819503
N#Cc1csc(CNC(=O)c2coc(OCC(F)(F)F)n2)n1,0.0006326857255044386
NC(=O)C1CCN1C(=O)Cc1c[nH]c2cc(Cl)ccc12,0.0008607519132488154
O=C(CCC1CCCCN1)NCCC1(O)CCCOC1,0.00043378996438729687
O=C(CCC1CCOC1)NC1(C2CCN(CCO)CC2)CC1,0.00037697197794243757
O=C(COc1cccc(CNC(=O)C2(C#N)CC23CCC3)c1)N1CCC1,0.5507641700352292
O=C(N[C@H]1CCN(C(=O)c2cncnc2)C1)c1nncs1,0.08773993534242436
O=C(NC1CCCC1)c1ccc(=O)n(-c2ccc(F)cc2)c1,0.19786742532942217
O=C(NCC(=O)N1CC(N2CCCCC2)C1)c1ccc(Cl)s1,0.0003773564809563923
O=C(NCC1(O)CCN(c2ccncn2)C1)C12CCCC(C1)OC2,0.0006910184056008927
O=C(NCC12CCCNC1C2)N1CCOC[C@H]1Cc1ccc(O)cc1,0.0006924638491739576
O=C(NCCC(=O)N1CCC2(CCSCC2)C1)c1ccco1,0.0006776894373797859
O=C(NCc1nnc(C2CC2)cs1)c1ccnc2c1CNC2,0.0
O=C(Nc1ccc(OC(F)F)nc1)c1ccn(C2CC2(F)F)n1,0.0014707532056635565
O=C(Nc1ccnn1C1CCOC1)c1ccn(C2CCC2)n1,0.0005397825517594472
O=C1CC(C(=O)N2CC(C(=O)c3cccc(F)c3)C2)c2cccnc2N1,0.0011441817452984867
C[C@@H]1[C@H](N(C)CCO)CCN1C(=O)C1CNCC1(C)C,0.00027475377260191336
C[C@H](OC(C)(C)C)C(=O)N1CC(C)(C)C1C(=O)Nc1ccn(C)n1,0.0008194213365650383
C[C@H]1C[C@@H]1C(=O)NC1COCCN(C(=O)c2ccc3scnc3c2)C1,0.0006004957670270913
CC[C@H](C)[C@H](O)C(=O)NCC(C)NC(=O)CC(C)(C)C1CC1,0.0004932728593881145
CC(=O)CCC(=O)NC1(CNC(=O)c2cncc(F)n2)CCC1,0.00020949354653259795
CC(=O)NCC(=O)N1CC2CCC1CN2C(=O)CCc1nnc[nH]1,0.00018368206334718845
CC(=O)Nc1ccc(N(C)C(=O)Nc2cc3n(n2)CCNC3)cc1,0.0006846352580187523
CC(=O)c1cc(C(=O)NCCN(C)C(=O)C2CCN(C)CC2)n(C)c1,0.19227078534048547
CC(=O)c1ccc(N[C@@H](CO)CNC(=O)C2CCSC2)nc1,0.19671126900073868
CC(C(=O)N[C@@H]1CCN(C(=O)C2CCCCN2C)C1)n1cccn1,0.13757550592336765
CC(C(=O)N1CC(O)(CNC(=O)C2CCC2F)C1)c1ccc(N)cn1,0.19905359219684804
CC(C(=O)N1CCN(C(C)C)CC1)c1cc2ccccc2[nH]1,0.000722462274448264
CC(C)[C@H](O)C(=O)NC1COC2(C1)CN(C(=O)[C@@H]1CNC(=O)C1)C2,0.06582716619565769
CC(C)[C@H]1CN(C(=O)CC2CCCC2)CCN1C(=O)CC#N,0.0009987864701496553
CC(C)(C)OC(=O)N1C[C@@H]2C[C@H](C1)[C@H]1CN(Cc3ccco3)C[C@H]12,0.0006883208104681404
CC(C)(CNC(=O)c1ccn2ccnc2c1)S(C)(=O)=O,0.0004266035233621761
CC(C)(O)CC(=O)NC1CCN(C(=O)c2ccncn2)C12CCCC2,0.1875327402883446
CC(C)(O)c1cn(CC(=O)NCC2CCCC3CC23)nn1,0.00017421699238921335
CC(C)C(=O)Nc1nc(C(C)NC(=O)[C@@H](O)Cc2ccccc2)n[nH]1,0.00050021437995073
CC(C)CCC(=O)N[C@H](C)CNC(=O)C1CC2(C1)CS(=O)(=O)C2,0.1367175768393753
CC(C)OCCC(O)CNCc1ccc2[nH]c(=O)[nH]c2c1,0.0005838663508574551
CC(C)c1nc(CN2CCN(CC3CC34CCOC4)CC2)cs1,0.00059284890242216
CC(CN(C)C(=O)C1(F)CCC1)NC(=O)Cc1n[nH]c(C2CC2)n1,0.00024069455642128482
CC(CN(C)C(=O)c1ccnn1C)NC(=O)C1CCCC1O,0.0003341382847916561
CC(CNC(=O)C1(C)CCC1)N(C)C(=O)C1(C)CCCS1(=O)=O,0.22068818328146428
CC(CNC(=O)Cn1ccsc1=N)NC(=O)C1(C#N)CC1C,0.0004315064971634989
CC(CO)N(C[C@@H]1C[C@H]1c1ccccc1F)S(C)(=O)=O,0.0004100695427159436
CC(CF)C(=O)N1CCC2(NC(=O)c3ncccn3)CCCC12,0.186628663218966
CC(F)CCN1CCC[C@H](NC(=O)c2conc2C2CCC2)C1,0.000355139869876793
CC1(C(=O)NCCC2(CNc3ncc(F)cn3)CC2)CC1F,0.20437862934637463
CC1(C)C[C@@H]1C(=O)NC(CNC(=O)c1nccc2ncccc12)C1CC1,0.0007347933489323654
CC1(C)CC(CNC(=O)[C@@H]2[C@H]3COC[C@H]32)N(C(=O)c2cncnc2)C1,0.0006301037856257331
CC1(C)CC1CC(=O)N1CCN(C(=O)Cc2cccnc2N)CC1,0.0003357337412573113
CC1(C)Cc2nc(NC(=O)NC[C@H](O)Cc3ccccc3)sc2C1,0.00169613130138288
CC1(F)CN(C(=O)c2cnn3ccccc23)CCN(C(=O)C2CC2)C1,0.11772447223871967
CC1CC(CNC(=O)COCC2CC2)CN1C(=O)C1CSC1,0.00028137644822636635
CC1CC(NC(=O)C[C@H](O)c2ccccc2)CCN1C(=O)[C@H]1C[C@@H]1C,0.00030809904049235507
CC1CCN(C)CCN1C(=O)c1cnn(C2CC2)c1N,0.00046715239626932294
CCC(C(=O)N(CC)CCNc1ncc2ncn(C)c2n1)N(C)C,0.000981809236494692
CCC(C)C(=O)N1CCC[C@H](CNC(=O)c2cc3n(n2)CCNC3=O)C1,0.11679561702273286
CCC(CCOC)C(=O)N[C@@H]1CN(C(=O)C23CC2C3)C[C@@H]1C,0.0002854945769931231
CCC(CNC(=O)c1cc(O)no1)NC(=O)C1CN(C(C)=O)C1,0.09036326805827376
CCCC(C)(C)C(=O)N1C[C@H]2CN(C(=O)C3(F)CC3)C[C@H]2C1,0.0003917452645325298
CCCN1CC[C@@H](NC(=O)c2cc(Cl)nc(N)n2)C1,0.00037456849442630126
CCCNC(=O)[C@@H](CC)NC(=O)NCc1sccc1S(C)(=O)=O,0.0003408829955633351
CCN(CCNC(=O)C1CC1)C(=O)Cn1ncc(Cl)c1C,0.00046390468759459813
CCN(CCNC(=O)c1cnco1)C(=O)c1sccc1N,0.31664202059015134
CCOC(=O)C(C)(C)CN[C@@H]1CCO[C@@H](c2ccccn2)C1,0.00035236799248018264
CCOC1(CNC(=O)C(C)n2cc(-c3nccs3)nn2)CCC1,0.0010902006365920078
CCOc1ccc([C@@H](NC(=O)[C@H]2CNCCO2)C(F)(F)F)cc1,0.0005429817222184518
CCOc1nc(C(=O)NCC2(C)CCN(C(=O)C(C)C)C2)co1,0.0004655627174664648
CCc1cc(C(=O)Nc2nnc(C(C)C)[nH]2)cn(C)c1=O,0.0006373661535071889
CCc1cc(N2CCC[C@@H]2CN(C)C(=O)c2nccnc2N)ncn1,0.0006756941914879235
CCc1ccc(NC(=O)C(CC)n2ccnc2)cc1CC,0.001128425990326907
CCc1cnc(CN2CC3(CC(NC(=O)CCC4(C)CC4)CO3)C2)o1,0.00040568891092952915
CCc1cnoc1C(=O)N(C)C(CNC(=O)c1nccn1C)C1CC1,0.0007927440737672043
CCc1nc(C(=O)NCC2(O)CN(C(=O)c3c[nH]c(C)c3)C2)c[nH]1,0.12533381982307357
CCc1onc(C)c1C(=O)N1CCC(N2CCOCC2)CC1,0.0003756406056751994
CCn1ccnc1C(=O)NCC(C)N(C)CC1COCCO1,0.00028092206379434743
CCn1cnnc1C(=O)NCC1CC(NC(=O)C2(C#N)CC(=O)C2)C1,0.04438109883033382
CCn1ncc(C(=O)N[C@H]2C[C@@H](NC(=O)c3ccoc3)C2)c1C,0.13384091788118102
CCn1nnc(C)c1C(=O)N(C)CC(O)CN1CCC(O)CC1,0.00022857552625299679
CN(C)CCN(C)C(=O)N1CC(C2=NOCC2)C1,0.0002329595219391639
CN(Cc1nccn1C)C(=O)c1ccc(CN2CCCC2)cc1,0.0006743888405222287
CNS(=O)(=O)c1cc(NC(=O)N(C)C2(C(=O)O)CCC2)ccc1C,0.00047321532829290797
CO[C@@H]1C[C@@H](CO)N(C(=O)c2c(Cl)nsc2Cl)C1,0.0004304959633346421
COC(=O)[C@@H]1C[C@]12C[C@@H](NC(=O)c1ncccc1C1CC1)C2,0.00039349005767775827
COC(=O)C1CCC(C(=O)O)N(C(=O)C2CC(=O)N(C)C2)C1,0.0003155870236330272
COC(=O)c1nc(NC(=O)NC2CC(=O)N(C)C2)ccc1Cl,0.00032555822696423266
COC(C)C(=O)N[C@@H]1CN(Cc2ccc(C(N)=O)s2)C[C@@H]1C,0.00029461391243382906
COC(C)CC(=O)NC1CCN(C(=O)Cc2nccn2C)CC1F,0.0003242583798308023
COCC(=O)NC1CN(CC(=O)N(C)C)CCC1(C)C,0.0003398489682038631
COCC1(C(=O)NCC[C@H](C)NC(=O)[C@@H](C)OC)CCCCO1,0.0003752846038393131
COCCn1c(N)c(C(=O)CN(C)C(=O)CCC2CCC2)c(=O)[nH]c1=O,0.19551581863305284
COc1cc(C(=O)N2CCN(CC(=O)NC3CC3)C[C@H]2C)ncn1,0.00021868302060598006
COc1ccc(C(C)CC(=O)NCc2cnccn2)cc1,0.0006654190948870432
COc1ccc(NC(=O)CNC(=O)CCc2cnn(C)n2)cc1OC,0.0007633687610502798
COc1ccnc(S(=O)(=O)N2CCC(NC(=O)OC(C)C)CC2)c1,0.00034236515345655293
CSC1(C(=O)N2CCC(NC(=O)C3(F)CCC3)C(C)(C)C2)CC1,0.3450763683205508
Cc1[nH]ncc1C(=O)NC1CN(C(=O)c2nn[nH]c2C(F)(F)F)C1,0.0003680324704660864
Cc1c(C(=O)N2CCCc3cccnc32)ccn1CCN,0.0006397774149550407
Cc1c(C(=O)NC(c2ncon2)C2CC2)cnn1CC(F)F,0.24399547416193518
Cc1c(C(=O)NCc2ccc(C(C)(C)C)[nH]c2=O)cnn1C,0.0005335172661159079
Cc1cc(=O)c(C(=O)N2CC[C@@H](NC(=O)C3CCCOC3C)C2)c[nH]1,0.0002987654785268101
Cc1cc(C(=O)N2CCOCC(NC(=O)CCC3CC3)C2)no1,0.19641940908363617
Cc1cc(C(=O)NCC2(O)CN(CCC3CC3)C2)c(C)cn1,0.0003073053617979375
Cc1cc(C(C)NC(=O)NCC(C)(O)c2cnn(C)c2)cc(C)c1F,0.0007308778679540714
Cc1cc(CNC(=O)N2C[C@@H](F)[C@H](CO)C2)ccc1Cl,0.0004916431355523852
Cc1ccc(C(=O)N2CCN(C(C)c3nncn3C)C[C@@H]2C)c(C)c1,0.0007842959364937296
Cc1ccc(C(=O)NC[C@H]2CCCN(C(=O)COC3(C)CCC3)C2)o1,0.000729203683290709
Cc1ccc(CCN2CCN(CC(C)(C)C)CC2)cn1,0.0005328188063159862
Cc1cccn2nc(C(=O)NCC3COCC(C)(C)O3)cc12,0.0003169136037888988
Cc1ccnc(NCC2CC2)c1Br,0.001046891298232446
Cc1ccncc1CC(=O)N[C@@H]1CCC[C@H]1Oc1ccccc1,0.00041617730901523614
Cc1cnc(NC[C@H]2[C@@H]3CN(C(=O)CC(C)n4ccnc4)C[C@H]23)nc1,0.502845122203883
Cc1cnn(-c2cccc(C(=O)NC3(CO)CCCC3)c2)c1,0.0012708577993840277
Cc1cnn(CC(=O)N2CCCCC(NC(=O)C3(O)CCCC3)C2)c1,0.0009688325982022762
Cc1coc(S(=O)(=O)NCC(O)c2cccnc2)c1,0.0003872719455695191
Cc1csc(CN2CCN(C(=O)C3Cc4cccnc4C3)CC2)n1,0.0004327165465009733
Cc1nc(C(=O)NC(C)CNC(=O)c2nc(O)n(C)n2)co1,0.0004016646102387449
Cc1nc(C(C)C)ncc1C(=O)N[C@@H]1CCN(C(=O)[C@@H](C)O)C1,0.15229775685563168
Cc1ncc(C(=O)N(CCNC(=O)c2cccnn2)C2CC2)o1,0.14917276106215824
Cc1ncsc1C(=O)N[C@H]1CC[C@H](NC(=O)c2cc[nH]n2)CC1,0.1413853003767496
Cc1ncsc1C(=O)NC[C@]1(C)CCCN1c1ccnc(Cl)n1,0.0007159100941988325
Cc1nnc(C(C)NC(=O)N(C)CC2COc3ccccc3O2)o1,0.00043007937963682907
Cc1ocnc1C(=O)N(C)CC1CN(C(=O)C23CCCN(CC2)C3)C1,0.0003889762452675333
Cn1c(C(=O)OCC2CC(=O)N(C3CC3)C2)cc2ccsc21,0.0009739907299245482
Cn1nnc(NC2(CNC(=O)C3CCC(=O)N(C4CC4)C3)CC2)n1,0.0002984732541660374
N#Cc1c[nH]c(C(=O)N2CCC(CCNC(=O)C3(CO)CC3)CC2)c1,0.5394928057323642
N#Cc1ccc(N2CCCC23CCN(C(=O)Cn2cnnn2)C3)cn1,0.45107457506945203
N[C@@H]1C[C@@H]1CNC(=O)CNC(=O)Cc1ccccc1,0.00018568353837124281
Nc1cccnc1S(=O)(=O)N1CC[C@@H]2CNC[C@@H]2C1,0.0004344091799829275
Nc1ncccc1CC(=O)NC1(CNC(=O)CN2CCC2)CCC1,0.00014388529526783984
O=C(CC1Cc2ccccc2O1)Nc1cccn(C(F)F)c1=O,0.0008694105201983017
O=C(CNC(=O)Nc1cccc(F)c1)NCC1(O)CCC1,0.0004540911413673703
O=C(Cc1cscn1)N1CCC[C@@H]1CNc1cc(O)ncn1,0.000621656044617034
O=C(NC[C@@H]1CCCN1C(=O)C1CNC(=O)C1)C1CCCOC1,0.10938915135286811
O=C(NC[C@H]1CC[C@H]1C(=O)O)c1cnc(-c2ccoc2)s1,0.001527262346239004
O=C(NC1CCN(c2ccc(Cl)cc2)C1)C1Cc2nncn2C1,0.000858740491827121
O=C(NC1CN(C(=O)c2cnccc2O)CC2(CCC2)C1)c1cocn1,0.0006699425065907163
O=C(NC1COc2ccccc2C1=O)c1cccc(=O)[nH]1,0.00040029924412693786
O=C(NCC12CC(CO1)N(c1nc(Cl)ncc1F)C2)c1cocn1,0.0007160931577627435
O=C(NCc1nc(-c2cn(C3CC3)nn2)cs1)C1CCCCS1,0.0017262389733344726
O=C(Nc1cc(Br)c(=O)[nH]n1)C1CCCN(CC(F)F)C1,0.0006930336617345227
O=C(c1cc(=O)[nH]c(-c2ccccn2)n1)N1CCC(O)C12CCSC2,0.3057481946258295
O=C1CC(C(=O)NC[C@H]2CCN(C(=O)C34CCCC(C3)OC4)C2)CN1,0.0005847128334676529
O=C1CCC(NC(=O)NC(CC2CC2)c2ccccn2)CC1,0.22313331822643412
O=S(=O)(NC[C@@H]1C[C@@H]2O[C@H]1[C@H]1C[C@@H]21)c1cnnn1-c1ccccc1,0.0003069114738573453
C[C@@H]1CN(c2nnc(C(F)F)o2)C[C@@H]1NC(=O)C(C)(C)N(C)C,0.0006183722126733488
C[C@H](CNC(=O)c1ccccn1)NC(=O)c1coc(=O)[nH]1,0.00023252193898682668
C[C@H](CNC(=O)c1cncc(N)c1)NC(=O)CC1CC(O)C12CCC2,0.0005046420863845794
C[C@H](F)CC(=O)NC(CN1CCS(=O)(=O)CC1)C1CC1,0.00030107116744323146
C=Cc1ccc(C(=O)NCC[C@H]2CCCN2C(=O)c2cccn2C)cc1,0.6260203156150157
C=Cn1nccc1C(=O)NC(C)CNC(=O)c1ccc(Cl)[nH]1,0.001193013908352953
CC[C@H](CC(=O)N[C@H](CO)CCCO)c1ccccc1,0.0003718914123968671
CC(=O)C1CN(C(=O)Nc2c(C#N)ncn2C)CCO1,0.3947773568030323
CC(=O)NC(C)C(=O)N(C)CCN(C)Cc1coc(C)n1,0.00027021300242559585
CC(C(=O)NCCN(C(=O)C1COC(C)(C)C1)C1CC1)C(F)(F)F,0.0006076480993091112
CC(C)(C)CC(NS(=O)(=O)C1CCCCC1(F)F)C1CCCO1,0.30333516397348825
CC(C)(C)CNC(=O)C(C)(C)NS(=O)(=O)c1cscc1Cl,0.000658451914003861
CC(C)(C)OC[C@H]1CCCCN1C(=O)N(CCC#N)c1ccc(C#N)cn1,0.7970765877750517
CC(C)(C)n1ncc2c(=O)n(CC(=O)C3CC3)cnc21,0.00041244632187261245
CC(C)C(=O)NC1CC(NCC(O)c2ccc(Cl)cc2)C12CCC2,0.00044362251565580095
CC(C)C(N)C(C)(C)C(=O)NCCn1cc(C2(O)CC2)nn1,0.00035723424635809506
CC(C)CC(=O)N1CCC(NC(=O)C2(CF)CC2)C(F)C1,0.0005208531156633104
CC(C)Cn1ccc(C(=O)N2C3CCC2C(=O)NC3)cc1=O,0.00029241812268648783
CC(C)NC(=O)CN1C[C@H]2[C@H](NC(=O)Cc3cccc(F)c3)[C@H]2C1,0.00032695389886800097
CC(C)NC1CCCN(S(=O)(=O)c2ccc(F)c(Cl)c2)C1,0.0007282231945733685
CC(C)c1cc(=O)[nH]c(N2CCN(C(=O)CCC3CCN(C)C3)CC2)n1,0.344042809553174
CC(C)n1nnnc1CN(C)Cc1cccc2c1OCO2,0.0004667693177842702
CC(CO)C(=O)NC1CCCCN(C(=O)C(C)(C)C(C)(F)F)C1,0.0004775773189682844
CC(CF)C(=O)N1CCC[C@@H]1CNC(=O)c1cnn(-c2cccnc2)c1,0.001302549659793337
CC(CS(=O)(=O)c1ccc(Cl)cc1)C(=O)N1CCSC1,0.0005385951747880312
CC(O)CNS(=O)(=O)CCCn1cc(Br)cn1,0.000301669051793576
CC1(C)CC(C(=O)NCC2(O)CCN(C(=O)c3cnoc3)CC2)C1,0.22458078572284768
CC1(NC(=O)C2CC2)CCCN(C(=O)C2(O)CCC(C)(C)CC2)C1,0.30040390345676515
CC1CC(NC(=O)Cc2ccnn2C)CCN1C(=O)c1ccc[nH]1,0.0003737953416216353
CC1CN(C(=O)CN(C)C(N)=O)CC1NC(=O)c1cnccc1O,0.00019523013131070695
CC1CN(C)CC1NC(=O)N1CCCCc2cccnc21,0.0008382941863210178
CCC(=O)N1CC2C(CNC(=O)c3nn(C)cc3Cl)C2C1,0.0002502146982951104
CCC(C)(C)CC(=O)N1CCCC[C@H](NC(=O)C2(SC)CC2)C1,0.0010924515220300417
CCC(CC(=O)N1CC(CO)(NC(=O)CCc2cccnc2)C1)OC,0.0001759240516706273
CCC(CC)n1ccc(C(=O)N2CCC2CNC(=O)C2CC(=O)C2)n1,0.000440560428912395
CCC1(CNS(=O)(=O)c2ccc3c(c2)C(C)(C)CO3)CCC(=O)N1,0.0004420107674975673
CCCC(=O)N(C)CC(C)(C)CNC(=O)c1ccnc2ccnn12,0.0008123369740129432
CCCN(CC(C)C)C(=O)C(C)n1cc([C@@H](O)C2CC2)nn1,0.0005079078539966484
CCCN(CCNC(=O)C(F)(F)CO)C(=O)c1cc(F)n(C)n1,0.00031379799271909935
CCN(C(=O)C1CCN(C(=O)C2CC3(CSC3)C2)CC1)C1CC1,0.0005378665268197471
CCN(CCNC(=O)CCC(=O)NC)C(=O)C1(COC)CC1,0.00028249429566820633
CCN(CCNC(=O)c1ncc(Cl)n1C)Cc1ncc(C)s1,0.0006874683083267218
CCN(Cc1cncs1)C(=O)NC1CCN(C2CC2)CC1,0.0006106836618651272
CCN(c1nnc(C2CCC2)n1CC1CC1)C1CCS(=O)(=O)C1,0.0009642183830683128
CCN1CCC(N2CCN(C(=O)C[C@H]3COC(=O)N3)[C@@H](C)C2)C1=O,0.10985227032594626
CCOCC(=O)N1CC2C(CNC(=O)c3nc(O)sc3C)C2C1,0.000353467693559845
CCOCc1cccc(CNc2nc(C(C)(C)OC)ns2)c1,0.0006982196099042285
CCn1nc(C(=O)Nc2cnn(CC(=O)OC)c2)cc1C1CC1,0.23807838140457216
CCn1ncc(C(=O)NCC(C)CNC(=O)c2c(C)coc2C)c1C,0.29178177519948845
CCn1nccc1[C@@H]1OCC[C@H]1C(=O)NC1CCCC(C)(C)C1,0.0004223624830922439
CN(C(=O)c1ccoc1)C1CCN(CC(=O)NC2CCC(C)(C)CC2)C1,0.0012579951565140825
CN(C)CC1(C(=O)NCC2CCCCN2Cc2ccccn2)CC1,0.0008658165704975174
CN(C)Cc1cn(CCC(=O)NC(CO)c2ccccc2)nn1,0.0002249212812012801
CN(CC1=CN(C(=O)OC(C)(C)C)CC1)CC(F)(F)CO,0.0008834651576490857
CN(CC1CN(C(=O)C2CC[C@H]3C[C@H]3CC2)C1)C(=O)CO,0.00030296679067016037
CN1CCC(n2cc(C(=O)NCC(F)(F)c3n[nH]c4c3CCC4)nn2)C1,0.0007000982180727004
CO[C@H]1CN(C(=O)Cc2sccc2Br)C[C@H]1OC,0.00039487925454902893
COC(=O)c1cc(COC(=O)[C@@H]2C[C@H]2c2ccco2)ccc1F,0.0008537941393308978
COC(=O)c1cnc(CN2CCN(C3CCCC3)C(=O)C2)s1,0.0006624053234964684
COC(C)(C)c1cn(C[C@H](C)NC(=O)c2c[nH]nc2C2CC2)nn1,0.0003463492162531943
COC1(C(=O)N2C[C@H]3[C@H](NC(=O)c4ccoc4)[C@H]3C2)CCCOC1,0.0005513382442069421
COCC(=O)NCC(C)CNC(=O)c1ccc(F)c(OC(C)C)c1,0.00045142273157895317
COCC(C)(O)C(=O)NC[C@@H]1CC(C)(C)CN1c1nnc(C)s1,0.0005747001505609845
COCCC(=O)N1CCCC[C@]12C[C@H](NC(=O)CCn1cccn1)C2,0.0006664933088892585
COCCN(C)C(=O)N1CCC([C@H](C)NC(=O)OC(C)(C)C)CC1,0.00045697257792828546
COCCN1CCCC1C1CCN(C(=O)c2cc(OC)[nH]n2)CC1,0.0005291069728693465
COCCn1ccc(C(=O)NCC(C)CNc2ccc(C#N)nc2)n1,0.001313917597516493
COc1c(C(=O)NCC2CNC(=O)C(C)(C)C2)cnn1C,0.00028401683378178927
COc1cc(F)ccc1N1CCN(C(=O)Cn2nnc(N)n2)CC1,0.00028697908754781864
COc1cc2[nH]nnc2cc1C(=O)N1CC[C@@H](NC(=O)CC2CC2)C1,0.2958032209683071
COc1ccc(C2(C(=O)NCC(C)CN3CCCC3=O)CCCC2)cc1,0.23081923077516606
COc1ccc(Cn2cc3c(cc2=O)OCCN3C)cc1F,0.6888776864015761
COc1ccccc1Nc1nc(C(F)(F)F)nn1C,0.0010165053328917845
COc1cccnc1C(=O)NC1(C)CCN(C(=O)CC2(OC)CC2)C1,0.1577198483023655
COc1nccc(C(=O)NCC2CCCCN2C(=O)C(O)C2CC2)n1,0.00029704678504481055
CSCCC(O)C(=O)NC(C)CN(C)C(=O)C(C)(C)n1cccn1,0.0004359188930925974
CSc1ccc(C(=O)NCC2(S(C)=O)CC2)cc1C,0.0004616367942864658
CSc1nccc(N2CCCC(C)(NC(=O)c3cnsn3)C2)n1,0.0006498262382627312
Cc1[nH]ccc1C(=O)NC[C@@H](C)NC(=O)C(C)(C)c1cccc(F)c1,0.0007516629147679247
Cc1c[nH]nc1C(=O)N1CCCC(CN(C)C(=O)CCC(C)(C)C)C1,0.0007122555904277794
Cc1c(C(=O)NC(C)C(C)(C)N(C)C)nn2c1OCCC2,0.0003262144413888867
Cc1cc(C(=O)N[C@@H](C)CNC(=O)c2cnnn2C)nn1CCO,0.00022575734381727398
Cc1cc(C(=O)NC2CCC(CNC(=O)c3cc(C)on3)C2)on1,0.0005600451058215475
Cc1cc(C(=O)NCC(C)NC(=O)Cn2nccn2)n(C)n1,0.00022361231858176897
Cc1cc(C(=O)NCCC(C)NC(=O)CC(C)(O)C2CC2)no1,0.0003151214122671172
Cc1cc(CC(=O)NC(CNC(=O)CC(O)C(C)C)C(C)C)on1,0.0005547037681469996
Cc1cc(NC(=O)N(C)CC(C)(C)C)cc2[nH]ncc12,0.0018316471678900986
Cc1ccc(C(=O)N[C@@H]2CN(C(=O)C3(O)CCCCC3)C[C@@H]2C)o1,0.22263902473886402
Cc1ccc(C(=O)N2CCC(N(C)C(=O)C(C)(O)C3CCC3)CC2)[nH]1,0.3846924679767762
Cc1ccc2c(c1)C(NC(=O)[C@H](CCC(N)=O)NC(=O)CC(C)C)C2,0.0005983857610280428
Cc1ccnn1CC(=O)N1CCC(NC(=O)[C@@H](C)N(C)C)C(C)C1,0.00025363190731831015
Cc1ccoc1C(=O)N1CC[C@H](CNC(=O)C2CC23CCC3)C1,0.0007247728870266255
Cc1cnn(C)c1C(=O)NC(CNC(=O)c1cscn1)C(C)C,0.0005548409135360163
Cc1cnn(CC(=O)N2CC(NC(=O)C3CC3C)C3CCCCC32)c1,0.00080761828634524
Cc1csc(=O)n1CCN(C)Cc1c[nH]nc1C(F)F,0.0004216360046446259
Cc1n[nH]c2c1CC(C(=O)NC[C@H](C)CNC(=O)OC(C)(C)C)CC2,0.00040487501712530645
Cc1nc(C(=O)NC2(C(=O)OC(C)(C)C)CCCC2)c[nH]1,0.0004775685013011417
Cc1nccc(NCC2(C)CCCN(C(=O)CCC(F)F)C2)n1,0.0006872299753337785
Cc1nccnc1C(=O)N1[C@H]2CC[C@@H]1C[C@H](NC(=O)C1CC1(F)F)C2,0.0012814926900212003
Cc1ncncc1C(=O)NC[C@H]1C[C@@H](NC(=O)C2(O)CCSC2)C1,0.1481623417939343
Cc1nn(C)cc1S(=O)(=O)NC1CC(C(=O)O)c2ccccc21,0.0006169091982396839
Cc1nnc(C(=O)N2CCN(C(=O)C3(O)CC3)CC2C)s1,0.00020096842936705747
Cc1nnc(N[C@H](C)CNC(=O)C(C)c2cccnc2)s1,0.17694751278643617
Cc1nnc(N2CCCC(CNC(=O)C(C)C3CCC3)CC2)s1,0.113678859081628
Cc1nnc(NC2CN(C(=O)c3cncc(F)n3)CCC2C)nc1C,0.0009386627523332871
Cn1c(CNC2CC(=O)N(C3CC3c3ccccc3)C2)nnc1C1CC1,0.0004029356322507473
Cn1ccc(C(=O)NC2(C)CCN(C(=O)CCC(F)F)CC2)n1,0.0005090572996934861
Cn1nc(C2CC2)cc1-c1cncc(N2CCNCC2)n1,0.5785548211057591
Cn1nc(CNC(=O)NCCc2ccc(O)cn2)cc1Cl,0.00041711130514850365
Cn1ncc(N)c1C(=O)N1CC(NC(=O)c2ccccn2)C(C)(C)C1,0.0006667578726439544
N#CC1(C(=O)N2CCC3(CCCN(C(=O)C4CCOCC4)C3)C2)CC1,0.001116468742208061
NC(=O)c1csc(CNC(=O)C2CCS(=O)(=O)C2)n1,0.0002066172410999051
NCCCC1(C(=O)NCC2(n3cncn3)CC2)CCC1,0.0008617125571170575
O=C(CN1CCC(C2CCNC2)CC1)NCc1ccco1,0.00033039031772092787
O=C(COC(=O)c1ccnc(OCC(F)F)c1)OCC(F)(F)F,0.00043066738646334334
O=C(COC1CC1)N[C@H]1CCCC[C@H]1Nc1nccnc1F,0.0013449375607211148
O=C(COc1ccccc1)NCC1CC(NC(=O)C2(CF)CCC2)C1,0.0004602298092553012
O=C(Cc1cc(C2CC2)on1)NC1(CNC(=O)C2CCCC2)CCC1,0.4215892967154884
O=C(Cc1ccon1)N1CCCC2(C1)CN(C(=O)C(F)F)CCO2,0.000365564148643344
O=C(N[C@H]1CC[C@H](CNC(=O)C2CS(=O)(=O)C2)CC1)C1CC1,0.0003505598496434955
O=C(N1CCSC2CCC21)[C@H]1C[C@@](F)(CO)C1,0.1903290654099883
O=C(NCC12CC(CO1)N(C(=O)CC(F)(F)F)C2)c1cnco1,0.00033597714572818055
O=C(NCC1CCC1c1ccccc1)C(O)C(O)C(F)(F)F,0.0004725756765298201
O=C(OCCc1ccncc1)C(O)CC=Cc1ccccc1,0.0005807893937391348
O=C(c1cnccc1-c1nn[nH]n1)N1CC2(CCC2)CCC1CO,0.5454395378882438
O=C1COC(C(=O)N2CC[C@@H](NC(=O)c3cc(O)ccn3)C2)C1,0.00015293993210416742
O=C1NCCCCC1N1Cc2ccccc2C2(CC2)C1,0.0004472989158363162
O=C1OC(C(=O)NC2(CO)CCCC2)Cc2ccc(Cl)cc21,0.00045818084747069343
C[C@@H](CNC(=O)Cc1cnccc1Cl)NC(=O)C(C)(C)O,0.0002714034433818264
C[C@@H](CNc1nnc(C(F)F)o1)NC(=O)Cc1ccc2c(c1)CCO2,0.0005874348381421108
C[C@@H](NC(=O)c1ccsc1)C1CN(C(=O)C2CC23CC3)C1,0.18570095055682392
C[C@H](O)C(=O)N(C)C(CNC(=O)c1ccncc1F)c1ccccc1,0.0003738589537959814
CC[C@@H](C(=O)N(CCNC(=O)c1oc(C)cc1C)C1CC1)N(C)C,0.0002752264848712573
CC[C@@H]1CN(C(=O)C2(O)CCC2)C[C@@H]1NC(=O)C12CCC(C1)OC2,0.00032627877784482576
CC[C@H](C)[C@H](O)C(=O)N1CCC[C@@]1(C)CNC(=O)C(F)C(F)(F)F,0.3833776902571819
CC(=O)N[C@@H](CC(C)C)C(=O)N1C[C@@H]2C[C@H]1CN2CC1CC1,0.0004298173549100109
CC(=O)NC1CN(C(=O)CC2OCCO2)CCc2ccccc21,0.00031635639909307516
CC(=O)NCCC(=O)NCC(NC(=O)C1CC1)c1ccccc1,0.0003891991430844641
CC(=O)c1cncc(C(=O)NC2CC(C)OC(C)C2)c1,0.0002929793664184437
CC(C(=O)N(C)CCc1ccccc1O)N1CCOCC1,0.0003839957292543447
CC(C(=O)N1CCC2(C1)CN(C(=O)c1cocn1)CCO2)C1CCC1,0.0005200159247022566
CC(C)[C@@H](O)C(=O)N1CC(NC(=O)c2ccnc(N)c2N)C1,0.15071885512311484
CC(C)(C)OC(=O)N1CC(CNC(=O)NCC[C@H]2C[C@H](F)C2)C1,0.00041251002568287097
CC(C)(C)c1nnc(C(=O)NCCC2CCCCN2C(=O)C2CC2)[nH]1,0.0005162461914241571
CC(C)CC(=O)N[C@@H](C)C1CN(C(=O)C(C)Sc2nncn2C)C1,0.0002628542089332312
CC(C)Cc1cc(NC(=O)c2nn(C)c3c2CCNC3)[nH]n1,0.4774271120433025
CC(C)OCC(=O)N1CCOCC(CNC(=O)C(C)(C)O)C1,0.00040970444808932296
CC(C)Oc1ccc(C(=O)N2C3COCC2CN(C)C(=O)C3)cc1,0.00040135412454165496
CC(C)n1cc(C(=O)NCC2CN(C(=O)CC3CCOCC3)C2)cn1,0.0005421555534098206
CC(C)n1ccnc1C(=O)N[C@H]1C[C@H](NC(=O)c2cncnc2)C1,0.2070404602908496
CC(CC(=O)N1CCC(CNc2ccncn2)C1)C1CCCO1,0.0006990349277963359
CC(CCNC(=O)C1CC2CC2C1)NC(=O)c1ccc(=O)[nH]n1,0.0002621719816686542
CC(CN(C)c1cc(O)ncn1)NC(=O)c1cc2n(c1)CCOC2,0.00048502769372258964
CC(CNS(C)(=O)=O)OC(=O)CCc1cn(C)nn1,0.00021347432280216877
CC(O)CCC(=O)N[C@H]1C[C@H](NC(=O)CCC2CCOC2)C1,0.00035473583168815916
CC(OC1CCCCC1)C(=O)N(C)CCNc1nnc(CO)s1,0.0002744394167275112
CC1(C(=O)N[C@H]2C[C@H](NC(=O)Cc3csc(N4CCCC4)n3)C2)CC1,0.0004975281514228154
CC1(C)C[C@@H]1C(=O)NC1(CNC(=O)C2(S(C)(=O)=O)CC2)CC1,0.13173248416682462
CC1(c2cccc(NC(=O)c3nc(Cl)cs3)c2)CCO1,0.0014757249566883417
CCC(C)C(=O)N1CCN(C(=O)c2cnsc2C)C(C)C1,0.23837598804141866
CCC(CNC(=O)C(F)CC)Nc1ncc(C)cc1C(=O)OC,0.0007451010092332987
CCC(CNC(=O)Cn1cccn1)NC(=O)C1CCS(=O)(=O)C1,0.00014894989754319322
CCC1(C)CC(C(=O)NC[C@H](C)NC(=O)c2cccn3nnnc23)C1,0.2997961180794939
CCC1(CC)C(NCC2OCCO2)CC1OC,0.0005007492761947965
CCCC(C(=O)NC1(C)CN(C(=O)Cc2nc(C)n[nH]2)C1)C(C)C,0.00024829723331938044
CCCCC(=O)N1C[C@@H](CC)[C@@H](NC(=O)CCc2ncccn2)C1,0.0006071660170079932
CCCOC(=O)N1CCN(Cc2ccc(F)cc2OC)CC1,0.0005962134089002846
CCN(CCNC(=O)C1(c2ccccc2)CC(OC)C1)C(=O)C1(C)CC1,0.0006321328690289836
CCN(CCNC(=O)C1CC1F)C(=O)CN=S(C)(C)=O,0.10294112592945663
CCN1CCC1C(=O)NC1(CNC(=O)C(C)(C)C2CCCN(C)C2)CC1,0.1552852447968621
CCNc1ccc(C#N)cc1NC(=O)c1cc(COC)no1,0.7506697177563404
CCO[C@H]1C[C@H](n2nnnc2N2C[C@@H]3CC[C@]3(CF)C2)C1,0.0004957386128118414
CCOC(C)C(=O)N[C@@H](C)CCNC(=O)c1ccc(C)n1C,0.0003402891621756821
CCOC1CC1C(=O)NC1CCC2CCN(C(=O)C(C)(C)CC)C1C2,0.24365709510881245
CCOCC(=O)N1CC(NC(=O)c2ccnc3c2nnn3C)CC1C,0.0002749857163965026
CCOc1ccc(CN[C@@H](CC(C)C)CS(C)(=O)=O)nc1,0.0003776307503855669
CCc1cc(C(=O)N[C@H]2CN(C(=O)Cn3nccc3N)C[C@H]2C)no1,0.0007733536013194064
CCc1ccc(C(=O)NC2CC3(C2)CN(C(=O)CC2OCCO2)C3)[nH]1,0.00030710578343351837
CCc1ccc(C(=O)NC2CN(C(=O)c3cnc(C)o3)C2)[nH]1,0.16748988606561907
CCc1cnc(CC(=O)NC2(CCOC)CCN(C(C)=O)CC2)[nH]1,0.0002963713519795672
CCc1ncc(C(=O)NC(C)CC(C)NC(=O)[C@@H]2[C@H]3COC[C@H]32)s1,0.0004544402406510767
CCc1ncnc(N[C@H]2C[C@@H](CNC(=O)CN3CC4CC4C3)C2)c1F,0.00029506358495797044
CCc1nonc1C(=O)NCC(C)(O)c1ccccc1Cl,0.0004325449204381332
CCc1occc1C(=O)N1C[C@@H]2CCC[C@]2(CN)C1,0.0005679669480003441
CCn1c(C(=O)N(C)C(C)CNC(=O)c2ccc(C)cn2)cnc1O,0.0004161080268393252
CCn1ncc(C(=O)N2CCC(c3ncco3)CC2)c1C1CC1,0.0008369015253237679
CCn1nnc2c(N3C[C@@H](C)O[C@@H](C(=O)OC)C3)ncnc21,0.00042958518489301503
CN(C)[C@@H]1CC[C@H](C(=O)Nc2cccc(OC(F)F)n2)C1,0.0005898323655046436
CN(C)C[C@@H]1CC[C@H](C(=O)NS(=O)(=O)C2(C)CC2)O1,0.00021169855217110581
CN(C)CCN(CC(=O)N(C)C)C(=O)c1cnc2c(c1)CCCC2,0.2130782857100248
CN(C)c1nc2cccc(C(=O)N3CC(O)C4(CC4)C3)c2o1,0.3689707924662971
CN(CC1CCN(C(=O)Cc2ccn[nH]2)C1)C(=O)C1(C)CC2CCC1C2,0.0011459053459859894
CN1C(=O)C(c2nnc(N3CCOCC3)n2C)CC12CCC2,0.0005506662077804087
CN1C(=O)NCC12CN(C(=O)N1CCSc3c(F)cccc31)C2,0.0006952013273129011
CN1CCCN(C(=O)c2cccc3cncn23)CCC1,0.0007365876584812351
CNC(=O)C1(C)CCN(C(=O)N(C)c2cnccc2C)C1,0.0007174531067331191
CNC(=O)CCC(=O)N1CCN(C)C(CNC(C)=O)C1,0.00034100135482448296
COC[C@@H]1C[C@H]1C(=O)N1CCOC(c2noc(C3CC3)n2)C1,0.000199766897982532
COC(=O)[C@@H](NC(=O)c1ncc(-c2ccccc2OC)o1)C(C)(C)C,0.7168128439690847
COC(=O)[C@@H]1C[C@H]1C(C)NC(=O)c1cccc(N2CCNC2=O)c1,0.00032682111952262306
COC(=O)C[C@H](NC(=O)NC1CCCN(C)C1=O)c1ccc(F)cc1,0.00035720680855914726
COC(=O)C(Cc1ccoc1)NC(=O)C(C)(C)Cc1ccc(O)cc1,0.0005735893826019829
COC(=O)C1CC(O)CN1C(=O)c1nc(Cl)cs1,0.0003968116410391526
COC(=O)c1cc(C(=O)N2CCN(C3CCCC3)C(=O)C2)cn1C,0.000691280168033805
COC(=O)c1cc(CNC(=O)[C@@H]2CC[C@H](Cc3ccccc3)O2)on1,0.0004844106128331108
COC(=O)c1ccn(CC(=O)OCC2Cc3ccccc3O2)n1,0.00034124275920986046
COC(=O)c1nccc(NCC2(NC(=O)C3CCC(C)O3)CCC2)n1,0.23290472600781792
COC(C(=O)OCC(C)CN1CCOCC1)C1CCCO1,0.0003484767297822542
COC1(C(=O)N2CCC(C(C)Nc3ncc(F)cn3)CC2)CCCC1,0.0015146611009563245
COC1(CC(=O)NC(C)CCNC(=O)c2nccc(OC)c2O)CC1,0.17335052246320337
COCc1cc(C(=O)NC(C)CNC(=O)c2cnns2)no1,0.0002673602538273804
COc1cc(CN2CC(C(=O)O)OC(C)(C)C2)ccc1F,0.0005913828794795288
COc1cc(N2CCN(C(=O)Cn3ccccc3=O)CC2=O)ncn1,0.0004691212619312702
COc1ccc(CC(C)NCCN(C)S(C)(=O)=O)cc1OC,0.000618387686632757
COc1ccccc1C1CCN(C(=O)C2CC(=O)N(C(C)C)C2)CC1,0.0004748461216730861
COc1ccnc(NCC(O)CNC(=O)CCc2nc(C)no2)n1,0.0002714909791046705
COc1cnc(C(=O)N2CC3(C2)CC2(CCC2)C3)nc1,0.0006262261672847644
COc1nc(C(F)(F)F)ccc1CN1CCn2ncc(Cl)c2C1,0.0005913165675396825
COc1ncc(NC(=O)N2CCC3(CCC(O)CC3)CC2)cc1C#N,0.7514666078142284
COc1nccc(NC(=O)NCc2nc(C(F)F)no2)n1,0.0006559436538252874
Cc1cc(C(=O)N2CCC(C3(NC(=O)CO)CC3)CC2)c(F)cc1F,0.2867941260008201
Cc1cc(C(=O)O)nn1CCNC(=O)[C@]12CCO[C@H]1CC(=O)NC2,0.00019965674222891517
Cc1cc(C)c(C(=O)NCC(C)CN(C)C(=O)C(F)C2CCC2)[nH]1,0.0005391046937460374
Cc1cc(C)cc(N2CCC(NC(=O)Cn3cc(CO)nn3)CC2)c1,0.0006762520400375952
Cc1ccc(C(=O)N2C[C@@H](C)[C@@H](NC(=O)[C@@H](C)O)C2)c(C(C)C)n1,0.18820613942021489
Cc1ccc(C(=O)N2CCCC2CNC(=O)C2(C)CCC(F)(F)C2)o1,0.36378917506696673
Cc1ccc(F)c(N2CCC(n3cc(C(=O)O)nn3)C2)c1,0.0007752286873120805
Cc1ccc(SCC(=O)NCC[C@H](O)C(=O)OC(C)(C)C)c(C)c1,0.00045688493335827496
Cc1cccc([C@@H]2C[C@H]2C(=O)Nc2cnn(CCF)c2)c1,0.0013282887747404462
Cc1ccn2cc(C(=O)N3CCNCC34CCCCC4)nc2c1,0.0015309007860406705
Cc1cnsc1C(=O)N(C)CCN(C)C(=O)[C@@H]1CNC(=O)N1,0.13993918526688018
Cc1nc(C(=O)N2CC(NC(=O)CC(C)C)CCC2C)c(C)[nH]1,0.0003985162649200518
Cc1nc(C)c(C(=O)N2C[C@@H]3C[C@H]2CN3C2CCC2)o1,0.000568118231807897
Cn1cc(C(=O)Nc2nnc(C3CCOC3)[nH]2)cn1,0.000660746470332066
Cn1ncc(Cl)c1C(=O)NCC1CN(CCn2cccn2)C1,0.00043141624755448505
NS(=O)(=O)C1(CNS(=O)(=O)c2ccc3c(c2)CCCC3)CC1,0.11972948972726447
O=C(C1CS(=O)(=O)C1)N(Cc1cc(F)cc(F)c1)C1CC1,0.0006132700602338631
O=C(CCC1CCS(=O)(=O)C1)OCC1CC2(CCCC2)CO1,0.0005561309799779597
O=C(CCNC(=O)c1cccs1)Nc1ccc(OCCO)cc1,0.0009369932053280231
O=C(CN1CCS(=O)(=O)CC1)N[C@H]1C[C@@H](Nc2n[nH]c(=O)s2)C1,0.00010719779120891141
O=C(Cc1ccc(-n2ccnc2)cc1)N1C[C@@H]2CNC[C@]2(C(=O)O)C1,0.00037322732748569233
O=C(Cc1cn[nH]c1)N[C@H]1C[C@@H](NC(=O)C2Cc3ccccc3O2)C1,0.0004890157371194812
O=C(Cc1cncc(O)c1)N1CC2CCC(C1)N2C(=O)[C@@H]1CCCO1,0.0002454476084420934
O=C(NC1(C2CC2)CC1)N1CCc2cc(F)c(F)cc21,0.0013352901567386206
O=C(NC1(CO)CN(c2nnco2)C1)c1nonc1C1CC1,0.00019625690756349965
O=C(NCC1C(C2CC2)CCN1c1ccncn1)c1ccc(F)o1,0.1615006927425337
O=C(NCC1CN(C(=O)Cc2ccccn2)C1)c1c[nH]nc1C1CC1,0.1758384935565064
O=C(O)C(O)CNC(=O)C1CCCN(Cc2ccccc2)C1,0.00027969916716353373
O=C(c1ccc(-n2cncn2)nc1)N1CCCC2(CCNCC2)C1,0.0008728546123161438
O=C1CCC(C(=O)N[C@H]2C[C@H](CNC(=O)C3(F)CC3)C2)CCO1,0.0003652280532125756
O=C1CN(C(=O)C[C@@H]2C[C@H](F)CN2)CCN1c1c(F)cccc1F,0.000621503624588752
O=C1NC(C(=O)N[C@H]2C[C@@H](NC(=O)C3CCCn4ccnc43)C2)CO1,0.11888579450066704
O=C1NC(C(=O)Nc2ccc(Oc3cccnn3)cc2)CO1,0.0006787988268939213
O=C1OCCC1N1C2CCC1CN(C(=O)c1ccc(=O)[nH]n1)C2,0.0002502650479227147
O=S(=O)(CC1CC(C2CC2)C1)NCc1ncccn1,0.0002939218057461528
O=c1cccc(OCCN2CC(Cc3ccsc3)C2)[nH]1,0.0003727703558550221
C[C@@H](C(=O)O)N(C)C(=O)c1ccc(Cn2cc(Cl)cn2)s1,0.0006185874620573206
C[C@@H](CNc1nnccc1C#N)NC(=O)C1CCCC12CCC2,0.0015927202643803132
C[C@H](C(=O)NCC1(NC(=O)c2cccnc2N(C)C)CCC1)N(C)C,0.15122443667812352
C=C(Cl)CCC(=O)NC[C@H]1C[C@@H](NC(=O)CN(C)C)C1,0.000279715927265925
CC[C@@H](C(=O)N1CCCC1CNC(=O)c1ncccc1O)N(C)C,0.00032073501473383107
CC(=O)[C@@H]1C[C@H](C(=O)N2CC(C)OC(CCO)C2)C1(C)C,0.14771610252770123
CC(=O)[C@@H]1C[C@H](C(=O)NC2CC3(CCOCC3)C2)C1(C)C,0.0003874998789892827
CC(=O)N1CC(C(=O)N2CCC(CCNC(=O)[C@@H]3CCOC3)C2)C1,0.14029372776278806
CC(=O)NCC1CCCN(C(=O)C2(N(C)C)COc3ccccc3C2)C1,0.0004741715811875802
CC(C#N)CNC(=O)N1CCC(OC2(C(=O)O)CCOCC2)CC1,0.5084274003219565
CC(C)(C(=O)N1CC2CC(O)CC1C2)n1cc(Br)cn1,0.0006418342197220223
CC(C)(C)OC(=O)[C@@H]1C[C@H](O)CN1C(=O)CCOC1CCOCC1,0.0002772286858712951
CC(C)(CNC(=O)N1CC(CO)CC12CCC2)OCC1CC1,0.00042216863436281467
CC(C)C(CO)S(=O)(=O)N1Cc2cccc(Cl)c2C1,0.0004943173469756149
CC(C)CC(F)(F)C(=O)NC1CN(C(=O)c2cccn2C)C1,0.0005448696684901244
CC(C)CS(C)(=O)=NC(=O)CS(=O)(=O)CC1CCCO1,0.0005253273837201226
CC(C)N(CCN(C)C(=O)c1ccncn1)C(=O)CCc1c[nH]cn1,0.00035739403132116097
CC(C)N1CCOC(COC(=O)c2c[nH]c(Br)c2)C1,0.0004096049515933459
CC(C)c1nc(Cn2cc(CNC(=O)C(F)(F)F)nn2)cs1,0.0006230293286633535
CC(C)c1nccn1CCC(=O)N[C@H]1CCN(CC(=O)NC2CC2)C1,0.10950822093600583
CC(CC(C)NC(=O)[C@@H]1CC(=O)NC(=O)N1)NC(=O)c1cccnc1,0.00016752589751113444
CC(CC(C)Nc1nnc(C2CC2)o1)NC(=O)c1cncc(Cl)c1,0.0004999917208443759
CC(CN(C)C(=O)C(C)CC1CCC1)NC(=O)Cc1cscn1,0.0003617519037887753
CC(O)CCC(=O)N1CCC2CCC(C1)N2C(=O)CCOC1CC1,0.00034260806075710843
CC(O)CCC(=O)NCC1C(C)CCN1C(=O)C1CCCSC1,0.00030024119353762416
CC(O)CN1CCC(N(C)C(=O)Cn2nc3n(c2=O)CCCC3)C1,0.00016553625690295308
CC1(C)C[C@@H](CO)N(C(=O)N2CC3(CCOCC3)c3ccncc32)C1,0.0010637591936255215
CC1(C)NC(=O)OC12CCN(C(=O)NC1CCC3CCC1O3)CC2,0.2035961881360629
CC1(CNC(=O)[C@H]2CCCC(=O)N2)CC(F)(F)CN1C(=O)CC1CC1,0.1967998682633937
CC1=NOC(C)(C(=O)NCc2nc(O)cc(CNC(=O)C3CC3)n2)C1,0.19945645958905192
CC1CC(NCCn2ncc(Br)n2)C(C)O1,0.00038244791182498195
CC1CC1CN(C)C(=O)C1CC(=O)N(c2cnn(C)c2)C1,0.00032132776293071144
CC1CCCC(CC(=O)N2CC(NC(=O)C(C)C)C3(CCC3)C2)C1,0.39706803742166713
CC1CCCCN1C(=O)CCNC(=O)[C@@H]1C[C@H]2C[C@@H]1CC2(F)F,0.4758456421525216
CC1CCCN(C(=O)Cn2ccnn2)C1CNC(=O)c1coc(=O)[nH]1,0.00036325729988625956
CC1CN(C(=O)[C@H](NC(=O)NCC2CC2)C(C)C)c2ccccc2O1,0.0005006167508141945
CCC(C(=O)NCC1CC(NC(=O)c2cnc(C#N)s2)C1)C(C)C,0.5803493060092293
CCC(C)NC(=O)CSCc1cc(OC)ns1,0.0005562342970588798
CCC1(C)CC(C(=O)NCC2CN(C(=O)[C@@H](O)Cc3c[nH]cn3)C2)C1,0.0006917267420954347
CCC1CN(C(=O)c2ccnc(NC(=O)NC(C)C)c2)CC1O,0.0009013894324832722
CCCC(=O)N1Cc2ccc(CNC(=O)c3nc(C)[nH]c3C)cc2C1,0.00038935022212541404
CCCN1CCC(CNC(=O)c2nccc(C#N)c2F)C1,0.4537914293551669
CCCNC(=O)C(C)OC(=O)Cn1cnc2c(cnn2C)c1=O,0.0003652992194325609
CCCNC(=O)c1ccc(NC(=O)c2ncncc2Cl)cc1,0.0009629498347664764
CCCc1ccc(C(=O)N2CCN(C(=O)c3ccncc3)C[C@@H]2C)[nH]1,0.1685799784908974
CCCc1nc(C)c(C(=O)Nc2cc(CCOC)nn2C)s1,0.001247350840729529
CCN(CCNC(=O)c1cc(C)on1)C(=O)Cn1cccc(C)c1=O,0.00027839262306110816
CCN1CC(C(=O)NC2CCN(C(=O)COC(F)F)C2)CCC1=O,0.11666108674232091
CCNC(=O)CCNC(=O)c1coc2c1CN(C(=O)OC(C)(C)C)C2,0.00037687226798006543
CCOC(=O)c1nccc(NC2CCN(C(=O)C3CCCCC3)C2)n1,0.4661435411358885
CCOC(C)(C)C(=O)N1CCC2(C1)OC(=O)NC21CCC1,0.1959321793088706
CCOC(C)C(=O)N1CCC(NC(=O)C(C)(C)CO)C(C)(C)C1,0.0007682870245718275
CCOc1ccc(C(CO)NC(=O)COCC(C)c2ccccc2)cc1,0.0005064892390353036
CCc1c[nH]c(C(=O)N2CC[C@H](CNC(=O)[C@@H](O)C3CCCC3)C2)c1,0.00047959234495029086
CCc1cccc(CC(=O)NC(CC)CNC(=O)c2ccncc2)c1,0.00027628157885906964
CCc1cnoc1C(=O)N1CCCCC1C1CCN(C(=O)C(C)O)C1,0.000562706454462024
CCc1nn(C)c(CC(=O)NCc2cncn2C)c1Cl,0.0006377040062461194
CCn1cc(C(=O)OCC(=O)NC(=O)NC2CCCC2)cn1,0.14653860655743814
CCn1nccc1C(=O)N1C[C@@H](C)[C@@H](NC(=O)Cc2cscn2)C1,0.0006221548393758439
CCn1ncnc1C(=O)N(C)C(C)CNC(=O)c1ccc(C)n1C,0.0004647724529071766
CCn1nnc2cc(C(=O)N3C[C@@H]4COC[C@@H]43)ccc21,0.00043228930822095536
CN(C[C@H]1CCCCN1C(=O)C1CCNC(=O)C1)c1ncns1,0.0007631152721001593
CN(C(=O)CNCC(F)(F)F)C1CCC(C(F)F)CC1,0.0004847182860293244
CN(C)CC(=O)NCCC1CCCCN1C(=O)c1cnsn1,0.0003836231027825172
CN(C)c1ccc(CNC(=O)N2CCc3ccc(C#N)cc3C2)cn1,0.001441910742239257
CN(C)c1ccncc1C(=O)N1CC[C@@H](NC(=O)C2CC3(CC3)C2)C1,0.41723063903521657
CN(CCN(C)c1n[nH]c(=O)s1)C(=O)COc1ccsn1,0.20238404914135608
CN(CCNC(=O)C1CCCC1O)C(=O)CC1CCOCC1,0.0004244727296981826
CN(CCNC(=O)CCc1cncc(F)c1)Cc1nc(C2CC2)no1,0.00021609801516767063
CN(Cc1ncon1)C(=O)c1ccc(N(C)C(=O)OC(C)(C)C)nn1,0.00029876642234543847
CN1C(=O)CCC1CC(=O)N1CCOCC2(COCCN2C)C1,0.17054510403794654
CNC(=O)Cn1ccc(NC(=O)NCc2nc(C)oc2C)n1,0.0005334078779068394
CNC(C)(C)C(=O)Nc1ccc(C)c(-c2nncn2C#N)c1,0.0013960337739574692
CNS(=O)(=O)CC(=O)N1CC2(CC(Nc3ccnc(C)n3)C2)C1,0.000377483821085371
COC(=O)[C@@H]1C[C@H]1CS(=O)(=O)N1Cc2ccccc2CO1,0.00022657371727111117
COC(=O)C(C)(CO)NC(=O)C(C)c1cccc(O)c1,0.00026272797843528644
COC(=O)C(C)c1ccc(NC(=O)NC2(C)CCOC23CC3(F)F)cc1,0.0007534254770868706
COC(=O)CN(C(=O)N1CCC(OCCF)CC1)c1ccccc1,0.0011750636910125122
COC(=O)CS(=O)(=O)N1CC(N(C)C)Cc2ccccc21,0.00046991755208134243
COC(=O)c1ccc(NC(C)CN(C)C(=O)C2(SC)CC2)nc1,0.0007082891088624026
COC(=O)c1cn(C2CCN(c3ncnc(Cl)c3F)CC2)nn1,0.4152472224205447
COC(=O)c1ncoc1CCC(=O)NCc1ncn(C)n1,0.0002954876773236212
COC1(CS(=O)(=O)N2CCN(C[C@@H](C)O)CC2)CCCCC1,0.00029243144291113643
COC1CC(NC(=O)N2CCC(OC3COC3)CC2)C12CCC2,0.0004256757360957072
COCC(C)(C)C(=O)N[C@H]1C[C@@H](NC(=O)c2cnn3c2ncn3C)C1,0.0003692506917988218
COCCC(=O)N[C@H]1CCCN(C(=O)c2ccnn2CCF)C1,0.00027252962342248484
COCCn1ncc(C(=O)NCc2cnn(CCO)c2)c1C,0.00016973616512046082
COc1cc(NC(=O)N2CCC(C)(C(N)=O)C2)cc(OC)c1Cl,0.3219562432004229
COc1cccc(CNC(=O)Nc2ccnn2C(C)C2CC2)n1,0.0011094538056655948
COc1nc(CN2CCSC[C@@H]2C)ccc1C(C)C,0.0006628952643099402
COc1nccc(NC(=O)NC[C@]23CCC[C@H]2OCC3)n1,0.0011697974080517053
CSC(C)C(=O)N1[C@H]2CC[C@@H]1C[C@@H](CNC(=O)C1CC(=O)C1)C2,0.0002770326880276114
Cc1[nH]cnc1C(=O)N1CC2CCC1CN2C(=O)CCC1CCOC1,0.2756037116478827
Cc1c[nH]cc1C(=O)N1CCCC1c1cn([C@@H](C)CO)nn1,0.00035524003295531214
Cc1c[nH]nc1C(=O)N1C2CCC1CN(Cc1csnn1)CC2,0.00029898388595318045
Cc1c(C(=O)NCC(O)CNC(=O)C2CC(F)(F)C2)cnn1C,0.0003416074047646449
Cc1cc(=O)c(C(=O)OC(C)C(=O)OC(C)(C)C)c[nH]1,0.0003478916805022375
Cc1cc(=O)n2c(n1)N(C(=O)c1nc(C)ccc1C)CC2,0.0003708153816902496
Cc1cc(C(=O)N2CCCC2Cn2cc(C(C)O)nn2)cc(O)n1,0.0003871737647273614
Cc1cc(C(=O)NC(C)CC(C)NC(=O)Cc2nc[nH]c2C)ns1,0.00043503430035164237
Cc1cc(C)nc(C(=O)N2CCN(C(=O)C3CCO3)CC2)c1,0.13620175475287805
Cc1ccc([C@@H](C)NC(=O)N(C)CC(=O)N2CCOCC2)cc1F,0.00042264071227455624
Cc1ccc(-n2cc(C(=O)N3CC(N4CCC(F)(F)C4)C3)nn2)cc1,0.000446541318909414
Cc1ccc(-n2nccc2CN(C)C2(C(=O)O)COC2)cc1,0.0008345290918133104
Cc1ccc(CC(=O)N2C[C@H]3[C@H](Nc4ncncc4C)[C@H]3C2)cc1Cl,0.0012990639204063592
Cc1cccc(NC(=O)N2CCC3(CCSC3)C2)n1,0.00126524502988468
Cc1ccn2c(C(=O)N(CC(F)F)C3CCC3)cnc2c1,0.36572499374666323
Cc1cnc(CNC(=O)NC[C@H](O)c2ccc(F)cc2F)s1,0.0005284970447082351
Cc1cnsc1C(=O)NCC1(O)CN(C(=O)C2CCCS2)C1,0.000333542582125036
Cc1nc(C(=O)N[C@@H](C)C2CCN(C(C)c3nc(C)n[nH]3)CC2)c[nH]1,0.0004949329532121462
Cc1ncc(C(=O)NC[C@@H]2CCCCN2C(=O)CC(C)(C)C)c(=O)[nH]1,0.30949068023919046
Cc1nnnn1CC(=O)N[C@@H](C)CNC(=O)Cn1cnc(=O)[nH]c1=O,9.783944671056066e-05
Cn1ncc(CN2CCC2CNC(=O)[C@]2(C)CCC(=O)N2)n1,0.000207796582007494
Cn1nccc1CC(=O)NCC1CCCCN1Cc1ccccn1,0.000870928882193524
N#Cc1ccc(CNC(=O)NC2CC3(CCCCC3)C2)nc1,0.001536226278316723
NC(=O)C1CN(S(=O)(=O)CC2CCC2=O)CCO1,0.0001571954810914963
NC(=O)COc1ccc(NC(=O)N2C3CCC2COC3)cc1,0.0011441120321160592
O=C(CCCC1CC1)N[C@H]1CCN(C(=O)c2ccc3[nH]cnc3c2)C1,0.7830296142554563
O=C(NC[C@H]1C[C@H](NC(=O)[C@@H]2CC[C@H]3C[C@@H]2C3(C)C)C1)C(F)F,0.0003126904359257042
O=C(NC[C@H]1CCCN1C(=O)C1CCCCC1)c1cnccc1O,0.6026839635249175
O=C(NC1COC2(CCOC2)C1)N1CCCCC1CO,0.00026685942461087585
O=C(NCC[C@H]1CCCN1C(=O)[C@H]1C[C@H](n2ccnn2)C1)[C@@H]1CCCO1,0.29244849536491246
O=C(NCc1cccc(C2OCCO2)c1)c1cc(N2CCCC2)ncn1,0.3223828754341045
O=C(NCc1ccco1)N[C@@H](CO)c1ccc(Cl)cc1,0.0004916720308399353
O=C(O)C1CCC(F)(F)C(NS(=O)(=O)c2cnn3cccnc23)C1,0.0005091630553572574
O=C1CC2CCC(CN1)N2C(=O)c1ccnc(C(F)(F)F)c1,0.0003961397390442854
O=C1CN(Cc2cccc3cn[nH]c23)[C@H]2CCCC[C@H]2N1C1CC1,0.0017007273127156526
O=C1NC[C@H](c2cccc(NC(=O)N3CCC[C@@H]3CO)c2)N1,0.0009673049015142296
C[C@@H](Cn1cc(CNC(=O)Cn2ncnn2)nn1)NC(=O)C(C)(C)C#N,0.00021923928686383838
C[C@H](N)Cn1cc(CNC(=O)OC(C)(C)C)nn1,0.0002908464289402263
C=Cn1nccc1C(=O)N1CCCCC1CNC(=O)COCC1CC1,0.0013813976900742496
CC[C@@H](C(=O)NCCC1CCN(C(=O)c2ccncc2)C1)N(C)C,0.21316089660101087
CC[C@@H]1C[C@H]1C(=O)NC1(CNC(=O)CC2OCCC2C)CC1,0.00029944929757657615
CC(=O)c1ccc(C(=O)NCC2CCN2C(=O)c2ncccn2)cc1,0.00021334910893257536
CC(C(=O)NCCc1cocn1)c1ccc(S(C)(=O)=O)cc1,0.00034443145540191016
CC(C)(C)C(Cn1ccnc1)NC(=O)C1CCc2ccccc2C1,0.0012290505550789127
CC(C)C1CC(CNS(=O)(=O)CCn2cc(Cl)cn2)CCO1,0.00040704546014503934
CC(C)COC(C)C(=O)N1CCCC(NC(=O)c2ncccc2N)C1,0.23528595562709254
CC(C)N1CC(NC(=O)C2CCC2(F)F)CC1=O,0.00041694355065487914
CC(C)OCC(=O)NC1(CNC(=O)OC(C)(C)C)CC2CCC1C2,0.00046707067257045054
CC(C)c1oncc1C(=O)NCC1(C)CCCN1C(=O)[C@@H]1CCOC1,0.23993969519171732
CC(CNc1nccc(C#N)n1)N(C)C(=O)c1occc1C(C)C,0.0016015211893289668
CC(CO)C(=O)N1CCOC(CNC(=O)C2CCCC2(C)C)C1,0.0003427526711004418
CC(O)[C@]1(C)CCCN1C(=O)NCc1n[nH]c(=O)n1-c1ccccc1,0.00040173139136850293
CC(O)(CNCc1cc2ccccn2n1)C1CC2CCC1C2,0.0005634134768848025
CC(F)(F)C(=O)NC1CCC(NC(=O)CCn2cncn2)CC1,0.00025427512346475403
CC1(C)CC(NC(=O)CN2CCc3sccc3C2=O)C(=O)O1,0.0004232327060127752
CC1(C)CCN(C(=O)CC2(C(F)(F)F)CC2)C1C(=O)O,0.00048202793997492407
CC1CC1N1CC(NC(=O)NC2(C(=O)O)CCCC2)CC1=O,0.15459265113040555
CC1CCC(OC(C)C(=O)N2CCc3nc[nH]c(=O)c3C2)CC1,0.0005858058791119168
CC1CCN(CCOc2ccccc2-c2nn[nH]n2)C1,0.3993357781181686
CC1CN(C(=O)c2ccnn2C2CCC2)CCN1c1n[nH]c(=O)s1,0.00028572014599485287
CC1CN(C(=O)c2nccc3ncccc23)CCN1C(=O)C1(F)CC1,0.00037523434849464103
CCC(=O)Nc1ccncc1NC(=O)c1cccn1C,0.0013133239316746254
CCC(C)(C)C(O)C(=O)NC[C@H](C)NC(=O)Cc1cc(C)[nH]n1,0.0003102344352055608
CCC(CC(C)C)C(=O)NC1CCC(C)N(C(=O)c2cnc(C)o2)C1,0.2403978160757741
CCC(NC(=O)CC1CC(=O)C1)c1ccc2c(c1)OCCO2,0.0005701543023799164
CCC(F)C(=O)N1CCCC(N(CCO)C(=O)c2ccc(C#N)[nH]2)C1,0.33259136540351125
CCCC(C(=O)N1CC(NC(=O)CCC2CCCCO2)C1)N(C)C,0.0002851987321265403
CCCC(CC)C(=O)N1CCC[C@@H]1CNC(=O)c1cnoc1,0.4747147666506011
CCCCN(CCCO)C(=O)c1cnc2cnccc2c1,0.001308513045499852
CCCCN1CCC(O)(CNC(=O)c2ccn(-c3ccccc3)n2)C1,0.0005600020434418368
CCN(C(=O)c1ccc(C)cc1C)C1CCN(C(=O)C(F)(F)F)C1,0.0006000386806858418
CCN(CCNC(=O)CC(O)C1CC1)C(=O)Cn1cc(C#N)cn1,0.18182719568130556
CCN1CC(C(=O)NC(C)CN(C)c2nnccc2C#N)CCC1=O,0.4827452753121214
CCN1CCC(NC(=O)CCn2cc(CC3CCCNC3)nn2)C1=O,0.0002652588478335853
CCN1CCC1C(=O)N1CC[C@@H](Nc2nc(C)ccc2C#N)C1,0.0009197867755025915
CCN1CCC1C(=O)N1CCCC(NC(=O)c2cnccn2)C1,0.13795265094266562
CCO[C@@H]1CCC[C@H]1NCc1cc(OC)c(OC)cc1F,0.0005593281083767565
CCOC(=O)[C@H]1CCC[C@@H](C(=O)Nc2cccn(C)c2=O)C1,0.0006126263714233744
CCOC(=O)C1(C)CCN(C(=O)NC(C)(C)C2CC2)CC1,0.0005840736829070389
CCOC(=O)C1(F)CN(C(=O)C2(CSC)CC2)CC12COC2,0.000395547830670086
CCOC1(C(=O)N2CCOC(C)CC2)CCOCC1,0.17031676832989817
CCOC1C(C)C1C(=O)N1CCC(NC(=O)C2(CC)COC2)C1,0.0006119192938957797
CCOC1CC(NC(=O)N2CCOC(C(N)=O)C2)C12CCOCC2,0.000207482423552805
CCOC1CC(NC(=O)N2Cc3cncnc3C2)C12CCOCC2,0.0006790240720382456
CCOC1CC1C(=O)NC1CCC(NC(=O)C2(C3CCC3)CC2)CC1,0.40111523142951655
CCc1ccc(C2CCN(C(=O)c3[nH]nc(C)c3O)C2)cc1,0.0008228911859749106
CCc1nnc(C(C)NC(C)CC(O)c2ccco2)o1,0.0002613624806075144
CCc1noc(C)c1CNC(=O)c1cccn(CCOC(C)C)c1=O,0.0005123048780659192
CCc1nocc1C(=O)N[C@H]1C[C@H](CNC(=O)Cc2cncn2C)C1,0.0004322862412218794
CCn1ccnc1C(=O)N[C@@H]1CN(C(=O)c2ccc(CO)cc2)C[C@@H]1C,0.0005638913839427699
CCn1nc(C(=O)NCC2CN(C(=O)c3cnc(N)nc3)C2)cc1O,0.2572504731396025
CCn1ncc2cc(C(=O)OCC3C4COCC43)c(C)nc21,0.0009655421612328826
CN(C(=O)C(O)C1CC1)C(CCO)c1ccc(Cl)cc1,0.0005435667726872904
CN(C(=O)C1C[C@@H]2COC[C@H]2C1)C1CCN(c2ccccn2)CC1,0.0006933209803843862
CN(C)CCCC(C)(C)NC(=O)CN1CCN(S(C)(=O)=O)CC1,0.1663003121757143
CN(CC12CCC(CC1)C2(C)C)C(=O)Nc1ccncn1,0.428248022148361
CN(CCC1CCCCO1)C(=O)CCC(=O)N1CCOCC1,0.00026558919275403094
CN(CCO)CCNC(=O)c1sccc1Cl,0.00039273030003773044
CN1CCC[C@H]1C(=O)N1CC(NC(=O)C(F)(F)F)C1,0.00025648718817686413
CN1CCCCC1CC(=O)NCC1CN(C(=O)CCC2CC2)CCO1,0.24201925426667387
CNC(=O)C1(C)CCN(C(=O)CN2CCC(Cc3ccccc3)CC2)C1,0.0005956157224559839
COC(=O)[C@@H]1[C@@H]2CCC[C@@H]2CN1Cc1cccc(OC(F)F)c1,0.0007113397531535007
COC(=O)[C@@H]1CN(C(=O)c2cc(C#N)ccc2C)C[C@H]1C(F)F,0.001300511726746158
COC(=O)C1C[C@@H]2C[C@H](NC(=O)NCC3COCCC3(F)F)[C@@H]2C1,0.2044849683903033
COC(=O)C1COC(CNC(=O)C2NCC3CCCCC32)C1,0.0004238724549377879
COC(=O)CC[C@@H](N)C(=O)N1CCC(c2nccn2C)C1,0.000482152693752572
COC(=O)c1cc(=O)n(CC(=O)Nc2nnc(C(C)(C)C)s2)cn1,0.24900897181930656
COC(=O)c1cc(N2CC([C@H](C)NC(=O)C3CCCOC3)C2)ncn1,0.0006360731399778588
COC(C(=O)NC(C)CCNC(=O)c1cc(=O)[nH]c(C)n1)C1CCC1,0.1571599612144914
COC(CNC(=O)CCNS(=O)(=O)c1ccccc1)C1CCCO1,0.0004956637253614547
COC1(C#N)CC(C(=O)Nc2ccc3ccn(CC(N)=O)c3c2)C1,0.0011522553344772658
COC1(C(F)(F)F)CCN(C(=O)C(N)C2(O)CCC2)C1,0.14234055366745044
COC1(CNC(=O)[C@@H](C)O)CN(C(=O)CC(C)c2ccncc2)C1,0.0002280839756791145
COC1CC(OC(=O)c2ccc(NCC(=O)NCC3CC3)nc2)C1,0.31042170616578607
COC1CCCCC1C(=O)NC[C@@H](C)NC(=O)Cc1ccnc(C)c1,0.12916205297770253
COCC(=O)N1CCCC(CNC(=O)c2scnc2Cl)CC1,0.0005813921186935611
COCC(NC(=O)N1CC(=O)Nc2ccccc21)c1ccccn1,0.0005738932233113444
COCCC(=O)NC[C@H]1CCCN(c2ncns2)C1,0.0007063069608153989
COCCC(C)C(=O)N[C@H]1[C@@H]2CN(Cc3ccc(OC)c(OC)c3)C[C@@H]21,0.00039108219461294003
COCCn1cc(C(=O)N2CC[C@H](NC(=O)c3ccc(C)[nH]3)C2)c(C)n1,0.00036738122117498687
COCc1cnc(CNCC(c2ccccc2)N2CCCC2)s1,0.0007362960871815681
COc1cc(C)cnc1C(=O)N1CCC[C@@H]1CNc1ncns1,0.0009028996407821682
COc1cc(CNCC(C)(O)c2cc(C)oc2C)ccn1,0.0005314626814358643
COc1cccc(CC(=O)N2C[C@@H](CCO)[C@@H](CCO)C2)c1Cl,0.00032969524829286995
COc1cccnc1CN1CCC(C)(N2CCOCC2)CC1,0.0006703487064775253
COc1cncnc1N[C@@H]1CCN(C(=O)c2c[nH]c(C(F)(F)F)c2)C1,0.0010211395161540905
CSC1CCC1N(C)C(=O)c1cc(-c2ccccn2)no1,0.001649810528298401
Cc1[nH]ncc1-c1nnc(N2CCCC(CCF)C2)n1CC1CC1,0.001620089551503185
Cc1cc[nH]c1C(=O)N1CCCN(C(=O)CC(C)(F)F)CC1,0.19999557248991062
Cc1cc(C)c(C(=O)N2CCN(C(=O)CC(C)(F)F)CC2)c(=O)[nH]1,0.12656144005544734
Cc1cc(C)cc(CC(=O)N2CC(C)(NC(=O)c3nn(C)cc3C)C2)c1,0.0006133168224445742
Cc1cc(C)cc(NC(=O)N2CCCN(C(=O)C3CCCO3)CC2)c1,0.0010856430372963544
Cc1cc(C)n(-c2ccc(NC(=O)[C@@H]3CO[C@@H]4CNC[C@@H]43)cc2)n1,0.0005659158424935405
Cc1cc(CN)cc(NC(=O)c2ccc(S(C)(=O)=O)s2)c1,0.0008404122990522915
Cc1ccc(C(=O)N2CCC(NC(C)C)CC2)c(O)c1,0.0005543542103397402
Cc1ccc(NC(=O)NC(C(=O)O)[C@@H](C)O)c(-c2ccc(F)cc2)c1,0.0014739248404427707
Cc1cccc(-c2noc(SCC(=O)N3C4CCCC3CC4)n2)n1,0.7757430289445146
Cc1cccc(O)c1C(=O)N1CC(O)(CCNC(=O)C2CCCC2)C1,0.3162804633976306
Cc1ccoc1CC(=O)N[C@H]1C[C@@H](NC(=O)CC2CCC(C)CC2)C1,0.37922821324424094
Cc1cnc(C(=O)N2CC[C@@H](NC(=O)c3cc(N(C)C)ccn3)C2)cn1,0.2507649152755229
Cc1cnccc1CNC(=O)C1(C)CCCN1C(=O)OC(C)(C)C,0.0005717599432880181
Cc1nc(N2CCC(C)(CCO)C2)sc1S(N)(=O)=O,0.0008033126187723747
Cc1nc2nnnn2c(C)c1CCC(=O)N1CCC(C2CCCC2)C1,0.0015524658255627178
Cc1nnc2n1CC(C(=O)N[C@@H](C)CNC(=O)C1CCCC1(C)C)C2,0.0002612679286112464
Cn1nnc(C(=O)N2CCC[C@@H]2CNC(=O)CC(C)(C)C(F)F)n1,0.0004075351454294462
O=C([C@@H]1C[C@H]1c1ccc(F)c(F)c1)N1C[C@H]2C[C@@H](O)C[C@H]2C1,0.0005241770138190137
O=C([C@@H]1CNC[C@H]1c1ccc(F)cc1)N1CCCC(O)(C2CC2)C1,0.0005996111850009161
O=C(C1CCCS(=O)(=O)C1)N1C[C@@H]2C[C@H]1[C@@H](O)[C@H]2O,0.05582920727987166
O=C(C1CCCn2ccnc21)N(CCO)CC1CCCCC1,0.0010811849544523678
O=C(COC1CCNC1)NCC1CN(C2CC2)C(=O)O1,0.00017016843520696847
O=C(Cc1cc(Cl)c2c(c1)OCO2)N[C@H](CO)CCCO,0.0002761496997792566
O=C(Cc1csc(C2CCNCC2)n1)NC(CO)CC1CCC1,0.0006217174978199844
O=C(Cc1cscn1)NCC1CCN1C(=O)C1CC12CCOCC2,0.0006090842149196357
O=C(N1CCO[C@@H]2CNC[C@@H]21)C1(Cc2ccc(Cl)cc2)CCCCC1,0.0005786232337249576
O=C(NC1CN(C(=O)C2(F)CC2)C1)c1ncnc2ccsc12,0.3143330057991202
O=C(NC1CN(C(=O)c2nnc3ccccn23)C1)C(F)C1CCOC1,0.1700848402988088
O=C(NCC(F)=C1CN(c2nnco2)C1)C1CC(C2CC2)=NO1,0.00043520119240293443
O=C(NCC1CN(C(=O)C2COCCO2)C1)c1cc2c([nH]1)CCOC2,0.00017677034234561857
O=C(NCC1COCCN(c2n[nH]c(=O)s2)C1)c1cnc[nH]1,0.0006024489630015987
O=C(c1ccncn1)N1C[C@H]2[C@H](Nc3cnc(F)cn3)[C@H]2C1,0.0005531002831008778
O=C1CN(C(CC(F)F)C(=O)OCc2cccc3cc[nH]c23)CCN1,0.000506383410945206
O=C1NCCC1N1CC[C@@H](NC(=O)C2(Cc3cnn[nH]3)CCC2)C1,0.07985978552442069
O=S(=O)([C@H]1C[C@@H](CNCc2ccc(-n3cncn3)nc2)C1)N1CCC1,0.0005101041714219197
O=S(=O)(NC1CCN(CC2CC2)C1)c1ccccc1C(F)F,0.0004076220431856184
C[C@@H](CNC(=O)c1cc[nH]n1)NC(=O)[C@@H]1[C@H]2COC[C@H]21,0.00022705843115328398
C[C@@H](NC(=O)C(F)(F)c1ccc(=O)n(C)c1)C1CCCC1,0.0006819464966114003
C[C@H](O)C(=O)N(CCNC(=O)C12CCCC(CO1)C2)CCOC(C)(C)C,0.16543454252467324
C[C@H](O)C(=O)N1CC(NC(=O)c2ccn(C(C)(C)C)n2)CC(C)(C)C1,0.000502813730241398
C=C(Cl)CN1CCOCC1CNC(=O)c1cncc(C(C)(C)C)c1,0.0004361989508684607
CC(=O)N1CCC(C2(O)CN(C(=O)C3(F)CC4(CCC4)C3)C2)CC1,0.0006036952957520375
CC(=O)NC(C)CN(C)C(=O)CCCc1ccsc1,0.0004585822504829825
CC(=O)NC1CCCN(C(=O)c2noc(C3(C)CC3)n2)C1,0.0002918637086946859
CC(=O)Nc1cccc(C2CCCN(C(=O)NC3CC(C)OC3=O)C2)c1,0.0008930569505793271
CC(=O)OCC(N)C(=O)Nc1ccn(-c2ccccc2C)n1,0.0008477383197694461
CC(C)[C@@H](O)C(=O)N1CCC[C@@H]1CN(C)C(=O)C(C)(C)C(F)(F)F,0.0006235047052064324
CC(C)(C)OC(=O)N[C@H]1CC[C@H](CCNC(=O)Cn2cncn2)CC1,0.00044752284016632497
CC(C)C(CNC(=O)c1cocn1)NC(=O)C(C)(C)CN1CCOCC1,0.00028422813224247357
CC(C)C(CO)CNC(=O)C(N)Cc1ccncc1Cl,0.00036563753900449244
CC(C)CC(CNC(=O)[C@@H]1CCCN1C)NC(=O)C1(O)CCCC1,0.0005934513459774036
CC(C)Cn1ccc(NC(=O)c2cnn(C)c2Cl)n1,0.0010695752710614492
CC(C)OC1CCCN(C(=O)Cc2n[nH]c3ccccc23)C1,0.0006696512404248749
CC(C)Oc1cnccc1C(=O)N(C)CCN(C)C(=O)c1ccccc1,0.0004978234285769092
CC(CCNc1ncc(O)cn1)NC(=O)C(NC(N)=O)C(C)(C)C,0.0010084643821444016
CC(NC(=O)C(F)F)C1CCCCN1C(=O)C[C@H]1CCOC1,0.00041076502751057265
CC(NC(=O)C1(C#N)CC1(C)C)C1CCN(C(=O)c2ccnn2C)C1,0.0006418938831613792
CC(NC(=O)Cn1nccn1)c1nc2c(s1)CCCCC2,0.001429854888318901
CC(O)C(=O)NC1(C2CCCN2C(=O)c2n[nH]c3c2CCCC3)CC1,0.00032800400507009014
CC(F)(F)CC(=O)N1CCC2CCC(C1)N2C1CCNC1=O,0.14396689615156455
CC1(C)C[C@@H]1C(=O)NC1COCCN(C(=O)c2coc(CO)c2)C1,0.0002572918352883204
CC1(C)CC(CC(=O)NCCn2ccc(=O)[nH]c2=O)CC(C)(C)C1,0.0004031471677668291
CC1=C(C(=O)NCC2CC(Nc3nc(C)cc(C#N)n3)C2)CCCC1,0.0017968387094331336
CC1=NC(C(=O)NC2(CF)CCN(C(=O)c3cn[nH]c3C)C2)CS1,0.41350894763488266
CC1CC(NC(=O)Cc2ccc(-n3cnnc3)cc2)CN1C1CC1,0.0008773095107706231
CC1CCCC1C(=O)NC(C)(C)C1CCCN1C(=O)c1ccncn1,0.0006697066190080055
CC1CN(S(=O)(=O)c2ccc3c(c2)N(C)CCC3)CCN1,0.00037301114490785283
CC1OCCCC1C(=O)NC1CCC(NC(=O)C(C)(C)O)CC1,0.0002991347692419323
CCC(=O)NCCS(=O)(=O)NCc1ccc(Cl)cc1OC,0.00030173292829681374
CCC(C)(O)C(=O)N[C@H]1C[C@H](NC(=O)c2ccc3[nH]nnc3c2O)C1,0.0003612646789202952
CCC(CC)(CO)CNC(=O)C(CC(C)C)n1ccnc1,0.0012539923623956241
CCC1CCOCCN1S(=O)(=O)c1ccc(OC)c(C)c1,0.00047576479938769796
CCCC(C(=O)O)n1ccc(NS(=O)(=O)C2CC3(CC3)C2)n1,0.0006239396473925648
CCCC(C)N(C(=O)N1CCC(N2CC(C(=O)OC)CC2=O)C1)C1CC1,0.38803817926877404
CCCOc1ccc2c(c1)OCC(C(=O)N1CCSCC1CO)C2,0.0005729455643045217
CCCS(=O)(=O)CC(=O)N[C@@H]1CCN(C(=O)c2ccc[nH]2)C1,0.00022958816812694753
CCN(C)C1CCN(c2nnnn2C2CC(C)(CC)C2)C1,0.0012003268457199507
CCN(CC)CCC(CO)NC(=O)NCCN1CCOCC1=O,0.00026034347949167625
CCN1CCN(C2CCN(C(=O)c3ccc(OC)c(O)c3)C2)CC1,0.0005064889125997275
CCNC(=O)c1cccc(NC(=O)C(CC(C)C)N2CCCCC2)c1,0.0015306653675250133
CCO[C@@]1(C)C[C@H]1NS(=O)(=O)C1CCC2(CC1)CC2(F)F,0.3103604088851253
CCOC(=O)C(C)n1cc(-c2cnc(OC)c(OC)c2)cn1,0.00079669258572484
CCOC(=O)COc1cccc(C(=O)N2CC3(CC(CC(=O)O)C3)C2)c1,0.25367380324730227
CCOC(CC)C(=O)N1CC(CNC(=O)CC(C)CC)(OC)C1,0.0008064676169951854
CCOc1ccc(CN(C)C(=O)[C@H](C(C)C)N(C)C(C)=O)cc1OC,0.000529671125664598
CCSCC(=O)NC1CC(C)N(C(=O)c2cccc(O)c2C)C1,0.0006719319976494789
CCc1noc(C(=O)N2CCC2CNC(=O)C2(N(C)C)CC2)n1,0.000225747921705175
CCc1noc(COCC(=O)N2CC=C(c3ccccc3)C(C)C2)n1,0.0005985501672972401
CCn1c(C(O)C2CCC2)nnc1N(C)Cc1cccc(O)c1,0.0008346445284934245
CN(C(=O)[C@H]1CC[C@](F)(CN)CC1)C1CCOC1=O,0.1360258496364116
CN(C(=O)NC1CCc2[nH]ncc2C1)c1ccc2c(c1)OCCO2,0.0008067505307635246
CN(C(=O)c1cncn1C)C1CCCN(C(=O)C2CC3CCC2C3)C1,0.001161023434321876
CN(CCCN(C)C(=O)c1ccsn1)C(=O)c1cc(O)ncn1,0.00031888322743319094
CN(CCNC(=O)c1ccno1)C(=O)c1cc2c([nH]c1=O)CCSC2,0.09235620964427324
CN1CCN(C(=O)c2cc3c(s2)CCCNC3)CCC12CCOCC2,0.0006255036918748439
CO[C@H](C)C(=O)NCC1CCN(C(=O)[C@@H]2CSCC(=O)N2)C12CC2,0.0001786736239432217
COC[C@@H](O)CN1CCOCC1CNC(=O)c1cc(C)sc1C,0.0003943509534812418
COC[C@@H](O)Cc1cn(CC(=O)NCC(C)(C)C2(O)CCC2)nn1,0.00020341020246366395
COC(=O)[C@H](NS(=O)(=O)c1ccc(C)c(F)c1)C(C)(C)C,0.0003942637522772371
COC(=O)C(CO)NC(=O)CCc1ccc(C)c2c1CC(C)CC2,0.0005360224014349034
COC(=O)C1C[C@@H]2CC(OC(=O)Cc3cnc4ccccc4c3)[C@@H]2C1,0.0006179151710601411
COC(=O)c1cc(F)ccc1S(=O)(=O)NCC1CC2CCCC21,0.0004505185827729865
COC1(C#N)CC(C(=O)N[C@@H](C)Cc2ccc3c(c2)CCC3)C1,0.001446401754501376
COC1(C(=O)N2CCN(Cc3nc(C)cs3)C[C@H]2C)CC1,0.0007598134094270643
COCC(=O)N1CCCC[C@H](NC(=O)c2cc3cccc(C)c3[nH]2)C1,0.0005940293164730588
COCC(=O)NCc1ccccc1CNc1nc(Cl)ncc1F,0.0007673969674717962
COCC(C)C(=O)NC1(CO)CN(C(=O)c2nccn2C(C)C)C1,0.0003330125368728735
COCC(C)C(=O)NCC1CCN(C(=O)C(C)CSC)CC1C,0.0003828667390722631
COCC(NC(CN)CC(C)C)c1ccc(Cl)s1,0.0005388100430688658
COCCc1cn(CC(F)C2CN(C(=O)c3cnc(C)cn3)C2)nn1,0.0004256909254387588
COCCn1nnc2c1CCN(c1ccnc(C(C)(C)C)n1)C2,0.0003894036677843665
COCc1ccccc1C(=O)N[C@H](C)CNC(=O)C12CCCC1CCC2,0.00038808431481514126
COc1c(F)ccc(F)c1S(=O)(=O)NC1CC(=O)N(C)C1,0.00029844206653096655
COc1cc(C)nc(N(C)CCNC(=O)C(C)C2CCOC2)n1,0.0008147405970941815
COc1cc(C)nc(N2[C@H]3CC[C@@H]2C[C@H](CNC(=O)[C@H]2C[C@@H]2C)C3)n1,0.0011120876170093586
COc1cc(NC[C@]2(F)C[C@H](NC(=O)CNC(=O)C3CC3)C2)ncn1,0.0004848660222437907
COc1ccc(C(=O)NCC2(NC(=O)c3cnn(C)c3)CC2)cc1O,0.2694431076329734
COc1ccc(C(O)CNC(=O)NCC2CCCC2OC)cn1,0.000342973485053637
COc1ccc(CN(CC(C)C)C(=O)NCC2(F)CCOC2)cc1,0.00038756825489819904
COc1ccc2[nH]c(CNC(C(=O)O)C(C)(C)C)cc2c1,0.0008383668763528105
COc1nn(C)cc1NC(=O)COc1ccc(N2CCCC2=O)cc1,0.6242322095891023
COc1nnc(CNC2CCN(C(=O)OC(C)(C)C)C23CC3)s1,0.0005674703436236335
CSCC(=O)N[C@H]1C[C@H](NC(=O)c2cccc3cccnc23)C1,0.00039568718511182206
Cc1c[nH]c(CCC(=O)N2CC[C@@H](NC(=O)c3ncc(F)cn3)C2)n1,0.00025386992836277646
Cc1c(C(=O)N2C[C@H](C)O[C@@H](C)C2)cnn1CC(F)(F)F,0.0004891070843119932
Cc1cc(C(=O)N[C@H]2C[C@H](NC(=O)CC3CCN(C)C3=O)C2)nn1C,0.000264619630155653
Cc1cc(C(=O)N2CC(Nc3nc(C)ns3)C2)cc(O)n1,0.19727201124238372
Cc1cc(C(=O)N2CC(F)(c3ccccc3F)C2)n[nH]c1=O,0.0004453191831142124
Cc1cc(C(=O)NC[C@@H](C)NC(=O)C(C)(C)c2nccs2)n(C)n1,0.0005751556582395833
Cc1cc(C(=O)NC(C)CN(C)C(=O)c2ccco2)ns1,0.00042025147115440093
Cc1cc(N2C[C@@H]3C[C@H]2CN3C(=O)c2c[nH]c(=O)[nH]c2=O)ncn1,0.09980488335760054
Cc1ccc(C(=O)N2CCN(C(=O)C(C)C3CCC3)[C@@H](C)C2)cn1,0.0005153347536688568
Cc1ccc(C(F)(F)F)c(NC(=O)NCC2(CCO)CC2)n1,0.0007520583189371139
Cc1ccc(Cl)c2c1CCC(C(=O)N[C@@H]1C[C@H]1C)N2,0.001293592906594851
Cc1ccc2oc(NCCN(C)C(=O)COC3CCCOC3)nc2c1,0.0012169411469130345
Cc1ccnc(C(=O)NCC(O)CNC(=O)[C@H](O)c2ccccc2)n1,0.0002664340474999328
Cc1ncc2c(n1)CCC(C(=O)N1C[C@@H]3C[C@H]1CN3C(C)C)C2,0.0006435395619995433
Cc1nccn1CC(=O)NC1CN(C(=O)Cc2ncnn2C)C1,0.0002107758860477461
Cc1ncnc(N[C@H]2CCCC[C@H]2NC(=O)c2ncccc2Cl)c1C,0.0004697528900547387
Cc1ncnc(NC[C@@H](C)NC(=O)C2(C(F)F)CC2)c1C#N,0.0005151605505383177
Cc1nnc(C(=O)NC2CCN(C(=O)c3ccccc3C)C2)s1,0.1733906513187852
Cc1nnnn1CC(=O)N1CC2CCCC(C1)N(c1ncns1)C2,0.0004574035185422437
Cc1noc(C(=O)NC2CC3(CCN(C(=O)C(C)C#N)C3)C2)n1,0.0005770210843004883
Cc1nocc1C(=O)NC1CC2(CCN(C(=O)C(C)(C)C)CC2)C1,0.000635344347229589
Cc1occc1C(=O)N(C)CC(C)NC(=O)CCc1nnc[nH]1,0.0002596971377314085
Cc1ocnc1C(=O)NC[C@@H]1CC(C)(C)CN1C(=O)C[C@H]1COC(=O)N1,0.0006115948475022259
Cn1ccc(N2CCC(NC(=O)NCC3(C(C)(C)C)CCCO3)C2)n1,0.0008257008132833369
Cn1ccc2ccnc(C(=O)N3CCCC(N4CCCCC4=O)C3)c21,0.001358153175270165
N#CC1(CNC(=O)COCC2CCNCC2)CCOCC1,0.0008975735012778471
N#Cc1cncc(N[C@H]2CCCN(C(=O)C3(O)CCSCC3)C2)n1,0.0010783233441257934
NC(=O)C[C@@H](NC(=O)c1cc2cccn2c(=O)[nH]1)C1CC1,0.00023051474724108273
O=C(CC1(CO)CC1)NCC1CCN1C(=O)C1CCC2CC2C1,0.2816225194995667
O=C(CC1CCCO1)N1CCC(N(CCO)CC2CCOC2)CC1,0.0006118470728328944
O=C(CCc1cnoc1)N1C2CCC1CN(c1cncc(Cl)n1)C2,0.0009227346044424455
O=C(CCn1cc(-c2cn[nH]c2)nn1)N1CCCC12CCCOC2,0.001175219428246438
O=C(COc1ccc(F)cc1Cl)OCc1cnns1,0.0005716299241723651
O=C(Cn1ccnn1)NCC1(Nc2ncccn2)CCCC1,0.2479968114929254
O=C(N[C@H]1CCCC[C@H]1F)N1CCCC(Cc2nccs2)C1,0.0008714293675753782
O=C(NC1CCCN(C(=O)Cc2ccn[nH]c2=O)CC1)C1CCC1,0.16966399978381383
O=C(NCC[C@H]1CCCN1)c1cc2cccnc2nc1C1CCC1,0.7078082287027435
O=C(NCC1(CF)CC2(CCC2)C1)NC1(C2CCCNC2)CC1,0.34261728009829256
O=C(O)COc1ccc(CCNC(=O)[C@@H]2CC2(F)F)cc1,0.0004875745959613929
O=C(OCc1cc(Cl)c2c(c1)OCCCO2)C(F)F,0.0007350793855356906
O=C(c1cccc(OC(F)(F)F)c1)N1CC2CCC(C1)C2O,0.000430684247549739
C[C@]12CN(C(=O)c3cncc(N4CCOCC4)c3)C[C@H]1CS(=O)(=O)C2,0.0004892048501300786
C[C@@H]1C[C@H]1C(=O)NC[C@H]1CC[C@H](NC(=O)c2cn[nH]c2)CC1,0.19911662957836465
C[C@H](C(=O)N[C@H]1CCCN(C(=O)C(F)c2ccc(F)cc2)C1)N(C)C,0.00047598739174889784
C[C@H](NC(=O)CC1(C)CCCO1)C1CN(C(=O)[C@@H]2CNC(=O)C2)C1,0.1125670230328646
C[C@H]1C[C@@H]1C(=O)N1CCN(C(=O)C2CC3CCCC32)CC1CCO,0.0005223279097286183
C[C@H]1CN(C(=O)C2(F)CCCC2)C[C@H]1NC(=O)C(C)(C)O,0.00044104447783226565
C=C(Cl)CCC(=O)N[C@@H]1CCCN(C(=O)C(C)(CCC)OC)C1,0.0005204404320352635
CC[C@H](C)[C@H](NC(=O)C1(C)CC(c2ccc(OC)cc2)=NO1)C(N)=O,0.0004475209062405206
CC[C@H](N)CN(CC)C(=O)c1c2c(nn1C)CCOC2,0.00044445821038269337
CC(=O)N(C)CCN(C(=O)c1cnc(OCC(F)F)cn1)C(C)C,0.2156893448324404
CC(C#N)CN(C(=O)CC1CCCS(=O)(=O)C1)C1CC1,0.0009644763610780181
CC(C(=O)NC1COC2(C1)CN(C(=O)C1(O)CC1)C2)c1c[nH]cn1,0.00033743321369044397
CC(C)(C#N)CC(=O)NC1(CNC(=O)c2cc3cnccc3o2)CC1,0.5429472471211411
CC(C)(C)OC(=O)NC(C(=O)Nc1ccc2c(c1)C(=O)CC2)C1(C)CC1,0.001641298636921859
CC(C)(NC(=O)c1ccc2[nH]c(=O)n(CC3CC3)c2c1)C1CCNC1,0.0009938279686182233
CC(C)(F)C(C)(F)C(=O)N1CCC1CNC(=O)c1sccc1F,0.0007222850357532224
CC(C)N(C(=O)CNC1CCC2CN(C)CC21)C(C)C,0.00028844332335152935
CC(C)OCCC(=O)N(C)CCCN(C)C(=O)CC1C(C)(C)C1(C)C,0.000694784934504407
CC(C)n1cc(C(=O)NCC2CCC(=O)N(C3CC3)C2)nn1,0.27602212647742475
CC(CC1CCCS1(=O)=O)NCC(=O)Nc1ccc(F)cc1,0.0008154399168206152
CC(CCc1nccn1C)NS(=O)(=O)Cc1ccccc1F,0.0005045992582255401
CC(CO)C(=O)NCC1CCCC1NC(=O)[C@@H]1CC1(F)F,0.0004975628098015473
CC(O)C(=O)NCC(C)(C)CN(C)C(=O)c1cc2ccccc2o1,0.000996720819227557
CC(O)CCC(=O)N1CCC[C@@H]1CN(C)C(=O)c1ccc2c(c1)CC2,0.0006173851200854752
CC1(C)C2CCC1(C(=O)NCC1(O)CN(Cc3cccnc3)C1)CC2,0.00100645069004204
CC1(C)CC[C@@H](O)[C@H](NC(=O)NCc2ccc3[nH]nnc3c2)C1,0.0005766116297594525
CC1(C)CCCC1C(=O)N[C@H]1CCCC[C@H]1Nc1nnccc1C#N,0.0015079528971641005
CC1(C)COC(CNC(=O)CCNC(=O)C2CCCO2)CC1,0.0003852012367237795
CC1(C)OC2C3CC(C(=O)N4CCCCC4C(F)F)C(C3)C2O1,0.264374815443821
CC1(CNC(=O)[C@@H]2C[C@@H]3C[C@@H]3C2)CCN(CCc2ccccc2)CC1,0.0004487973953416707
CC1CC(C(=O)N2CC(NC(=O)c3ccc(N(C)C)nn3)C(C)(C)C2)C1,0.16011177904767077
CC1CC(C(=O)NC2CCCN(C(=O)c3cncc(F)c3)CC2)C1,0.33439075353947184
CC1CC1C1CC1C(=O)N1CCC(CCN(C)CC(N)=O)CC1,0.00028325154308379505
CC1CCN(C(=O)CCCc2ccccn2)CC1CNc1nnco1,0.000739756445011452
CC1CN(C(=O)C[C@H]2C[C@H](NC(=O)OC(C)(C)C)C2)C1C(=O)O,0.00039109100850807954
CCC(C)CC(C)C(=O)NC1CCCN(C(=O)c2cocn2)C1,0.26461716417637915
CCC(CNC(=O)c1ccsc1Cl)NC(=O)c1nccn1C,0.0006053909525857476
CCC(NC(C)=O)C(=O)N1CCC[C@H]1CNC(=O)C1CCSC1,0.0002305948251948146
CCC(O)CC(=O)N1CCC1CNC(=O)[C@H]1C[C@H](n2ccnn2)C1,0.1533644638559065
CCC(F)C(=O)N1CCC2(C1)CN(C(=O)c1cc(O)ccn1)CCO2,0.1597044666754109
CCC1(C(=O)N2CCCC(CC(=O)OC)C2)CC1(F)F,0.3979014781902124
CCC1(C)CC1C(=O)N1CC(NC(=O)c2cncs2)C(C)(C)C1,0.1801737126387079
CCC1CN(C(=O)C(C)O)CCC1NC(=O)Cc1cccnc1C,0.0002990439152553976
CCC1CN(C(=O)Cc2ccon2)CCC1NC(=O)CCC(C)C,0.00037798975304121393
CCCC(C)CC(=O)N1C[C@@H](CC)[C@@H](NC(=O)c2coc(CO)c2)C1,0.0006930131860360308
CCCN1CCN(CCNC(=O)c2nc(Cl)sc2C)CC1,0.00046602803239942765
CCN(CC(=O)NC)C(=O)C(C)(C)c1ccccc1OC(F)(F)F,0.0006191538005636536
CCN(CC)CC(=O)NCCN(C)C(=O)CNc1nccs1,0.000654008136208689
CCN(CC)Cc1csc(NC(=O)C(F)C2CCOCC2)n1,0.0011041790889579537
CCN(CCNC(=O)CN1CCCCC1F)C(=O)Cc1nnco1,0.0002497453935202587
CCN(CCNC(=O)CNC(=O)CC(F)(F)F)c1cc(C)c(C#N)cn1,0.3771055399773308
CCN(CCNC(=O)c1cncs1)C(=O)c1cc(C)c(C)[nH]1,0.0004080234411988282
CCN1CCOC(C(=O)OC(C)c2nnc3n2CCCCC3)C1,0.0002577285730200017
CCOC(=O)CC(NC(=O)CNC(=O)OCC)c1nn[nH]n1,0.0001866289403702926
CCOC(=O)c1cc(CNC2CC(COC)(CO)C2)on1,0.000581754300755468
CCOC(=O)c1cnc(C2CCCN(CC(O)COC(C)=O)C2)nc1,0.0004940013211211547
CCOC(CN1CC(CNC(=O)CCCC(N)=O)C1)C1CC1,0.00036804705534392
CCOCC(C)(C)NC(=O)c1csc(-c2cnn(C)c2)n1,0.000843468092603808
CCOCC(Cc1ccc(F)cc1F)NC1CC(CS(C)(=O)=O)C1,0.0005827337601318385
CCc1cc(N(C)CC2CCN(C(=O)COCC3CCOC3)C2)ncn1,0.000690937705084349
CCc1cncc(C(=O)NC[C@H]2C[C@H](Nc3nncs3)C2)c1,0.0005893175778953525
CCc1nc(C)ncc1C(=O)N1CCCC1C1CCOCC1,0.0006221809440536723
CCc1oc(C)cc1C(=O)N1CC(NC(=O)C(C)O)CCC1C,0.00042534622387686583
CCn1cc(C(=O)NC2CCCN(C(=O)CCCC(C)=O)CC2)cn1,0.15348248273781617
CCn1ccc(C(=O)NCC2(Nc3ncnc(C)c3F)CCC2)n1,0.0008410125346709231
CN(C)CCN(C)CCN(C)C(=O)C1(O)CCSCC1,0.00029069770369957834
CN(CC(O)CN(C)c1nnc(C2CC2)o1)C(=O)C1CCCC1,0.0006843093099836234
CN(CCNC(=O)Cc1ccccc1O)C(=O)c1cnc(C2CC2)o1,0.00033045235088591013
CN1CC(CC(=O)NC[C@H]2CCCN2C(=O)C2CC3CC3C2)C1,0.17719285533910778
CNc1ncc(C(=O)NC2CCN(C(=O)C3(O)CCOCC3)C2)o1,0.2637610413684797
CO[C@@H]1CN(CCn2nccc2-c2ccccc2)CC[C@H]1F,0.000652599924730429
COC(=O)C1CCN(C(=O)CCC2CCNCC2)O1,0.0002808781315602105
COC(=O)c1c(C)[nH]c(C(=O)N2CCN(C3(C)CC3)CC2)c1C,0.00046981296526325583
COC(=O)c1cc(C(=O)N(C)c2ccn(C)n2)c[nH]1,0.0009080678162216704
COC(=O)c1cncnc1N1CC[C@@H](F)[C@H](NC(=O)OC(C)(C)C)C1,0.0007088399228993992
COC(C(=O)N(C)CC(C)NC(=O)c1cnc2cn[nH]c2c1)C(C)C,0.00045693364574046134
COC(C)CCC(=O)N1CCC(Nc2cc(C#N)nc(C)n2)CC1,0.0013769057545139022
COCC(C)(O)C(=O)N(C)CC1CN(C(=O)COC(C)(C)C)C1,0.0002536662624708674
COCC(CC(C)(C)C)NC(=O)N1C[C@@H](O)[C@H](F)C1,0.0004891613948119022
COCC(COC)NC(=O)N1CCc2cccnc2C1,0.0001884127101546628
COCC1(C(=O)N2CC(C3CN(C(=O)[C@@H](O)C(C)C)C3)C2)CC1,0.00023338102534364126
COCCC(C)(C)CC(=O)NC[C@@H]1CCCN1C(=O)c1ccno1,0.24879036682056996
COCCC(C)NS(=O)(=O)c1cccc(Cl)c1O,0.0003716598005150685
COCCN(CCNC(=O)C(C)C1CCC1)C(=O)c1cc(O)no1,0.1916055869688035
COCCN(CCNC(=O)c1ccno1)Cc1nccs1,0.00036177506649927364
COCc1nnc(N2CCN(S(C)(=O)=O)[C@@H](C)C2)n1C1CC1C,0.00022879254630365795
COc1cc(NC(=O)CC2CCNC2(C)C)ccc1OC(F)F,0.0015969573451806653
COc1cc(NC(C)=O)ccc1NC(=O)C1CC2CNCC21,0.13650252478110586
COc1cncc(C2CCN(C(=O)C(OC)C3CCCOC3)CC2)c1,0.0004632086162569294
CS(=O)(=O)c1ccsc1C(=O)NC12CCC(CN)(C1)OC2,0.00037653103978582854
CSc1nc(N)cc(N2CC[C@@H]3CN(C)[C@H](C2)[C@@H]3O)n1,0.3084158832657618
Cc1c(CCC(=O)N2CC[C@@H](NC(=O)C(C)C3CCC3)C2)cnn1C,0.0005367250317272617
Cc1c(CCC(=O)N2CC(C)CS2(=O)=O)sc2ccccc12,0.0010436533683826938
Cc1c(F)cccc1C1(C(=O)NC2CN(C(=O)C3CNC(=O)C3)C2)CC1,0.00023087426954855798
Cc1cc(C)n2c(C(=O)N3CCCN(C(=O)C(C)O)CC3)cnc2n1,0.17478540859081218
Cc1cc(CCNC(=O)N2CC(CN)C(C)(C)C2)ccc1C#N,0.0009635307859059479
Cc1cc(O)ccc1CC(=O)N1CC(NC(=O)c2ccccc2)C1,0.00042083354070754364
Cc1cc(Cl)ccc1NC(=O)CN1CC2CCC(C1)N2,0.0008605032106654049
Cc1ccc(C#N)c(N2[C@H]3CC[C@@H]2C[C@H](NC(=O)C(F)F)C3)n1,0.0009132581384201785
Cc1ccc(C(=O)N2CC(NC(=O)Cc3nnco3)CCC2C)nn1,0.0002578384799895701
Cc1ccc(C(=O)NC(C)C2CCN(C(=O)c3nccnc3C)C2)nc1,0.0005829044917682361
Cc1ccc(C)n1CCC(=O)N1CCC(O)(CNC(=O)C(C)(C)C)C1,0.0005430021215537697
Cc1ccc(N2CCN(C(=O)C3CCC4(CC4)C3)CC2C)nn1,0.00062701446809315
Cc1ccc(OC2CCN(C(=O)c3c[nH]c(C#N)c3)CC2)nn1,0.6088896411872262
Cc1ccn(C)c1C(=O)N1CCC2CCC(C1)N2c1ncnc(N)n1,0.5179402470772625
Cc1n[nH]c(C)c1CCC(=O)N1CC([C@H](C)NC(=O)C2(O)CC2)C1,0.00036062019401840966
Cc1nc(C(=O)N2C3CCC2CN(C(=O)C(C)(C)C#N)CC3)[nH]c1C,0.4512046246878859
Cc1nc2c(N(C)CCNC(=O)C3(C)C(C)(C)C3(C)C)ncnc2s1,0.27185232701951095
Cc1ncc(COC(=O)C(C)c2ccc3c(c2)OCCO3)cn1,0.0005911225373495898
Cc1ncncc1C(=O)NC[C@H]1CCCN(C(=O)CCCC(C)O)C1,0.000513000050866667
Cc1nonc1CC(=O)N1CC2CCC1C(NC(=O)[C@H](C)O)C2,0.14963577212033383
Cn1nc(C2CC2)nc1CN1CCC(C2CCCO2)C1,0.00042127233809818046
Cn1ncc(C(=O)N[C@@H]2CCC[C@@H]2c2ccccc2)c1C#N,0.0016683686498518524
N#CC1(C(=O)N2CCC(NC(=O)C3=C(Cl)CCOC3)C2)CCOC1,0.0009331226209900427
N#Cc1ccnnc1NC[C@H]1C[C@@H](NC(=O)Cn2nccn2)C1,0.0008786084782505293
N#Cc1cnc(N2CCC(NC(=O)C3CC1)C(O)C3)cn1,0.0
Nc1cnn(CCOC(=O)c2ccc(C3CCCOC3)cc2)c1,0.0008102860831469737
O=C(CCn1cnnn1)N1CC2(CC(NC(=O)C3(CO)CCC3)C2)C1,0.06799080573387739
O=C(NC1CNc2ccccc2C1)c1coc2c1CSC2,0.001222509875114207
O=C(NCC1(Cc2nn[nH]n2)CC1)c1cnn(CC2CC2)c1,0.00024356826671317533
O=C(NCC1CCCC2(CNC2)O1)c1ccc2oncc2c1,0.0009058043779876732
O=C(NCC1CN(C(=O)c2ccc(F)cc2)CCO1)C(O)C1CCC1,0.0005332378555756204
O=C(OCCn1ncnn1)c1ccnn1CC1CC1,0.00027215253329258566
O=C1CCC(NC(=O)NCCc2nc3c(s2)CCCC3)CC1,0.0004749865603454012
O=C1NC(C(=O)N2CCC2CNC(=O)c2noc3ccccc23)CO1,0.000357566009539181
O=S(=O)(CCOC1CC1)N1CCC(N2CC(O)C2)C1,0.00014827434886220832
O=S(=O)(NC1CCCC2(C1)OCCO2)c1cccnc1O,0.0004845492098919797
O=S1(=O)CC2(CCN(Cc3ccc4nonc4c3)C2)C1,0.1682143365979054
C[C@@H](C(=O)NC[C@H]1CCN(C(=O)Cc2cncnc2)C1)n1cnnn1,0.00020639650785914097
C[C@@H]1[C@@H](c2ccccc2)NC[C@@H]1NC(=O)[C@@H]1[C@H]2CCCCC[C@H]21,0.00042993622596279954
C[C@H](CNC(=O)c1cncc(O)c1)NC(=O)CSc1ccccn1,0.0003930247619166852
C[C@H](CNC(=O)c1csnc1Cl)NC(=O)CC1(O)CCC1,0.0003477938992440819
C[C@H](NC(=O)C1(C)CC1F)C1CN(C(=O)c2nnc3ccccn23)C1,0.0003323905679966814
C[C@H](O)[C@H](NC(=O)c1ccc(-n2cccn2)cc1)C(=O)O,0.0004145077281945419
CC[C@@H]1C[C@H]1C(=O)NC(C)CNC(=O)c1cc(C)n(CCN(C)C)n1,0.00039309375249327474
CC(=O)NC1CCCC12CCN(C(=O)c1nn(C)c(Cl)c1C)CC2,0.0006877577463805972
CC(C)(C)N1CCCN(C(=O)[C@]23C[C@H]2COC32CCC2)CC1,0.0004934495994280111
CC(C)(C)SCC(=O)N[C@@H]1CCN(C(=O)C(F)F)C1,0.00034021153743835064
CC(C)C(=O)N1CCC(C(=O)NCc2nn(C)cc2C(=O)O)CC1,0.0003241740276054418
CC(C)C(=O)NC1(CF)CCN(C(=O)C2CCC3(CC2)CC3)C1,0.32257560823943404
CC(C)Cc1ccnc(NC(=O)C2(c3nn[nH]n3)CCCC2)c1,0.00040641684550298354
CC(C)OCCC(=O)N1CC[C@H](CNC(=O)C(O)c2ccccc2)C1,0.0003088147808576947
CC(C)c1cnn(C)c1CNCC(C)(C)S(C)(=O)=O,0.0004883559560153955
CC(CC(N)=O)C(=O)NCC(NC(=O)c1nncn1C1CC1)C1CC1,0.00011453491197932237
CC(CCNc1nnc(CO)s1)NC(=O)[C@@H]1CC1(F)F,0.0005445656278802077
CC(CN)CC(=O)NC(C)c1nnc(-c2ccccc2)s1,0.0011200736598105496
CC(CN1CCCC1)N(C)C(=O)CC(O)Cc1ccccc1,0.00035782580630114384
CC(CNC(=O)C(C)C(F)(F)F)CN(C)C(=O)C(C)C1CC1,0.0007623446478679332
CC(CNC(=O)Cc1ccc2ocnc2c1)NC(=O)[C@@H]1CNC(=O)O1,0.00029065121280746274
CC(CNC(=O)c1ccc2c(c1)OC(C)(C)C2)NC(=O)C(C)(C)CO,0.0005187342324944877
CC(NC(=O)[C@@H]1CNC(=O)N1)C1CCCN(C(=O)CC(F)(F)F)C1,0.0003085902445834406
CC(NS(=O)(=O)c1scnc1Cl)c1ccc(Br)o1,0.0007551893138219028
CC(O)C(=O)N[C@H](C)CNC(=O)c1cc(-c2ccn(C)n2)on1,0.0007963337390471721
CC1(C(=O)N[C@H]2C[C@@H](NC(=O)Cc3ccc(O)c(Cl)c3)C2)COC1,0.00047321172688207885
CC1(C(=O)N2CC3(CCN(C(=O)Cc4cn[nH]c4)C3)C2)CCC1,0.00043619209780173303
CC1(C)CCCN(C(=O)Cc2cnns2)C1C(=O)O,0.00043205206187075216
CC1(C)CN(c2nnco2)CC1NC(=O)C1CN2CCN1CC2,0.0007071777791528157
CC1(C)OCCC1CNC(=O)c1cc(C#N)cs1,0.3950300585341627
CC1(CNC(=O)C2(C)CC2(F)F)CCN(C(=O)C(C)(O)C2CC2)C1,0.18559156029209198
CC1(F)CC(C(=O)NC[C@H]2CCCN2C(=O)C2COC(=O)O2)C1,0.11432555467781658
CC1CC(C)CC(C(=O)N2CC(C)(NC(=O)c3ccccc3)C2)C1,0.000467584030322079
CC1CC1C(=O)N1CCC(C)C(NC(=O)COCC2CC2)C1,0.00021248698666632821
CC1CCC(C(=O)N2C[C@@H]3C[C@H]2CN3C(=O)CC2(C#N)CC2)CC1C,0.0015237811577175652
CC1Cc2cccc(S(=O)(=O)N(C)[C@H]3CNC[C@H]3O)c2O1,0.00022676249698066803
CCC(C#N)C(=O)N1C[C@H](C)[C@H](NC(=O)c2ccc3[nH]nnc3c2)C1,0.49594082628628844
CCC(C(=O)N1CC(Nc2ncnc3cccnc23)CC1C)N(C)C,0.0007111862176145815
CCC(C)(O)C(=O)N[C@H](C)C1CN(C(=O)c2ncc(C)cc2C)C1,0.1840204084278145
CCC(C)C(C)C(=O)N[C@H]1CC[C@H](NC(=O)C[C@@H]2CCCC[C@H]2O)CC1,0.35158644932215294
CCC(NC(=O)Nc1cn(CC(C)C)nn1)c1cccnc1,0.0007583350066294391
CCC(NC(N)=O)C(=O)NC1CCN(c2nnc(C)c(C)c2C#N)C1,0.0007806605663287191
CCC(O)CC(=O)N1CC(NC(=O)C(C)(C)CO)CC(C)(C)C1,0.0007199117159167242
CCC1(C(=O)N2CC3(CC(NC(=O)C(F)C(C)(C)O)C3)C2)CC1,0.09349686287086811
CCCC(=O)N(C)C(CNC(=O)CC1(OC)CC1)Cc1ccccc1,0.25956344138275433
CCCCC(=O)c1cn(CC(C)NC(=O)C(C)(C#N)CCC)nn1,0.0005503932966044397
CCCN(C(=O)C(C)n1cccn1)C1CCN(C(=O)C2CCOC2C)C1,0.0006178588966371737
CCN(C)c1ccc(CNC(=O)[C@@H]2[C@H]3CNCC[C@H]32)cn1,0.00029931546198234
CCN(CC)C(=O)COc1cccc(CNC2CCOC2C)c1,0.0004463976395226133
CCN(CCNC(=O)c1cncn1C(C)C)C(=O)c1ccns1,0.0003671332409479195
CCN1CC(C)(CNC(=O)NC2(c3ccc(F)cc3F)CCC2)C1,0.0007769744932595663
CCNC(=O)CN(C)C(=O)NC(C)c1ccc2c(c1)C(=O)NCCO2,0.00030834373015931873
CCOC(=O)c1cc2n(n1)CC(C)N(C(=O)c1c(OC)noc1C)C2,0.0004552431888038062
CCOC1CC(NC(=O)C(OC)C2CCNCC2)C12CCCC2,0.0008875202956832909
CCOC1CC1C(=O)NCC(C)CNC(=O)c1nc(C)n(C)n1,0.00021921860423546695
CCOCC(=O)N1CCC2(C1)CN(C(=O)Cc1cnc(C)o1)C2,0.00030544399803199914
CCc1cc(C#N)c(NCC2(CO)COCC3COCCN32)nc1C,0.0011195352626337197
CCc1cc(NC(=O)N2CCC(NC(C)=O)CC2)sc1C(=O)OC,0.0008681201768597342
CCc1nc(C(=O)N2CCCC[C@@H]2CNC(=O)C(F)CC)co1,0.0006513897810027178
CCc1noc2ncc(S(=O)(=O)NCCC3CCCOC3)cc12,0.00044369248748876846
CN(C)CCC1CN(C(=O)CC2(CC(=O)O)CCCCC2)C1,0.0008456939369243757
CN(CC1CCN(C(=O)C2CC3CC3C2)C1)C(=O)[C@@H]1CNC(=O)C1,0.1774446835907719
CN(CC1CN(C(=O)c2ccoc2)C1)C(=O)Cn1nccn1,0.0005091619809278778
CN1CCN(C(=O)CC2(C#N)CC2)C(CNC(=O)CCF)C1,0.32933489634566315
CNC(=O)c1ccc(N2CCC(Oc3cnccn3)CC2)nn1,0.0006772418291288487
CNC(=O)c1ccccc1NS(=O)(=O)c1cccc2c1NCCC2,0.5958698296004905
COC[C@@H](O)CN1CCC[C@@H](NC(=O)Cc2ccon2)C1,0.00019645958059336883
COC(=O)[C@@H]1C[C@@H](S(C)(=O)=O)CN1Cc1ccc(F)c(C)c1,0.00035780697188445443
COC(=O)N1CC(NC(=O)NC2Cc3cccc(OC)c3C2)C1,0.0003466784098197131
COC(=O)N1CCc2cc(NC(=O)N3CC(N4CCCC4)C3)ccc21,0.0008487686489051037
COC(C)C(=O)NC1(C)CN(C(=O)C2(C)CCCCC2)C1,0.00048680556619369597
COC(C)CC(=O)NC1CCCC1CNC(=O)Cc1occc1C,0.0005762822294865281
COC(CNc1nsc(N2CCOCC2)n1)C(F)(F)F,0.0003700703267710059
COC1(CF)CN(S(=O)(=O)c2ccccc2C(F)F)C1,0.0004001248716725219
COCC(=O)N1CCC(N(C)C(=O)c2ccc(C#N)s2)CC1,0.001083720838323016
COCC(C)(O)CNC(=O)c1ccc(O)c(OC)c1,0.00042233072667999575
COCC(C)C(=O)N1CCC(Nc2ncnc(C)c2OC)CC1C,0.0006872610075962507
COCC(C)C(=O)NC1CC(CNC(=O)c2oncc2C)C1,0.00033217570019104516
COCC(NC(=O)N(C)Cc1cnn(C)c1)c1ccc(Cl)cc1,0.0007671102937978899
COCC(NC(=O)c1cccc(Br)c1O)C1CC1,0.0005667948079946858
COCC1(C(=O)NCC(C)CN(C)C(=O)C2CCOC2)CCCO1,0.0004104102390699574
COCCC1(CNC(=O)NC(C)(CO)CO)CCCC1,0.0006314851723467034
COCCN(CCNC(=O)C1CCN1C(C)(C)C)c1nnnn1C,0.0006522896521543007
COCCn1cc(C2(O)CN(C(=O)c3ccccc3SC)C2)nn1,0.0005351001406412552
COCc1cc(C(=O)NCCN(C)C(=O)CC2CCCC2)no1,0.0007488251579280422
COc1cc(C#N)ccc1C(=O)OCC(=O)c1ccsc1,0.0005300405689098348
COc1cc(C)ccc1CNC(=O)c1ccc(C(=O)O)c(C)c1,0.0006323512264211305
COc1ccc(C(=O)N2CCCS(=O)CC2)c(C)c1,0.0002857356431651661
COc1ccc(CNC(C)(C)c2noc(C)n2)c(OC)n1,0.0003293226938272708
COc1cccc(N2CCC(NC(C)CCO)C2)c1,0.0006250571577188942
COc1nccc(CN2CC[C@@H](NC(=O)c3ocnc3C(F)F)C2)n1,0.00044953862517459236
CS(=O)(=O)CC(NC(=O)c1ncc(C(N)=O)cc1Cl)C1CC1,0.00025451308148177255
CS(=O)(=O)c1cccc(-c2noc(C3CC4CC4C3)n2)c1,0.6040947492181364
CSC(C(=O)N1C[C@@H]2CC[C@]2(C(F)(F)F)C1)C(C)C,0.000436387376329539
CSC(C)C(=O)N(C)CC1CCCN(C(=O)CCC2CC2)C1,0.0008853286374762649
Cc1c[nH]c(CN2CCN(Cc3nnc4n3CCCCC4)CC2)n1,0.0006686643984996873
Cc1cc(=O)c(C(=O)N2C[C@H]3[C@H](NC(=O)C(C)(C)F)[C@H]3C2)cn1C1CC1,0.17344793463912492
Cc1cc(C(=O)NC2COCCN(C(=O)C3CC34CCC4)C2)[nH]n1,0.00038951260481673907
Cc1cc(C)c(C(=O)N2CC(O)(C(C)NC(=O)CO)C2)c(C)c1,0.0002525052494733729
Cc1cc(C)cc(C(=O)NCC(C)NC(=O)CCc2nnc(C)n2C)c1,0.0003686913982686028
Cc1ccc(C(=O)NC2(C)CCN(c3nnnn3C)CC2)o1,0.000861133641705021
Cc1ccc(C(=O)Nc2ccn(CC(C)(C)C)n2)cc1S(N)(=O)=O,0.45147527455019093
Cc1ccc(CC(=O)NC2CN(C(=O)C3CC34CCC4)C2)s1,0.00043911013469379625
Cc1cccc(C2(C(=O)NCC3(F)CCOC3)CCC2)c1,0.0004866714395647018
Cc1ccnc(-c2cn([C@@H](C)CNC(=O)[C@]3(C)CCC(=O)N3)nn2)c1,0.0011331839749756578
Cc1ccnc(CNC2(C(=O)O)CCC(C(F)F)CC2)n1,0.0006624983067646884
Cc1cnc(CNC(=O)Nc2cc(C3CC3)nn2C)s1,0.0010034942740807153
Cc1conc1CN1CC(O)(CNC(=O)c2cc3n(n2)CCO3)C1,0.12983588755686207
Cc1nc(C(C)C)ccc1C(=O)N1CCN(CC(F)(F)F)C(=O)C1,0.00038225395658854377
Cc1nc(N)nc(N2CCN(C(=O)c3n[nH]cc3C(C)C)CCC2C)n1,0.1501323430943858
Cc1nc(NC(=O)C(C)n2cccc2)sc1C(=O)OC(C)(C)C,0.0007524108990090788
Cc1nc(NC(=O)c2ccc(CN)c(F)c2)ccc1C#N,0.000759191499773506
Cc1nccn1-c1ccc(F)cc1CN1CC(CO)C2(CCC2)C1,0.001104280457353431
Cc1nccnc1C(=O)NCCC1CCCN(C(=O)c2ccon2)C1,0.22601499613158788
Cc1ncn(C)c1C(=O)N1CCc2cc(F)c(F)cc21,0.0013741853179338266
Cc1oncc1C(=O)NCC1CN(c2nnco2)CCC12CCOC2,0.29944699833908445
Cn1ncc(CCC(=O)NS(=O)(=O)c2cc(C(N)=O)ccc2F)n1,0.00034123192257239435
N#CC1(CCC(=O)Nc2ccc3c(c2)S(=O)(=O)CCC3=O)CNC1,0.4366219564435988
O=C(2c3c(n[nH]c1=O)CCCC2)N1CCC(O)CC12CC2,0.0
O=C(C[C@H]1N[C@@H]2CC[C@H]1C2)NC[C@@H]1COC(=O)O1,0.000367166938728378
O=C(CN1CC(NC(=O)C2(CCF)CC2)C2(CCC2)C1)NC1CC1,0.13224024164243228
O=C(CO)NC1CCN(C(=O)c2cnn(C3CCCC3)c2)CC1O,0.0003969499388968972
O=C(CSC1CC1)NCC1CN(C(=O)C2(O)CC2)C1,0.00025800510687947874
O=C(Cn1cc(-c2ccccc2)nn1)N1CCC(C(F)(F)F)C1,0.0009509117056127783
O=C(N[C@H]1C[C@@H](CNC(=O)c2ncc[nH]2)C1)c1c[nH]nn1,0.08684391641565363
O=C(NC[C@]1(F)CC[C@@H](CO)CC1)NC1CCCOC12CCC2,0.0005994412085428991
O=C(NCCC1CCN(C(=O)c2cnn(CCO)c2)C1)c1ccno1,0.1758741934230503
OC1(Cc2cn(CCNc3ccccn3)nn2)CCOCC1,0.00037292055142304216
C[C@@H](C(=O)N1CCc2c(-c3nn[nH]n3)cccc21)n1cnnn1,0.0008144472375042304
C[C@@H](NC(=O)c1ccoc1)C1CN(C(=O)C(F)C(C)(C)O)C1,0.00041182321866278435
C[C@@H]1CN(C(=O)[C@H]2CCC(=O)N2)CCN1c1ncccc1C#N,0.30726339783467
CC(=O)c1c(F)cc(NC(=O)C2CN(C)CC(C)O2)cc1F,0.0007340916590278561
CC(C(=O)N1CCC1CNC(=O)CC(C)(C)O)c1ccccc1,0.00039626910242842553
CC(C)(C)C(CO)NC(=O)NCC1CCc2cn[nH]c21,0.0004291905021825619
CC(C)(CO)C(=O)NCC1CCN1C(=O)c1ccc(C#N)s1,0.000795584912764324
CC(C)N1CCN(C(=O)NC2CCCc3oc(=O)c(C(=O)O)cc32)CC1,0.00035496937341748374
CC(C)OCCC(=O)Nc1ccc(N2CCNC(=O)C2)cc1Cl,0.0005789945945333365
CC(C)n1nnnc1CN1CCC2(CC1)CN(C(=O)C(F)(F)F)C2,0.0003714178475776111
CC(CN(C)C(=O)C(C)C1CC1)NC(=O)c1cn(C2CCC2)nn1,0.0005007654579081737
CC(CS(C)(=O)=O)C(=O)N1CC(C2CN(C(=O)c3ncc[nH]3)C2)C1,0.0002941992006009534
CC(NC(=O)CN(C)S(=O)(=O)c1cccc(Cl)c1)C(C)(C)C,0.0005554385899944095
CC(O)CN1CCCN(C(=O)c2cc(O)n(C)n2)C(C)C1,0.00027626075915238035
CC1(C)CN(C(=O)c2cc3ccncc3s2)C1CO,0.3398240360048323
CC1(NC(=O)c2c[nH]nn2)CN(c2nc(C3CCCC3)ns2)C1,0.12615768353085527
CC1CCN(Cc2ccc(N[C@H]3C[C@@H](C(N)=O)C3)cc2)CC1,0.0005140191889210197
CC1CN(C(=O)Cc2ccc(Cl)s2)CCN1CCO,0.00034287464563920303
CC1CN(C(=O)NCC2CCS2)CCN1C(=O)OC(C)(C)C,0.00036410996422643686
CCC(=O)NC(C)C(=O)N1CCN(C(=O)Cc2cnoc2)C[C@@H]1C,0.0002628219260645321
CCC(=O)NC1COC2(C1)CN(C(=O)C1CCC3(CCC3)O1)C2,0.2513928522056487
CCC(C)C(=O)N1CCC(NC(=O)c2ccccc2Cl)C1,0.0005908268729068554
CCC(CC)C(=O)NC1CN(C(=O)C2(C#N)CCCOC2)CCC1C,0.5939084174913757
CCC(CC)C(=O)NCCC(C)N(C)C(=O)c1cncn1C(C)C,0.0007216812243251999
CCC(CC)CN(C)C(=O)c1ccc(S(C)=O)cc1,0.000578698141136861
CCC(CNC(=O)c1cc(C)on1)NC(=O)C[C@H](O)c1ccccc1,0.00041908383247998105
CCC(NC(=O)C1(C2CCC(=O)NC2)CCC1)c1nc(C)cs1,0.00034911659720071825
CCC(O)(CC)CCNC(=O)Nc1ccc(N2CCCNC2=O)cc1,0.0007297173468166246
CCC(O)CC(=O)NCC1CN(C(=O)c2cnn(C)c2CC)C1,0.00044291548279094985
CCC(F)C(=O)NC1(C)CCN(Cc2sc(C)nc2C)C1,0.0007008207653649458
CCC1(C(=O)NC[C@@H](C)NC(=O)c2ccc3c(c2)CC(=O)N3)CC1,0.0010216287258650563
CCC1CC1C(=O)N1CCC[C@H](NC(=O)c2nccn2CC)C1,0.000564870557876411
CCCC(=O)N1CC(CN(C)C(=O)[C@H]2C[C@H](n3ccnn3)C2)C1,0.148339038820317
CCCC(C(=O)N[C@H]1C[C@@H](Nc2nnccc2C#N)C1)S(N)(=O)=O,0.000747863239229435
CCCC(C)(CO)NCC(=O)Nc1ccccc1C#N,0.0012906849107444792
CCCC(C)N(C)C(=O)N1CCC(C(=O)NC(C)(C)C)C1,0.0005082269543302455
CCCN(CCNC(=O)C1CC2(C1)CC2F)C(=O)[C@@H]1CCCN1C,0.22271567657198632
CCCN1CC(C(=O)N2CCC(NC(=O)COC)C(C)(C)C2)CC1=O,0.14235885230634604
CCCOc1ccccc1C(=O)NCC1(OC)CN(C(=O)[C@H](C)O)C1,0.13676484152160806
CCN(CC(=O)NC(C)C)C1CCN(C(=O)C(C)N2CCC2)CC1,0.0002831376822654853
CCN(CC)CC(=O)NC[C@@H]1CCCN1C(=O)c1cccc(NC)n1,0.30205624423513405
CCN(CCNC(=O)c1cnn2ccnc(N)c12)C(=O)CC1CCC1,0.46585455314845925
CCN(CCSC)CCNC(=O)c1c(Cl)oc2ccccc12,0.42976536461790205
CCS(=O)(=O)CCNC(=O)NC1CCOc2ccccc2C1,0.00031045377569082194
CCc1c(C(=O)N2CCNC(=O)CC2C(N)=O)nnn1CC,0.00015017217720796335
CCc1cc(C(=O)NCc2nc(O)cc(O)n2)c(C)nn1,0.0004521798691575836
CCc1nnc2n1CC(NC(=O)N1CCC(Cc3ccccc3)C1)CC2,0.0005503183320369638
CN(CC(O)CN(C)C(=O)C1CCCC1)C(=O)Cn1cccc1,0.17214129653822408
CN(CCOc1ccccc1F)C(=O)C1(C)OCCc2ccccc21,0.0005683697893440538
CN1C[C@@H](CNC(=O)C2CCC(=O)N2)[C@H](c2ccccc2)C1,0.14257472258685672
CN1CCC[C@H]1C(=O)Nc1cccc(NC(=O)c2ccccc2)c1,0.0010761143395399408
CN1CCCc2ccc(NC(=O)C(C)(C)NS(C)(=O)=O)cc21,0.0005727912277387929
CN1CCNC(=O)C12CCN(C(=O)c1ccc(F)c3ccoc13)CC2,0.4125399136122868
CNC(=O)COC1CN(C(=O)c2ccc(C)nc2OC)C1,0.11254209729090227
COC(=O)[C@H]1C[C@@H](NC(=O)C2CC(=O)Nc3ncccc32)C1,0.22946149450923212
COC(=O)C(C)(O)CNC(=O)c1sc(C(C)C)nc1C,0.00045030107893562595
COC(=O)c1ccc(NC(=O)N2C[C@H](C)O[C@@H](C)C2)c(OC)c1,0.0008861443325141869
COC(=O)c1csc2cc(C(=O)N(CC(N)=O)C3CCCC3)[nH]c12,0.3219386458925351
COC(=O)c1nc(N2CCC3(CCOCC3)CC2)sc1C,0.7088691563371274
COC(C(=O)N1CCC[C@H](NC(=O)c2cc(C)on2)C1)C1CCC1,0.2816138598157145
COC(C)(C)C(=O)NC1CCN(C(=O)Cc2ccco2)CC(C)(C)C1,0.0007240488603937162
COC1(C(F)(F)F)CN(CC(O)C2CCOCC2)C1,0.0003659892277174176
COC1(C)CC(Nc2ncnc3c2cnn3C2CC2)C1(C)C,0.0015756104595830002
COC1(CNC(=O)C2=C(Cl)CC2)CN(C(=O)c2cc(C)co2)C1,0.00031636875495274965
COC1(CNC(=O)NCC(CO)Cc2ccc(C)c(C)c2)CCCC1,0.0008880814197272849
COC1CCC(C(=O)N2CC(C)C(Nc3ccc(C)nn3)C2)C1,0.00043211501934160406
COC1CCC(CNC(=O)Nc2cnc3ccnn3c2)CC1,0.0015051568891252293
COC1CCC(F)(F)CC1NC1CCN(C(=O)NC2CC2)CC1,0.0006047634285861921
COCC1CCCN(C(=O)CCn2cc(C3(O)CC3)nn2)C1,0.0004923673921601632
COCCC1(C(=O)NC2CCCC2CNC(=O)c2c[nH]c(C)c2)CC1,0.0008664942463025246
COCCN(C(=O)C1CCCN1C1CC1)C1CCOC1C,0.0004770577880800464
COCCN(CCNC(=O)c1ccncn1)C(=O)c1cc(C)n(C)n1,0.00028918044904046393
COCCN1CCCC1CNC(=O)c1cnnc(C)c1,0.00027091997780054783
COCc1cc(C2CCN(CCC3(C(=O)OC)CCOCC3)CC2)no1,0.0005809785345906328
COc1c(C)ncnc1N(C)CCN(C)C(=O)Cc1conc1C,0.0005604960383470043
COc1cc(C(=O)NCC2CC(=O)N(C)C2)cc2cn(C)nc12,0.0006035200736741155
COc1ccc([C@H](C)C(=O)NC[C@H](C)NC(=O)c2ccc(C)o2)cc1,0.0005739375520591005
COc1cccc(C(=O)N(C)CC(C)(C)CNCc2nonc2C)n1,0.00029957315193314735
COc1ccnc2c(C(=O)NC(C)(C)C(=O)OC(C)C)cnn12,0.2982158628053569
CS(=O)(=O)C[C@@H]1C[C@H](F)CN1Cc1cnn(CC2CCC2)c1,0.000582476253572997
CSCC(=O)N1CCC(NC(=O)C(C)(C)CC(F)F)C12CCC2,0.0004664520326987106
CSCC(C)CNC(=O)c1cn(-c2cccc(Cl)c2)nn1,0.0006308912082108655
CSCCC(=O)N1CCC(C(C)NC(=O)[C@H]2CCCC(=O)N2)C1,0.00030660954911215446
CSc1nccnc1C(=O)N1CCC[C@@H]1CNC(=O)C1(C)CCC1,0.0012211496017928854
Cc1[nH]cnc1C(=O)N1CC[C@H](NC(=O)c2ncccc2CO)C1,0.0002895566538389873
Cc1[nH]cnc1CC(=O)N1CCCC2(C1)CN(C(=O)C(C)O)CCO2,0.000260925344969225
Cc1cc(CC(=O)N2CC(C)(NC(=O)[C@H]3C[C@@H](O)C3)C2)ccn1,0.0002473636800824364
Cc1cc(NC(=O)C2CC3(CNCC3C#N)C2)ccc1N1CCCC1=O,0.0010223498467729032
Cc1ccc(C(=O)NCC2CC(NC(=O)C3(C#N)CC3)C2)nc1C,0.6632735593614005
Cc1ccc(O)cc1C(=O)N1CCCCC2C(NC(=O)[C@H](C)O)C21,0.00039979506522220653
Cc1ccoc1C(=O)N[C@H]1CN(C(=O)c2cnccn2)C[C@H]1C,0.22820599384001372
Cc1ccsc1CC(=O)N1CC2(CCN(CC(C)C)CC2)C1,0.00044869756494699594
Cc1cnc(CC(=O)NC[C@H]2C[C@@H](NC(=O)CCC3CC3(C)C)C2)s1,0.000488668737280082
Cc1cncc(C(=O)NCCN(C)C(=O)CC(O)C2CC2)c1O,0.07306723390416295
Cc1cncc(NC(=O)N(C)CCc2nccc(C(F)(F)F)n2)c1,0.0006404022603403543
Cc1nc(C(=O)N[C@@H]2CCN(C(=O)c3ccn(C(C)(C)C)n3)C2)c[nH]1,0.0004173641354791965
Cc1nc(C(=O)N(C)CCN(C)c2nccnc2C#N)c[nH]1,0.0009206857691849783
Cc1nc(C(=O)N2C[C@@H]3C[C@H]2CN3C(=O)CCOC(C)C)n(C)n1,0.0004652881699894609
Cc1nc(C(=O)N2CCN(C(=O)COC(C)(C)C)C[C@@H]2C)n(C)n1,0.0002665185750991358
Cc1ncn(C)c1C(=O)N[C@@H](C)CNC(=O)c1cnc2n1CCS2,0.0004413298133278246
Cc1ncn(C)c1CC(=O)N(C)CC(C)NC(=O)C1CC1(F)F,0.000580061224787586
Cc1ncnc(O)c1-c1ccc(OCC2(CO)COC2)nc1,0.00023580821113035636
Cc1nn(-c2ccccc2)c(C)c1CC(=O)N1CCC2(CCNC2=O)C1,0.30254936918525516
Cc1nnc(NC2CC23CC(NC(=O)c2[nH]ncc2Cl)C3)nc1C,0.0008867821531485873
Cc1nnn(C)c1CN[C@H]1CCN(C(=O)OC(C)(C)C)C1,0.00043576666004245686
Cc1sccc1-c1nc(C2CN(C(=O)OC(C)(C)C)C2)no1,0.7890594672669732
Cn1cc(C(O)C(=O)NC2CCC(NC(=O)C3CCC3)CC2)cn1,0.0006026222842803412
Cn1cnc(C(=O)N2CCCN(C(=O)C3(C)CCCC3)CC2)cc1=O,0.0006460856430479116
Cn1ncnc1CNC(=O)C1(F)CCOCC1c1ccccc1,0.0005261635503625029
N[C@@H](COC1CCOCC1)C(=O)NCc1ccc(-n2cccn2)c(F)c1,0.0006590158773489505
NC(=O)C12CCC(CC1)N2C(=O)C1CNC2(CCOCC2)C1,0.0002511271608419847
O=C(CC1(O)CC1)N1CCC1CNC(=O)C(F)(F)c1ccccn1,0.000346440671163969
O=C(COC(F)F)N1CCN(C(=O)c2ccccc2C2CC2)CC1,0.00042670104864917186
O=C(Cn1cnnn1)NC1CCCN(C(=O)CCC(F)F)CC1,0.00021327338030874203
O=C(Cn1nc(C(F)(F)F)c2c1CCCC2)OCc1nncs1,0.0003887641669602103
O=C(N[C@@H]1Cc2ccccc2[C@H]1NC(=O)C1CNCCO1)c1ccon1,0.00030736059069487134
O=C(N1CCC(OCCF)CC1)C1(F)CCCNC1,0.00048583934531089436
O=C(NC[C@@H]1C[C@H]1c1cccnc1)c1cc(C2CCOCC2)n[nH]1,0.00030643992891591276
O=C(NC[C@H]1CCCN1C(=O)C1(O)CC1)c1coc(C2CCC2)n1,0.14844350649575008
O=C(NC1CCNC12CCC2)c1coc(Br)n1,0.0002909790451111289
O=C(NCC1CCN(C(=O)Cn2ccnn2)C1)c1cccnn1,0.0003518637789521257
O=C(NCc1nc2ccccn2c1Br)C12CCC1CC2,0.0007899672748526083
O=C(O)[C@@H]1CC[C@@H](C(=O)N(Cc2ccc3c(c2)OCO3)C2CC2)O1,0.18330561126498035
O=C(O)C(Cc1cncc(O)c1)NC(=O)C1CC2CC2C1,0.0004421372588010783
O=C1CC(C(=O)N[C@H]2CCN(C(=O)Cc3ccsc3)C2)CO1,0.00034578587546351324
O=C1CN(C(=O)C23CC2C3)CCN1C(CCO)C(F)F,0.00014760257577781517
O=S(=O)(Cc1ccc(F)c(Cl)c1)N1CCN(C2CC2)CC1,0.00042425294632236207
O=S1(=O)CCN(CCc2ccc(Cl)cc2)CC1CO,0.0002395617418150608
C[C@H](CF)NC(=O)NCc1nnnn1-c1ccccc1,0.00048128754114407736
C[C@H](O)c1nnc(N(C)CCC(F)F)n1CCc1ncn[nH]1,0.0002936808492947089
CC[C@@H](C(=O)N(CC)CCNC(=O)Cn1nnc(C)n1)N(C)C,0.00027545691392116746
CC[C@@H]1C[C@H]1C(=O)N1CCC[C@]1(C)CNC(=O)c1cn(CC)nc1C,0.0006478794866338124
CC(=O)N1CCC(C)(O)C12CCN(C(=O)c1nnc(C)s1)C2,0.00021318549719688396
CC(=O)Nc1nc(C(=O)N[C@H]2C[C@@H](NC(=O)CC3CCC3)C2)cs1,0.0004949600384718591
CC(C)[C@H]1CN(C(=O)c2nnc3ccccn23)CCN1C,0.22323320119160925
CC(C)(C)OC(=O)N1CSC[C@@H]1C(=O)NCC1(CCO)CC1,0.0005530520262517495
CC(C)(NC(=O)CC1(O)CCOC1)c1cn(-c2ccc(F)cc2)nn1,0.00037066599350263265
CC(C)C1CC(C(=O)NC2CCCN(C(=O)c3cnsn3)C2)C1,0.19382954923692985
CC(C)CC(=O)NC[C@H]1CCN(C(=O)CCCc2cccs2)C1,0.00033477917382190045
CC(C)NC(=O)CCNC(=O)NC(C)C1CCCC(F)(F)C1,0.0006084923793994278
CC(C)c1cc(C(=O)N2C[C@@H]3C[C@H]2CN3c2nncs2)on1,0.22948764904307692
CC(C)c1nnc(CNC(=O)NC2CC(CS(C)(=O)=O)C2)s1,0.0005045660886617091
CC(C)n1ncnc1CNC(=O)Nc1cccc(CC#N)n1,0.0010226427625238729
CC(CNC(=O)C1CCC1F)Nc1nccc(CO)n1,0.0006862166218987142
CC(CO)C(=O)N1CCC([C@@H](C)NC(=O)Cn2ccnn2)CC1,0.00021038938848159437
CC(COC(F)(F)F)NC(=O)NCC1CC(=O)N(C2CC2)C1,0.00035088717237434996
CC(Cn1ccnc1)C(=O)N(C)CC1CCN(C(=O)C(C)C2CC2)C1,0.0006713269180335066
CC(F)(F)CN1CCN(C(=O)Nc2cccc(C3CC3)n2)CC1,0.0008289790460702634
CC1(C(=O)NC2CCCN(CC3CCOC3)C2)Cc2ccccc2C1,0.0007592586760066705
CC1(C)C2CCC(C2)C1C(=O)N1CCN(C(=O)C2(F)CCC2)CC1,0.0006979399792448844
CC1(C)CC(O)CN1C(=O)NCC1CCCC(C)(C)O1,0.0004355466866522736
CC1(C)CCC(CNC(=O)C(n2cc(CC(C)(C)C)nn2)C(C)(C)C)O1,0.0004854281007359881
CC1(C)CCCN1S(=O)(=O)NC1(c2cccc(F)c2)CCC1,0.0006148966383718953
CC1(NC(=O)CO)CN(C(=O)c2cccc(NC(=O)C(C)(C)C)c2)C1,0.246698012688613
CC1(c2cccc(Cl)c2)CC1NC(=O)C1CNC2(CCC2)CO1,0.000529322614129756
CC1CC(C(=O)N(C)CCCN(C)C(=O)C2CC3(C2)CC3F)CO1,0.0003962517088863825
CC1CN(C(=O)c2cccc(C(F)F)c2)CCN1C(=O)c1ccc[nH]1,0.000528224527376096
CC1CN(C)CC(C(=O)NC2CCCN(C(=O)[C@@H]3CCC(=O)N3)C2)O1,0.08131749463897285
CC1COC(C(=O)NC2(C)CN(c3nc4ccc(F)cc4o3)C2)C1,0.0008750276055124122
CCC[C@H](NC(=O)Cc1ccc(-n2cnnn2)cc1)C(F)(F)F,0.0006122808330914518
CCC(C)(CC)C(=O)N1CC(NC(=O)c2cnnn2C2CC2)C1,0.32289476780499876
CCC(C)CC(=O)N1CCC[C@H]1CNC(=O)c1ccc(C)n1C,0.0005565348641053288
CCC(C)CCC(=O)NCC1CCCCN1C(=O)c1cnn(C)c1,0.0013395503305956024
CCC(CCOC)C(=O)N[C@H](C)CNC(=O)CCn1cnnn1,0.0003299849056469439
CCC(CNC(=O)c1ccc(C)[nH]1)NC(=O)c1ccncn1,0.0003374359753653545
CCC(NC(=O)c1cn(-c2ccccc2)nn1)C(=O)NC,0.00033011881696548063
CCC1OCCC1C(=O)N1CC(CO)(NC(=O)c2cnsn2)C1,0.0003046978136879361
CCCC(C)(O)CC(=O)N1C[C@H]2[C@H](CNc3cnc(C#N)cn3)[C@H]2C1,0.0011220744544362692
CCCC1(O)CN(C(=O)c2cc3cc(Br)ccc3o2)C1,0.41969518287936525
CCCCN(CCO)C(=O)c1cnnn1C1CCNCC1,0.00063021623635385
CCCN(CCO)C(=O)c1cccnc1Nc1ccccc1C#N,0.7219017338385089
CCCc1noc(CN2CCN(S(C)(=O)=O)CC2(C)C)n1,0.0002452405805555594
CCN(CC)CC(=O)NC1CC2(C1)CC2Nc1ncns1,0.0009630647633734899
CCNC(=O)CCNC(=O)c1c(C)cc(Br)cc1F,0.00038567566189400904
CCOC(=O)C1CCC(C(=O)NCc2nc(C(OC)C3CC3)n[nH]2)CC1,0.00046582057418229924
CCOC(=O)c1ncsc1NC(=O)C(C)CC1CCC1,0.24141567791314128
CCOC(C)C(=O)N[C@@H](C)CNC(=O)c1ccc(CC)s1,0.0004420954568801916
CCOCC(=O)NC[C@H]1CCN(C(=O)c2cnc3ncnn3c2O)C1,0.13871916539418472
CCON1CCC(NC(=O)c2cnn(C(C)(C)C(C)C)c2N)CC1,0.0009759191493170992
CCOc1cc(C(=O)N(CC)CCNC(=O)C2CCC2F)n[nH]1,0.00030572566235179994
CCc1[nH]c(C)nc1C(=O)N1C[C@H](C)[C@H](NC(=O)[C@H]2CNC(=O)N2)C1,0.00027214674124309215
CCc1cc(C(=O)N2CC(NC(=O)c3cccnc3)C(C)(C)C2)[nH]n1,0.1959468567747852
CCc1nc(C(=O)N(C)C(C)CCNC(=O)c2ccncn2)cs1,0.000489560250716558
CCc1nc2c(o1)CCCC2CC(=O)O[C@@H]1COC[C@H]1N(C)C,0.00036278323005715343
CCc1nccc(NC[C@@H]2COC(C)(C)N2C(=O)OC(C)(C)C)n1,0.0006290808119237877
CCc1ncncc1C(=O)NCC(C)NC(=O)c1ccsc1,0.00040453778508656364
CCc1nocc1C(=O)NC[C@@H]1CCCN1C(=O)c1cn(CC)cn1,0.0004561157045430625
CCc1oncc1C(=O)NC1CN(C(=O)c2cc(C)n(C)n2)C1,0.00034918696279166115
CCn1ncc(C(=O)NC(C)C2CCN(C(=O)C3CCCC3O)C2)n1,0.00033428092496751074
CN(C[C@@H]1CCCN1c1nnn(C)n1)C(=O)c1ccc(CO)nc1,0.00058422679073726
CN(CC1CCN(C(=O)c2ccc3[nH]ccc3c2)C1)C(=O)C1CCO1,0.0007786313398450253
CN(CC=CBr)c1cnc(-c2cnn(C)c2)cn1,0.0016175338061734576
CN1C(=O)CCCC1C(=O)N1CCC(CNC(=O)c2cnco2)CC1,0.21194102453031174
CN1CC(NC(=O)C2Cc3c[nH]cc3S2(=O)=O)CC12CCC2,0.0005620260998562583
COC[C@H](NC(=O)CNC(=O)C(C)(C)C)c1ccccn1,0.00029861055532493457
COC(=O)[C@@H](N#C@@H]1CCOC[C@H]1OC(C)C)c1ccc(OC)cc1,0.0
COC(=O)C1(CNC(=O)c2cnc3cccc(C)n23)CCOC1,0.0004977426943564332
COC(=O)C1(NCc2ccc(C(N)=O)cc2F)CCC(F)(F)CC1,0.000584339509438626
COC(C)c1nc(Cl)cc(N(C)C(CNC(=O)C2CC2)C2CC2)n1,0.0005684478829792348
COC1(CC(=O)N2CCN(CCN(C)C(=O)[C@@H]3CC3(F)F)CC2)CC1,0.12499209915998698
COCC1(C)CCN(C(=O)NCCN2CCC(C)(F)C2)C1,0.0005224187217794098
COCCC1(CNC(=O)N2CCOC(c3cc[nH]n3)C2)CCC1,0.0006066022341125757
COCCN(Cc1cnc(C)c(C)c1)c1cc(C)nc(COC)n1,0.0006059566068340361
COc1ccc(N(C)C(=O)c2ccc(C(=O)O)cn2)cc1,0.4815107156077967
COc1ccc2nc(N3CCC(C(=O)NCCO)CC3)sc2c1,0.4578415905415247
COc1cccc([C@H](NC(=O)[C@@](C)(C)OC)C(=O)O)c1,0.00039922923307229554
COc1cccc(C(=O)N[C@H]2C[C@H](CNc3cc(=O)[nH]c(=O)[nH]3)C2)c1,0.0007371298464547173
COc1cccc(CNCC23CC(CN2)C3)c1OC(F)F,0.0005618156278006716
COc1nc(C(F)(F)F)ccc1CN1CCOC(C(C)C)C1,0.0003733954954933394
COc1nc(Cl)c(CNC(=O)C2CCCc3cccnc32)n1C,0.0004815245214142074
COc1nccc(C(=O)N(C)CCNC(=O)COCC(F)F)n1,0.00029928483723360474
Cc1c(N)ncnc1N1CCN(C(=O)c2ccc(Cl)cc2)CC1,0.0009212777251550249
Cc1cc(C(=O)NC[C@@H]2CCCN2C(=O)c2cnccc2C#N)co1,0.565131802092893
Cc1cc(C(=O)NC2(C)CCN(CC3CCCOC3)CC2)nn1C,0.00048232917659989387
Cc1cc(C(=O)NC2CCN(C(=O)[C@H]3C[C@H](n4ccnn4)C3)C2)[nH]n1,0.20856109093607592
Cc1cc(CC(=O)NC2(C3CCCN3C(=O)CC#N)CC2)sn1,0.0005288247775472635
Cc1cc(OCC(=O)N2CCN(c3cccnc3)CC2)ccc1Cl,0.5133936901156299
Cc1cc2nc(C(=O)OCC3(F)CCOCC3)cn2c(C)n1,0.2241224398124094
Cc1ccc(C(=O)NC[C@@H]2C[C@@H]3CC[C@H](C2)N3C(=O)CCF)c(F)c1,0.0006999002782186084
Cc1ccc(C)c(C(=O)NC(C)C2(O)CN(c3cc(F)ncn3)C2)n1,0.0005431313454129025
Cc1ccc(CC(CO)NCC(O)CCO)cc1Br,0.0002735524746920902
Cc1cccc2c1OCC[C@@H]2NC(=O)N1CCC(CS(C)(=O)=O)C1,0.0005648047747317939
Cc1ccnc(C(=O)NC2CCN(C(=O)C3CCCCN3C)C2)c1,0.00035992732696965503
Cc1cocc1C(=O)N1CCC1CNC(=O)c1cn[nH]c1,0.13426813660848427
Cc1csc(C(=O)NC[C@@H]2CCCN2C(=O)C(C)n2ccnc2)c1,0.000955364433691277
Cc1nc(C(=O)N(C)CCCN(C)CCNC(=O)[C@H]2CCCO2)c[nH]1,0.0002796803016550545
Cc1nc(C(=O)NC(C)CNC(=O)c2nc(Br)c[nH]2)co1,0.000343290773844462
Cc1ncc(CN(C)CC(C)NC(=O)c2cc(C3CCC3)no2)o1,0.0004062862896098347
Cc1ncc(CN(C)c2nnc(Cl)cc2C(F)(F)F)c(N)n1,0.0006860024053327598
Cc1nn(CC(C)O)c(C)c1CN1[C@@H](C)CN(C(=O)OC(C)(C)C)C[C@H]1C,0.0005880272623662198
Cc1noc(C)c1CCNC(=O)N1CC[C@H]1CS(C)(=O)=O,0.00029659436208957877
Cn1cc([C@@H]2C[C@H]2CNC(=O)Cc2ccc(Cl)cc2Cl)cn1,0.0002950658998409782
Cn1cc(C(=O)NC[C@H]2C[C@H](n3ccnc3)C2)c(C(F)F)n1,0.1489280517913161
Cn1nnnc1C1(O)CN(C(=O)NCCC2CCNC2)C1,0.00015335140759183374
Cn1nnnc1N1C2CCC1CN(C(=O)C(C)(C)CF)C2,0.0005709220186949744
N#Cc1ccc(N(CCO)C(=O)NCCC2OCCCC2(F)F)cc1,0.0013192310600892948
NC(=O)C(OC(=O)c1cc2n(c1)CCSC2)C1CCOCC1,0.14214475526585585
NC(=O)NCC1COCCN1C(=O)C(F)C1CCCCC1,0.00028732209855675223
O=C([C@@H]1CCCO1)N1C[C@H]2[C@H](NC(=O)C(F)(F)c3ccccn3)[C@H]2C1,0.0005249790679653258
O=C(C1CCN(CC(F)(F)F)CC1)N1CCOC[C@H]1CO,0.0003149581786529145
O=C(CC1CCCO1)NC1(CF)CCN(C(=O)CN2CCC2)C1,0.0002720985481963842
O=C(CN1CCC2CSCC2C1)NCc1ccc2c(c1)OCO2,0.0008471299222660389
O=C(CSc1ccc(Cl)cc1)NC1COC2CC1C2,0.0005516229116619018
O=C(N[C@H](CO)C(=O)O)c1ccc2ncn(Br)c2c1,0.28762851272583795
O=C(N[C@H]1C[C@@H](NC(=O)[C@@H]2CCOC2)C1)c1ccc2c(c1)CCCN2,0.0008318892315273978
O=C(NC[C@@H]1CCCN1c1ccc2nccnc2n1)C1CSC1,0.0008693738890618004
O=C(NC1(CO)CN(c2cc(=O)[nH]c(=O)[nH]2)C1)c1ccc(Cl)o1,0.19728119022352
O=C(NCC(=O)N1CCC(C2CCCCN2C(=O)C2CC2)C1)C1CC1,0.3280486372745239
O=C(NCC(CO)Cc1cccnc1)C1CCN(c2nccs2)CC1,0.0009823566357386596
O=C(OCc1ccncn1)c1coc(OCC(F)(F)F)n1,0.0007405148796513258
O=C(c1cc(Cl)ccn1)N1Cc2ccnn2CC1C1CC1,0.00048367296269588654
O=S(=O)(Cc1cccc2nsnc12)N1CCN(CC2CC2)CC1,0.0007959530228801199
OC[C@@H]1C[C@@H](NC2CCC(c3nc(C(F)(F)F)no3)CC2)CN1,0.0004482562330423632
FC(F)(F)c1n[nH]cc1NCCN1CCN(c2ccccc2)CC1,0.0011200856890486613
c1cc(CSc2nnc(N3CCCSCC3)s2)ns1,0.8421737551225833
c1cc2c(CNC3CCC34CNC4)cccc2s1,0.0011307857574989622
C[C@H](CNC(=O)CNC(=O)Cc1ccccc1)NC(=O)C1COC(=O)C1,0.00014827487866230434
C[C@H](CNC(=O)c1ccccn1)NC(=O)C(F)(F)c1cccnc1,0.0005738395049706539
CC[C@H](C)[C@@H](O)C(=O)OCc1ccc(C)c(C(=O)OC)c1,0.00047275615343119685
CC(=O)N1CCC(C2CCCCN2C(=O)c2ccc(C3CC3)nc2O)C1,0.00037249806209747123
CC(=O)N1CCOC2CN(C(=O)N(C)c3ccccc3OC(C)C)CC21,0.000966716068062594
CC(=O)NCc1ccc(C(=O)NC2CCC3(CCC3)C2)s1,0.0005604868504888788
CC(C)[C@H]1CC[C@@H](C(=O)N(C)CC(=O)OC(C)(C)C)CC1,0.22511889505714253
CC(C)(C)C1CN(C(=O)NCC(=O)NC2CCCCC2)C1,0.0005416721747088938
CC(C)C[C@@H](CS(C)(=O)=O)NC(=O)Cn1cc(-c2cn[nH]c2)nn1,0.0008079211382331625
CC(C)C(F)C(=O)N[C@H]1CCN(C(=O)C2CCCC2C)C1,0.0004122621513478495
CC(C)C1(C(=O)N(C)C2CCCN(C(=O)Cc3cccnc3)C2)CC1,0.0005394157841473593
CC(C)C1(C(=O)NCC2(NC(=O)C34CCC(CO3)C4)CC2)CC1,0.00042033325327561717
CC(C)NC(=O)OC1CN(C(=O)NCC2CS(=O)(=O)C2)C1,0.0002308587673971816
CC(C)Sc1ccc(CC(=O)NC2C[C@@H]3OCCC[C@H]23)cc1,0.0007075784660063971
CC(C)c1cccc(CNC(=O)c2ccc(N(C)C)c(F)c2)n1,0.000702440607796031
CC(CC(F)(F)F)C(=O)N[C@H]1C[C@@H](CNC(=O)CC2CCC2)C1,0.0003011249276548997
CC(CNC(=O)c1cocn1)CNC(=O)C1(C2CCCO2)CCCO1,0.00037032446469901804
CC(CO)C(=O)N(C)C[C@@H]1CCCN1C(=O)CN1CCCCC1,0.0003393465065468079
CC(Cn1cc(C(C)(C)C)nn1)NC(=O)CCC1CCCN1C,0.000446458044506408
CC(N)CCC(=O)N1CCCC(Nc2ccncc2)C1,0.0007383720181947555
CC1(NC(=O)C2CC2)CN(C(=O)c2cc(=O)c3ccccc3o2)C1,0.000770748408005017
CC1(O)CN(C(=O)C2(CNC(=O)OC(C)(C)C)CC2)C1,0.0004150915232210573
CC1CCC(C(=O)NC2CCN(Cc3ccc(F)cc3)C2=O)C1,0.0004012071191961482
CC1CCC(C)N1CC(=O)NC[C@@H](N)c1ccccc1,0.0004497567144275818
CC1CCN(C(=O)c2ccc(F)cc2)CC1NC(=O)[C@@H]1CNC(=O)N1,0.0002971502442921873
CC1CCN(C(=O)c2cnn3c2NCCC3C(C)(C)C)CCO1,0.0016363173089648073
CC1CCNC(C)C1NCc1ccccc1OC1CC1,0.0005125242781343997
CC1CN2CCCCC2CN1Cc1cc(C(N)=O)cs1,0.0005419903984657548
CCC(=O)NC(C)(C)C1CCN(C(=O)C2CCC23CCOCC3)CC1,0.0003603956165791507
CCC(=O)NCC(=O)N1CCCCC1CNC(=O)C(C)C1CCC1,0.2207698773835303
CCC(C(=O)NCC(C)Nc1ncnc2sc(C)nc12)N(C)C,0.0006836666598487459
CCC(C)(CC)C(=O)N(C)CCNC(=O)c1cc(C(C)(C)C)no1,0.0008979312199282292
CCC1(C(=O)N[C@H]2C[C@@H](NC(=O)c3ccnc(OC(C)C)c3)C2)CC1,0.0003700332727748184
CCCC(=O)NCC1CC(NC(=O)c2ccc(Cn3cccn3)o2)C1,0.00034286799413166686
CCCN(CCNC(=O)Cc1cnn2c1CCCC2)CC(C)O,0.00024596452966515905
CCN(C1CC1)S(=O)(=O)NC1CCCn2nc(C)nc21,0.00036202812551521093
CCN(CC)CC(=O)N1CCN(C(=O)Cc2scnc2C)CC1,0.00038782968193504556
CCN(CCNC(=O)c1cnn(C(C)(C)C)c1C)Cc1nnc(C)o1,0.000288824621287386
CCNC(=O)C1(NC(=O)C2Cc3cccc(C)c3O2)CC1,0.00033806967552356404
CCOC(=O)[C@]12CNC[C@H]1CN(C(=O)Cc1cn3ccccc3n1)C2,0.0004948256602250531
CCOC(=O)C1CN(C(=O)CCn2ccnc2C)CCC1N,0.0003200291781934917
CCOC1(C(=O)N[C@@H]2CN(C(=O)C3(COC)CCC3)C[C@@H]2C)CCC1,0.0005547764296790032
CCOc1ccc(COC(=O)c2cc(N(C)C)ccn2)cc1,0.000812218177508575
CCS(=O)(=O)c1ccc(CN2CCC(F)(F)C3(CCOC3)C2)cc1,0.0005094068927587849
CCc1noc(C)c1CN1CCCC1CNC(=O)c1cnccc1C,0.00038716502539375906
CCn1c(C2=NOC(CO)C2)nnc1N1CC(C)CC(C(N)=O)C1,0.00032732813639496183
CCn1ncc(CNC(=O)NCC2CCC(C3CC3)O2)c1C,0.000512320672928338
CN(C(=O)c1ccn(CC(=O)C(C)(C)C)n1)C1CC(C)(C)CC(C)(C)C1,0.2743491805906125
CN(C)C(C)(C)C(=O)NC1CCN(C(=O)Cn2nccc2N)C1,0.0002569445258962589
CN(C)c1nccc(NC(=O)NC2CCC3(CC2)CNC(=O)C3)n1,0.0007386887449317175
CN(CCN(C)C(=O)OC(C)(C)C)C(=O)[C@@H]1NC[C@@H]2C[C@@H]21,0.00029433674646473044
CN1C(=O)COc2ccc(C(=O)N3CC(C)(C)C3(C)C)cc21,0.0012011727140407334
CN1CC(O)CN=C1NC1CCN(Cc2ccc(-c3nn[nH]n3)cc2)C1,0.0007288524041762941
CN1CCC(CC(=O)NCC2CCN2C(=O)c2cnn(C)c2N)C1=O,0.0004392560555058816
CN1CCCC(O)(CN2C[C@]3(C(=O)O)C[C@]3(C(F)(F)F)C2)C1=O,0.00022539710525632572
CNC[C@@H]1C[C@H](F)CN1C(=O)c1csc(C)c1Cl,0.0005208443898401559
CNCC1CCCN1C(=O)CCn1ccccc1=O,0.00024641717223169236
CO[C@@H]1COC[C@H]1NC(=O)c1ccc2n(C)cnc2c1,0.0005856504340917467
CO[C@H]1C[C@@H](NC(=O)c2cccc(-n3cc(CN)nn3)c2)C1,0.0005276805497567489
COC(=O)[C@H]1C[C@@H](NC(=O)c2ccnc(-n3cc(C(C)O)nn3)c2)C1,0.00037976308249629563
COC(=O)C(C)Oc1ccccc1CNCC1(C2(O)CCC2)CC1,0.000731025460512801
COC(=O)C1(c2cccc(F)c2)CCN(CC(O)CC#N)C1,0.0006745175775434211
COC(=O)C12CC1CN(C(=O)CC1CCNCCC1(C)C)C2,0.00038064296921688285
COC(=O)C1CCCN(C(=O)NC[C@]2(F)C[C@H](CO)C2)C1,0.00032553153132331927
COC(=O)c1ccc(NC(=O)C2CCCN(C(=O)C(C)(C)C)C2)nc1,0.0007370251276776942
COC(C(=O)N1CCC[C@]2(C(=O)O)COC[C@@H]12)c1cccc(Cl)c1,0.0005073349773689439
COC(C)(C)C(=O)NCC1(NC(=O)c2cccc(F)c2F)CC1,0.21193582085637047
COC(C)CC(=O)N1CC([C@H](C)NC(=O)c2cccc3oc(=O)[nH]c23)C1,0.00037150950761933996
COC(C)CCC(=O)N1CCC(Nc2nnn(C)n2)C1,0.0007894294669195126
COC1(CF)CN(C(=O)c2ccc3c(F)cccc3n2)C1,0.2372316717385719
COCC(=O)NCC1CN(C(=O)C2CCCC3C2C3(F)F)CC1C,0.31276035875959585
COCC1(C(=O)N[C@H](C)CNC(=O)c2cnccc2C#N)CCOC1,0.0008462866711255331
COCCC(=O)N1C2CCC1CN(Cc1csnc1OC)CC2,0.00038189975768583887
COCCC1(C(=O)N[C@@H](C)C2CN(c3cc4nncn4cn3)C2)CC1,0.00043455794780734766
COCc1nocc1CNC(=O)c1ccnn1C1CCOCC1,0.00031161839673023796
COc1c(Cl)cccc1C(=O)N1CCC(C)(C)C1C(=O)O,0.0005384850088333828
COc1cc(OC)nc(CNC(=O)N2CCC(SC)C2)n1,0.00046321067369796014
COc1ccc(C(=O)NCC(O)COC(C)(C)C)c(OC(F)F)c1,0.0006185588564549823
COc1ccc(OC)c2c1CCC2NC(=O)C1CNCC1(C)C,0.0004716521954447943
COc1ccc2c(c1)CN(C(=O)CN1C[C@H]3[C@@H](O)CC[C@H]3C1)C2,0.00031764301804403387
COc1cccc(C(=O)N2CCC(C)N(C(=O)CC3CC3C)CC2)n1,0.0002430339521333728
COc1cncc(C(=O)NCC(C)NC(=O)COc2ccccc2)n1,0.000324006904595052
COc1nccc(C)c1CNC(=O)C(F)(F)C1(OC)CCOCC1,0.0005083592194967764
COc1nsc(OC)c1CNC(=O)N1CC(N2CC(F)C2)C1,0.00038870663876342296
Cc1c[nH]nc1C(=O)NC[C@H]1CC[C@H](NC(=O)c2ccc(F)s2)CC1,0.20900608204986723
Cc1cc(C(=O)N[C@@H]2CCN(C(=O)CC3CCCCN3C)C2)co1,0.0005034405448161302
Cc1cc(NC(=O)c2ccc(C(F)F)cn2)nn1CCC#N,0.41086623896711644
Cc1ccc(C(=O)N2CC(O)(CNC(=O)[C@H](C)n3cnnn3)C2)s1,0.14707445509644637
Cc1ccc(C)c(C(O)CNC(=O)C2CC3(CC(=O)C3)C2)c1,0.15410866701308526
Cc1ccc(CC(=O)NC2COC3(C2)CN(C(=O)C2CC2)C3)c(C)c1,0.0007572533838773374
Cc1cnc(N(C)CC2CCCN2C(=O)C2CCC2)nc1O,0.0008232158729101157
Cc1nc(C(=O)N(C)CCNC(=O)CC(C)c2c(C)noc2C)n[nH]1,0.0002997679411784002
Cc1nc(C(=O)NC2CCN(Cc3nnc(C4CC4)o3)CC2)c(C)s1,0.0002319560895091601
Cc1nc(NC2CCN(C)C3(CC3)C2)ccc1C(=O)O,0.00041514050506656554
Cc1nc(O)ccc1C(=O)NC(C)CCNC(=O)CCc1ccoc1,0.0004311842124601542
Cc1nn(C)cc1C(=O)N1CCCCC1c1cn([C@@H](C)CO)nn1,0.0004498987039003978
Cc1nnc(C(C)N2CCC(CNC(=O)c3cncc(C)c3)C2)o1,0.00026546474411131307
Cc1nnc(NC2CN(C(=O)c3c(C)cccc3C)CC2C)nc1C,0.0010027277292246563
Cc1nocc1C(=O)NC1CCN(C(=O)c2cncs2)CC1,0.0005224701651956248
Cc1nonc1CC(=O)NC[C@H]1CCCN1C(=O)C(C)CO,0.00035657063140348316
Cc1occc1C(=O)N(C)CC(C)NC(=O)[C@@H]1CSCC(=O)N1,0.0003044220259460874
Cn1c(Cl)cnc1CN1CCC(C(=O)NCc2ccco2)CC1,0.0006303364937330526
Cn1cnc(C#N)c1NC(=O)N1CCc2cc(Cl)ccc2C1,0.0017170830902648961
Cn1cnc(COC(=O)c2cc(F)cc(OC(F)F)c2)cc1=O,0.0005612196206663113
Cn1cnc2ccc(C(=O)N3CCCCCS3(=O)=O)cc2c1=O,0.2989723364096491
Cn1ncnc1COCC(=O)NC[C@@H](O)c1ccc(Cl)cc1,0.00033888856317106845
Cn1nnc2c1CC(C(=O)NCc1n[nH]c(C(C)(C)C)n1)CC2,0.00037290538049325483
Cn1nncc1S(=O)(=O)NC(=O)c1cnn2c1CC(F)(F)C2,0.0002099185785873252
N#CC1(C(=O)N2C3CCCC2CN(C(=O)[C@@H]2CC2(F)F)C3)CCC1,0.001387090988203903
N#Cc1ccc(C2(C(=O)NCCc3ccns3)CC2)cc1,0.7803666440250583
N#Cc1ccc(C2(NC(=O)Cn3cn[nH]c3=O)CCCCC2)cc1,0.0007009424999007372
N#Cc1ccc(NC(=O)N2CCCC2C2CC2)cc1C#N,0.0017992391333627987
NC(=O)c1c(NC[C@H]2CCCCN2C(=O)c2cnoc2)ncnc1CO,0.2722061646173105
O=C(Cc1ccco1)NC1CN(C(=O)c2ccc(CO)o2)CC2(CC2)C1,0.0006854388115856538
O=C(NC[C@@H]1COC[C@H]1N1CCOCC1)N[C@H]1c2ccccc2C[C@H]1O,0.00038427227811741404
O=C(NC1CC2(CCCNC2)C1)c1ccsc1Br,0.0005744155459024018
O=C(NCC1(Nc2ccnc(Cl)n2)CC1)C(F)C(F)(F)F,0.0008631983932985084
O=C(NCc1ncc2c(n1)COCC2)N1CCC2CCC21C(F)F,0.0007198148538168981
O=C(O)[C@]12C[C@H]1CCCN2Cc1ccn(Cc2ccccc2)n1,0.0004549472229789758
O=C(OCC(=O)N1CCc2ccccc2C1)C1CC(C2CC2)=NO1,0.18909403237744096
O=C(c1cncc(C2CC2)c1)N1CC(O)CC2CCCCC21,0.0008857484242188606
O=C1CC[C@@H](CCNC(=O)c2ccccc2OCC2CC2)N1,0.2569070591274742
O=C1CC2(CCNCC2)C(CNC(=O)[C@@H](O)Cc2c[nH]cn2)O1,0.00024792585193727796
O=C1CCC(COC(=O)[C@@H]2C[C@H]2c2nc(C3CC3)no2)CN1,0.00018493787556909144
O=S(=O)(CCCC(F)(F)F)N1CC(O)(c2ccsc2)C1,0.0003496559513921302
O=S(=O)(Cc1c(Cl)cccc1Cl)N1CC[C@@]2(O)CCC[C@H]12,0.0005412138299374982
FC(F)(Cn1nnnc1N1CCSC2CCCCC21)n1cccn1,0.0005436468992434453
c1cc2c(cc1OCC1COC3CC1C3)NCCC2OCCO1,0.0
C[C@@H](CO)NS(=O)(=O)c1ccc(COC(=O)c2ccns2)o1,0.0003519194235045404
C[C@@H]1C[C@H]1C(=O)NC[C@H]1C[C@@H]2CC[C@H](C1)N2C(=O)C1(F)CCOCC1,0.0007409229589874833
C[C@@H]1C[C@H]1C(=O)NCC1N(Cc2cnns2)CCCC1(C)C,0.0005552247272422809
C[C@@H]1CN(c2ncns2)C[C@@H]1NC(=O)Cc1cccc(Cl)c1,0.001122206158614143
C[C@H](NC(=O)c1ccncc1Cl)C1CN(C(=O)c2ccccc2)C1,0.2670720688353518
CC[C@@H]1CN(C(=O)C2(O)CC2)C[C@@H]1NC(=O)C1CCC(C2CC2)CC1,0.0011693382899416178
CC[C@@H]1CN(C(=O)c2ccnnc2)C[C@@H]1NC(=O)C(C)N1CCC1,0.2338065103112731
CC(=O)N(C)CC(=O)N1CCC[C@]1(C)CNC(=O)c1nc(O)n(C)n1,0.00033569721893347083
CC(=O)N1CCC[C@@H](NC(=O)NCc2ccccc2CN2CCCC2)C1,0.0005655829389094602
CC(=O)NC1(CNC(=O)CC2CCCNC(=O)C2)CCC1,0.0003222159127693068
CC(=O)OC1(C(=O)N2CCC(NC(=O)Cc3cnsc3)C2)CC1,0.00027194481532335623
CC(C(=O)NCC1(NC(=O)Cc2ccc(=O)[nH]c2)CC1)C1CC1,0.11942343092313476
CC(C)C(=O)N1CCCCC1Cc1cn(-c2cncc(F)c2)nn1,0.0013051947644097564
CC(C)C1CC(NC(=O)CN(C(=O)OC(C)(C)C)C2CC2)CCO1,0.0005906319022328811
CC(C)CC(=O)N1CC(O)(C(C)NC(=O)C2CCCO2)C1,0.00045831233586111057
CC(C)CCn1ccc(NC(=O)NCc2ncnn2C)n1,0.0005502049015812527
CC(C)N1CCN(Cc2nc(C(C)(F)F)no2)CC1(C)C,0.0006184893360288215
CC(C)n1cc(C(=O)N(C)C[C@@H]2CCCN2C(=O)[C@@H](C)N(C)C)cn1,0.0006630024839185826
CC(CC(=O)NC[C@H]1C[C@H](Nc2ncc(O)cn2)C1)CC(C)(C)C,0.0006800428362900864
CC(CC(C)NC(=O)c1cn(C)nn1)NC(=O)[C@@H]1C[C@@H]2C[C@@H]2C1,0.00029062652081111997
CC(CCNC(=O)c1ccn2nccc2c1)N(C)C(=O)[C@H]1CCCO1,0.0003100121541681081
CC(CN(C)C(=O)C(C)(C)c1c[nH]cn1)Nc1nc(C#N)ncc1Cl,0.0008828583643479309
CC(CF)C(=O)N[C@H]1C[C@@H](CNC(=O)[C@H]2C[C@H](n3cnnc3)C2)C1,0.0003173016379737179
CC(CF)C(=O)NC1CN(C(=O)CC(C)n2cccn2)C1,0.00024951086012643095
CC(N[C@H]1CC[C@H](C#N)CC1)C(=O)N1CCSc2ccccc21,0.0018520861022987933
CC1(C(=O)NCC2(O)CCN(C(=O)C[C@H]3COC(=O)N3)CC2)CC1,0.13160127332760077
CC1(C)CC2(CC(NC(=O)CN3CCSCC3)C2)C1,0.0003270366153932553
CC1(C)CCN(CC(=O)OCC(C#N)Cc2ccco2)C1,0.001631298974615896
CC1(NC2CCCCC2)CCC2(CC1)SCC(=O)N2,0.0009009952510823134
CC1(c2ccccc2)CN(C(=O)C2CCc3c(nnn3C)C2)CCO1,0.0004327270528127742
CC1=NOC(C)(C(=O)N2CCCC(NC(=O)c3cncnc3)C2C)C1,0.0003687495289379978
CC1C(C(F)(F)F)CCN1CC(=O)Nc1nnc(C2CC2)s1,0.0007966368220910182
CC1CC(CS(=O)(=O)N2CCN(C3CCCNC3=O)CC2)C1,0.13418578058035802
CC1CC1C(=O)NCC1CCN(C(=O)CC2CN(C)C2)C12CC2,0.0003145270740249343
CC1CCC(NC(=O)CCc2ncc[nH]2)CN1C(=O)Cc1nnco1,0.00020308313897667214
CC1CCN(C(=O)Cn2cccc2)C1CNC(=O)C1(F)CC2(CCC2)C1,0.0013963425389904142
CC1Cc2ccccc2CN1C(=O)Nc1cnn(CC2CC2)c1,0.001544254491569
CCC(CO)C(=O)NC1CCN(C(=O)CN(CC)CC)CC1(C)C,0.000567715432415493
CCC(NC1CC2(C1)CC2NC(=O)OC(C)(C)C)c1noc(C)n1,0.000545720285352553
CCC1(CC)CN(c2nnc(CN3CCCC3=O)n2CC(C)C)CCO1,0.0007044731024078036
CCC1C(=O)N(CC)CCN1c1cc(Cl)nc(C2(C)CC2)n1,0.0003336171675672195
CCC1CC1C(=O)N1CCCC1(C)CNC(=O)C(O)c1cccnc1,0.0005297874662903787
CCN(C)CC(=O)N1CCC(C)(NC(=O)c2ncccc2CO)C1,0.00023997984179431264
CCN(C)CC(=O)NCC1CC2(CC2)CN1C(=O)C1CC(C)(CC)C1,0.19075228507906283
CCN(CC(=O)NC1CC(CNC(=O)C2CC2(F)F)C1)C1CC1,0.2942087925941807
CCN(CCNC(=O)C1CC1C)C(=O)c1cnn(C)c1C1CC1,0.0005091154746549198
CCN1CCC1C(=O)N1CCC(C)C(NC(=O)c2ccnn2C)C1C,0.0004289028591333785
CCO[C@@H]1CCN(Cc2ccc(OC)cc2OC(F)F)C1,0.000622653971429992
CCOC(=O)c1c[nH]c(=O)c(C(C)N2CCOc3ccncc3C2)c1,0.0002764130833414534
CCOC(=O)c1cccc(S(=O)(=O)N[C@H]2CC[C@H](CF)CC2)c1,0.0006028531109502764
CCOC(=O)c1cn(CCNC(=O)NC2CCNCC2(C)C)cn1,0.00035800600786807464
CCOc1ccc(CNCc2ccc(S(N)(=O)=O)cc2)cc1OC,0.0004612373684790862
CCc1nc(C)c(CN2CC3C(CNC(=O)c4ccoc4)C3C2)o1,0.0009005913501150209
CCc1occ(C)c1C(=O)N1CC[C@@H](NC(=O)CCc2ccco2)C1,0.0004981205530581683
CCn1cc(C(=O)N2CCCC2CNC(=O)CC2(O)CC2)c(C)n1,0.0003825201478264612
CN(C)[C@H]1CC[C@@H](C(=O)N[C@@H]2CCN(C(=O)CS(C)(=O)=O)C2)CC1,0.07886146036479987
CN(C)C(=O)Cc1cccc2c1CCN(C(=O)[C@H]1C[C@H](O)CN1)C2,0.00019248208871277755
CN(CCCN(C)C(=O)c1cc(F)n(C)n1)C(=O)CCC1CC1(F)F,0.00048428111597755566
CN1C[C@@H](COC(=O)CCN(C)S(=O)(=O)c2ccccc2)OC1=O,0.0002024439739326522
CN1CCCC1CCC(=O)NC[C@H]1C[C@H](NC(=O)CCCC2CC2)C1,0.2181573361637385
CN1CCCCC(CNC(=O)NCCC(C)(C)C2CC2)C1,0.000586278370524464
CNc1ncccc1C(=O)N[C@@H](CF)c1ccccc1OC,0.0009405049413474597
CO[C@@H]1CC[C@H]1NC(=O)Nc1c[nH]nc1-c1cnn(C(C)(C)C)c1,0.001187929326291196
CO[C@@H]1COC[C@H]1NC(=O)N1CCN(C(=O)OC(C)(C)C)C(C)C1,0.0003952476862859355
COC(=O)[C@H](C)NC(=O)c1cnnn1-c1cc(F)cc(F)c1,0.0004113536884607101
COC(=O)C(F)CNC(=O)NC1CN(C(=O)OC(C)(C)C)C1,0.0003145697013350063
COC(=O)C1(NC(=O)c2c(C)nc3cnccn23)CCSC1,0.00048134919337639633
COC(=O)CC(C)CC(=O)NC[C@@H](C)NC(=O)C1(C)CCC(C)C1,0.0004632267495057014
COC(=O)CC1(CCNC(=O)NCC(=O)NC(C)C)CC1(F)F,0.0003537234560549401
COC(=O)c1cc(NCC(C)(C)N2CCCC(C)C2)nc(OC)n1,0.0010545140352059452
COC(=O)c1ccc(-c2noc(C3CCCC3OC)n2)s1,0.0007408830225202478
COC(=O)c1ccnc(NC2CCC3(CC2)CC3)c1C,0.7089484236286187
COC(=O)c1cnc(NC(C)(C)CNC(=O)CN(C)C)cc1C,0.0006246636274010617
COC(=O)c1cncc(N2CCOC(C3CCOC3)C2)n1,0.0008300051581230953
COC(C(=O)N1CCCN(Cc2ncc(C)s2)CC1)C1CCC1,0.0006254608386625438
COC(C)C(=O)N(C)CC(C)NC(=O)c1cc(Cl)no1,0.00041099092756200693
COC(C)CC(=O)N1CCN(C(=O)c2cccc3ccncc23)[C@H](C)C1,0.0005302310525332693
COC1(C(=O)NC2CCCN(C(=O)C3CCC(F)CC3)C2C)CC1,0.000865541135812193
COC1CCN(CCNC(=O)c2cccc(OCC(F)(F)F)n2)C1,0.00040230459728151405
COCC(NC(=O)c1ccnn1C1CC1(F)F)C1CCCOC1,0.23599677281101022
COCC1(CO)CCN(C(=O)c2cccc3c2OCC(=O)N3)C1,0.3461860965855496
COCCN(C(=O)C(C)C1CCOC1)C1CCN(C(=O)CO)CC1,0.00022743678351237845
COc1ccccc1CC1CCCN1C(=O)c1cnccc1C#N,0.0017177363773677565
CS(=O)(=O)C1(c2nnc(-c3cc(C4CCCC4)n[nH]3)o2)CC1,0.001531543526224977
CSc1ccc(S(=O)(=O)N2CCSC(C)C2)cc1Cl,0.20929336899220397
Cc1c[nH]c(=O)c(CNC(=O)Nc2ccc3c(c2)N(C)CCO3)c1,0.5974094435458157
Cc1c[nH]nc1C(=O)NCC(Nc1ccc2c(n1)CCC2=O)C1CC1,0.40793350361008096
Cc1cc(C(=O)N(C)CC2CCN(C(=O)C(C)(C)N(C)C)C2)ncn1,0.15967843562799297
Cc1cc(CCC(=O)NCC2CN(C(=O)COC(F)F)C2)nn1C,0.0002838912968672219
Cc1cc(Br)ccc1NC(=O)C1(CN)CCCO1,0.0010900523556161897
Cc1cccnc1C(=O)N[C@H]1C[C@@H](NC(=O)c2nonc2N)C1,0.0003100985040942296
Cc1cccnc1CC(=O)NCC(C)NC(=O)c1cc(Cl)no1,0.0003299467244873048
Cc1ccncc1C(=O)N1CC[C@@H](NC(=O)CCN2CCOC2=O)C1,0.00032353304617630007
Cc1ccsc1C(=O)N(C)C[C@@H]1CCCN1C(=O)C1CCOCC1,0.000609075899589117
Cc1cnc(N2CCN(C(=O)C(C)(C)c3ccc(O)cc3)CC2)s1,0.0012568382266782319
Cc1ncc2n1CCC(C(=O)N1CCC(c3ncco3)CC1)C2,0.0011569659811505378
Cc1ncoc1C(=O)N1CCN(C(=O)CCCC2CCC2)[C@H](C)C1,0.4674428948319056
Cc1nnn(CCNC2CCc3ccc(OC(F)F)cc32)n1,0.0005530030000920765
Cc1nsc(NC2CN(C(=O)c3cccc(C4CC4)c3)C2)n1,0.22589263365284157
Cn1cnc(C(=O)NC2(CNC(=O)CN3CCC4CCCCC4C3)CC2)c1,0.0008587354738017333
Cn1cnc(S(=O)(=O)N2CCCC3(CCOC3)C2)c1Cl,0.0005107798981662649
Cn1nccc1CC(=O)NCC1(NC(=O)c2ccccc2)CCCC1,0.0004019569450978542
N#CCc1cccc(C(=O)N2CC(NC(=O)C3CCC3F)CC2C2CC2)c1,0.000510097573209595
N#Cc1ccnnc1N1CCCN(C(=O)CSC2CC2)CC1,0.0011472325691869484
N#Cc1cnc(NC2CN(C(=O)Cc3ccc(Cl)cc3)C2)cn1,0.0013202045801590353
O=C(CC(F)(F)F)NC1CCN(CCCc2cncc(Cl)c2)C1,0.00037848759566143245
O=C(CC1CC2CC2C1)OCC(=O)C1COc2ccccc2O1,0.16158486512443718
O=C(CCn1cnnn1)NC1CCN(C(=O)CC(C2CC2)C2CC2)C1,0.00046165870758149523
O=C(CN1Cc2cc(F)ccc2C1)Nc1ccc(N2CCCC2=O)cc1,0.38253468201646157
O=C(Cc1ccccc1-n1cccn1)N1C[C@H]2CSC[C@H]2C1,0.0006875700940223595
O=C(Cc1cnoc1)N[C@@H]1CCCN(C(=O)CCc2ccccc2)C1,0.00039330771549229754
O=C(Cc1nnco1)NC1CN(C(=O)c2coc(C(F)F)n2)C1,0.00032270383788101856
O=C(N[C@@H]1C2CCN[C@H]21)C1(c2ccc(Cl)cc2)CCOCC1,0.0006314596821601023
O=C(N[C@@H]1CCN(C(=O)c2ccc[nH]2)C1)c1cn[nH]c(=O)c1,0.12288585054714643
O=C(NC1(CNC(=O)C2(F)CCC2)CC1)C1CC2(CC(O)C2)C1,0.0002741601276511944
O=C(NC1(c2ccccc2F)CCC1)N1CCC(CO)(CO)CC1,0.000559218502165762
O=C(NC1CC1)c1ccccc1NC(=O)C(F)(F)c1cnccn1,0.0005261221928983366
O=C(NC1CC2(CC(C(=O)O)C2)C1)c1sccc1Br,0.0007358269700560171
O=C(NCC[C@H]1CCCN1)NC1CCCC2(CC1)OCCO2,0.0006556870900777097
O=C(NCC1CCC2(C1)OCCO2)[C@H]1NCC[C@@H]1C(F)(F)F,0.0003031504390213912
O=C(NCCc1c(F)cc(O)cc1F)NCc1nc2c(s1)CCC2,0.0006164294966035529
O=C(O)[C@H](CC1CCCCC1)NCc1cnnn1C1CC1,0.0006439843025996606
O=C(O)C1CCOC1C(=O)NC1CCCN(CC(F)(F)F)C1=O,0.00024202323901034058
O=C(OCC1COC1)c1cnn2c(Br)ccnc12,0.0005962816837738915
O=C(c1cc2ccc(Br)cc2[nH]c1=O)N1OCCC1CO,0.1910620830900499
O=C(c1ccc(-n2cccn2)c(F)c1)N1CCN2CCOCC2C1,0.0005586643688944647
O=C1CC(C(=O)N2CCC(CC(F)(F)F)C2)CCN1,0.0003609635306628459
OCC1(NCc2cn([C@@H]3CCOC3)nn2)CCc2ccccc2C1,0.0004897862980440577
C[C@@H](C(=O)NCC1(NC(=O)c2cnn(C)c2)CCC1)n1cnnn1,0.0001719200845318797
C[C@@H](CNC(=O)c1cccn(C)c1=O)NC(=O)c1ccc[nH]1,0.00027848760928054307
C[C@@H](NC(=O)C1(N(C)C)CC1)C1CN(c2ncc3c(n2)CCCC3)C1,0.0012528900742882544
C[C@@H](NC(=O)c1cc(O)ccn1)C1CN(C(=O)CC2(O)CCOC2)C1,0.09732451104758626
C[C@@H]1CN(C(=O)C2CCCC(F)C2)C[C@@H]1NC(=O)Cc1cn(C)nn1,0.0004006238497427101
C[C@@H]1CN(C(=O)Cc2ccccc2)CCN1C(=O)c1ccncn1,0.00033637265595108163
C[C@H](CNC(=O)C1(CF)CC1)NC(=O)C1CCN1C(C)(C)C,0.0004150837406624735
C[C@H](CNC(=O)c1c[nH]cc1C1CC1)NC(=O)Cn1ccnn1,0.00022985959380340533
C[C@H](CNC(=O)c1cnn2c1CCCC2)NC(=O)C1CCCCN1C,0.0006019916984851307
C[C@H](NC(=O)NC1CCCN(C)C1=O)c1ccc(F)cc1F,0.0004196909132460215
CC(=O)CC(C)NC(=O)c1sc2ncc(C)c(=O)n2c1C,0.17690621036487802
CC(=O)NC1(C2CCN(c3nc(Cl)ncc3C3CC3)C2)CC1,0.00107564185876407
CC(C(=O)NC1(C)CN(C(=O)CC2CCN(C)C2=O)C1)c1ccco1,0.0003808048099566619
CC(C)(C)c1cncc(C(=O)N[C@H]2C[C@H](NC(=O)[C@H]3CC3(C)C)C2)c1,0.1405612600083337
CC(C)NC(=O)N1CCC(C(=O)OCc2ccccc2CO)CC1,0.0005896742622422872
CC(C)NC(=O)c1ccc(N2CCN(CC(F)F)CC2)nn1,0.1869660107979881
CC(C)n1cnnc1SCc1cccc(OCC(=O)O)c1,0.0005957913405378606
CC(CC(=O)N1CCC(NC(=O)C2CCCOCC2)C(F)C1)C1CC1,0.00037567403905275164
CC(CCS(C)(=O)=O)NC(=O)NC(C)(C)C1CCCO1,0.00038524200187625295
CC(CCS(C)=O)NC(=O)NC(C)c1cccc2cc[nH]c12,0.0006293117203026915
CC(Cc1ccc(C(F)(F)F)cc1)C(=O)N1CCC(O)CC12CC2,0.0005880652179290134
CC(N[C@@H]1CC(Cn2ccnc2)C[C@H]1O)c1ccc(C#N)cc1F,0.0011996264098051656
CC(O)C(=O)NC1(CO)CN(C(=O)c2cc(-c3ccccc3)n[nH]2)C1,0.0003201147363220234
CC(OC(=O)CC1COC(C)(C)CO1)C(=O)NC(=O)NC1CC1,0.0003162395994017606
CC1(C(=O)NCC2CCN(C(=O)C3CCCOC3)CC2)CC1F,0.0002820847045809498
CC1(C)C(NC(=O)C2CC23CC3)CCN1C(=O)c1ccncc1O,0.00030916022408258506
CC1(C)COC(CN2CCOC3(CCCC3)C2)CO1,0.0004506501127679897
CC1=C(C(=O)N[C@H]2C[C@@H](CNC(=O)CC3(O)CCCCC3)C2)CCO1,0.0005868451675140915
CC1=C(C(=O)NCC(O)CNC(=O)c2ccnc(C)c2)CCC1,0.1401896987674341
CC1=NOC(C(=O)N2CC([C@H](C)NC(=O)Cn3cnnn3)C2)C1,0.00018460525920614243
CC1=NOC(C(=O)Nc2ncn(Cc3ccc(Cl)cc3)n2)C1,0.00119293331541624
CC1CC(NC(=O)c2ccon2)CN1C(=O)C1CCc2cnn(C)c2C1,0.0008204174474214286
CC1CC1CC(=O)N[C@H]1C[C@H](NC(=O)C2(O)CC2)C1,0.00027196649178660455
CC1CCCC1C(=O)N1CCC2(C1)CN(C(=O)CCc1ccon1)C2,0.00044943721898039183
CCC[C@@H](NC(N)=O)C(=O)N1CCC(N(C)c2ncccn2)CC1,0.0006298986083311906
CCC(C(=O)N[C@@H]1CN(C(=O)c2cnoc2)C[C@@H]1C)c1ccccc1,0.0006737402932311551
CCC(C)(OC)C(=O)N[C@H](C)CNC(=O)C1CC(=O)C1(C)C,0.17579007041752281
CCC(C)Oc1nccnc1NCc1nc(C(C)(F)F)no1,0.0014155278072323335
CCC(CC)CN1CCC(CNC(=O)c2nc(C)n(C)n2)CC1,0.0003026979399886993
CCC(CC)c1cn(C2CCN(C(=O)C3CCCN(C(C)=O)C3)C2)nn1,0.2319081009647089
CCC(O)[C@@H]1CCCN1Cc1ccn2ncc(C(=O)OC)c2c1,0.00047861717440292453
CCC(F)C(=O)NCC(CC(C)C)NC(=O)C1CC2(COC2)C1,0.0004275745894790651
CCC1COCCN(CC(O)c2cc(OC)ccc2OC)C1,0.0005680451977826962
CCCC(=O)N[C@H]1C[C@H](CNC(=O)c2ccc3c(c2)OCC3)C1,0.2077983870040923
CCCCC(C)C(=O)N1CCCC1(C)CNC(=O)Cc1nnco1,0.0004590178834341419
CCCN1CC(CNC(=O)c2ccc(C(F)(F)CF)cc2)C1,0.00044361452867305466
CCCOc1nc2ccccc2cc1C(=O)OCC1OCCNC1=O,0.213145924748042
CCN(C)CC(=O)N[C@H](C)C1CN(C(=O)C2(OC)CCCCC2)C1,0.0006620183797504427
CCN(CC(=O)Nc1cc(C(N)=O)ccc1OC)C(C)C,0.00043703652968195874
CCN(CC)CC1CCN(C(C)C(=O)N(CC)CCC#N)CC1,0.0013818067452851868
CCN(CCNC(=O)C1CC2(CCC2)C1)CC(=O)NCc1ccco1,0.00043257157883182186
CCN(Cc1ccccc1)S(=O)(=O)N1CCOCC12CCCC2,0.0008159396253097384
CCNC(=O)[C@@H](NC(=O)c1cc(CN)n[nH]1)c1ccccc1,0.0003197975585990948
CCOC(C)C(=O)N1CCCCC1CCNC(=O)C(C)CCO,0.000423821584530797
CCOCC(=O)N1CCCCC1C(C)NC(=O)CC1CCC(F)(F)C1,0.000589530269281975
CCOCC(=O)NCC[C@H]1CCCN1C(=O)c1snc(C)c1N,0.00041788784797181286
CCOc1cc(N[C@@H]2CCN(C(=O)COC3CCOCC3)C2)ncn1,0.2422552294770642
CCOc1ccc([C@@H]2C[C@H]2Nc2nnc(C(C)(C)C#N)n2C)cc1,0.0017052961414172419
CCc1ncc(NS(=O)(=O)c2cn(C)nc2C2CC2)cn1,0.0010380415680301112
CCc1ocnc1C(=O)NCCC(C)N(C)CC(O)CC(F)(F)F,0.00041418110448824814
CCn1nnc(C)c1Cn1cc(C2CN(C(=O)CO)C2)nn1,0.00016391922519376162
CN(C)C[C@H]1C[C@H](NC(=O)C2CCC(n3cc(-c4ccn[nH]4)nn3)C2)C1,0.0013710501961595994
CN(C)C(=O)c1cc(F)cc(NC(=O)[C@@H]2C[C@H]2C(=O)OC(C)(C)C)c1,0.000706801299148744
CN(C)CCOc1cccc(NC(=O)C(C)(O)c2ccc(F)cc2)c1,0.00123621523270549
CN(C)c1cccc(C(=O)NC(CC(=O)O)Cc2nccs2)c1,0.0007797662469092331
CN1CCC[C@H]1C(=O)NC1(CNC(=O)c2cccn2C)CCCC1,0.0009325186163843927
CN1CCC(NC(=O)CN2CCNCC2C2CCOC2)CC1,0.00024674620718778613
CN1CCCCC1CC(=O)N1CC[C@@H](NC(=O)C2CCOCC2)C1,0.0004375952194303098
CN1CCN(S(=O)(=O)c2ccc(Cl)c(Cl)c2)C(C)(C)C1=O,0.0005776154945616729
CNC(=O)C(C)N(C)C1CCCN(C(=O)c2c(C)cnn2C)C1,0.0004232646413718265
COC[C@@H]1C[C@H](O)CN1C(=O)c1ccc(CCC(=O)OC)cc1,0.00028856718405151756
COC[C@H](NC(=O)C(c1ccccc1)C(C)C)c1cccnc1,0.0006072062897949131
COC[C@H]1C[C@H](Nc2nc3c(cc2C#N)CN(C(=O)OC(C)(C)C)C3)C1,0.0018264971110479643
COC(=O)C(O)CCCN1CC2(CCCC2)CC1CO,0.0004283862338515867
COC(=O)C1CC(OC)CCN1C(=O)CCc1cc(Cl)cs1,0.0005353934583946066
COC(=O)CCOC1CCN(c2ccc(C#N)cn2)CC1,0.0011874847407714407
COC(=O)N(C)CCNC(=O)N1CC(=O)NC2(CC2)C1,0.00021311470567151854
COC(=O)Nc1ccc(C(=O)N2CCNC(C)CC2)cc1,0.0004997103122542407
COC(C(=O)N1CCCC[C@@H]1CNC(=O)c1ccncc1)C1CCC1,0.1823221842645937
COC(C)CC(=O)N[C@H]1C[C@H](NC(=O)C(F)(F)C2(O)CCCC2)C1,0.0004050950412772027
COC(CNS(=O)(=O)N1C[C@@H]2C[C@H]1CN2)c1ccccc1Cl,0.0002867078360813088
COC1(C(F)(F)F)CC2CC1CC2NC(CO)C(F)(F)F,0.0005119583708751656
COC12CCC(NC(=O)Cc3csc(NCC(F)F)n3)(CC1)C2,0.0007145364425942429
COCC1(C(=O)N2CCN(c3cc(C)nc(CO)n3)C[C@@H]2C)CC1,0.0007945670127095972
COCCC1CCCCN(C(=O)Cc2cncc(C#N)c2)C1,0.0012886336870721758
COCCc1cn(CCC(=O)NCC2(S(C)=O)CCC2)nn1,0.00030185310371650965
COCc1nsc(N2CC(O)(CCNC(=O)c3cccnn3)C2)n1,0.00036934341342627846
COc1cc(C(C)=O)ccc1OCC(=O)OC(C)CC(N)=O,0.00038587382983328413
COc1ccc(C(=O)N[C@@H]2CC[C@H](C(F)(F)F)NC2=O)cc1OC,0.0005438010274932486
COc1ccc(C)cc1[C@@H](C)NC(=O)N1CCC2(CCN(C)C2=O)C1,0.0006933802766092293
COc1ccc(C)nc1Cn1cc(CN(C)CCO)nn1,0.000224405594376778
COc1ccc(OC)c(CN(CCO)Cc2n[nH]c3c2CCCC3)c1,0.0007044321991888311
COc1nccc(S(=O)(=O)NCCC(C)(F)F)c1Cl,0.17768055052851914
COc1ncccc1CC(=O)N1CC2(CCC2)OC(C)(C)C1,0.0003422019340877199
CSC1(C(=O)N2CCCCC2CNC(=O)[C@@H]2CCCN2C)CC1,0.3674871226227343
CSc1cncc(C(=O)N(C)CC(=O)N2CCOCC2)c1,0.24054261935198357
Cc1cc(C(=O)NC2(CNC(=O)C34CCC(CC3)C4)CC2)c(=O)[nH]n1,0.19718120271470707
Cc1cc(C(=O)NC2CCCN(C(=O)[C@@H]3CCC(=O)N3)CC2)ccn1,0.10836755695627744
Cc1cc(C(=O)NCC(C)NC(=O)C2CCOCC2(C)C)[nH]c1C,0.00039797073242823204
Cc1cc(C(=O)O)c(O)c(S(=O)(=O)N(C)C2CCC(CO)CC2)c1,0.0004167202828694563
Cc1cc(C)n(CC(=O)N2CCCN(C(=O)OC(C)(C)C)C2)c(=O)n1,0.00030228372486810026
Cc1cc(CCNC(=O)N2C[C@H](C)O[C@@H](C)C2)ccc1F,0.00040874409081128677
Cc1cc(CNS(=O)(=O)N=S(C)(C)=O)cc(C)c1F,0.0005320201052901407
Cc1cc(N[C@@H](CO)CNC(=O)C2(O)CCCC2)n2ncnc2n1,0.0003017372603181987
Cc1cc(N2CCC(C(=O)NCC(F)(F)F)CC2)nc(C(F)F)n1,0.0011493658101102353
Cc1ccc(C(=O)CCC(=O)NCC(=O)CCCC(=O)O)s1,0.00043104350590850057
Cc1ccnc(NC(=O)N2CCCC2C2(NC(=O)OC(C)(C)C)CC2)n1,0.0005483166124644014
Cc1coc(C(=O)N2CC(NC(=O)c3cc4n(n3)CCCC4)CC2C)c1,0.2489336985183601
Cc1conc1CC(=O)N1CC([C@@H](C)NC(=O)c2ccncc2F)C1,0.0003020864881937182
Cc1n[nH]c(C)c1CN1CC(CNC(=O)C2(CC(F)F)CC2)C1,0.0003619493886045652
Cc1nc(CC(=O)N2CCN(C(=O)Cn3cccc3)[C@H](C)C2)cs1,0.0005573321728846816
Cc1nnc(N(C)C(C)CCNC(=O)Cc2cnnn2C)o1,0.0006015864016070404
Cc1nnc(N2CC(NC(=O)C(C)n3cccn3)CC(C)(C)C2)s1,0.0007732900748570685
Cc1nnnn1-c1ccc(C(=O)NCC2CCC(F)(F)CC2)cc1,0.00046143659656278953
Cn1cc(CC2CCN(Cc3nc(C(=O)O)co3)C2)cn1,0.0005264384854564244
Cn1cc(NC(=O)N2CCC[C@@H](NC(=O)OC(C)(C)C)C2)nn1,0.001001783174072014
Cn1cnn(CC(=O)N(C)[C@H]2CC[C@@H](NC(=O)C3(C)CC3)CC2)c1=O,0.11316403746038743
Cn1ncc(C(F)F)c1C(=O)NC(C)(C)COc1ccccc1,0.0006180238076346658
N#Cc1ccnc(N2CCCC2C2CCCOC2)c1F,0.0016429968024550283
N[C@@H]1CS(=O)(=O)C[C@H]1NC(=O)c1cccc(-c2ccn[nH]2)n1,0.0006048717743675733
Nc1c(-c2ccccc2)nnn1CC(=O)N1C[C@@H]2CCCN2C[C@@H]1CO,0.0007462002995462682
Nc1cnccc1C(=O)NC1CCN(C(=O)C2CCSC2)CC1,0.0007201842319977982
O=C(CNc1nc(-c2ccccc2F)ns1)NC1CC1,0.0009616713856817217
O=C(COc1ccc2c(c1)CCC(=O)N2)OCC1(C2CC2)CCCO1,0.0012681164585659247
O=C(NCCN(C(=O)C1CC1)C1CC1)C(O)c1ccccc1,0.00035783179405309956
O=C(c1ccnc2c1CNCC2)N(CCO)CCCN1CCOC1=O,0.0001959147564172234
O=C1CCC(C(=O)N2CCC(CNC(=O)c3cocn3)C2)CCO1,0.00047861084598478453
O=S(=O)(NCc1ccnc(C(F)F)c1)C1CCOC1,0.0003891479907156573
C[C@H](CNC(=O)c1cccc2c1NCC2)NC(=O)C1CCCC12CC2,0.0008161030483397147
C[C@H](NC(=O)C1CCCCC1)C(=O)N1CCC(N(C)CC(N)=O)CC1,0.11612285444759153
CC(=O)NCc1nc(O)cc(CNc2nnc(C(C)(C)C)o2)n1,0.0003989569248159252
CC(C(=O)NC1CN(CC(F)(F)F)C1)n1ccc(C(F)(F)F)n1,0.00040249849295326175
CC(C)(C)C(=O)N1CCC2(C1)CN(c1nnc(C3CC3)o1)C2,0.0004099475363316125
CC(C)(O)CCC(=O)NC1(C2CCN(C(=O)C3CC(=O)C3)C2)CC1,0.11708645605757596
CC(C)C(CNC(=O)c1ccc(C2(C)CC2)cc1)NC(=O)[C@H](O)C(C)C,0.0005615376714169573
CC(C)CN1CCCC(NC(=O)CC2CCOCC2)C1,0.0005582566270696317
CC(C)OC(=O)CCNC(=O)NC12CC(C(=O)O)(C1)C2,0.0003692995452497017
CC(C)Oc1ccc(C(=O)N2CCOCc3ccccc32)nc1,0.0013942763906185476
CC(C)Oc1cncc(NC(=O)[C@@H]2C[C@H]2c2cnn(CCF)c2)n1,0.40554443176276894
CC(C)S(=O)(=O)CCN(C)C(=O)Nc1ccc(N(C)C)cn1,0.000662247995697561
CC(CC(=O)N[C@H]1CC[C@H](CNC(=O)CC#N)CC1)n1ccnc1,0.0010333549414496942
CC(CC(=O)NCC(NC(=O)CC12CC(C1)C2)C(C)C)n1cccn1,0.0009310038005395162
CC(CC(C)NC(=O)C(C)(C)F)NC(=O)[C@@H]1CCC(=O)N1,0.00030983893781616945
CC(CCNC(=O)CCCC1CCCC1)NC(=O)Cn1cccc1,0.0009880368725872217
CC(CCO)C(=O)N1CC(CNC(=O)CC(C)(C)C)OC(C)(C)C1,0.0005886836278213459
CC(CN(C)C(=O)c1cc2n(n1)CCCO2)NC(=O)C1CCC(=O)N1,0.13990692067881672
CC(CNC(=O)C1C2CCCC21)NC(=O)[C@@H]1CNC(=O)N1,0.09263280963459142
CC(CNC(=O)N1CC(=O)N2CCCC2C1)Oc1ccc(F)cc1,0.0004888691336488146
CC(NC(=O)CO)C1CCCN(C(=O)c2cnn3ccncc23)C1,0.0005076503525468317
CC(O)CC(=O)Nc1cccc(COCc2cccnc2)c1,0.0006213125983740424
CC1(C(=O)N2CC(C3CN(C(=O)C4(C(F)F)CC4)C3)C2)CC1,0.00027737191422946584
CC1(C)C(CNC(=O)C(C)(C)C(F)F)CCN1c1cc(=O)[nH]c(=O)[nH]1,0.23596305510401855
CC1(C)CN(c2ccc(C#N)nc2)CCC1NC(=O)CCCC1CC1,0.001819809885931237
CC12CCC(CNC(=O)c3cnn(CCF)c3)(C1)OC2,0.0004991240284924182
CC1CC1C(=O)N1CCCC1CNC(=O)c1cnsn1,0.00039443763565866777
CC1CC1C1CC1C(=O)N(C)C(C)CCNC(=O)c1ccc(F)o1,0.0004012670689590345
CC1CCN(C(=O)C(O)C2CCC2)CC1NC(=O)c1cnnn1C,0.0003605777010814844
CC1CCN(C(=O)c2cncc3[nH]ccc23)CC1NC(=O)C(C)(C)O,0.0005188745070241986
CC1CN(c2nnc(Cc3ccccc3)o2)CCC1CO,0.000697767501198045
CCC[C@@H](NC(N)=O)C(=O)NCC(C)(C)Nc1nnc(C2CC2)o1,0.0005254162765436492
CCC(=O)N(CC)CC1CCN(C(=O)C2CCC(N(C)C)CC2)CC1,0.0003472555520626932
CCC(CC(=O)N1C[C@H](C)[C@H](NC(=O)c2cc(=O)n(C)cn2)C1)OC,0.0003100900037028198
CCC(CNC(=O)COc1ccon1)NC(=O)C1CCC(F)C1,0.0004434133361870145
CCC1=NOC(C(=O)NC[C@H](C)NC(=O)[C@H]2C[C@](F)(CO)C2)C1,0.11442302901318555
CCCC(C)(O)C(=O)N[C@@H]1CN(C(=O)c2c[nH]c(C)n2)C[C@@H]1C,0.2045215463467502
CCCC(O)CN(C)C(=O)c1cc2c(oc1=O)CCSC2,0.00036844206485550396
CCCCC(=O)N1CC2C(CNC(=O)c3cncc(C)c3)C2C1,0.00035079008882959924
CCCNC(=O)CCCC(=O)N1CCCCC1CC(=O)NC(C)C,0.0005295235048333522
CCN(CC(=O)NC[C@@H]1CCCN1C(=O)c1cocn1)C1CC1,0.2799249889074575
CCN(CC)C(=O)CNC1=NCCN1c1ccn(C)n1,0.0004956608658481952
CCN(CC)CCN(C(=O)CCN1CCOC1=O)C(C)C,0.0004980571456419584
CCN(CCNC(=O)CCc1ccn(C)c1)c1nnc(C(F)F)o1,0.001397269276489003
CCN(CCNC(=O)c1cn(C)nc1C(C)C)c1cccc(F)c1C#N,0.0017675537245913468
CCN1CC(C(=O)NCC(C)NC(=O)C2(O)COC2)CCC1=O,0.06563803608331693
CCNc1nc(C)cc(N2CCC(OCC(=O)OC)CC2)n1,0.000533440995550915
CCOC[C@@H](C)NC(=O)NCC1CCC2(CCC2)C1O,0.00036113173337509903
CCOC1(CNC(=O)N2CCOC(C(C)NC)C2)CCC1,0.00032919402146225677
CCSC(C)C(=O)N1CC(CNC(=O)C(C)NC(N)=O)C1,0.00027367194428476845
CCc1ccc(CNC(=O)COc2cccc(C#N)c2)nc1,0.0008809357472501585
CCn1cc(C(=O)N2CCC(C(C)O)CC2)c2ccccc21,0.49140258859173896
CCn1cnnc1CNC(=O)NCc1cccc(N(C)C)c1,0.0005326150142238771
CCn1cnnc1COC(=O)c1cnn(C)c1Br,0.0005050341513309354
CCn1ncc2c1CCC(NC(=O)C1(N(C)C)CCOCC1)C2,0.00041018771858398464
CN(C[C@@H]1CCC(=O)N1)c1ncnc(-c2ccccc2)c1N,0.0007257578745510111
CN(C(=O)c1c[nH]nn1)C1CCC(NC(=O)c2nccnc2N)CC1,0.18989453654415298
CN(C(=O)c1ccncn1)C(CNC(=O)Cc1ccc(=O)[nH]c1)C1CC1,0.10127206086015189
CN(CC(O)CN(C)C(=O)CCn1ccnc1)C(=O)CC#N,0.00030131777720434613
CN(CCN(C)C(=O)CCOC1CC1)C(=O)Cc1cc[nH]c1,0.00021877633766836387
CN1CCC[C@@H](N(C)CCCN2CCN(C(=O)OC(C)(C)C)CC2)C1,0.000415410152138952
CN1CCC2(CC1)CN(C(=O)c1ccn3c1CNCC3)CCO2,0.0004182134365134044
CNC(=O)C(CO)NC(=O)c1cccc(CN2CCOCC2)c1,0.0002988913398940814
CNC(=O)CCC(=O)NC1(C)CN(C(=O)CNc2ccccn2)C1,0.12536123474636196
CNC(=O)c1nn(C)cc1NC(=O)N[C@H]1C[C@@H]2CC[C@@H]1C2,0.0004689605641661679
CO[C@]1(C(F)(F)F)C[C@@H](CNC(=O)Nc2cnn(CC3CC3)c2)C1,0.0005044980256723331
CO[C@H](C)[C@@H](CO)NC(=O)Nc1ncc(C)cc1-c1ccccc1,0.0014912198551645735
COC[C@@H](CS(=O)(=O)NCCc1cccc(C)n1)OC,0.0003915806626439227
COC[C@H]1C[C@@H]1NC(=O)c1ccnn1CCNC(=O)OC(C)(C)C,0.00040336100777441515
COC(=O)C1C(O)CCCN1CC1CCCC1C(F)(F)F,0.00048694848897052484
COC(=O)CC[C@H]1C[C@@H](NC(=O)c2cccc(COC3CCOC3)c2)C1,0.0006646075023713093
COC(=O)CC(NC(=O)C[C@@H]1CNC[C@H]1O)c1ccccc1C,0.000285555789464455
COC(=O)c1cncn1CC(=O)N(C)C(C)c1ccccc1,0.00052662114338681
COC(=O)c1n[nH]cc1NC(=O)c1cnn(CC2CCOCC2)c1C,0.41059734148119137
COC(=O)c1nc(N(C)C(=O)c2ccc3c(c2)CC3)sc1C,0.0006372194690561976
COC(C(=O)N(C)CC(C)(C)CNCC1CCS(=O)(=O)C1)C1CC1,0.13327005498144884
COC1(C)CCN(c2nnnn2Cc2cccc(OC3CC3)c2F)C1,0.00044254242614044946
COC1(COC(=O)Cn2cnc3c2c(=O)n(C)c(=O)n3C)CC1,0.0003944888727222405
COCC(=O)N1CCC2(CCN(CC(=O)NCC3CC3)C2)C1,0.00023387306127838642
COCC1(CC(=O)N2CCC(NC(=O)c3cnsn3)C2)CC1,0.000609919234774244
COCCC(CC(=O)O)NC(=O)C1CC2(C1)C(C(=O)O)C2(F)F,0.0005475194195954388
COCCN1CCC(OC(=O)C2CCCCN2C)CC1,0.0003368156778652694
COc1cc(C(=O)N[C@H]2CC[C@H](NC(=O)C3CC(C)(F)C3)CC2)n[nH]1,0.0005242460470391262
COc1ccc(OCCC(=O)OCC2CC2(F)F)cc1,0.0007106120194646576
COc1cccc(C(F)(F)C(=O)N2CC(=O)N(C)C(C)C2)c1,0.0005923323738330203
COc1cccc(F)c1CNC(=O)CC1CCCNC(=O)C1,0.0005280410872486553
COc1cncnc1NCC1CCN(C(=O)CCC2CCOCC2)C1,0.0009413440905214156
COc1sccc1C(=O)NCCc1c(C)nn(C)c1C,0.0005900730381307292
CS(=O)(=O)c1ccc(Cn2cc(C3CCCO3)nn2)c(Cl)c1,0.00038807174663125496
Cc1c(C(=O)NCC(NC(=O)C2(C)CCCN2C)C2CC2)cnn1C,0.0005184798082639622
Cc1cc(C(=O)N(C)C(C)CCNC(=O)C2CCCC23CC3)c(C)[nH]1,0.0006271671564422683
Cc1cc(C(=O)NC(C)CNC(=O)C2CCCC(=O)N2C)on1,0.19937282468798007
Cc1cc(C(C)NC(=O)N2CC3(CC(C(F)F)=NO3)C2)c(C)o1,0.00046601869439206485
Cc1cc(C)nc(SCC(=O)N2CC(NC(=O)OC(C)(C)C)C2)n1,0.0004994432703362998
Cc1cc(CCNC(=O)NCc2ccccc2OC2CCC2)on1,0.00034032487376248915
Cc1ccc(C(=O)N(CCO)C2CCN(C(=O)CC3CC3)CC2)cn1,0.23270017091877226
Cc1ccc2c(c1)CC(C(=O)N1CC(CNc3cc(F)ncn3)C1)S2,0.0010673790272675157
Cc1cccc(C(C)C(=O)N(C)CC2CN(C(=O)C3CCO3)C2)c1,0.0004247439479695352
Cc1ccoc1CC(=O)NC1CN(Cc2cnns2)CCC1C,0.0006456609431169511
Cc1nc([C@@H]2CCCN2C(=O)CCCc2ccncc2)n[nH]1,0.0007193382313702836
Cc1nc(CCC(=O)NC2(C3CCN(C(=O)C(C)C)C3)CC2)[nH]c1C,0.00034385270382079506
Cc1nn(C)c(C)c1NC(=O)NCCC12CC(CO1)C2,0.0004908532662711353
Cc1nnc(NC(C)C2CCN(C(=O)c3n[nH]cc3C)C2)o1,0.0011203293655905869
Cc1noc(-c2cn(CC3CN(C(=O)OC(C)(C)C)CCO3)nn2)n1,0.0008722658191757013
Cc1noc(CCC(=O)N2CC[C@@H](NC(=O)C(C)(C)C3CC3)C2)n1,0.0002496662319296666
Cc1oc(C(C)(C)C)cc1C(=O)N[C@H]1CCCN(c2nnn(C)n2)C1,0.0011793720450533438
Cn1cnnc1CC(=O)NC1(C)CCN(C(=O)C(C)(C)CF)C1,0.0002894520256147185
N#CCn1c(C(=O)N2C[C@H]3CC(F)(F)C[C@H]3C2)cc2ccccc21,0.6615065217042891
N#Cc1ccc(NC[C@@H]2CCCCN2C(=O)CCOC2CC2)cn1,0.001489536652446675
N#Cc1ncc(C(=O)N2CCCN(C(=O)[C@H]3C[C@@H]3C(F)F)CC2)s1,0.40352375402089585
NC(=O)C1CCCN1C(=O)c1cnn(-c2ccccc2Cl)c1,0.24973906480781333
O=C(CC1CC(F)C1)NCC(NC(=O)C1CC1F)C1CCCCC1,0.14211610304222427
O=C(CCOC1CC1)NCc1cccc(-c2ncco2)c1,0.001636478289682358
O=C(CNc1ccccc1)NCC(=O)Nc1ccc(Cl)cc1,0.3957844203333789
O=C(CNc1nnc2ccccn12)N1CCCC(COC(F)F)C1,0.0005394141908564469
O=C(COC1CC1)NC1CCN(C(=O)c2cccc3nn[nH]c23)C1,0.00045254817455667705
O=C(Cn1cncn1)N1CC2(CC(Nc3cc(=O)[nH]c(=O)[nH]3)C2)C1,0.0003534750448177306
O=C(NC[C@@H]1C[C@H]2CNC[C@H]21)c1ccccc1COC1CCOCC1,0.000590825651004707
O=C(NC(CO)c1ccccc1F)c1csc(N2CCNCC2)n1,0.0007800515750366156
O=C(NC1CCC12CCCO2)c1ccc(-n2cccn2)nc1,0.001164131709624138
O=C(NC1CCNc2ncccc21)N1CC2CCC(C1)O2,0.00044686349683918663
O=C(NCC1(CO)CC2CC2C1)NC1CCN(CCF)C1,0.00040361681594322784
O=C(NCc1cc(=O)[nH][nH]1)c1cncc(Br)c1,0.0004204109605143501
O=C(OC1CCC2(CC1)OCCO2)c1coc(C2CCCC2)n1,0.0006084849275897772
O=C(c1csc(-c2ccoc2)n1)N1CCS(=O)(=O)CCO1,0.290570855322847
O=C1CCCC(OC(=O)CCCC2CCOCC2)CCN1,0.000789657990800531
c1cc(-n2cccn2)cc(NC2CNOC3(CCC3)C2)n1,0.0013831569361767598
c1cc2c(cc1-c1cn(CC3CCCN3)nn1)CCSC2,0.0006676647489848195
C[C@@H](CNC(=O)C1CCCC1O)NC(=O)C1CCCn2ncnc21,0.18853221008823007
C[C@@H](CO)n1cc(C2CN(C(=O)c3cccc4c3COCC4)C2)nn1,0.0003394453220314553
C[C@@H](Cn1cc(C(C)(C)N(C)C)nn1)NC(=O)c1cnccn1,0.00021932514501714806
C[C@@H](O)C(=O)N1CC2CCC1CN2C(=O)C1CSC1,0.0002169651013321763
C[C@H](CNC(=O)Cc1ccon1)NC(=O)c1ccccn1,0.0002892973645768886
C[C@H]1[C@@H](O)CCN1C(=O)Nc1ccccc1N1CCS(=O)(=O)CC1,0.0006262707382062609
C=C(Cl)CN(C)CCN(C)C(=O)c1ncnc2[nH]ccc12,0.0005992015851691374
CC[C@H](C)[C@H](NC(=O)CN)C(=O)N1CCC(=O)c2ccccc2C1,0.000345656396940199
CC(=O)NC(C)C(=O)N1CC2CC1CN(C(=O)Cc1cccs1)C2,0.000326988897460695
CC(C)C(=O)N1CC(NC(=O)c2cc(C(N)=O)ccn2)CCC1C,0.145562577149262
CC(C)CC(C)C(=O)N(CCN(C)C(=O)c1ccncc1)C(C)C,0.00042685272553625377
CC(C)CNC(=O)c1cccc(CNc2cnn(C)c(=O)c2)c1,0.000848176630389432
CC(C)COC(C)C(=O)NC1(C)CCN(C(=O)C(C)CF)CC1,0.0007386829699760869
CC(C)N(C)CCN1C[C@H](Oc2ccc(COC(C)(C)C)cc2)CC1=O,0.0005440658191395892
CC(C)c1nc(CN2CCN(C(=O)Cc3ccon3)[C@@H](C)C2)n[nH]1,0.0005545665907265998
CC(C)c1nocc1NCC1(O)COC(C)(C)OC1,0.0008272914379358903
CC(CCNC(=O)C1(C)CCC1)NC(=O)C1CCCc2ncccc21,0.0011721467448527535
CC(CNC(=O)c1cn(C2CCOC2)nn1)CNC(=O)C12CC1C2,0.00045696010415430667
CC(N)CCNC(=O)c1ccc(Oc2cccc(C#N)c2)nc1,0.0010390830626430014
CC(OCCN(C)C)C(=O)N1CCC(NC(=O)CCC2CC2)C(O)C1,0.0003142402454819719
CC1(C)C[C@@H]1C(=O)NCCC1(O)CCN(c2ncnc3c2CCC3)CC1,0.0010010315173938262
CC1(C)C(O)C(C)(C)C1NC(=O)Nc1cc(-n2cnnn2)ccc1F,0.0010048526736525243
CC1(O)CCCN(C(=O)c2cnn(-c3ccccc3)c2)C1,0.0004989185535982551
CC1(F)CC(C(=O)N2C3CCCC2CN(C(=O)c2cnco2)C3)C1,0.3501382447494781
CC1C(N2CCCC2)CCN1C(=O)CC1CC2(CCC2)CN1,0.0011057210092991698
CC1CC1C(=O)N(C)C(C)CCNC(=O)C1CCC1(F)F,0.0006041308664529672
CC1CC1C(=O)N1CC2(CC(NC(=O)c3nn[nH]c3C3CC3)C2)C1,0.1554695151201759
CC1CCC(=O)CN1C(=O)Nc1cccc(N2CCOCC2)c1,0.0009954747673396294
CC1CCN(Cc2ccn(C3CCNCC3)n2)S1(=O)=O,0.00021961315589441076
CC1CN(C(=O)Cc2nnco2)CC1NC(=O)C1CC2(CC2)C1,0.0003249241175140297
CC1CN(C(=O)c2ncoc2C2CC2)CCS(=O)C1,0.0004082266949378786
CC=Cc1cn(C2CC(NC(=O)C(O)Cc3ccnn3C)C2)nn1,0.0009684788667982326
CCC(=O)NC(C)c1cn(CCc2ccc(F)cc2)nn1,0.0004536459225275784
CCC(C(=O)N(C)CC1CCCN(C(=O)CCC(F)F)C1)N(C)C,0.0004851656681528048
CCC(C)Sc1cc(CNC(=O)Cc2cc(C(=O)O)cn2C)ccn1,0.00049213089047967
CCC(C)n1nc(C(=O)NC23CCCCC2OCC3)cc1C,0.0005260033432991344
CCC(F)(F)C(C)(C)CNC(=O)N1CCN(C)CC1C(C)C,0.0007212996077483706
CCC(F)C(=O)N(C)C1CCN(Cc2cc(Cl)ccc2OC)C1,0.0004972332298467958
CCC1(C(=O)N[C@@H]2CCCN(C(=O)c3nnn(C)n3)C2)CC1(F)F,0.00036717513502499213
CCC1(C(=O)NCC2CCCN2c2ccncn2)CCC1,0.0014661596857064674
CCCC(O)CN1CCC(N2CCN(S(C)(=O)=O)CC2)CC1,0.00014929677308869618
CCCOC(=O)N1CCN(c2ccn(CC(=O)OC)n2)CC1,0.00043117972237965784
CCCn1c(CC)nnc1N(C)CCNC(=O)OC(C)(C)C,0.00047148990549183544
CCCn1ncc(C(=O)N[C@H]2CC[C@@H](Nc3n[nH]c(=O)s3)CC2)c1C,0.00041335072344406924
CCN(CC(=O)N1CC(O)(C(C)NC(=O)c2cnccn2)C1)C1CC1,0.0002898662584075543
CCN(CCNC(=O)COC(F)F)c1ncc2c(n1)COC2,0.0007055636215707722
CCOC(C)(C)C(=O)N[C@H]1[C@@H]2CN(C(=O)C3(O)CCSC3)C[C@@H]21,0.11305163096123785
CCOc1cccc([C@@H]2C[C@H]2NS(=O)(=O)[C@@H]2COC[C@H]2O)c1,0.0002543144884769008
CCc1nc(C(=O)N(CCNC(=O)C2CC(OC)C2)C2CC2)c[nH]1,0.0007000324457636346
CCc1nc(C(=O)N2CCC(N(CC)C(=O)Cc3nnco3)C2)co1,0.0003600883141793769
CCc1nccn2cc(CN[C@@H](CCSC)C(N)=O)cc12,0.0010603330286885991
CCn1c(C(=O)N2CCCCC2)cnc1Br,0.0005519699790763487
CCn1cc(C(=O)NC2CN(C(=O)C3(C(C)C)CC3)CC2C)cn1,0.0005421764551073975
CCn1ccc(C(=O)NC(C)CN2CCc3ccccc3C2=O)c1C,0.00048014236286165546
CCn1ncc(C(=O)N2CC3CCCC2C3CO)c1C,0.00047192698759721886
CN(C)c1cccnc1CNC(=O)Nc1nccn(C)c1=O,0.0008579105529642006
CN1C[C@@H](NC(=O)Nc2cnn(C)c2C(C)(C)C)CC1=O,0.0011150638771420538
CN1CC(C(=O)N2CCC2C2CCCOC2)c2ccccc2C1=O,0.0005823598200692465
CN1CCC(N(C)C(=O)c2cc3ncc(Br)cn3n2)C1=O,0.20245858185675478
CNC(=O)CCC(=O)NC1(C)CCCN(C(=O)C(C)(C)CC#N)C1,0.33914491575208344
CNC1CC(C(=O)NC2CC(OC(F)F)C2)C1,0.00035995361264287023
CNS(=O)(=O)c1ccc(C(=O)N2CC[C@@H](C)O[C@@H](C)C2)cc1,0.00028635682225745774
COC[C@@H]1CC[C@H](C(=O)N2CCOC3(CCOC3C)C2)C1,0.19599867416738675
COC[C@H](O)CN1CC[C@H](NC(=O)C(C)OCc2ccc(C)cc2)C1,0.0002830467903637168
COC(=O)NC(C(=O)NCC(NC(=O)c1ncc[nH]1)C1CC1)C(C)C,0.0003778739158484962
COC(=O)c1cccnc1N1CCCCC(NC(=O)C2(O)CC2)C1,0.10667455848731977
COC(=O)c1cnn2c1CN(C(=O)N1CC(c3cc(=O)[nH][nH]3)C1)CC2,0.0002918670394476181
COC(C)(C)C(=O)NCCC1(O)CN(C(=O)C(C)CC(N)=O)C1,0.0002583450889722333
COC1(C(=O)N2CC(O)(CNC(=O)C3CCCc4[nH]nnc43)C2)CC1,0.00022940672071588346
COC1(C(=O)NCC2CC(NC(=O)c3ncnc4nc[nH]c34)C2)CC1,0.1821726776360331
COC1(CNC(=O)CCCC(N)=O)CN(C(=O)COC2(C)CCC2)C1,0.0001790719433574888
COCC(=O)N1CC2(C1)CN(C(=O)c1coc(C3CC3)n1)CCO2,0.09999528184127675
COCC(C)C(=O)N1CCN(C(=O)Cc2ccccc2O)C[C@@H]1C,0.000303663844251371
COCC(O)C(=O)N1CC(NC(=O)c2cc(C)c3ncccc3c2)C1,0.09850913228770894
COCC1CC(O)CN1c1cc(NC(=O)OC(C)(C)C)nc(C)n1,0.18043945786035115
COCc1nccc(CC(=O)NC2c3ccc(F)cc3OC2C)n1,0.00035955578275303314
COc1cc(N2CCC[C@@H]2CNC(=O)COCC2CC2)ncn1,0.21047371468983198
COc1cc(F)ccc1S(=O)(=O)NC(C)C1CCC(F)(F)CC1,0.0006241929282131188
COc1ccc([C@@H]2CCN(CCN3CCSCC3)C[C@@H]2N)cc1,0.0005101485457737018
COc1ccc(CNC(=O)[C@@H]2C[C@H]2c2ccc(F)cc2F)nn1,0.2007004933452251
COc1ccc(OC)c(CN(CCO)Cc2ccn(C)c(=O)c2)c1,0.00043252564220403334
COc1cccc(C(=O)N2CCC(CO)CC2(C)C)n1,0.0003580132440627306
COc1cccc(CC(=O)NCC2CN(C(=O)C(O)C3CC3)C2)n1,0.00017791175944257038
COc1ccncc1C(=O)N[C@H]1C[C@H](NC(=O)[C@@H]2COC(=O)N2)C1,0.00022425847316183046
COc1cnc(C(=O)NC2CCN(c3ccnc(C)n3)CC2C)nc1,0.0006829654688370114
CS(=O)(=O)c1nccc(C(=O)N2C3CCCC2CC2(CC2)C3)n1,0.0012734545305984986
CSCC(=O)N1CC2(CC(NC(=O)c3ccc4cc[nH]c4c3)C2)C1,0.5260393139301255
CSCC1(CC(=O)NCC(O)CNC(=O)[C@H]2C[C@@H](O)C2)CC1,0.1124479669176923
CSc1ccc(C(=O)N[C@H](C)CNC(=O)C2CCOC2C)o1,0.000397087282395136
Cc1[nH]ncc1C(=O)N1CCC(NC(=O)C(C)OC2CCCC2)CC1,0.0005852799026589206
Cc1c(Cl)cncc1C(=O)N[C@H](C)C1CN(c2ncc(F)cn2)C1,0.5507450298407703
Cc1cc(=O)[nH]cc1C(=O)N[C@@H](C)CNC(=O)c1c(C)[nH]c(C)c1C,0.00044282677734139
Cc1cc2c(C(=O)N3CCC(CC(=O)O)C(F)(F)C3)cccc2o1,0.43648394843277805
Cc1ccc(CC(=O)NC2CN(C(=O)[C@@H]3CCOC3)CC2C)cn1,0.00027935745199804846
Cc1ccc(CCNS(=O)(=O)c2cncc(F)c2)s1,0.00038140541142775013
Cc1ccc(N2CC(CNC(=O)c3cnc(C(N)=O)cn3)(OC)C2)nn1,0.0006367278945786163
Cc1cccc([C@@H]2C[C@H]2NC(=O)C[C@@H]2C[C@H](F)CN2)c1,0.00029971018641743917
Cc1cccc2c1CC(NC(=O)N(C)CCCN1CCN(C)CC1)CO2,0.0004567210881768597
Cc1conc1NC(=O)CC1(O)CN(C(=O)OC(C)(C)C)C1,0.0005557534354373096
Cc1n[nH]c(C(=O)N[C@@H](C)CCNC(=O)C(C)(C)CCCO)c1O,0.00036376628124895806
Cc1nc(N2CCC(O)(c3cccc(F)c3)C2)ccc1C#N,0.0010841523315763665
Cc1nc(NC[C@H]2C[C@H](NC(=O)Cc3cn[nH]c3)C2)ccc1C#N,0.0013197342932958404
Cc1nccnc1C(C)NC(=O)c1occ2c1CCOC2,0.0003928212204381456
Cc1nnc(S(=O)(=O)Cc2ccc3c(c2)OCCO3)n1C1CC1,0.00028504156030400364
Cc1noc(C)c1CC(=O)NCC(O)CNc1cnc(C#N)cn1,0.0006385365689007929
Cn1cc(C(=O)N2CCCC[C@@H]2CNC(=O)c2cccn2C)cn1,0.0005924960302204135
Cn1ncc(N2CCC(Cc3cn(CC(=O)O)nn3)CC2)n1,0.0002552481423867655
Cn1nnnc1N1CCC2COCC1C2C(F)(F)F,0.0006163195835529783
N#CC1(C(=O)N2CCCn3nc(N)cc3C2)CCCOC1,0.000993185924293536
N#CC1(C(=O)NCCC2OCCc3ccccc32)CC2CCC1C2,0.0011978070609684696
N#Cc1ccc(N2CCN(C(=O)C3CC4(CC(F)C4)C3)CC2)c(F)c1,0.5620841258451003
NC(=O)COC1CCN(S(=O)(=O)c2ccccc2Cl)CC1,0.00041114310604916174
NC(=O)N1CC(CNC(=O)Cn2cc(C3CCc4ccccc43)nn2)C1,0.00042713082857045493
Nc1ncccc1C(=O)NC[C@H]1CCCN1C(=O)Cn1ccnn1,0.0003397580676210546
O=C(Cn1ccccc1=O)N[C@H]1[C@@H]2CN(C(=O)C3COC(=O)O3)C[C@@H]21,0.00019636241569524502
O=C(Cn1cncn1)N[C@H]1C[C@H](CNC(=O)C2CCCCO2)C1,0.0975753562584511
O=C(Cn1nc(C(F)F)c2c1CCC2)c1cnc2n1CCS2,0.0005084828407743783
O=C(NC1CCC(CO)(CO)CC1)c1noc(-c2cccnc2)n1,0.5256176847348145
O=C(NC1CCCC1CNc1ncns1)c1ccc(F)cc1F,0.0015513633100090911
O=C(NCC1CCN(C(=O)CCc2cccc(O)c2)C12CC2)C1CC1,0.00033020428356283067
O=C(O)C12CC2CN1Cc1ccc(-n2cccn2)nc1,0.0005623092633828123
O=C(c1ccccn1)N1CC2(CCCN(CC3CC(F)(F)C3)C2)C1,0.001100711415562649
O=C(c1cnccc1O)N1C[C@@H](F)C[C@H]1CNC(=O)C1(O)CCC1,0.00039303602872851944
O=C(c1cncnc1)N1CC[C@@H]2CN(C[C@H](O)CO)C[C@@H]2CC1,0.1046354505851165
O=C1CC2(CN1)CC(NC(=O)c1cn(CC(=O)C3(C#N)CC3)nn1)C2,0.0002050180810104056
O=S(=O)(CCc1c(F)cccc1F)N1CC[C@@H](O)[C@H]1C1CC1,0.0004045709728177738
O=S(=O)(c1ccc(C2CC2)cc1F)N1CCN2CC(CC2=O)C1,0.0005423365421651345
FC(F)(F)[C@H](NCc1csc(Cl)c1)C1CCOCC1,0.0006459693536698983
C[C@@H]1C[C@@H](NC(=O)Cc2cnn(-c3ccc(Cl)cc3)c2)CCO1,0.0003830319240188256
C[C@@H]1CC[C@H](C(=O)NC2CCN(c3ncccc3Cl)CC2)CN1,0.0010511617782777375
C[C@H](NC(=O)CCC1CC1)C1CN(C(=O)c2coc(C(F)F)n2)C1,0.0005849618982297036
CC(=O)N(C)c1ccc(NC(=O)c2nc(C)n(C)n2)cn1,0.0007171366562934223
CC(=O)N1CCC(C)N(C(=O)c2nccc3ncncc23)CC1,0.18359154527653787
CC(=O)NC(C)C(=O)NCC(C)CNC(=O)Cc1ccc(C)c(C)c1,0.0002772284267433926
CC(=O)NC1CC2CCC(C1C)N2C(=O)c1ccnc2ccnn12,0.24175547281747178
CC(=O)NCCC1(O)CN(C(=O)Cc2cccc3cnccc23)C1,0.0003082934625807322
CC(=O)c1ccc(S(=O)(=O)NC(=O)CC2COC(C)(C)C2)cc1,0.22833469517250043
CC(C(=O)NCc1cccc(-c2ccnn2C)c1)C1CCNC1,0.0004822222065137102
CC(C)(C)c1nocc1CN1C(=O)CCN(CC(C)(C)C#N)C1=O,0.0011915616684733585
CC(C)(CNC(=O)CCn1cncn1)Cn1cc(C2CCC2)nn1,0.0006219867091861032
CC(C)(O)CCNC(=O)NC1(C(=O)O)CCC(F)(F)CC1,0.00047492457487037867
CC(C)C[C@H](NC(=O)NC1Cc2cccnc2NC1=O)C(=O)NCCO,0.00039276651825139754
CC(C)C(=O)N1CC2(CC2)CC1CNC(=O)C1CCOC1,0.0003667333412858918
CC(C)CCOC(C)C(=O)N1CCCC1CN(C)C(=O)CC#N,0.0009810931770081745
CC(C)c1nnc(NCC2(CNC(=O)[C@@H]3CCC(=O)N3)CC23CCC3)o1,0.11905644981119357
CC(CNC(=O)c1cncn1C)N(C)C(=O)c1cncc(F)c1,0.12537044582162873
CC(NC(=O)Cc1cncnc1)C1CCCN(C(=O)CC2CC2)C1,0.0007497973301528635
CC(O)C(C)C(=O)N1CC[C@@H](NC(=O)c2ccc(C#N)[nH]2)C1,0.16189485712301876
CC(O)CN(CCc1noc(-c2cccnc2)n1)C1CC1,0.0013394332017279736
CC(F)CS(=O)(=O)NCCC(=O)NCc1ccccc1,0.0004303139922554472
CC1CC(C)(C(=O)NCC(C)NC(=O)C2(O)C(C)(C)OC2(C)C)C1,0.00047789565059412707
CC1CC(NC(=O)c2cn(CCN(C)C)nn2)C(=O)O1,0.00018133635658578977
CC1CN(C(=O)[C@@H]2C[C@H]2C)CC1NC(=O)Cc1cccn2nnnc12,0.00034076625448140133
CC1CN(CC2CC2)CCC1NC(=O)c1ncc2ccccn12,0.6533263073216441
CC1OC(=O)NC1C(=O)N1CC(C2CN(C(=O)Cn3ccnn3)C2)C1,0.00015903218048184519
CCC(=O)N1CCC[C@H](CNC(=O)C(C)(CC)CO)C1,0.0005044243516950696
CCC(=O)N1CCC(C(=O)N2CCC(NC(=O)c3cn[nH]c3)C2)C1,0.20430219136874514
CCC(C(N)=O)N1CCCN(C(=O)C(CC)(CC)CC)CC1,0.0010317128283519193
CCC(C)(C)C(=O)NCC1(O)CN(C(=O)c2c[nH]c(=O)[nH]c2=O)C1,0.00030805123410671757
CCC(C)C(=O)N1CC2CCC1CN2C(=O)c1cnn(C)c1C#N,0.0012723155366593255
CCC(NC(=O)c1cc(F)c(C(=O)OC)c(F)c1)C(O)C(F)(F)F,0.0009635386324019097
CCC1(NC(=O)[C@@H](O)C(C)C)CCN(C(=O)c2nncs2)CC1,0.18464273477799098
CCC1C(=O)N(C)CCN1C(=O)NCC1CC(F)(F)C1,0.0003604409472035201
CCC1CCCC1(C)C(=O)NCCN(CC)C(=O)COC1CC1,0.00040582526600329584
CCCC(=O)NC1CCN(C(=O)c2cnc3ncoc3c2)C12CCC2,0.0016362375165786009
CCCC(NC(=O)c1cc(Br)[nH]n1)c1nnn[nH]1,0.00041453350268485763
CCCC1CCCC1Cn1cc(CNC2CCS(=O)(=O)C2)nn1,0.0006588623223003498
CCCCC(=O)NC1CC2(C1)CN(C(=O)C(C)(O)c1ccccc1)C2,0.0004787324197630557
CCCCC(CNC(=O)[C@H](C)O)NC(=O)c1ccccc1-n1cccn1,0.000510333850975673
CCCCC1CCC(NC(=O)CC2OCCOC2(C)C)C1,0.0009962288615888604
CCCc1nc(C)c(C(=O)NCC2CN(Cc3nnc(CC)n3C)C2)o1,0.0003352434479320711
CCN(C)CC(=O)N1CCC(Nc2nc(C)nc(C)c2F)CC1,0.0006270488321763991
CCN(CC(=O)Nc1cccc2c1CCNC(=O)C2)CC(F)F,0.0005188139342786848
CCN(CCCN(C)C)C(=O)c1ccnc2ccsc12,0.0008868892069668506
CCN(CCNC(=O)CC1CCC1)C(=O)c1nc(C)oc1C,0.0005020301735956747
CCN(CCNC(=O)CCCc1ccccc1)C(=O)c1ccc(C)[nH]1,0.0004555515623318299
CCN(Cc1cc(C(=O)OC)c2n1CCOC2)Cc1cccs1,0.0006264126107783429
CCNC(=O)Cn1cc(C(C)NC(=O)C2CN(C)C(=O)N2)nn1,0.0001194989165381196
CCOC1(CNC(=O)NCc2nn(C)cc2Cl)CCC1,0.0006048006560098467
CCOC1CC(C(=O)N[C@@H]2CN(C(=O)c3ccnc(NC)c3)C[C@@H]2C)C1,0.0003732394620855649
CCc1ncsc1C(=O)NC(CO)Cc1ccc(F)cc1,0.000523251309943653
CCn1nnc(C)c1CC(=O)N1CCOC(CN(C)C(=O)[C@@H](C)O)C1,0.0002454803572819901
CN(C)CCn1ccc(C(=O)Nc2cnc3n2CCOC3)n1,0.00042427854201099234
CN(CCCc1ccsc1)C(=O)CC1CSCCN1,0.00027333975377140705
CN(Cc1csnn1)[C@@H]1C[C@H]1c1c(Cl)cccc1Cl,0.0006195236780343756
CN1[C@H]2CCC[C@@H]1CC(Nc1nc(C3CCOCC3)ns1)C2,0.001189541850834831
CN1CC[C@@H]2[C@@H](CCN2C(=O)Cn2cc(-c3cnccn3)nn2)C1,0.000981934429346314
CN1CCCC1CCC(=O)N[C@@H]1C[C@@H]2CC[C@H](C1)N2c1ncccn1,0.0013505008345983656
CN1CCCc2c(C(=O)N3CC(N(C)CCC(=O)O)C3)cccc21,0.0007745226243523167
CNC(=O)NCC(=O)NCC1CN(C(=O)c2c[nH]c(=O)n2C)C1,0.00012382370806001417
CO[C@@H](C)[C@H](C)NC(=O)N(C)Cc1ncccn1,0.00034625432984946425
COC(=O)[C@H](C)CNC(=O)NCC1CCN1C(C)(C)C,0.0003125535568228876
COC(=O)[C@H](CO)NC(=O)c1cc(N)c(Cl)c(O)n1,0.0002496080138154442
COC(=O)C[C@@H]1C[C@H](F)CN1C(=O)c1cccc(OCCF)c1,0.0005546350787640514
COC(=O)C(C)NC(=O)c1cccc(-n2cc(CC(C)(C)C)nn2)c1,0.0007023442738820381
COC(=O)C(CC(C)(C)C)NC(=O)Cc1noc2cc(F)ccc12,0.000980284783325469
COC(=O)C12CCC(CC1)CN2C(=O)C1CN(CC(F)(F)F)C1,0.000307347870589359
COC(=O)c1cc(CC(=O)NC2CCN(C(N)=O)C2)cs1,0.0003012626067571438
COC(=O)c1ccc(CCN2CC(CNC(C)=O)C2)cc1,0.00036045620188651856
COC(C)CCC(=O)N[C@H]1C[C@@H](CNC(=O)[C@@H]2CNC(=O)C2)C1,0.00029327548723617145
COC1(CNC(=O)CCNC(N)=O)CN(C(=O)CN2CCCC2=O)C1,0.00015828227060303422
COC1CCC1(C)C(=O)OC[C@@H]1CC(=O)N(C(=O)OC(C)(C)C)C1,0.00047553710275120565
COC1CCN(C(C)(C)CNC(=O)[C@@H]2C[C@H]2C(F)F)CC1,0.0003721196311290051
COCC1(CNC(=O)N2CCC(Cc3ccc(O)cc3)CC2)CC1,0.000542061508539712
COCCN(C)c1ccc(CNC(C)C2(S(C)(=O)=O)CC2)cn1,0.00041446951375304243
COc1cc(CNC(=O)N(C)CC(C)C#N)cc(Cl)c1OC,0.0013814283476211693
COc1ccc(-c2noc(CN3CCC(C)S(=O)(=O)CC3)n2)cc1,0.0006445784161579809
COc1ccc(C(=O)N2CCN(C(=O)CCC3CCOC3)C[C@H]2C)nc1,0.21217236311353693
COc1ccc(C2(C(=O)NCC3CC4CC4CO3)CCC2)cn1,0.0003876149222717923
COc1ccc(CC(=O)NCCc2ccc(O)cn2)c(Cl)c1,0.0008794802998395402
COc1ccc(CN2CCC(OCC(C)O)CC2)nc1OC,0.0005902833290404346
COc1ccc(F)c(NCc2nnnn2C2CC2)c1Br,0.0007877607451924085
COc1cccc([C@@H](C)OC(=O)C2(C)CCOCC2)n1,0.0004209577319968652
COc1cccc2cc(C(=O)N3CC[C@@H](C)C3)oc12,0.39402455631068445
CS(=O)(=O)c1ccc(Cl)c(C(=O)Nc2cccnc2)c1,0.0005617597186836484
Cc1[nH]c2ncnc(N(C)CCN(C)C(=O)C3(CO)CC3)c2c1C,0.0008160190473395858
Cc1[nH]ncc1S(=O)(=O)NCc1ccccc1CN1CCOC(C)C1,0.0002670923983633302
Cc1cc(C(=O)N[C@H]2C[C@H](NC(=O)c3snnc3C)C2)oc1C,0.00027760299239370167
Cc1cc(C(=O)N2CCN(C(=O)Cc3csc(N)n3)[C@@H](C)C2)[nH]n1,0.0006196770079959633
Cc1ccc(C)n1CC(=O)N[C@@H]1CCN(C(=O)c2ccc(CO)o2)C1,0.0003591128201641561
Cc1ccc(C2(C(=O)N3C[C@@H](F)C[C@H]3CNC(=O)C(C)C)CC2)c(F)c1,0.23330872442495393
Cc1ccc(N2CC(CNC(=O)C(C)C(F)(F)F)CC2C)nn1,0.0004689938998780469
Cc1ccc2nc(CS(=O)(=O)CC3(O)CCC3)cn2c1,0.0004956084412006519
Cc1cccc(N2CCN(C(=O)C(F)(F)c3cnn(C)c3)CC2C)c1,0.0015664264164206134
Cc1ccoc1CN(C)C(=O)c1ccc2c(c1O)CCC2,0.0006325053824412745
Cc1cnccc1CCNc1cnc(C2(S(C)(=O)=O)CC2)nc1,0.0005304122761326816
Cc1nc(CN2C[C@H]3CN(C(=O)C4CCNC(=O)C4)C[C@H]3C2)cs1,0.0004441550322988378
Cc1ncnc(N[C@H]2CCCN(C(=O)c3cccc(F)c3)C2)c1C#N,0.001625785749937866
Cc1noc(C(=O)NCc2nc(C(F)F)no2)c1C(F)(F)F,0.0006072888826574721
Cc1noc2cc(N3CCO[C@H]4[C@@H]3[C@@H]4C(F)(F)F)ncc12,0.5883749989047693
Cc1occc1CNC(=O)c1ccc(N=S2(=O)CCCC2)cc1,0.0009957782699324164
Cc1ocnc1CCNC(=O)Nc1cc2c(cn1)CCCC2,0.0012748176440387604
Cn1cc(C(=O)OCc2nc(C)cs2)nc1C1CC1,0.0007092055144429071
Cn1cc(OC(F)F)c(C(=O)NC2CCC(C)(C)CC2)n1,0.0005142270505164564
Cn1nc(C2CCC2)nc1NC(=O)N1CC(OCC(N)=O)C1,0.0002889224796482189
Cn1ncc2c(=O)[nH]c(N3CC(CO)(NC(=O)CC(F)(F)F)C3)nc21,0.00039020825707887947
Cn1nnc(COC(=O)CCn2cc(Cl)cn2)n1,0.00031675551197924806
N#CC1(C(=O)N[C@@H]2CCCN(C(=O)c3cc(Cl)cs3)C2)CC1,0.000999651042693315
N#CCOc1cccc(CN2CCOC3(CCSC3)C2)c1,0.0016283242438452448
NCC1(CC(=O)N2CC34CCCCC3(COC4)C2)CCOC1,0.24750136735299086
Nc1ccnc(C(=O)N[C@H]2C[C@H](NC(=O)CCc3ccncn3)C2)c1,0.17697523419644628
Nc1ncc2c(n1)CN(C(=O)CCSc1ccc(F)cc1)C2,0.0008395040719274299
O=C(CNC(=O)[C@@H]1CCO[C@H]1c1ccc(Cl)cc1)NC1CC1,0.000587812489443817
O=C(NC[C@]12CCC[C@H]1OCC2)Nc1ccnc(Cn2cccn2)c1,0.0012777536106594273
O=C(NC[C@H]1CCC[C@H]1O)c1ccc(-c2ccncc2)nc1,0.0014662049638546866
O=C(NC1CCN(C(=O)C2CC3(CC3)C2)C1)c1cc(O)ccn1,0.000560116021330932
O=C(NC1CN(C(=O)c2cncc(F)c2)C1)c1cc[nH]n1,0.14340480170154024
O=C(NCC(C1CC1)N(CC1CC1)C(=O)C1CCOCC1)c1cc[nH]c1,0.0011602527190932316
O=C(Nc1cccc(-c2ccccn2)n1)N1C[C@@H](F)C[C@@H](F)C1,0.00135027817712249
O=C(c1cc(F)ccc1C(F)(F)F)N1CCC12CS(=O)(=O)C2,0.0005812705585204674
O=C(c1cccc(-n2ccnc2)n1)N1CCOC12CCOCC2,0.2710923180648552
O=C(c1ccccc1N1CCOCC1)N1CC2CCC(F)(C2)C1,0.0011782623403745732
O=C(c1sccc1C(F)F)N1CCCC(O)(c2nn[nH]n2)C1,0.0004402078843420623
O=C1C(NC(=O)[C@]23C[C@H]2CCC3(F)F)CCN1Cc1ccc(F)cc1,0.00045580279104328865
O=C1CCC(CCC(=O)NCC(O)CNC(=O)c2cnco2)C1,0.00015288377019540957
O=C1NC2(CCCC2)C(=O)NC1Cc1nc(C(F)(F)F)cs1,0.000427393707817628
C[C@@H]1C[C@H]1C(=O)N1C[C@H]2CCN(C(=O)CC(C)(F)F)CC[C@H]2C1,0.0005734552814246058
C[C@H](CNC(=O)c1cc(=O)n(C)cn1)NC(=O)COc1ccsn1,0.0003441047094890036
CC(=O)N1C[C@H](C)O[C@H](C)C1,0.12559146085149328
CC(C(=O)NCC1COCCN1C(=O)CS(C)(=O)=O)C1CC1,0.11198920157576837
CC(C)(C(F)F)S(=O)(=O)NCc1cccnc1-n1cncn1,0.000535522468905028
CC(C)(C)C1CC(CNC(=O)NC2CCC(CO)(CO)CC2)C1,0.000314949618640001
CC(C)(C)NC1CCCN(C(=O)CNc2ccc(C#N)cn2)C1,0.0011288959963591044
CC(C)(C)c1nnc2n1CC(C(=O)Nc1nc(=O)cc[nH]1)CC2,0.0004892763432874593
CC(C)(CNC(=O)OC(C)(C)C)Cn1nnnc1N1CCC(CO)C1,0.0004907893300181177
CC(C)C(C)C(=O)NC1(CNC(=O)CCC2CCCO2)CCC1,0.0003637546381456104
CC(C)C(C)C(=O)NC1CN(C(=O)c2ccn(C3CCCC3)n2)C1,0.0005592252910654055
CC(C)CC(=O)N1CCN(C(=O)CN(C)c2ccccc2)C2(CCC2)C1,0.0011792024566261365
CC(C)COC1CN(C(=O)CCC(=O)c2ccc(F)c(F)c2)C1,0.1972922111514714
CC(CC1CCOC1)OC(=O)c1ccc(N2CC(C)OC(C)C2)nc1,0.001000898248794415
CC(CCNC(=O)[C@@H]1CCOC1)NC(=O)c1cc2n(n1)CCCN2,0.0008038720284105204
CC(CCO)C(=O)NC[C@H](C)NC(=O)c1ccc2nc[nH]c2n1,0.0004550308435417739
CC(CN)CNC(=O)N1CCC(Sc2nncs2)C1,0.00025319833901869164
CC(CNC(=O)c1cnns1)N(C)C(=O)C(C)n1cccn1,0.00024470476388361716
CC(CNC(=O)c1coc(C2CC2)n1)CN(C)C(=O)Cn1cccc1,0.0007295323377051226
CC1(N2CCC2)CN(C(=O)Nc2ccccc2C2CC2)C1,0.0004688834087877184
CC1(F)CN(C(=O)CCn2cc(-c3cncc(N)c3)nn2)CCO1,0.0004885135674677882
CC1CN(C(=O)C2CC23CC3)CC1NC(=O)c1cnsn1,0.26691393276981407
CC1CN(C)CC(C(=O)N2CC(CNC(=O)C3CC(=O)C3)C2)O1,0.0778477971922763
CC1OCCC1C(=O)N1CCCN(C(=O)C2CCC2(C)C)CC1,0.0004617683393432258
CCC(C#N)C(=O)N1CCC2(CCCCC2NC(=O)[C@@H]2C[C@H]2C)CC1,0.616821275563789
CCC(CNC(=O)C(C)N1CCOCC1)Nc1nc(C)ncc1C,0.00037983836889107255
CCC(CNC(=O)c1cnsn1)NC(=O)C1(CC)CCCC1,0.0005230497975870293
CCC1(CC)CN=C(N2CCN(C(=O)OC(C)(C)C)[C@H](C)C2)N1,0.3578545251312214
CCCC(=O)NCC1CC(C)(C)CN1C(=O)C1CCCn2nccc21,0.0006802225164718158
CCCN(CC(C)(C)O)C(=O)CCn1cnc2c(cnn2C)c1=O,0.0004294492352304393
CCCN(CC)CC(=O)N1CCN(c2ncc(F)cn2)[C@H](C)C1,0.00038406660571121493
CCCN(CCNC(=O)c1ccc(C)n1C)C(=O)C1CCN(C)CC1,0.0003818294122847517
CCCN1CC(C(=O)NC2CC3CCCC(C2)N3C)CC1=O,0.0004135264965715024
CCCOC(=O)C1CCCN(C(=O)NCC(C(C)C)N(CC)CC)C1,0.0009035843468165885
CCN(CCNC(=O)C1CC(C)(C)CC(C)(C)C1)C(=O)C1(O)CC1,0.0005097378966282655
CCNC(=O)NC(C)(C)C(=O)Nc1cc(C(=O)O)c(OC)cc1OC,0.000820106905271162
CCOc1ncccc1C(=O)NC1(CNC(=O)C(F)(F)C2CC2)CC1,0.3192486494734481
CCSC(C)C(=O)NCc1[nH]ncc1Br,0.0007151289404031456
CCSCC(=O)N1CCCN(C(=O)Cc2cscn2)CC1,0.00027460303431299526
CCc1ccc(C(C)C(=O)NCC(C)N(C)C(=O)CC(C)OC)cc1,0.0005504787907431325
CCc1cccc(NC(=O)COC(=O)CCc2nc(CC)no2)c1,0.0009081223695425304
CCc1cn2c(n1)CCC(C(=O)NCC(C1CC1)C1CC1)C2,0.0008542124444948327
CCc1cnoc1C(=O)N1CC(CC(C)NC(=O)C(C)O)C1,0.00032475862403523177
CCc1nnsc1C(=O)N1CC(O)(c2cccnc2)C1,0.0003027034797737572
CCn1cc(CC(=O)NCCN(C)C(=O)CCc2ncc[nH]2)cn1,0.0005120587218384034
CN(C(=O)c1nsc2ccccc12)[C@H](CO)CC(C)(C)C,0.0008061500841165773
CN(C)[C@H]1[C@@H]2CN(C(=O)NCCC3(C)COCCO3)C[C@@H]21,0.0003438892101831182
CN(C)C(=O)C1CCN(C(=O)C2(C)CCOC2)[C@@H]2COC[C@@H]21,0.0002837171986251834
CN(C)CC(C)(C)CN(C)C(=O)Cn1cc(Cn2cccc2)nn1,0.0006530722131902079
CN(C)S(=O)(=O)c1ccc(C(=O)N2CC(=O)N(C)[C@@H]3C[C@@H]32)o1,0.0002669784141498449
CN(CC(C)(C)Nc1ncccn1)C(=O)c1cn(C2CCC2)nn1,0.0007534801031337759
CN(CCNC(=O)[C@@H]1C[C@@H]2C[C@@H]2C1)C(=O)CC1CCCCC1(F)F,0.0014999588651580693
CN1[C@H]2CC[C@@H]1CN(Cc1ccc(-c3ccnn3C)cc1)C2,0.0009188976334888389
CN1CC2CCC(NC(=O)N3CCCN(CCO)CC3)CC2C1,0.00034477485330669007
CN1CCCCCCN(C(=O)c2n[nH]c3ccc(O)cc23)CCC1,0.40494040885429666
CN1CCCc2ccc(S(=O)(=O)NC3CCCC(N(C)C)C3)cc21,0.0006030594857124038
CNC(=O)COc1ccc(NC(=O)C23CC(N)(C2)C3)c(F)c1,0.00039009123503452685
CNCCN(C)CC(=O)Nc1ccc(C(=O)NC)cc1,0.0004942298556080085
CO[C@@H]1CC[C@H]1NC(=O)c1ccc(S(=O)(=O)NC(=O)C2CC2)cc1,0.0004007981951697904
CO[C@@H]1CCN(C(=O)c2cc(-c3ccccc3)n[nH]2)C[C@@H]1F,0.0008973650909363607
COC(=O)[C@]1(NC(=O)C2CCc3[nH]ncc3C2)C[C@@H](OC)C1(C)C,0.00029647360551589367
COC(=O)C[C@H](NC(=O)c1cc(F)c(C#N)c(OC)c1)C1CC1,0.37634270068879766
COC(=O)c1ccc(CNC(=O)Nc2ccn(CC(F)F)n2)cc1,0.0007861623740666655
COC(=O)c1ccc(S(=O)(=O)N2CCC[C@@]2(C)CO)c(Cl)c1,0.00033088059876194435
COC(=O)c1sc(NCC2(C)CCS(=O)(=O)CC2)nc1Cl,0.0010326209091094077
COC(C)(C)C(=O)NC1CCCN(C(=O)c2cccc3c2OCC3)C1,0.0004675272440140459
COC(C)C(=O)N1CCN(C(=O)Cc2cnc(C)s2)CC1CCO,0.0002798285834381322
COC(C)CCC(=O)N1CC[C@H](CNC(=O)c2csnc2C)C1,0.0004483662162438201
COC1(C(=O)O)CN(C(=O)C(C)(C)Cc2ccccc2Cl)C1,0.0005169523319637923
COC1CC(OC(=O)c2ccc3c(=O)n(C)cnc3c2)C1(C)C,0.000667658471945591
COCC(O)C(=O)NC1CCN(C(C)=O)C12CCCN(C(C)=O)C2,0.09837954438113715
COCC1(C(=O)N2C3CCC2CC(NC(=O)Cc2cnoc2)C3)CC1,0.3692122266630426
COCC1CC(O)CN1C(=O)c1cccc2[nH]c(=O)oc12,0.18685755280050914
COCCC1CCN(CCCN2C(=O)CCN(CC=CCl)C2=O)C1,0.0007059782664211344
COCCS(C)(=O)=NC(=O)c1cc2c(cc1Cl)NCC2,0.0009863282068200629
COCCn1c(Cc2ncn[nH]2)nnc1N1CCCC2(COC2)C1,0.0004115036657828533
COCc1cnc(OC)c(C(=O)NC2CCN(C(=O)C3CCO3)C2)c1,0.00028142828705767073
COCc1nn(C)cc1C(=O)NC1(CNC(=O)c2cn[nH]c2)CC1,0.1913398699035163
COc1cc(OC)cc(C(=O)NCc2cncn2C)c1,0.000722258345234564
COc1ccc(C(C)NCC(=O)Nc2nc(C)cs2)cc1O,0.0009427926717997784
COc1ccc(NC(=O)c2[nH]c(C)c(C(C)=O)c2C)nn1,0.3331753292621885
COc1ccc2c(c1)CN(C(=O)[C@@H](C)OCCN(C)C)CC2,0.0004196322326840253
COc1ccc2nccc(N3CCC(CO)(NC(C)C)CC3)c2c1,0.48122310746966424
COc1cccc(-c2cn(CCC(=O)N(C)C(C)(C)C)nn2)c1,0.0008472516372078504
COc1cccc(CC(=O)N(C)Cc2nccs2)c1F,0.0005145378165731461
COc1cccc(NCC(=O)N2Cc3ccncc3C2)c1,0.0006863303933247001
COc1ccccc1-c1noc(COC(=O)COC2(C)CCC2)n1,0.5052949578497483
COc1ccccc1C(=O)NCCN(C)C(=O)CCC1CCCCO1,0.0006286777028384269
COc1cncnc1NCC1(O)CCN(C(=O)c2ccon2)CC1,0.0005176868411287123
COc1nc(NC(=O)Cc2cccc(COC(C)C)c2)n[nH]1,0.0005547963879985713
COc1nnccc1NC(=O)NC1COc2cccc(C)c2C1,0.0009745666805040927
CS(=O)(=O)c1ccccc1CC(=O)N1CCSCC1,0.0002146547362079164
Cc1c[nH]c(CC(=O)N(C[C@@H]2C[C@H]2C)C2CCS(=O)(=O)C2)n1,0.0004015351889978952
Cc1c(C(=O)N[C@@H](C)CNC(=O)CCF)sc2ccccc12,0.0008283850553453715
Cc1c(C(=O)N[C@H](CO)C(C)C)cnn1C1CCCC1,0.0004798720139173973
Cc1cc(C(=O)N(C)C(C)CNC(=O)c2ccccc2Cl)c(C)[nH]1,0.0005731771005573863
Cc1cc(C(=O)N(C)CCN(C)C(=O)C2CN(C)C(=O)N2)on1,0.0003637410746193089
Cc1cc(C)c(NC(=O)CNC(=O)N2CCC3(CCCO3)C2)c(C)c1,0.000977314402977961
Cc1ccc(C(=O)NCC2(O)CC(Nc3nnc(C)o3)C2)c(C)c1,0.0005779662303988157
Cc1ccc(CC#N)c(NC(CNC(=O)C2CC(C)C2)C2CC2)n1,0.001439826911263079
Cc1cccnc1CC(=O)N1CCCC1CN(C)CC1CC(C)C1,0.00047718170060294656
Cc1ccnc(C(=O)NCC2CCN(C(=O)COC(C)(C)C)C2)c1,0.13640200564259783
Cc1nc(C(=O)N[C@@H]2CCN(C(=O)c3cncnc3C(C)C)C2)n[nH]1,0.13474194085269398
Cc1nc(C2CCN(C(=O)CCc3c[nH]nn3)C2)n[nH]1,0.00015627619169535667
Cc1nc(CO)ncc1C(=O)NC1CCCC1CNC(=O)[C@@H]1C[C@H]1C,0.00023845840510377172
Cc1nc(S(=O)(=O)N2CCCN3C(=O)CCC32C)cn1C,0.0003409296766601703
Cc1nc2n(n1)CCN(C(=O)CC(C)c1c(C)noc1Cl)C2,0.00029856972347202794
Cc1ncc(CN(C)CCN(C)C(=O)Cc2ccc(C)c(C)c2)o1,0.0003617092602820178
Cc1ncnc(NC[C@H]2CCCCN2C(=O)c2cc3n(n2)CCC3)c1F,0.0008428339717075803
Cc1nn(C)c(S(=O)(=O)NCC23CC(CO)(CCO2)C3)c1Cl,0.0003174221233954365
Cc1nnc(NCC2CC(NC(=O)C34CCOC(C)(C3)C4)C2)o1,0.0005934246411661293
Cc1ocnc1C(=O)N1CCCC(CCNc2nnccc2C#N)C1,0.716309134458656
Cc1ocnc1C(=O)NC(C)(CNC(=O)CC(C)C(C)C)C1CC1,0.0004211861400548898
Cn1cc(CC(=O)NCC(O)CNC(=O)CCC2CCCC2)nn1,0.00021545258813361877
Cn1cc(CN2C3CCCC2CNC3)c(C(F)F)n1,0.0006465381329599043
Cn1ncc(C2CC2)c1C(=O)NCC(O)CNC(=O)C(C)(F)F,0.0003451943633532166
Cn1ncnc1CC(=O)N1CCN(C(=O)c2cnn(C)n2)C(CCO)C1,0.0001615620098330346
NC[C@H]1CCCN1C(=O)Cn1nnc(-c2ccccc2)n1,0.0004511118253479265
O=C([C@]12CNC[C@H]1COC2)N1CCN2C(CNS2(=O)=O)C1,0.0001360846246839084
O=C(CCC1CC1)N1CCN(c2cn[nH]c2Br)CC1,0.0009985863850233466
O=C(CCc1ccc(Br)s1)N1C[C@@H]2COCC[C@@H]21,0.0005579744504349404
O=C(NC1(c2nc(C3CC3)no2)CC1)c1cncc(Cl)n1,0.11327209359404605
O=C(NC12CC(CO)(C1)OC21CCOCC1)c1nnc2c(F)cccn12,0.0002861412064319637
O=C(NC1COc2cc(F)ccc21)N1CCC[C@@H]2CC[C@@H](C1)[C@@H]2O,0.000708455990025103
O=C(NCC(F)=C1CN(c2ncns2)C1)C1(c2ccncc2)CC1,0.1735414674571124
O=C(c1cccc(N2CC[C@@H](F)[C@H](O)C2)n1)N1CCOCC1,0.0005461179144487104
O=C1CC(C(=O)NC2CCCC(NC(=O)c3ccc(F)o3)C2)CO1,0.0004538939422201926
O=S1(=O)CCCC(CO)(NC[C@@H](O)CC(F)(F)F)C1,0.00027589985945732337
C[C@]12CSC[C@H]1CN(C(=O)CSc1ncccn1)C2,0.0002960186854462381
C[C@@H](CF)NC(=O)C1(O)CCN(C(=O)OC(C)(C)C)CC1,0.0003593071426144148
C[C@H](O)C(=O)N1CCN(C(=O)c2cnc3c(c2)c(=O)[nH]n3C2CC2)CC1,0.15458653501329514
CC[C@@H](C)NC(=O)c1ccccc1OCC(F)(F)F,0.0006666613643103204
CC[C@@H](O)CN1CCC(NC(=O)OC(C)(C)C)(C(=O)OC(C)(C)C)C1,0.24450939763096766
CC[C@@H]1CN(C(=O)c2ccn(CC(C)C)n2)C[C@@H]1NC(C)=O,0.0003944628207343068
CC(=O)N1CC(C(=O)Nc2ccc3c(c2)N(C)CCC3)Oc2ccccc21,0.5404183671958009
CC(=O)NCCC(=O)N1CCN(C(=O)c2cccnc2O)[C@@H](C)C1,0.08403365679660718
CC(=O)Nc1ccc(F)c(C(=O)NCc2nnc3n2CCC3)c1,0.1615859623244232
CC(=O)OC1CCCN(S(=O)(=O)N2CC[C@@H]3OCCO[C@H]3C2)C1,0.00027234048153433675
CC(=O)OCCC(=O)NCC(O)CNC(=O)c1cc(CO)c(C)o1,0.00019942538629111705
CC(=O)c1cc(C#N)ccc1NC(=O)N(C)Cc1cccnc1,0.8011696303382557
CC(=O)c1ccnc(N2CCN(C3Cc4ccccc4C3)CC2)c1,0.0008365056243918917
CC(C(=O)NCC1CN(C(=O)CCC2CCCOC2)C1)N1CCC1,0.00034021200195997385
CC(C)C(N)C(C)(C)C(=O)Nc1nnc(-c2ccc(C#N)cc2)[nH]1,0.44072825776078095
CC(C)COC1CN(C(=O)NC2CCOc3c(F)cccc32)C1,0.0005690014745180181
CC(C)c1ccc(NC(=O)N2CC[C@H](CF)C2)c(=O)n1C,0.0007167919925379244
CC(C)c1ncncc1C(=O)Nc1ncc(S(C)(=O)=O)cn1,0.0006719114962430383
CC(CC(=O)N1C2CCC1CN(C(=O)C(C)c1ccco1)C2)C1CC1,0.0006311791267976985
CC(CN(C)C(=O)C1CCC(=O)N(C)C1)NC(=O)c1ccnn1C,0.0002749522197760676
CC(CN(C)C(=O)c1cnn(CCF)c1)NC(=O)C(C)C(C)(C)C,0.0006356195708838855
CC(CNC(=O)[C@H](O)C(C)C)CNC(=O)c1nccc(N)c1Cl,0.0008916026884511144
CC(CO)C(=O)N1CCCC[C@@H]1CNC(=O)c1ccc(C2CC2)cc1,0.0009453974209969233
CC(CF)C(=O)N1CCN(C(=O)Cn2ncnn2)C[C@@H]1C(C)C,0.00018830651079713274
CC(NC(=O)NC1CC(C(C)(C)C)C1)C1(O)COC1,0.0003577854404836229
CC(O)C(=O)N(C)CCC(NC(=O)Cc1cncn1C)C(C)C,0.00040103404092758417
CC(F)(F)C(=O)N1CCN(C(=O)c2cc(F)cnc2O)CC1CCO,0.0002703197324655263
CC1(C)C[C@@H]1C(=O)N[C@@H]1CCN(C(=O)C2CCc3c(nnn3C)C2)C1,0.00030150022088294736
CC1(NC(=O)[C@@H]2CC2(F)F)CCN(c2ncncc2Cl)C1,0.001042472329529141
CC1(F)CC(C(=O)NCC2CCCN2C(=O)[C@@H]2CC2(F)F)C1,0.3165414335289999
CC1CC(CNC[C@H](O)c2ccccc2F)CC(=O)N1,0.0003674503080345456
CC1CN(C(=O)C2CCSC2)CC(C)C1Nc1ncns1,0.253216607856741
CCC(=O)N1CCC2(CC1)CN(C(=O)C(OC)C1CC(F)(F)C1)C2,0.00044843881806495394
CCC(C)(C)c1nnc(NCC(NC(=O)c2cnco2)C2CC2)o1,0.40979049882188634
CCC(CC)CNC(=O)NCC1CC(C(=O)OC(C)(C)C)CO1,0.0006446284984689487
CCC(CNC(=O)c1nc(COC)no1)NC(=O)c1cnco1,0.0003106603742483079
CCC(O)CC(=O)N1CC2CC1CN(C(=O)C1(O)CC3CCC1C3)C2,0.0005167064232695387
CCC(O)CN(C)CC(=O)Nc1ccc2c(c1)CCC2,0.0005148052141693228
CCC(F)C(=O)NCCC(C)NC(=O)Cc1ccc(C)c(C)c1,0.00046700149868220267
CCC1(C(=O)NC2CC(n3cc(CC(C)(C)CO)nn3)C2)CCC1,0.0008582879890366254
CCC1CC(NC(=O)[C@@H]2C[C@H](Cc3ccccc3)CN2)C1,0.000266928291127981
CCCC(C)C(=O)N1CCC(CNC(=O)C2(SC)CC2)CC1,0.000667154825501339
CCCC(CC)C(=O)N1CCN(C(=O)C(F)F)CC1CCO,0.0004517482699078526
CCCCn1ncc(C(=O)N(C)C(C)C2(C)CC2)c1C,0.0006073807999787492
CCCN(CC)c1nnc(-c2cn[nH]c2)n1CCC(=O)N(C)C,0.0013335037743530584
CCCc1cc(C(=O)NCCN(C)C(=O)C2CC3(CC(O)C3)C2)no1,0.0004820039176143403
CCN(CCNC(=O)C(C)(CC)CC)C(=O)[C@H]1CCCO1,0.0005624378361410775
CCO[C@@H]1C[C@H]1C(=O)N1CC(Oc2nccs2)C1,0.00040953945077310515
CCOC(=O)N1CC(NS(=O)(=O)CCc2cnn(C)c2)C1,0.00017563544613361794
CCOC1CC1c1nc(-c2ccc(OC)c(C)c2)no1,0.3435947773204836
CCc1cc(C(=O)NCC(C)(C)CN2CCCC2)c(C)nn1,0.0005484201140419265
CCc1cc(C(=O)NCC(C)N(C)Cc2nccnc2C)c(C)nn1,0.00043037954022259056
CCc1cc(N2CC3(CNC(=O)C(CC)N(C)C)CC2CO3)ncn1,0.0005434074511688538
CCc1cnoc1C(=O)NC1CCCC1CNC(=O)c1cnc[nH]1,0.0006350088765148421
CCc1n[nH]c(CC)c1CC(=O)NC1(C)CCN(C(=O)COC)C1,0.00028242590776102005
CCc1sccc1C(=O)OCC(=O)NCC1CCOC1,0.0007656768286423276
CCn1nc(C)c(C(=O)NC(C)(C)CCNc2nnc(C)o2)c1C,0.0005874122743790712
CN(C)c1noc(CNC(=O)NC2(C(F)F)CCC2)n1,0.0003056062884759844
CN(CC1CCCN1C(=O)C1CCCS1)C(=O)c1cnc[nH]1,0.000767539001040174
CN(Cc1cc[nH]n1)C(=O)N1CCC(=O)c2ccccc21,0.24816768287164406
CN1C(=O)CN(C(=O)C(F)(F)c2cncs2)c2ccccc21,0.0007393002691736688
CN1C(=O)CN(Cc2cc(Cl)n3nccc3n2)C1C(C)(C)C,0.0009063740924469621
CN1CC[C@@H]2CCN(C(=O)c3cnn(C)c3-c3ccccc3)[C@@H]2C1,0.445268850771338
CN1CCCC(C(=O)NCC2(O)CN(C(=O)CCC3CCC3)C2)C1,0.18288644849280247
CNC(=O)c1nn[nH]c1NC(=O)c1ccc(SCC2CC2)nc1,0.16912550964475537
CO[C@@H]1CCCN(C(=O)C2CCCCN2C(=O)c2ccccn2)C1,0.3387492660100177
COC[C@@H]1C[C@@H](O)CN1S(=O)(=O)c1cc(C(F)(F)F)ccc1C,0.00041559712598973186
COC[C@@H]1C[C@H]1NC(=O)Nc1cccc2c(CC(N)C(C)=O)c[nH]c12,0.33500840106552765
COC[C@H](O)CN1CC[C@H](NC(=O)Cc2ccc(C(C)(C)C)cc2)C1,0.0002860252673424974
COC(=O)c1cccc(C)c1S(=O)(=O)N(C)Cc1ccns1,0.0004259247067590559
COC(=O)c1cccc(CN2CCC3CCC(C2)S3(=O)=O)c1,0.0003709837181955915
COC(=O)c1cccc2c1N(Cc1cnc(C(=O)OC)cn1)CCC2,0.507173602446123
COC1(C(=O)NC2CC(CNC(=O)CCc3nc(=O)[nH][nH]3)C2)CC1,0.00019287120806614656
COC1(CO)CCCN(C(=O)[C@@H]2CCCC[C@H]2C(F)(F)F)C1,0.0006332519479968311
COCC(C)(O)C(=O)NC[C@H]1CCCN1C(=O)C(C)(C)C1CC1,0.0004925111674883773
COCCN(C(=O)N[C@H](C)C(F)(F)F)C1CCC(C)C1,0.0004775233459183113
COCCn1cc(C2CCCN(C(=O)CC3CCCO3)C2)nn1,0.0004972325117907285
COCc1nccc(N2CCCCC3C(NC(=O)c4cc[nH]n4)C32)n1,0.0007463779963662411
COc1cc(C(=O)N(C)CCN(C)C(=O)[C@@H]2CCOC2)cc(C)n1,0.12706220083363548
COc1cc(C)c(CC(=O)N[C@@H](CO)c2ccc(Cl)cc2)cc1OC,0.0005635971606873657
COc1cc(C)c2c(c1)CCN(C(=O)N[C@H](C)C1CC1)C2,0.0007092186632205754
COc1ccc(NC(=O)CNC(=O)NCC(O)CCC2CC2)cc1,0.00052530612310203
COc1ccccc1[C@@H](C)NS(=O)(=O)c1ccc(CC(=O)O)cc1,0.0005471603754404228
COc1cnc(C(=O)NC(C)C2CCN(C(=O)c3ccon3)C2)nc1,0.17660315517117242
COc1cncc(C(=O)NC[C@@H](C)NC(=O)c2cc(O)cc(O)n2)n1,0.2404445234140449
CSC(C)C(=O)N(C)C(C)CCNC(=O)c1nnn(C)n1,0.00018319823932017346
CSCC(=O)NC12CCCCCC1N(C(=O)C1(C)CC1)CC2,0.5863737887634833
CSc1nc(C)cc(N2CCOc3cccnc3C2)n1,0.0007280043640378341
Cc1[nH]cnc1C(=O)NC(C)CC(C)NC(=O)C1CC(=O)C1,0.00031499269092365433
Cc1[nH]cnc1C(=O)NCC(C)NC(=O)Cn1nnc(C2CC2)n1,0.00018028377692877668
Cc1c(C(=O)NCC(C)(C)C2CCCN2C(=O)CN(C)C)ccn1C,0.0007576103457588412
Cc1cc(=O)n(C)cc1NC(=O)N1CCCC1CN1CCCC1,0.001241361566196695
Cc1cc(C(=O)N2CC(C)(NC(=O)CCn3ccnc3)C2)c(C)o1,0.0005039976899063241
Cc1cc(C(=O)N2CC(F)(F)CC2CNC(=O)C23CC2C3)on1,0.0007254074923946
Cc1cc(C)nc(NC2(C3CN(C(=O)c4nocc4C)C3)CC2)n1,0.3428562244837571
Cc1cc(C2CCN(C(=O)c3c(C)nc(=O)[nH]c3C)CC2)[nH]n1,0.0004822034790413923
Cc1ccc([C@H](O)CNC(=O)Cc2cnc3n2CCCC3C)cc1,0.00034137107553680845
Cc1ccc(C(=O)N[C@@H](C)C2CN(C(=O)C3CNC(=O)C3)C2)cc1F,0.00023894088466485107
Cc1ccccc1C(=O)N(C)C[C@H]1CCCN1C(=O)Cn1cccc1,0.000644324372881263
Cc1ccccc1C(C)C(=O)N1CCC(NCCF)C(C)C1,0.0004690832036343179
Cc1cnc(NC[C@@]2(CO)COC[C@@H]3CCCN32)c2ccccc12,0.0008368319069373063
Cc1csc(CN(C)c2nnc(C)n2CC2(C)CC2)n1,0.0008025648377718133
Cc1nc(C(F)(F)F)ccc1C(=O)NC1CCN(C2C=CCl)C1,0.0
Cc1nc(NC(C)CNC(=O)c2cnn3c2CC(C)CC3)ccc1C#N,0.0016264082028224767
Cc1ncc(C(=O)N[C@H]2[C@@H]3CN(C(=O)C4(C#N)CC(=O)C4)C[C@@H]32)n1C,0.14491035017213097
Cc1ncnc(NC[C@H]2CCCN2C(=O)CC2(C)CCCC2)c1C#N,0.0018173285296142682
Cc1nn(C)c(C)c1OCC(=O)NC1CCN(C(=O)C(C)O)CC1,0.0003016872402894533
Cc1nnc(N2CC(O)(CCNC(=O)c3ccccc3C(C)(C)C)C2)o1,0.0007471381825165694
Cc1nnc(NC[C@H](C)NC(=O)c2ccncc2)c(C#N)c1C,0.0012508704045311643
Cn1ccc(CC(=O)N2CC3CC2CCC3NC(=O)C2CC2F)n1,0.00033937327453541623
N#Cc1cncc(NC2(CNC(=O)C3=CS(=O)(=O)CCC3)CC2)n1,0.0008467001204300488
N#Cc1sccc1S(=O)(=O)Nc1ccc2c(c1)CC(O)C2,0.000934060343257071
NC(=O)NC1CCN(C(=O)Nc2nccnc2OC(F)F)C1,0.0008877682894364793
O=C([C@@H](O)c1ccccc1)N1CCCC(c2cc(O)cc(F)c2)C1,0.000643384997080565
O=C(C[C@H](O)c1ccccc1)N[C@H]1[C@@H]2CN(c3cc(=O)[nH]c(=O)[nH]3)C[C@@H]21,0.0002760288800915307
O=C(CCc1ccc(F)cc1F)OC1Cc2cccnc2NC1=O,0.0009251015373943399
O=C(CN1CCSC2(CCOCC2)C1)NC1CCOCC1,0.00034926042566667953
O=C(COc1ccon1)N1CCN(Cc2nc(CC3CC3)no2)CC1,0.10599571701551153
O=C(Cc1ccoc1)NC1CN(C(=O)C2(C(F)F)CCC2)C1,0.31066278239315653
O=C(Cn1ncnn1)N[C@@H]1CCCN(C(=O)C2CCC(F)(F)C2)C1,0.12678350049663473
O=C(N[C@@H]1C[C@@H]2CCC[C@]2(CO)C1)c1c[nH]nc1-c1cccc(F)c1,0.0011915498817244353
O=C(N[C@H]1CCN(c2ncc(F)cn2)C1)C1(O)Cc2ccccc2C1,0.0006829769328910898
O=C(NC1CCN(C2CCOCC2)C1=O)N1CCc2ccccc21,0.00047243387512011734
O=C(NC1CN(C(=O)C2CCCN2C2CC2)C1)c1cc(Cl)no1,0.00033934072045712596
O=C(NCC(O)CNC(=O)C1CCCCS1)c1ccns1,0.0003717911860736778
O=C(c1cccnc1)N1CC2CCC(C1)N2C(=O)C1(O)COC1,0.06843438213515574
O=C1CC(C(=O)NS(=O)(=O)N2CCCC2)c2ccccc21,0.14005251104212102
O=C1CCc2cc(C(=O)N3CCC(CF)(C(=O)O)C3)ccc2N1,0.0008596868374531252
C[C@@H](CCNC(=O)C1(C)CC(F)(F)C1)NC(=O)c1cc[nH]c1,0.0003609668421364478
C[C@H]1C(C(=O)Nc2cnc3ccc(Br)cn23)[C@@H]1C,0.0006340775676110276
CC[C@@H]1CN(C(=O)C(C)O)C[C@@H]1NC(=O)c1cnc2ncnn2c1C,0.00045821295006353934
CC[C@@H]1CN(C(=O)C2CC2C)C[C@@H]1NC(=O)c1ccc(C)n1C,0.0003218057043588127
CC[C@@H]1CN(C(=O)c2cccn2CC)C[C@@H]1NC(=O)C1CCN1CC,0.0005147992022581261
CC(=O)CCc1cn(C(C)C(=O)N2CCCC2C2CCCCC2)nn1,0.0006406079645091133
CC(=O)N1CC2(CCN(C(=O)C3(C)CCNC(=O)C3)CC2)C1,0.11674592206477903
CC(=O)NCCN(C(=O)[C@H]1C[C@@H]2CC[C@H](C1)S2(=O)=O)C1CC1,0.14451896735895595
CC(C)(C(=O)NCC(Nc1nncs1)C1CC1)c1cncnc1,0.0005666253501445384
CC(C)(C)OCC1CCCN1Cc1nnnn1CC1CC1,0.00043049407598589955
CC(C)C(O)CC(=O)NCC1CN(C(=O)[C@@H]2CC2(F)F)CCCO1,0.0004223775850699054
CC(C)CC(CNC(=O)c1cnc[nH]1)NC(=O)C12CC3CC(C(=O)N1)C2C3,0.0003427180283024953
CC(CC(=O)N[C@H](CCc1ccccc1)C(=O)O)n1ccnc1,0.00026413345797774443
CC(CC(=O)NC1CCN(Cc2ccon2)CC1O)(C1CCC1)C1CC1,0.0011893925625098031
CC(NC(=O)Nc1cnn2c1NCC(C)(C)C2)C1(C(F)(F)F)CC1,0.0006015693539368699
CC(O)C1CC1C(=O)N1CC(C)C(NC(=O)CCc2ccncc2)C1,0.00034515619484825174
CC(F)(F)c1ccccc1S(=O)(=O)NCC1CC(O)(C(F)(F)F)C1,0.0004906168292100331
CC1(C(=O)N2CCC(N(CC=CCl)CCF)CC2)CCC1,0.0009101314783672962
CC1(C)CC(C(=O)NCCC2CCN(C(=O)c3cccc(F)c3)C2)C1,0.00057285115947481
CC1(C)CCCC1(CO)NC(=O)c1cccc2c1NC(=O)CC2,0.000972594235761346
CC1(C)CCCC1C(=O)N[C@H]1C[C@H](CNC(=O)C2CC(=O)C2(C)C)C1,0.0002394135776295082
CC1(NC(=O)CC2Cc3ccccc3O2)CN(c2nncs2)C1,0.39581099654651425
CC1CC(C)(C(=O)NC[C@H]2C[C@@H](NC(=O)CC3CC4CC4C3)C2)C1,0.0007960151084687362
CC1CCCC(C)N(C(=O)[C@@H]2CSC[C@H]2c2ccccc2)C1,0.0008294554852546996
CC1CCCN(CC(C)NC(=O)CS(=O)(=O)C2CC2)C1,0.0003762338899809557
CC1OCCN(C(=O)Nc2ccn(CC3CCOC3)n2)C1C,0.0010018795923135537
CCC(=O)N1CCC(CCNC(=O)c2cc(CC)cc(=O)o2)CC1,0.0004937241102639956
CCC(=O)NCC(=O)N1CCCC(NC(=O)c2c(C)ccn2C)CC1,0.0004139857209419426
CCC(C)N(CC)C(=O)Cn1cc(-c2nn[nH]n2)cn1,0.0007875512005791149
CCC(CN1CCN(C(=O)c2cncc(C(=O)NC)c2)[C@@H](C)C1)OC,0.3473822375001962
CCC1(C)CC1C(=O)NC1CCCN(CCn2cccn2)CC1,0.0011129105157320007
CCC1(C)CN(C(=O)C(F)(F)c2ccc(=O)n(C)c2)C1,0.0006126952867217281
CCC1CN(C(=O)Cn2cc(C3(C)CCCO3)nn2)CC(C)O1,0.0005189416064890949
CCCC(=O)NCCN(CCOC)C(=O)c1ncc(CC)s1,0.0006615594297713658
CCCC1(C(=O)N(C)CCNC(=O)C2CCCC2OC)CCC1,0.0009042485631811825
CCCC1(C(=O)NCC[C@H](C)NC(=O)C2COCCO2)CCC1,0.0006019444817679923
CCCCC1CCC(C(=O)N2CCC[C@H](Nc3nnn(C)n3)C2)CC1,0.0011381706906145941
CCN(C(=O)C1(F)CC1)C1CCN(C(=O)[C@@H]2C[C@H]2c2ccccc2)C1,0.0005118312699299419
CCN(C(=O)CCc1nnc(C2CC2)o1)C1CCN(C(=O)CO)C1,0.00019307053372495789
CCN(CC(=O)NC(C)CNC(=O)CCC1CCC(=O)N1)C1CC1,0.1262315829314174
CCN(CCNC(=O)c1c(C)cc(C)[nH]c1=O)CC(F)(F)F,0.0005086627090614019
CCN(Cc1cnn(CC)c1)C(=O)c1ccc(C(=O)OC)n1C,0.0005463894735497687
CCN1C(=O)CCC1C(=O)NC(C)CN(C)C(=O)CCC1CC1,0.21570066542811414
CCN1CCC1C(=O)NCC[C@H](C)NC(=O)c1ccn2cncc2c1,0.0004977235141851186
CCOC(=O)[C@@H]1C[C@@H](NC(=O)c2ccccc2Cc2nn[nH]n2)CCO1,0.0002484688702095411
CCOC(=O)CN1CCC(NC(=O)C(CC)C2CCOCC2)CC1,0.0004405824758200042
CCOC(CC)C(=O)N[C@H]1CN(C(=O)CN(CC)CC)C[C@H]1C,0.0003549908089662612
CCOC1C(C)C1C(=O)N[C@@H](C)CNC(=O)C(C)c1ccco1,0.0003727197554805324
CCOCC(=O)N1CCCC1C(C)(C)NC(=O)C1CCOC(C)C1,0.0004240592867472459
CCc1ccc(OCC(=O)N2CC(CO)(NC(=O)C(C)CO)C2)cc1,0.0002701070514973852
CCc1nc(N)nc(NC2CN(C(=O)C3CCC(=O)N3CC)C2)n1,0.00041088519695711505
CCc1nn(C)cc1C(=O)N[C@H]1C[C@@H](Nc2nccc(C(C)(C)C)n2)C1,0.0011037060088431333
CCc1nsc(N2CCC3(CC2)CN(C(=O)C)CCO3)n1,0.2238709694044808
CCn1ncc(C(=O)N2CC3(CCCN(C(=O)CCF)C3)C2)c1C,0.21907363862686258
CCn1ncnc1C(=O)N[C@H](C)CNC(=O)c1ccc(=O)n(C)c1,0.00017541904482418016
CN(C[C@H]1CCCCN1)C(=O)C1CCc2nnc(Cl)cc2C1,0.0005529564137359685
CN(CCNC(=O)C1CCCN1C1CC1)C(=O)CC1CCOC1,0.00028549198220128306
CN1C(=O)CC[C@H]1C(=O)NC1(CNC(=O)C2CC3CCC2C3)CCC1,0.2976453931952611
CN1CC(CC(=O)NCC2CCCN(C(=O)[C@H]3CCC(=O)O3)C2)C1,0.1320872218611118
CN1CC2(CN(S(=O)(=O)c3ccc(C(C)(C)C)nc3)C2)OC1=O,0.00019265719050788564
CN1CCOCC1C(=O)NC1CCN(C(=O)[C@H]2CCC(=O)N2)C1,0.15553303774638766
CNC(=O)CCCN(C)C(=O)[C@]1(c2ccc(OC)cc2)C[C@@H](F)C1,0.0003048521015178969
CNC(=O)CN1CCC(NC(=O)N(C)C2Cc3ccccc3C2C)CC1,0.00038697521653376896
CNCc1cn(-c2ccc(C(=O)N3CC(C)SC(C)C3)cc2)nn1,0.000742308852830057
CO[C@]12CCC[C@@]1(C(=O)Nc1cccc3ccn(C)c(=O)c13)CCO2,0.0005241325769420697
COC(=O)[C@@H]1CC[C@@H]1CN1CC(C)(C)[C@@H]2COC[C@@H]21,0.00025588817776206696
COC(=O)N1CC2CCC1C(C(=O)Nc1cccc(OC)c1)C2,0.0006608163015679284
COC(=O)c1ccc(C)c(NC(=O)CN2CCNCC2C2CC2)c1,0.000741257338562935
COC(CN(C)C1CCCN(C)C1=O)c1ccc(C)cc1,0.0004161798050872607
COC1(CN(C)C(=O)N2CCN(C)c3ccc(C#N)cc32)CCOC1,0.0014382158309418894
COC1(CO)CCCN(Cc2c[nH]nc2-c2cccc(C#N)c2)C1,0.0013190592313416618
COC1CC(C(=O)N2CCCC(NC(=O)CC(C)C3CC3)C2)C1,0.00030894950371049686
COC1CC2(CCN(c3ncnc4cc(C4)n(CC(N)=O)n3)C2)C1,0.19059822757139727
COCC(=O)N1CCCC(Nc2ncncc2C#N)C1,0.0008399349037208542
COCC1(C(=O)OC(C(=O)OC)c2ccc(F)cc2)CCCO1,0.0004716405197754174
COCCC(=O)N1CCC(CNC(=O)C(C)Oc2ccccc2)C1,0.0003858071209596937
COCCN(C(=O)OC(C)(C)C)C1(C(=O)Nn2cccn2)CC1,0.0007948732787212263
COCc1nc2n(n1)CC(Nc1nc(Cl)ncc1Cl)CC2,0.0005221255196971447
COc1ccc(C)c2[nH]c(C(=O)N3CC[C@@H](CO)C[C@H]3CO)cc12,0.000704885226897557
COc1cccc(C(=O)N2CCC[C@@H]2CNC(=O)c2nncs2)n1,0.10494031334199776
COc1cccc(C(=O)N2CCC[C@@H]2CNc2nccc(OC)n2)n1,0.40306539522390444
COc1cccc2cc(C(=O)NCCC3(C(=O)O)CCC3)oc12,0.5384842847756037
COc1nccc(C(=O)NC2CCCN(C(=O)C3(C4CC4)CC3)C2)n1,0.000658662781855574
CS(=O)(=O)N1CC(C(=O)N[C@H]2[C@@H]3CN(c4cc(O)ncn4)C[C@@H]32)C1,0.00035582438480135276
CSC1(C(=O)NCCC2CCCN(C(=O)c3cnco3)C2)CC1,0.3491522779621018
CSCC(Cc1cccs1)NC(=O)N1CCc2cn[nH]c2C1,0.00042243636477889827
Cc1[nH]ccc1C(=O)N[C@@H]1CCN(C(=O)C(C)N2CCC(O)CC2)C1,0.00033538451311435335
Cc1[nH]nc2ncc(C(=O)N3CCCC(CNC(=O)C4CC4)C3)cc12,0.33775340856266683
Cc1cc(C(=O)NCC(NC(=O)CNc2cnn(C)c2)C(C)C)[nH]n1,0.0006513261777650013
Cc1cc(C(F)(F)F)nn1CCNC(=O)C1CNCC(O)C1,0.0002593007329990089
Cc1cc(N[C@H]2C[C@H](CNC(=O)C3(O)CCCCC3)C2)ncn1,0.001075248990848751
Cc1ccc(C(=O)N2CC(NC(=O)CC(C)C3CC3)CC2C)n1C,0.0003215541190075135
Cc1ccc(CCNC(=O)N2C[C@@H](CO)O[C@H](C)C2)cn1,0.00021177273348784389
Cc1ccc2nonc2c1NC(=O)NC[C@H]1C[C@@H](N(C)C)C1,0.0010743705731341112
Cc1cccc(C2(F)CCN(C(=O)CNC(=O)c3ccco3)CC2)c1,0.0007064935664758477
Cc1ccn(C(C)CC(=O)N(C)[C@@H](C)c2cccnc2)n1,0.0005789576873720207
Cc1ccn(CC(C)(O)C(=O)NCc2sccc2C)c(=O)c1,0.00046688849261241055
Cc1cn(C)nc1C(=O)N[C@@H]1CCN(C(=O)CC2CCCCO2)C1,0.000707272390857689
Cc1cnc(CC(=O)N[C@H]2[C@@H]3CN(c4ncccc4C#N)C[C@@H]32)s1,0.5043367995201923
Cc1conc1C(=O)NCC1C(C)CCCN1C(=O)[C@@H]1C[C@@H]2C[C@@H]2C1,0.0005001703197000674
Cc1nc(C(=O)N[C@@H](C)CNC(=O)CNC(=O)c2ccccc2)co1,0.12517496966077044
Cc1nc(C)c(CC(=O)NCCS(=O)(=O)NCC2CCC2)s1,0.0004928691252823817
Cc1ncc(Cl)c(C(=O)N(C)CC(C)CNC(=O)c2ccoc2)n1,0.0008054803470450873
Cc1nccnc1C(C)NC(=O)NC1CC(C)CC(C)C1,0.00045051541366453185
Cc1nnc(N[C@H]2C[C@@H](NC(=O)C3CCc4ccccc4C3)C2)o1,0.0010507049965255246
Cn1cc2cc(C(=O)NC3(CCO)C4CC4C3)ccc2n1,0.0007077012693602184
Cn1ccc(C(=O)NCC(O)CNC(=O)c2csnn2)c1,0.0002064818711670371
Cn1cnc(C[C@@H](NC(=O)C2CCC3(CCC3)O2)C(=O)O)c1,0.0005375009653612209
Cn1cnc(C(=O)N2CCC(O)(CNC(=O)C(F)(F)CO)C2)c1,0.0002105670210907855
Cn1nc(C(=O)NCC[C@H]2CCCN2C(=O)C2CCC2)ccc1=O,0.000489097520483156
Cn1nc(C(F)(F)F)cc1NC(=O)c1csc(C(F)F)n1,0.0010906090243795882
N#CC[C@@H]1CN(C(=O)c2cnc3nc(C#N)ccn23)C[C@H]1O,0.2782565031823541
N#Cc1cnc2c(C(=O)OCC[C@H]3CCCO3)cnn2c1,0.0013207530253484517
N[C@H]1C[C@@H](O)[C@@H]1CC(=O)N1CCN(CC2COCCO2)CC1,0.00012483720777632166
NC[C@@H]1C[C@H](F)CN1C(=O)c1cc(OCC(F)F)ccn1,0.00034147975082736003
NC(=O)CN1CCCC(NC(=O)c2ccc3[nH]cnc3c2F)C1,0.3118302175543712
Nc1c(C(=O)N2CC3CC2CN(C(=O)C2CC2F)C3)cnn1CCO,0.0005071074886846532
O[C@@H]1COC[C@H]1Nc1cc(-c2cncc(Br)c2)n[nH]1,0.0008086243066715349
O=C(C1C(F)(F)C12CCC2)N1CCCC12CCS(=O)(=O)C2,0.3788521482020626
O=C(CN1CCCNC1=O)NCC12COC(CCO1)C2,0.00018891231414362058
O=C(NC1CC(CCn2cc(CCO)nn2)C1)C1CC2CC2C1,0.0006594622936880065
O=C(NC1CC2CN(C(=O)c3ncc[nH]3)CC21)c1ncc[nH]1,0.00046390185479027417
O=C(NC1CCC2C1C2(F)F)c1nccc2ccccc12,0.598564329807878
O=C(NC1CCN(CC(F)(F)F)C1=O)C1(F)CC2(CCC2)C1,0.0005242046078689056
O=C(NCC1(F)CN(C(=O)c2ncn(-c3ccccc3)n2)C1)C1CC1,0.222190751355798
O=C1C[C@H]2CCN(C(=O)CSc3ccc4c(c3)CCC4)C[C@H]2N1,0.000543791941619047
O=C1N[C@@H](CC(=O)N2CC(CNC(=O)C3CC[C@H]4C[C@H]4CC3)C2)CO1,0.12681763669390922
O=S(=O)(NCC(O)C(F)(F)F)N1C[C@@H]2C[C@H]1CN2,0.0001620042435637175
C[C@@H](CCNC(=O)C(C)(F)F)NC(=O)C1(C)CCCS1(=O)=O,0.00033054132730086936
C[C@@H](O)C(=O)NCC1CC(C)(C)CN1C(=O)C1CSC1,0.00015739714169583604
C[C@@H]1COC[C@@](CO)(CN(C)Cc2ccc(C3CC3)cc2)N1,0.00040934883882503664
C[C@H](O)C(=O)N1CC(CNC(=O)c2ccc3oc(=O)[nH]c3c2)(OC)C1,0.0003292880419161582
C[C@H]1C[C@@H]1C(=O)NC1(C)CCN(C(=O)c2cc(Cl)c[nH]2)CC1,0.00038986621474375966
CC(=O)CCC(=O)N[C@@H]1CCN(C(=O)C2CCOC(C)(C)C2)C1,0.15391418639804821
CC(=O)CCCC(=O)N1CCC(NC(=O)COC2(C)CCC2)CC1,0.00017204266947877465
CC(C(=O)N(C)C1CCN(C(=O)CN(C)C)CC1)c1ccccc1,0.00039569889688755407
CC(C)(C#N)C(=O)NC1CCN(C(=O)C2(CO)CCCO2)C1,0.24998066294494298
CC(C)(C)OC(=O)N[C@@H](C(=O)NCC1CCCC2(CC2)C1)C1CC1,0.0008300467720914319
CC(C)(Nc1nnc(C2CCCCO2)n1CC1CCCCO1)C(=O)O,0.0007405165285340491
CC(C)(F)C(=O)N1CCC2(C1)CN(C(=O)c1ccn3ncnc3c1)C2,0.0004185961675886861
CC(C)(F)C(=O)NCC1CN(c2ncc3cc[nH]c3n2)CCCO1,0.0005295757975802828
CC(C)C(=O)N1CCCC1C(=O)NC(C)C1CN(CC2CCCC2)C1,0.13391278035987153
CC(C)COC(C)C(=O)N[C@H]1C[C@@H](NC(=O)C2COCCO2)C1,0.00024447576456242744
CC(C)Cn1cc([C@@H]2C[C@H]2NC(=O)NCc2cc[nH]n2)cn1,0.0004616504155730515
CC(C)S(=O)(=O)N1CCN(C(=O)C(F)C2CC2)CC1,0.0002444834824014662
CC(C)c1nnc(SCc2cccc(S(C)(=N)=O)c2)n1C,0.0005122005073177419
CC(CC1(O)CCOCC1)NC(=O)c1cnn(C)c1Br,0.0005150253475609669
CC(CC1CN(C(=O)Cc2ccsc2Cl)C1)NC(=O)CCF,0.0005303754548334278
CC(CCO)C(=O)N[C@H]1C[C@H](NC(=O)c2cc3c([nH]2)CCOC3)C1,0.0003951512588585493
CC(COC(=O)c1ccnn1C1CC1(F)F)N1CCNC1=O,0.00032092580659528856
CC(NC(=O)COC(=O)COC1CCCC1)c1ccccn1,0.0004154840910993067
CC(NCC1(C(C)(C)C)CCNC1)c1nnc(C(C)C)o1,0.00032824532080287045
CC(O)C(=O)N1CCCC(NC(=O)C2(O)CCSCC2)C1,0.10866096992280425
CC1(C)CN(C(=O)Cn2ncnn2)CC(NC(=O)C2CCC2F)C1,0.00016708446818797953
CC1(C)CN(C(=O)c2ccc(CN3CCCC3)cc2)CCC1O,0.0006226371270639669
CC1(NC(=O)Cn2cncn2)CCC(NC(=O)[C@H]2CCC(=O)N2)CC1,0.0001967428891691159
CC1CC(=O)NCC1C(=O)NC1CN(C(=O)CC2CC2)CC1C,0.139412512606229
CC1CC(CNC(=O)Cc2ccccn2)CN1C(=O)c1ccns1,0.00036259776294051956
CC1CC(CNC(=O)c2ccc(N(C)C)cn2)CN1C(=O)[C@@H]1CCOC1,0.0006411982611852533
CC1CCC(C(=O)NCC(O)CNc2cc3nncn3cn2)C1,0.00042602988210219643
CC1CCN(C(=O)Cn2ccsc2=N)CC1NC(=O)c1cnoc1,0.0009271681849764162
CC1CN(C(=O)c2ccc[nH]2)CCN1C(=O)c1cnc2n1CCOC2,0.16077018709510513
CCC(=O)N1CC2(CCCN(C(=O)c3cnoc3-c3ccoc3)C2)C1,0.6973400037323684
CCC(C)C(OC)C(=O)NCCN(C)C(=O)c1cccc(O)c1,0.00042416011267332697
CCC(CC)CS(=O)(=O)Nc1cnn(-c2ncccc2Cl)c1,0.43788549397536175
CCC(COC)NC(=O)Nc1cc(C(=O)NC)c2ccccc2n1,0.0005568042022111839
CCC(F)(F)CC(=O)N1CCCC1CNC(=O)c1cccnc1N,0.3863181771957729
CCC1CCCCN1CCNC(=O)C(F)C1(O)CCCC1,0.0005370802485122112
CCC1COCCN1C(=O)c1cn(CC)nc1-c1ccncc1,0.0005655159024946497
CCCCC(CNC(=O)[C@@H]1CNC(=O)C1)NC(=O)C1CCC(C)C1,0.1845068803182684
CCCCN(CCCO)Cc1ncc(-c2ccc(F)cc2)o1,0.0017102689188042625
CCCn1ncc(C(=O)NCCN2CC[C@H](O)C2)c1-c1ccccc1,0.0005751806332550551
CCN(C(=O)OC(C)(C)C)C1CCCN(CCOC2CCOCC2)C1,0.0011977777495279648
CCN(C)C(=O)[C@@H](C)NCc1ccc(Cl)c(F)c1,0.00042886944714174856
CCN(CCN,0.0
CCOC(=O)[C@@H](CCc1ccccc1)NC(=O)Cc1ccns1,0.0005095739661449492
CCOC(=O)CC1(NC(=O)Cn2ccc3ccccc32)CC1,0.0004107332334024208
CCOC(C)(C)C(=O)N1CCC(CCNC(=O)COC2COC2)C1,0.00027948978338556584
CCOC1CC(CC(=O)N2CCC(CO)(C(F)(F)F)C2)C1,0.0003816718098454907
CCOCC(O)CN(Cc1ccccc1)C1CCCC1,0.0004543960044164099
CCc1cc(C(=O)OCC(=O)N2CCCCCC2)cn(C)c1=O,0.0002175804774377042
CCc1ncc(Br)cc1C(=O)N1CCC1CC1CC1,0.0006131779621224468
CCn1c(C(=O)OC(C)Cn2ncc(C#N)c2N)cnc1O,0.0009735349583710441
CN(C(=O)[C@@H]1Cc2ccccc2CO1)C1(C)CCOC1,0.00034368293105015445
CN(C(=O)c1scnc1Cl)[C@H]1C[C@@H](C(N)=O)C1,0.0003574016296817715
CN(C)C1CC(NC(=O)c2ccn3cc(C(F)(F)F)nc3c2)C1,0.0004893520975817716
CN(C)Cc1cccc(CNC(=O)[C@@]23CNC[C@]2(C(F)(F)F)C3)c1,0.00033369240810824367
CN(C)c1ccc(C(=O)NCC2CCN2C(=O)C(C)(C)CF)cc1,0.001208441956830675
CN(CC(C)(C)CO)C(=O)c1ccc(F)c(OC(F)(F)F)c1,0.0008162529557926392
CN(CC1CCCN(C(=O)C2CCCC2O)C1)C(=O)c1ccncc1,0.0004552178140919924
CN(CC1CCCN(C(=O)C2CSC2)C1)c1ncnc2c1CCC2,0.0008690741821944194
CN(CCNS(C)(=O)=O)Cc1cccc(Cl)c1F,0.00041773860225294344
CN1CCC[C@@H]1C(=O)NCC1CCN1C(=O)CC1CCC(=O)N1C,0.13978211960029227
CNc1cccc(-c2cn(CCC(=O)N3C[C@@H](C)OC(C)(C)C3)nn2)c1,0.0010707294390670675
CO[C@@H]1C[C@@H](CNC(=O)N2CC(C(=O)OC)OCC2(C)C)C1,0.00038344105320515186
COC(=O)c1cnc(CNC(=O)COc2cccc(C)c2)s1,0.0005745587218299238
COC(=O)c1cnc(CNC(=O)N(C)Cc2cnc(C)s2)s1,0.000666649946562632
COC(=O)c1ncoc1CCC(=O)OCC(=O)C1(C#N)CC1,0.0003411794269106195
COC(C)(C)CC(=O)NC(C)CCNC(=O)C12CC1C2,0.00031499502849664237
COC(C)(C)CN(C)c1nnnn1CC1CCOC1,0.0005273601266531003
COCC(O)C(=O)NC(CNC(=O)CCC1CCC1)C1CC1,0.00045254560091978214
COCC1(C(=O)N2CCN(C(=O)c3ccc(N)cn3)C[C@H]2C)CCC1,0.0007030317404948696
COCC1(C(=O)NCC2CCCN(Cc3n[nH]c(C)n3)C2)CCC1,0.0004294928209990183
COCC1(C(=O)NCCN2CCN(Cc3nn(C)c(=O)[nH]3)CC2)CC1,0.0003433808581479679
COCCC(C)C(=O)OCc1nnnn1C(C)C,0.0003435454977369343
COCCn1ccc(C(=O)OCCN2CC(C(=O)OC)CC2=O)n1,0.00043737780015496157
COCc1ncc(NC(=O)N(C)C(COC)C(F)(F)F)cn1,0.0005285258118502599
COc1cc(CC(=O)NC2CCN(C(=O)c3occc3C)C2)ccn1,0.00034584923074063153
COc1ccc(C#N)cc1-c1cccc(NCC(O)CN2CCCC2)c1,0.8479399038774991
COc1ccc(NC(=O)C(C)CC2CCCO2)cc1OC(F)F,0.0016964143965744168
COc1ccc(S(=O)(=O)N2CCOC(C(C)C)C2)c(F)c1,0.00043445037628972157
COc1cccc(COCC(O)Cn2cc(CC(O)C3CC3)nn2)c1,0.0005876569778382943
COc1ccccc1NC(=O)COC(=O)c1ccn(C(C)C)c(=O)c1,0.45164128185292773
COc1cncnc1N1CC(CC(C)NC(=O)COC(C)C)C1,0.0007476125876542213
COc1cncnc1NC(C)CCNC(=O)C1(C)COC(=O)OC1,0.000676459317586805
Cc1cc(C(=O)N[C@H]2CCN(C(=O)C3CC3C(C)O)C2)on1,0.00033661635698272016
Cc1cc(NC2(CNC(=O)C(O)C3CC3)CCOCC2)nc(CO)n1,0.0005294352218701657
Cc1cc(F)ccc1CCNS(=O)(=O)N1CCNCC1C,0.0002886661561615647
Cc1ccc(CC(=O)N2CCN(C(=O)NC[C@@H]3C[C@@H]3CF)CC2)cc1,0.00032629357175568876
Cc1ccc(O)cc1C(=O)N1CC([C@@H](C)NC(=O)c2cn[nH]c2)C1,0.2852125992470841
Cc1cccnc1C(=O)N1CCC(NC(=O)c2cn[nH]c2C)CC1,0.1892026485231977
Cc1ccn(C)c1C(=O)N1CCN(c2ncccc2C(N)=O)C[C@H]1C,0.0006874605237943346
Cc1ccn(C)c1C(=O)N1CCOC(CN(C)C(=O)c2c[nH]nn2)C1,0.1395339551422532
Cc1ccnc(N2CCC(F)(F)C(CNC(=O)Cn3cnnc3)C2)n1,0.0007972155714703302
Cc1cncc(C(=O)N2CCC[C@@H](NC(=O)C3CCOC(C)C3)C2)c1O,0.25156287170929525
Cc1n[nH]c(C)c1NC(=O)c1sc(Br)nc1C,0.0007893978116099781
Cc1nc(C(C)C)ncc1C(=O)NC1CC(C)N(C(=O)CCF)C1,0.0003764839427473243
Cc1nccc(N2CCC(NC(=O)c3n[nH]c(C)c3C)C(O)C2)n1,0.0005047900520352857
Cc1nnc(CNC(=O)NC(C)C(N)C(C)C)s1,0.0003719322800499712
Cc1nnc(NC2CCN(C(=O)c3ccnn3C3CCCC3)C2)nc1C,0.00045556870597628817
Cn1cncc1C(=O)N1CC(CNC(=O)C[C@H]2COC(=O)N2)C1,0.00021599780563953672
Cn1nccc1C(O)C(=O)N1CC(NC(=O)c2ccc(N)nc2)C1,0.278065444695616
N#Cc1ccnnc1NCC1(NC(=O)C(O)c2ccccc2)CCCC1,0.0014722467675712912
NC(=O)c1ccc(C(=O)NCC23CCC(CO2)C3)cc1Cl,0.0003923096786831967
O=C(C[C@H]1CCOC1)N[C@H]1CCCN(c2ncnc3[nH]ccc23)C1,0.0008318351327911841
O=C(CC1(O)CCCOC1)Nc1c(Cl)ccc2c1CCO2,0.0009667385081191766
O=C(Cc1cccc2cnccc12)N1CCCCC12CCCNC2,0.0015922247902886702
O=C(Cc1cnsc1)NC[C@H]1CCCN1C(=O)C1CC(C2CC2)C1,0.000645964854154705
O=C(NC1CCN(C(=O)C(F)F)CC1)C1CCN(C2CC2)CC1,0.0004175176630344584
O=C(NC1CCOCC1F)N1CCC2(C1)Oc1ccccc1O2,0.0004915048216402977
O=C(NCC(O)c1cccnc1)C1CCNC2C1C2(F)F,0.0003020929505412939
O=C(NCCC1COCCO1)c1ccnc(OC2CC2)c1,0.00031679642411046874
O=C(NCCn1cc(C2(O)CCOC2)nn1)C12CCCCC1C2,0.000642051195878055
O=C(NCc1ccc2c(c1)C(=O)NCC2)c1cccc(C2CCCN2)c1,0.0005756438692761581
O=C(NCc1cnccc1O)NC1CC12CCC(F)(F)CC2,0.00043330524367509327
O=C(NCc1nnnn1C1CC1)[C@@H]1C[C@H]1c1cc(F)ccc1F,0.0004377111809776974
O=C(O)CC1CN(C(=O)c2sccc2-n2ccnn2)C2(CC2)CO1,0.0005248639927245851
O=C(O)c1ccc(CC(=O)N2CCOCC2C2CC2)cc1,0.00045585696936611074
O=C(OCc1ccnc(-c2ccccc2)n1)[C@@H]1C[C@@H]1F,0.0012938402218533977
O=C(OCc1nnc2n1CCCCC2)C1(c2ccc(F)cn2)CC1,0.000570503246053358
O=C(c1cc[nH]n1)N1CCN(C(=O)C2CC[C@H]3C[C@H]3CC2)CC1,0.0007976485418363645
O=C1CC(CCOC(=O)c2ccnc3c2CCC3)CCN1,0.0003838618126384534
O=C1CCc2nc(N3CCC(F)(CNC(=O)c4cocn4)CC3)ccc21,0.0004684652113076678
O=C1COc2c(cccc2C(=O)Nc2ccc3c(c2)C(=O)CCO3)N1,0.0008814309505820752
O=C1Nc2ccccc2C2(CN(C(=O)c3cc(F)ccc3F)C2)O1,0.5923079014787048
O=S(=O)(Cc1ncoc1C(F)F)NCC12CC(CCO1)C2,0.0003531747473585329
C[C@]12C(NC(=O)N3CCCC(N4CCCC4)CC3)C[C@H]1C2,0.0008831709454344872
C[C@@H](C(=O)N1CC(CNC(=O)CC2CCC(F)(F)CC2)C1)N(C)C,0.14866064113986263
C[C@@H]1[C@@H](O)CCN1C(=O)NC1CCC(c2ccccc2)C1,0.0004510877692620755
C[C@H](Cc1cn(C)nn1)NC(=O)c1cc(Cl)cc(Br)c1,0.0006142253473743615
CC[C@@H]1C[C@H](C(=O)N2CCC(OCC(=O)OC)CC2)CC(=O)N1,0.0002794080203700237
CC[C@@H]1C[C@H]1C(=O)NCC1CCN(C(=O)C(O)c2cccc(C)c2)C1,0.0004936908062401626
CC[C@@H]1CN(C(=O)Cn2cc(CO)nn2)C[C@@H]1NC(=O)c1ncc[nH]1,0.00028631161649458653
CC(=O)Nc1cccnc1NC(=O)CCN1Cc2ccccc2C1=O,0.5731379100712712
CC(C)C(O)c1cn(C2CCN(C(=O)C3CCCOCC3)C2)nn1,0.000581516577126013
CC(C)C1(C(=O)NC[C@@H]2CCCN2C(=O)C(F)C2(O)CCCC2)CC1,0.15534557461701354
CC(C)OC1CCN(Cc2cc(C3CC3)n(C)n2)CC1,0.0007973885956742624
CC(C)OCC(=O)N1CC(NC(=O)c2cnccc2N)CC1C,0.19517976732513845
CC(C)OCCN1CCCC2(C1)CN(C(=O)c1ccns1)C2,0.42884999883591374
CC(C)Oc1nccnc1N1C[C@H]2CN(C(=O)OC(C)(C)C)C[C@H]2C1,0.5260122614867392
CC(CCNC(=O)CC1CC(F)(F)C1)NC(=O)CC1CN(C)C1,0.0002601493488672674
CC(CN(C)C(=O)C(F)C1(O)CCCC1)NC(=O)C1(C#N)CC1C,0.16332262066589318
CC(CN(C)C(=O)CCC(F)(F)F)NC(=O)CN1CCC1,0.00033694737382991617
CC(OCC1CC1)C(=O)N1CCN(C(=O)Cn2ccnn2)CC1,0.0003699665200337238
CC(Oc1cccc(F)c1)C(=O)NCC1(NC(=O)C(C)(C)O)CC1,0.2008368511505989
CC1(C(=O)N[C@H]2C[C@H](NC(=O)C(NC(N)=O)C(C)(C)C)C2)CC1F,0.21505239611853555
CC1(C)C[C@@H](CNC(=O)Cc2ccc(=O)[nH]c2)N(C(=O)C(C)(C)O)C1,0.00023736715377725882
CC1(C)C(=O)NCCN1C(=O)NCCC1CCC1(F)F,0.0003927008762534002
CC1(C)C(C(=O)NCCC2(O)CN(c3nccnc3F)C2)C1(C)C,0.00039609446705464094
CC1(C)CC(=O)c2cc(C(=O)N3CC(N[C@H]4C[C@H](C(=O)O)C4)C3)cnc2C1,0.1329926381403628
CC1(C)Cc2cccc(CCNC3CCNCC(C)(C)C3)c2O1,0.0008572482663180536
CC1(CNC(=O)c2cc(-c3cccnc3)no2)CCC(=O)NC1,0.28078198358952056
CC1CC2CC2CC1C(=O)N1CCCC(C)(NC(=O)C2CCOC2)C1,0.0005770870421561575
CC1CN(C(=O)C2CCOC2)CC1CNc1cc(F)ncn1,0.0006211043329987192
CCC(CC(=O)NC1CCN(C(=O)[C@H](C)O)CC1CC)C1CC1,0.0004797578368695857
CCC1(C(=O)N(C)CCNC(=O)c2cccc(C3CCOC3)c2)CC1,0.0007065735358081303
CCC1(O)CCN(c2ccnc(-c3c(Cl)cccc3C)n2)CC1,0.0019664599347237292
CCCC(C)N(C)C(=O)Cn1c(=O)oc2ccccc21,0.0008931277720680298
CCCC(C)NC(=O)N1CCC(C(=O)Nc2ncccc2C)CC1,0.0014107528967922452
CCCN(CCNC(=O)c1cn(C)c(=O)cn1)CCn1nc(C)cc1C,0.0005202895494078703
CCCn1ncc2c(=O)n(CC(=O)N3CCC[C@@H]3CN)cnc21,0.0006936460622781671
CCN(CC)CC(=O)NCC1CN(C)CCN1C(=O)c1ncc[nH]1,0.14085487594319343
CCN(CCNC(=O)c1ccn(C(C)(C)C)n1)c1nccnc1C#N,0.0011426078598952992
CCN(c1nc(COC)cs1)[C@H](Cc1ccccc1)C(=O)OC,0.0008461389895582091
CCN1CCC1C(=O)NC1CC(C)N(C(=O)C(C)c2ccco2)C1,0.0004182876716641313
CCN1CCCC1CN(CCN(C)C)C(=O)[C@H]1C[C@H]2C[C@@H](O)C[C@H](C2)C1,0.0003287569674578886
CCN1CCCCC1C(=O)NC[C@]1(F)C[C@H](CN)C1,0.00041407492001853445
CCOC(=O)c1c(C)c(CC)nn(CC2CCN2)c1=O,0.00044107777329556143
CCOC(C(=O)NCC(C)CNC(=O)Cn1cnc(C)n1)C(C)C,0.00031806713537958195
CCOCC1CCCN(C(=O)c2nccc(C#N)c2F)C1,0.6569187988770674
CCc1ccc([C@@H](C)NC(=O)c2n[nH]c3c2CNC3(C)C)cc1,0.00041341593004741006
CCc1ccc(C(=O)N2CCN(Cc3nnc(C)o3)C[C@@H]2C)c(F)c1,0.0003584182864944109
CCc1cnoc1C(=O)N(C)C1CCN(c2nnn(C)n2)CC1,0.41988032746062204
CCc1nc(C(=O)N2CCN(C(=O)CC3(O)CC3)C[C@@H]2C)cs1,0.0003939549388812204
CCc1nnc(C(=O)NC[C@@H](C)NC(=O)C2CC23CCCC3)[nH]1,0.0003023853134799755
CCc1occc1C(=O)N[C@@H](CC1CCC1)C(=O)OC,0.0006284641267777667
CCn1cc(NC(=O)N2CCN(CC(F)(F)CO)CC2)cn1,0.00040607765884286066
CN(C(=O)C1(C)CC1)C(CNC(=O)c1nc2c(s1)CCCC2)C1CC1,0.001255894743585662
CN(C(=O)C1NC(=O)CC1c1ccccc1)[C@H]1CC[C@@H](O)CC1,0.16586309905838886
CN(C)C1CC(NS(=O)(=O)c2c[nH]nc2C(F)(F)F)C1,0.0003146055843319451
CN(C)CC(=O)N1CC(CNc2cc3c(cn2)C(=O)CCC3)C1,0.0005922689914106374
CN(CC1CN(C(=O)C2(CO)COC2)CCO1)C(=O)[C@H]1C[C@@H](O)C1,0.00013609536189767698
CN(CCNS(C)(=O)=O)c1nnc(C2CC23CCCC3)n1C,0.0004317062094754092
CN(Cc1ccon1)C1CCCN(C(=O)c2cnccn2)C1,0.0005368890531530174
CN1C[C@@H](CNC(=O)NCC(C)(C)c2cccc(F)c2)OC1=O,0.0004729870809071326
CNC(=O)N1CC(NC(=O)C(O)(CC)COCc2ccccc2)C1,0.00026694512174656887
CNC(=O)c1ccc(S(=O)(=O)NC[C@@H]2C[C@H]3CNC[C@H]32)cc1,0.00018517379607189914
COC(=O)C(C)CC(=O)N1CC[C@H](NC(=O)CC2(O)CCCC2)C1,0.00026606817741581435
COC(=O)C1CCC(C(=O)NS(=O)(=O)c2nc(N)n[nH]2)CC1,0.0004110818909363583
COC(C(=O)N1CC[C@@H](NC(=O)C(C)(C)OC)C1)c1ccc(F)cc1,0.0003681556510714952
COC1(CNC(=O)C2COC(C)C2)CN(C(=O)C(OC)C2CC2)C1,0.0002857190008850044
COCCc1noc(CCC(=O)N(C)C(C(=O)O)C2CCOCC2)n1,0.0002898460240858633
COCc1nsc(NCC2CCN(C(=O)CC(C)C)CC2)n1,0.0006419540077686433
COc1cc(CN(C)Cc2cc(C(F)(F)F)[nH]n2)ccn1,0.000490132331866452
COc1ccc(C(C)(C)C(=O)N2CC3CN(C(C)=O)CC3C2)cc1OC,0.00033413538054677454
COc1ccc(NC(=O)NCCN(C(C)C)C2CC2)c(Cl)c1,0.0007651359519610285
COc1ccccc1C1CN(C(=O)[C@@H]2CCC[C@@H]2CF)CCN1,0.0005048221547230969
COc1cncc(CN(CCNC(=O)OC(C)(C)C)C2CC2)n1,0.000564220248658625
COc1nc(NC(=O)NC(CO)CC(F)F)cc(OC)n1,0.0005523762048061052
COc1nsc(OC)c1CNC1=NCC(C(F)F)N1C,0.0010142294008397652
CS(=O)(=O)N1CC(CNC(=O)NCCc2ccncc2Cl)C1,0.000201649575190507
CSC1(C(=O)N2CC[C@H](CNC(=O)C3(n4cnnn4)CC3)C2)CC1,0.00022958926360143805
CSCC1CCC(NS(=O)(=O)CCn2cnnn2)CC1,0.00030566153216712345
CSc1ccccc1C(=O)N(C)CC(C)NC(=O)c1nc[nH]c1C,0.0006647306296217422
Cc1[nH]ncc1C(=O)NC(C)CN(C)C(=O)C1CS(=O)(=O)C1,0.00032062400532532854
Cc1[nH]ncc1C(=O)NCC1CCCCC1NC(=O)CC1(O)CCC1,0.0006807533142779586
Cc1cc[nH]c1C(=O)N1CC[C@@H](NC(=O)CCN2CCCC2=O)C1,0.22508479832864964
Cc1cc(C(=O)N[C@H]2[C@@H]3CN(C(=O)Cc4cnc(C)s4)C[C@@H]32)c[nH]1,0.0004249842180759579
Cc1cc(C(=O)N(C)CC(O)Cc2ccccc2)nn1C,0.0004478935709948163
Cc1cc(N)ncc1C(=O)N1C2CCC1CN(C(=O)[C@@H]1CCOC1)C2,0.0006086604967013243
Cc1cc(NC[C@H]2CCCN2C(=O)C2(O)COC2)n2nc(C)cc2n1,0.32932544031991995
Cc1cccc2oc(CCNS(=O)(=O)CC3CCC(F)C3)nc12,0.0008354505423594749
Cc1cnc(C(=O)NCC(CO)c2ccc(Cl)c(F)c2)c(O)c1,0.0006352751504241774
Cc1cncc(C(=O)NCC(NC(=O)CSC(C)C)C2CC2)c1,0.0006575311749935963
Cc1coc(C(=O)N[C@H](C)CNc2ncc3c(n2)CCOC3)c1,0.00040133001107965145
Cc1nc(CC(=O)N(CCc2ccccc2)C(C)C(=O)O)c(C)s1,0.0005861174382961841
Cc1nc(CCCC(=O)N[C@H]2[C@@H]3CN(C(=O)CO)C[C@@H]32)cs1,0.0005402809211036744
Cc1ncc(CN2CCC(=O)N(CC(C)c3ccncc3)C2=O)s1,0.0006699783683917586
Cc1ncc(NC(=O)[C@@H]2C[C@H]3C[C@H]3N2C(=O)OC(C)(C)C)s1,0.0010761403542780084
Cc1ncc(NC(=O)c2cnnc(Cl)c2)n1CC(F)(F)F,0.0007742820603706692
Cc1ncccc1C(=O)NC[C@H]1CCCN(c2ncns2)C1,0.0008252638719795423
Cc1nn(C)c(Cl)c1CC(=O)NC1CCCNC1=O,0.0004604488279258854
Cc1nn(C)cc1C(C)NC(=O)[C@@H]1C[C@H](C)N(CC(F)(F)F)C1,0.0005456648813046936
Cc1nscc1C(=O)OCC1CCCC2(CCOC2)O1,0.000640485863823269
Cn1ccc2ccc(C(=O)OC3CCN(CC#N)C3)cc21,0.0014334693232128965
N#CC1CC2(C1)CC(C(=O)N1CCC(=O)C3(CCOCC3)C1)C2,0.0013088578642262174
N#Cc1ccnc(N2CCN(Cc3nccc(C4CC4)n3)CC2)c1,0.0005638123690877518
N#Cc1cnc(N2CCC3(CC2)CN(C(=O)CN2CCC2)C3)c(Cl)c1,0.001345269261066216
NC(=O)c1ccc(CNC(=O)CNC(=O)c2ccsc2)cc1,0.00030533927104110553
O=C(C1CC2(C1)CC2F)N1CCC(C2OCCO2)CC1,0.32408080003069883
O=C(CCC1CCCCO1)N(CCO)c1nccs1,0.0010713084389157637
O=C(CCN1CCCS1(=O)=O)N1CCC(CCF)CC1,0.0004342877260860249
O=C(CCF)NC[C@@H]1C[C@@H]2CC[C@H](C1)N2C(=O)c1csc(=O)[nH]1,0.00043540306391935175
O=C(CCn1c(=O)[nH]c(=O)c2ccccc21)N[C@@H]1C[C@H]2OC(=O)C[C@@H]12,0.00042912798346296673
O=C(CN1CC2CCC1C2)NCC(O)CNC(=O)CCCC(F)F,0.0002576197941803666
O=C(COC1CCCC1)NCc1ccccc1OCC1CCCO1,0.0004884803776417163
O=C(Cc1ccc(F)c(F)c1)N1CC(O)(c2cn(CC3CC3)nn2)C1,0.00044333812015679894
O=C(Cc1cccnc1)NC1(CO)CN(C(=O)Cn2cnnc2)C1,9.320130011346756e-05
O=C(Cc1ccoc1)N1CCC(C2CCCN(CCF)C2)CC1,0.0011994725012361804
O=C(NC1CCCC2CN(C(=O)[C@H]3CCCO3)CC21)c1cc[nH]c1,0.0007200541247843988
O=C(NC1CCSC2(C1)CC(C(=O)O)C2)c1cccn2nccc12,0.2039319254432347
O=C(NCC(O)CCC1CC1)Nc1nc2ccccc2s1,0.0011772202608754812
O=C(NCC1(O)CCC2(CC1)OCCO2)c1csc(C2CCC2)n1,0.20877339136823145
O=C(NCC1CC(=O)N(c2ccccc2)C1)C12CCCN(CCC1)C2,0.0009943153146737662
O=C(NCC1CCN1C(=O)Cc1cncs1)c1cscn1,0.0004604258264645732
O=C(NCCN1CC[C@H](NC(=O)C2(F)CC2)C1)c1cnn2c1CCC2,0.08541310749858978
O=C(NCc1ccncc1)C12CCCCN1CCC2,0.0006417112459666238
O=C(Nc1cc(Cl)c2[nH]ncc2c1)[C@@]12C[C@@H](F)[C@@H]1C2,0.001341311422100281
O=C(Nc1cc2c(cc1Cl)OCO2)C(F)CC1CCCC1,0.0018541582657017964
O=C(Nc1ccc2cncn2c1)N1CCC[C@@H]2C[C@@]21CO,0.0010196531148406985
O=C1CC(Cc2noc(C3CCC4(CCCO4)CC3)n2)C1,0.3410341925737689
O=C1CCC2(CC1)CC2C(=O)N1CC(Cc2cn(CCCF)nn2)C1,0.0005182404882864277
O=C1N[C@H](C(=O)N2C3CCC2CN(C(=O)c2cncs2)C3)CO1,0.00023108805081402175
O=S(=O)(CC1COCOC1)N(CCO)CC1CCCCC1,0.0003495849070544058
C[C@@H](O)COc1ccccc1CNCc1ccc2c(c1)C(=O)NCC2,0.0005079718653632026
C[C@@H]1C[C@H]1CN1C(=O)CCN(CCOc2ccc(Cl)cc2)C1=O,0.0004936902714387296
C[C@H]1CN(C(=O)c2cnccc2C#N)C[C@H]1NC(=O)C1CC12CCC2,0.6689664857055241
CC[C@@H]1C[C@H]1C(=O)NC1CN(C(=O)c2cccc(C)c2F)C1,0.000502420287797674
CC(=O)N(C)CCN(C)C(=O)NC1CCCN2CCSCC12,0.00021900888746636095
CC(=O)N1C[C@H](O)[C@@H](N2C[C@H]3CN(C(=O)C4CSC4)C[C@H]3C2)C1,0.00020384504601394024
CC(C(=O)N1CC(C)(NC(=O)C2CCCCN2C)C1)c1cccc(F)c1,0.0003938109204057192
CC(C(=O)OCc1cn[nH]c1)N(CC1CC1)C(=O)OC(C)(C)C,0.000510679268459462
CC(C)(C)OC(CF)C(=O)Nc1[nH]nnc1-c1nc(C2CC2)no1,0.6084684509341637
CC(C)C(=O)NCC(C)(C)C1CCCN1C(=O)[C@@H]1CC(=O)NC(=O)N1,0.0003964665722323334
CC(CC(=O)N1C[C@@H]2C[C@H]1CN2c1cnc(C#N)cn1)n1cccn1,0.0011312601166213316
CC(CC(=O)NCC1CC2(C1)CC(F)(F)C2)NC(=O)C1CCCC1,0.7239549041486443
CC(CC(N)=O)C(=O)N(C)C(C)CCNC(=O)CC1CCC(=O)N1,0.0002130380189979525
CC(CCNC(=O)[C@H]1C[C@@H](O)C1)NC(=O)c1ccc2nonc2c1,0.26258547351651096
CC(CCNC(=O)c1[nH]ncc1Cl)N(C)c1nnn(C)n1,0.0008346265829285525
CC(Cn1cc(C(O)C(C)C)nn1)NC(=O)C1CCCCO1,0.00037914718598790523
CC(NC(=O)Cc1ccc2c(c1)COC2)C1(O)CN(C(=O)CC2CC2)C1,0.22657040595229555
CC1(C(=O)NCc2nc(O)c(C(=O)O)s2)Cc2ccccc2C1,0.2786567654800903
CC1(C)CCCNC1C(=O)N1CCCC(Cn2cncn2)C1,0.0007761300052786999
CC1(C)CCOC1CCNC(=O)c1cc(C(=O)O)ccn1,0.18014734294505141
CC1(F)CC(C(=O)NC2(C3CCCN3C(=O)C[C@H]3CCOC3)CC2)C1,0.1540108133656318
CC1(F)CC(C(=O)NC2CN(C(=O)c3occc3C3CC3)CC2(C)C)C1,0.0005007757847754873
CC1CC(C(=O)N[C@H]2C[C@@H](NC(=O)CC(C)(C)C)C2)C1,0.00026846454363105884
CC1CC(C(=O)NC2CN(C(=O)c3cnccc3O)CCC2C)C(C)O1,0.00044658721530875853
CC1CC(NC(=O)CC2(C#N)CC2)CCN1C(=O)C1CC(C)(F)C1,0.12094041804599329
CC1CC2(CO1)CC(NC(=O)c1c3n(c(=O)n1C)CCCC3)C2,0.0005363269100848969
CC1CCCN(C(=O)Cc2ccoc2)C1CCNC(=O)C(O)C1CC1,0.0003566659840020765
CC1CN(C(=O)C2SCCCS2)CCS1=O,0.2590043288000137
CC1CN=C(NCC(c2ccccc2)n2cccn2)NC1,0.000436294117876992
CCC(=O)OC1CN(C(=O)c2cnn3c(CC(C)C)ccnc23)C1,0.0008216332436830512
CCC(C)(C#N)C(=O)NC1CN(C(=O)c2cnsn2)CC1(C)C,0.5410384934630262
CCC(C)C(=O)NC1CN(C(=O)c2cn(C)cc2C)CC1C,0.0005583507786654509
CCC(CC)C1CCN(C(=O)c2ccnc(C(=O)OC)c2)C1,0.219379608806454
CCC(CNC(=O)[C@@H]1C[C@@H]2C[C@@H]2C1)NC(=O)COc1c(C)cccc1C,0.0003253321117960983
CCC(NCC1CCCN(c2ccc(C(=O)OC)nn2)C1)C1CC1,0.00031194479030916114
CCC1(C(=O)N[C@H]2C[C@@H](NC(=O)[C@H](C)O)C2)COC1,0.00025121014639489726
CCCC(=O)NC1(CNC(=O)c2nsnc2O)CCCC1,0.16698606922211373
CCCC(C(=O)N1CC([C@H](C)NC(=O)C2C3CCCC32)C1)N(C)C,0.15248736515095346
CCCC(C)(O)C(=O)NCC(C)N(C)c1nc(C)cc(OCC)n1,0.0004757125878514009
CCCC(CCC)C(=O)N[C@@H]1CCN(C(=O)c2ccnnc2)C1,0.37591921045820464
CCCNC(=O)[C@@H](CC)NC(=O)N1CCOC(C(=O)C2CC2)C1,0.00027030436438914025
CCN1C(=O)CC[C@H](C(=O)OCC2(C)COC2)[C@H]1c1nccn1CC,0.0006955853058693069
CCOC(=O)C12CC(C1)N(Cc1ccc(F)c(OC)c1Cl)C2,0.0006869794798281555
CCOC(=O)C1CC(CCN(C)CC2(O)CC2)C1,0.000353307297686225
CCOC(=O)CN(CC1CC1)S(=O)(=O)c1ccc(Cl)s1,0.0004975226183617171
CCOC(=O)Cn1nccc1C(=O)NCCN1CCNCC1(C)C,0.00025338927081499355
CCOc1ccc(S(=O)(=O)N2CCC(CO)(CO)C2)cn1,0.0002211440504973304
CCOc1ncccc1C(=O)Nc1cc(C)cc(=O)n1C,0.0007654894712709365
CCc1ccc(C(=O)NC2(C3CCOCC3)CC2)c(C)n1,0.0004884394725599725
CCc1noc(CCCC(=O)N2CCC[C@H](CC(=O)OC)C2)n1,0.0003921175851606295
CCc1nocc1C(=O)NC(C)CN(CC)C(=O)CSC(C)C,0.00040015373087857705
CCn1ccnc1CN(C)C(=O)NC1COc2cccc(Cl)c21,0.00046260841874822564
CCn1ncnc1C(=O)N[C@@H](C)CNC(=O)COCc1nnc(C)s1,0.0001939396824165066
CN(C)C(=O)OC1CN(C(=O)Nc2ccn(-c3ccc(F)cc3)n2)C1,0.3300070267216208
CN(C)c1ccc(C(=O)NCC2CN(C(=O)C3(CF)CC3)C2)cc1,0.0005085437310924981
CN(C)c1cnc(CNC(=O)C2(c3cccc(F)c3)CC2)nc1,0.0005333056062908748
CN(CCNC(=O)CCS(N)(=O)=O)C(=O)c1occc1C1CC1,0.0002623860845928883
CN(Cc1nccn1C(F)F)C(=O)[C@@H]1C[C@H]1c1cncn1C,0.0007104771942901092
CN1C(=O)CC[C@@H]1C(=O)NC1(CO)CN(C(=O)c2ncn(C)n2)C1,0.00010182500141099951
CN1CC(CC(=O)NC2COCCN(C(=O)c3ccccc3F)C2)C1,0.1417645944815128
COC[C@@H]1[C@H]2CCN(C(=O)c3c(Cl)cccc3OC)C[C@H]21,0.1628584049042316
COC(=O)[C@H]1[C@@H]2CC[C@@H](O2)[C@H]1C(=O)N1CC(n2cncn2)C1,0.00025947403974038903
COC(=O)C1CC1C(=O)N1CC(C)C(NC(=O)c2cc(C)oc2C)C1,0.0002863828146656455
COC(=O)C1CCN(C(=O)C[C@@H](NC(C)=O)c2ccccc2)C1C,0.0003905828532817779
COC(=O)NC(Cc1ccccc1)C(=O)NC1CC(=O)N2CCCCC12,0.0003180853685057133
COC(=O)c1cc(CNCC2(SC)CC2)ccc1F,0.0006736990111334376
COC(=O)c1cc(F)c(C)c(S(=O)(=O)NCCC2(O)CCCC2)c1,0.0005889803618552621
COC(=O)c1cccc(NC(=O)[C@@H]2C[C@H]2c2ccncc2)c1F,0.0009555247577020272
COCC(=O)N1CC[C@@H](NC(=O)c2cnc(C(F)F)c(C)c2)C1,0.1315547349306365
COCC(=O)Nc1ccc(OCCC(=O)N(C)Cc2cc[nH]n2)cc1,0.0007233818370302006
COCC1(C(=O)N[C@@H]2CCCC[C@@H]2Nc2nc(C)nc(O)c2C)CC1,0.3247948566330464
COCCN(C(C)=O)C1CCN(C(=O)c2c(C)coc2C)CC1,0.00030821608264109014
COCCN(C)C(=O)Nc1nccc(Oc2ccccc2)n1,0.0007512630596672294
COCc1nn(C)cc1C(=O)NC1CCN(C(=O)c2nocc2C)C1,0.0003850718977395501
COc1cc(C)c(NC(=O)NCc2conc2C)cc1C,0.0012244991348569032
COc1cc(NCCN(C)C(=O)c2ccc(N(C)C)nc2)ncn1,0.23615057666953587
COc1ccc([C@@H]2C[C@H]2C(=O)NC(CN)C(F)(F)F)cc1,0.0004303853425759004
COc1ccc(C(=O)N(C)CC(C)CNC(=O)CO)c(OC(C)C)c1,0.0005885482288929961
COc1ccc(CCCC(=O)NC[C@H](N)CO)c(OC)c1,0.00032930358154026085
COc1ccccc1C(F)(F)C(=O)NCC1CN(C(C)C)C1,0.0004878252971376529
COc1ccnc(C(=O)NCC2CCCN2C(=O)C(C)OC)c1F,0.13248847493124807
COc1cnc(C(=O)N(C)CCN(C)Cc2nccnc2C)nc1,0.0002884782424463562
CS(=O)(=O)N1CCN(Cc2ccc(Cl)c(Cl)c2)CC1,0.0003609480769484026
CSCCC(=O)N[C@H]1C[C@@H](NC(=O)COCC2CC2)C1,0.11773177659072717
CSc1nc(C)c(CCC(=O)NCC2COCCC2(F)F)c(C)n1,0.0005807351237579156
Cc1c([C@H]2CN(C(=O)N[C@@H](C)COC(F)(F)F)C[C@@H]2C)cnn1C,0.00041573911796551896
Cc1c(Nc2nccc(OC(C)C)n2)cnn1CC(F)F,0.000541566810261704
Cc1cc(C(=O)N[C@@H](C)CNC(=O)CSCC(N)=O)n(C)n1,0.0002139812569034314
Cc1cc(C(=O)N(C)CC2CCN(C(=O)c3ccco3)C2)co1,0.21754395321151954
Cc1cc(CC(=O)N(CCNC(=O)CC2(C)CC2)C2CC2)n(C)n1,0.0003134033002628267
Cc1ccc(C(=O)N(C)C2CCCN(C(=O)c3ncc[nH]3)CC2)o1,0.18481685988988014
Cc1ccc(OCC(=O)N(C)CCNC(=O)c2cc(C#N)on2)cc1,0.0009295118639327333
Cc1ccnc(N(C)CC2CCCN2C(=O)C(F)C(F)(F)F)n1,0.000667422719181221
Cc1cnc(N2C[C@@H](F)C[C@H]2CNC(=O)c2cncc(F)n2)nc1O,0.0007639373661269178
Cc1cnoc1C(=O)NC1(c2cccnc2)CCCC1,0.000614919824571437
Cc1cnsc1C(=O)N1C[C@@H](C)[C@@H](NC(=O)C(C)N2CCC2)C1,0.00042691878638096206
Cc1conc1C(=O)N1CC(NC(=O)C2CCc3nncn3CC2)C1,0.1354090443043425
Cc1csc(N2CCN(C(=O)CCn3ccnn3)CC2)n1,0.0006747210065316313
Cc1nc(C(=O)N(C)C2CCN(C(=O)CCC3CCCO3)CC2)n[nH]1,0.16143387775450047
Cc1nc(C(=O)N2CCC2CNC(=O)c2ccnc(CO)c2)n[nH]1,0.00018686581346950132
Cc1nc(C(=O)NC[C@@]2(C)CCCN2C(=O)Cc2ccco2)nn1C,0.0003415706048559546
Cc1nc(C(=O)NC[C@H]2C[C@@H](NC(=O)Cc3ccc(=O)[nH]c3)C2)n[nH]1,0.10193626912642759
Cc1nc(C)c(C(=O)N(C)C[C@H]2CCCN2C(=O)c2ncc[nH]2)nc1C,0.20385779467850945
Cc1nc(CN(C)CC(C)NC(=O)Cc2cnoc2)co1,0.00044715944112169194
Cc1nc2c(s1)C(N(C)C(=O)NCCC1CCCO1)CCC2,0.0006555805294113524
Cc1nc2cc(C(=O)NCC(N)C3CC3)ccc2c(=O)[nH]1,0.0006895950236256894
Cc1noc(C)c1C(=O)NC1CN(C(=O)C(O)c2ccnn2C)C1,0.00023978797821456367
Cn1ncc(C(=O)NC[C@H]2C[C@@H](NC(=O)C(O)C3CC3)C2)c1N,0.00030320953932214416
NC(=O)CCc1ccc(NC(=O)N2CCSCC2CO)cc1,0.0006015559029273572
NC1(CC(=O)N2CCC(Oc3ccccn3)C2)CCSC1,0.00024144560268445143
NCCC1CCN(C(=O)C23CCC(CN2C(=O)OC(C)(C)C)C3)C1,0.00043747422302515876
O=C(CCCC(O)c1ccccc1)OCCN1CCNC1=O,0.0003379882970517009
O=C(CCCC1CC1)NCC1CN(Cc2ccncc2Cl)C1,0.001314954133343376
O=C(CCc1cn[nH]c1)NCC1CCN1C(=O)C1CCOC1,0.1395835963773617
O=C(CO)NC1CN(C(=O)C2CCC(F)C2)Cc2nccn2C1,0.13277680976105033
O=C(CSc1ccccn1)NC1CCN(C(=O)c2ccco2)CC1,0.00047834682822131617
O=C(Cn1ccnn1)NC1CC12CCN(C(=O)C1(O)CCC1)CC2,0.0004328307273221248
O=C(N1C[C@H](n2cc(CO)nn2)CO1)C1(c2ccccc2)CC1(F)F,0.00030183583010869156
O=C(NC[C@H]1C[C@H](NC(=O)C2CC3CC3C2)C1)c1cccc(F)c1O,0.0004132401611012718
O=C(NC[C@H]1CCCN1C(=O)Cn1cncn1)c1ccc(Cl)[nH]1,0.0003100343127893164
O=C(NCC1CN(c2cncc(Cl)n2)CCO1)C1CC2(CC2)C1,0.0007631257256284202
O=C(NCc1ccc(N2CCOC2=O)cc1)c1cc(O)ncn1,0.0009411103089506748
O=C(NCc1cccc(CC(F)(F)F)c1)C1COCCO1,0.00047363183418560624
O=C(NCc1nc2c(s1)CCCC2)N1CCN(CC2CC2)CC1,0.0005277474317173585
O=C(O)C[C@@H]1CCCN1S(=O)(=O)c1ccc(C(F)F)o1,0.0005503516551018545
O=C(OC1CCCC1)c1ccc(S(=O)(=O)NCC2CC2)nc1,0.00036595063392691777
O=C(c1cc2cc(F)ccc2o1)N1CC(=O)CC12CNC2,0.0005060152361193947
O=C1CCC(NC(=O)Nc2ccc(F)c(-c3nc[nH]n3)c2)C2CCCCN12,0.7482808620665714
C[C@@H](C(=O)OC(C)(C)C)N(C)C(=O)c1cnn2c1NCC2,0.0006015949921637831
C[C@@H](CNC(=O)c1cnc2[nH]ccc2c1)NC(=O)COCC1CC1,0.0005608510141895825
C[C@H](C(=O)NCC1CCCN(c2nnc(C3CC3)o2)C1)N(C)C,0.0006364316780701332
CC[C@]1(C(=O)N[C@H]2CC[C@H](NS(C)(=O)=O)CC2)CC[C@@H](O)CC1,0.0005783935605731725
CC[C@@H](C(=O)NCC(C)n1cc(-c2cncc(N(C)C)c2)nn1)N(C)C,0.0013180367606318427
CC(=O)N(C)CCCC(=O)N(CC(F)F)C1CCOCC1,0.0006377980668400332
CC(=O)NCc1ccc(CNCC2COCC(C)(C)O2)cc1,0.0003702483449335543
CC(=O)NCc1nn(C)c2c1CN(C(=O)Cn1cc(C)cn1)CC2,0.0003187861576957536
CC(C(=O)NC1CCCN(c2nncs2)CC1)n1ccc(C2CC2)n1,0.1975691965743097
CC(C(=O)NC1CCc2cc(CN)ccc21)C1CCC(=O)N1,0.00040559435040635395
CC(C)[C@H](O)C(=O)N1CCN(C(=O)[C@@H](C)O)CC(O)C1,0.0002813862206624342
CC(C)(C)OC(=O)[C@@H]1C[C@H](O)CN1C(=O)c1cccc2cncn12,0.0004191796076370483
CC(C)(C)Oc1cc(C(=O)N2CC(OCC(F)(F)F)C2)n[nH]1,0.00042413092978856954
CC(C)(O)c1cn(C2CCCN(C(=O)c3cc(O)cc(O)n3)C2)nn1,0.0007480953058440674
CC(C)C(O)Cc1cn(CC(=O)N[C@@H](CO)Cc2ccc(O)cc2)nn1,0.0003809150480132104
CC(C)CC(C)(C)C(=O)N1CCN(Cc2nnc3n2CCCCC3)CC1,0.00040423526172944906
CC(C)CC1(C)CCN(C(=O)c2cncc(-c3nn[nH]n3)c2)CC1,0.5799183116976908
CC(C)N(C)C[C@H](C)NC(=O)N1CC(n2cncn2)C1,0.0002726606113625991
CC(C)N(C)c1ccc(C(=O)N[C@@H](C)c2nnc[nH]2)cn1,0.0003727775630065909
CC(C)SCC(=O)N1CCN(C(=O)c2c[nH]c(=O)[nH]c2=O)CC1,0.00030713068068730136
CC(C)c1cnc(CN(C)C(=O)C2(C3CC3)CCNC2)o1,0.0003451996092104043
CC(C)c1nc(COC(=O)CN(C)C(=O)C2CC2)cs1,0.0008435790079601668
CC(C)n1cc(C(=O)N[C@@H]2CCCN(Cc3n[nH]c(C(C)C)n3)C2)nn1,0.00028145257016806745
CC(CNC(=O)[C@H]1CCCO1)NC(=O)c1ncoc1-c1cccs1,0.0005904183788301068
CC(CO)c1cccc(NC(=O)c2n[nH]c3c2CCCC3)c1,0.0006355795966421122
CC(NC(=O)c1cc[nH]n1)C1(O)CCN(C(=O)c2cn(C)cn2)CC1,0.11829149599888644
CC(O)C1CC1C(=O)N1CCCC(N(C)C(=O)c2nc(=O)[nH][nH]2)C1,0.00014324860167393296
CC1(C)C2CCC1(C(=O)OC1CCN(c3ccc(F)cc3)C1=O)CC2,0.387631918006217
CC1(C)CCc2nc(NC(=O)[C@@H]3OCCO[C@@H]3C(F)(F)F)ncc2C1,0.000816266652566376
CC1C(NC(=O)C2(C(F)(F)F)CC2)CCCN1CC1CC1,0.00047428311485636876
CC1CCN(C(=O)C23CC2C3)CC1NC(=O)C(F)C(C)C,0.0003291134544359578
CC1CCN(C(=O)c2cc(Br)cc3[nH]ncc23)C1C(=O)O,0.0006482296785814323
CC1CCc2onc(CNC3COc4ccc(F)cc43)c2C1,0.0009237667302401279
CCC(=O)NC[C@@H]1CCCCN1C(=O)CCCN(C)C,0.000570429858966946
CCC(C(=O)N1CC[C@H](NC(=O)c2cncc(F)n2)C1)n1cccn1,0.00029789512295020113
CCC(C)C(OC)C(=O)NC1CCN(c2ccccc2F)C1=O,0.000626482968771147
CCC(C)NC(=O)CCNC(=O)Nc1ncccc1OC,0.00047171612047836796
CCC(CC)CC(=O)NCC12CC(CO1)N(C(=O)c1ncn(C)n1)C2,0.0003151536242883072
CCC(SC)C(=O)N1CCCN(C(=O)C2CCOCC2)CC1,0.0004672134883965722
CCC1CCCCC1C(=O)N1CCC[C@H]1CN(C)C(=O)CCSC,0.0010903799283783968
CCCN(CCNC(=O)c1ncc(F)cn1)C(=O)C1CCCO1,0.18858400185169188
CCCNC(=O)[C@@H](C)NC(=O)c1ncc(C2CC2)o1,0.00027543103529288843
CCCNC(=O)CN1CCN(S(=O)(=O)c2ccc(Cl)cc2)CC1,0.000383714704121284
CCCc1nc(CN2CCC(NC(=O)c3cccn3CC)C(O)C2)no1,0.0003756946532362115
CCN(CC)C(=O)C1CCCN1C(=O)c1ccc(F)cn1,0.1827644089077788
CCN(CC)S(=O)(=O)CCNC(=O)NC(CO)Cc1ccoc1,0.0002937546356009026
CCN(Cc1ccc(C#N)cc1)C(=O)C1CNC(=O)C(C)(C)C1,0.0008015468508786473
CCN1CCC(N(C)S(=O)(=O)CCC(=O)OC(C)(C)C)CC1,0.0004930592584129508
CCNC(=O)c1ccc(Cl)cc1NC(=O)[C@@H](N)CC1CCCCC1,0.0007690812709182004
CCOC(=O)C(CC(C)C)N(C)CC(=O)Nc1ccc(OCC)cc1,0.0010269583262822412
CCOC(=O)c1cnc(NC(=O)c2ccc3c(c2)NC(=O)CN3C)[nH]1,0.4106563964995715
CCOCC1CN(C(=O)C(O)(c2coc(C)c2)C(F)(F)F)CCO1,0.0004721285785236113
CCSCC(=O)NC[C@H]1CCCCN1C(=O)c1cc(O)ncn1,0.0003597170770238891
CCc1cccc2c1N(C(=O)N(CCOC)Cc1ncc[nH]1)CC2,0.0009929010682644022
CCc1cnc(CNC(=O)CCn2cc(Cl)cn2)s1,0.00044811186099946254
CN[C@H]1CC[C@@H](NC(=O)c2ccn(CCc3ccccc3)n2)CC1,0.0003122633820069345
CN([C@@H]1CNC[C@H]1O)S(=O)(=O)c1ccc(C(F)F)cc1,0.0002930508103077758
CN(C[C@H]1C[C@@H](O)C1)C(=O)NC1CCN(CC(F)(F)F)CC1,0.0003606496550037615
CN(C(=O)CN1CCC2(CC1)CC2(F)F)[C@@H]1CCC[C@H]1O,0.00047191300658950435
CN(C)CCC1(C(=O)Nc2cc(C3(C)CC3)n(C)n2)CCCCC1,0.0014809478776537297
CN(C)c1n[nH]c(NCc2nnn(C)c2C(F)F)n1,0.0004575874421516132
CN(CC1CN(C(=O)c2nnn3ccccc23)C1)C(=O)C1CCCO1,0.00039654129078910995
CN(Cc1nc2ccsc2c(=O)[nH]1)C(=O)CC1CCNC2(CC2)C1,0.0005399939129456339
CN1CCC(CC(=O)NC(CO)Cc2ccccc2)C1=O,0.0003132343215526651
CN1CCC(N)(C(=O)N[C@@H]2C[C@@]3(CO)C[C@@H]23)CC1=O,0.0001275815319314159
CNC(=O)C(C)N1CCC(CNC(=O)c2cnnn2C)CC1,0.00021147055236080188
COC(=O)CC[C@@H]1CC[C@H](C(=O)NCC2CCN2C2CC2)O1,0.0004112134943091128
COC(=O)Nc1cc(C(=O)OCCc2c[nH]nn2)ccc1F,0.0005198598318799613
COC(=O)c1ccc(CC(=O)NCCc2nc3c(s2)CCC3)cn1,0.0004023140321616879
COC(C(=O)NC[C@H](C)NC(=O)c1cc(C)cc(C)n1)C1CCC1,0.0003547129773577435
COC(C)CS(=O)(=O)N1CCc2ccccc2CC1,0.0002628643590413511
COC1(CN(C)C(=O)NC2COCc3ccccc32)CCC1,0.000559125395622583
COCC(=O)NCC1(NC(=O)CCc2ccc3[nH]ccc3c2)CC1,0.0004388056275392655
COCC(O)C(=O)N[C@@H](C)CNC(=O)c1cnc(N)c(O)c1,0.1635033804332089
COCC1(C(=O)N[C@H]2c3ccccc3C[C@@H]2O)CCNC1,0.000312374786833562
COCCC(C)(C)C(=O)NC(C)C1CN(c2nnco2)CCO1,0.000838922316411303
COCCC(COC)NC(=O)N1CCCC(CNC(C)=O)C1,0.0003564433651832935
COCCC1CC(NC(=O)NCc2nccs2)C1,0.0004551470077117458
COCCN(C)CCCN(C)C(=O)C1CCCS(=O)(=O)C1,0.0002519569370760824
COCc1ccc(CNC(=O)C23CCC(OC)(CC2)CC3)cc1,0.0005064457209548965
COCc1ccccc1CC(=O)Nc1cn(CC(F)(F)F)cn1,0.0011352585420967077
COCc1nsc(NCC2CCN(C(=O)C3(CF)CCC3)C2)n1,0.00048163500441852973
COc1cc(C(=O)NC[C@@H](C)NC(=O)c2ccnc(OC)c2)ccn1,0.0002672795342756193
COc1ccc(C(=O)NCC(C)CN(C)C(=O)c2cnc(C)o2)c(C)c1,0.24035774224677306
COc1ccc(CNCC(CO)c2cccnc2)c(Cl)c1OC,0.0005251208902895804
COc1cnc(NC2CN(C(=O)c3cnccc3C)CC23CCC3)nc1,0.46973067397587187
CSCC[C@H](NC(N)=O)C(=O)N[C@@H]1c2ccccc2C[C@@H]1O,0.0002812075499564891
CSCCC(=O)N1CC(CC(C)NC(=O)c2cc(CO)on2)C1,0.0003198557656614234
Cc1cc(C(=O)N[C@H](C)CNC(=O)CC2CCC(C)CC2)sn1,0.000318631655720757
Cc1cc(C(=O)N2CC(Nc3nccnc3F)C(C)(C)C2)cs1,0.0015468587949298705
Cc1cc(C(=O)N2CCOC3(CCSC3)C2)c(C)[nH]1,0.0002934187773821153
Cc1cc(NC(=O)N[C@@H](C)c2ccoc2)nn1C(C)(C)C,0.0010834545276866324
Cc1cc2ncc(C(=O)N3CC(N4CC[C@H](O)C4)C3)c(C)n2n1,0.13525410422813566
Cc1ccc(-n2nnc(C(C)NCC3CC(F)(F)CO3)c2C)cc1,0.0005330659793725642
Cc1ccc(C(=O)NC2CC(CCNc3ncc(C)cn3)C2)nc1C,0.6187592579414788
Cc1ccc(C)c2[nH]c(C(=O)NCC(O)CNC(=O)C3CC34CC4)cc12,0.0009305209668660226
Cc1ccc(CN(CC(C)O)CC(O)C(F)F)c(C)c1,0.0006048355758977234
Cc1ccc(SCCC(=O)NCCN2CCOC2=O)cc1C,0.00049882321870627
Cc1ccc(Cl)c(O)c1C(=O)N1CC2(CCNC(=O)O2)C1,0.21535385786443748
Cc1ccn2cnc(C(=O)NCC34CC3(C)C4)c2c1,0.2021370155658064
Cc1coc(C)c1C(=O)N(C)CCN(C)C(=O)c1cncn1C(C)C,0.0005898500098837497
Cc1n[nH]c(C)c1C(C)C(=O)NC1(CNC(=O)C2CSC2)CC1,0.0004211528764220948
Cc1nc(O)cc(NC[C@H]2CC[C@H](NC(=O)CN3CCC3)CC2)n1,0.0003852622094055688
Cc1nn(CC(=O)NC[C@@H]2CC(C)(C)CN2C(=O)[C@H]2C[C@@H]2C)c(C)c1C,0.0005100950872665991
Cc1nnc(CNC(=O)Cc2cccc(Br)c2F)s1,0.0005381255548587139
Cc1noc(C(C)N2CCCC3(CCN(C(=O)c4c[nH]c(C)c4)C3)C2)n1,0.48213974017973166
Cc1nsc(NCC2(NC(=O)[C@@H]3CC3(F)F)CCCCC2)n1,0.0015564270303605697
Cc1ocnc1C(=O)N1CC2CCC(C1)N2C(=O)c1ccncc1N,0.00045968354541946313
Cc1ocnc1C(=O)NC(C)CN(C)c1nnc(C(C)(C)C)o1,0.0006167535318509115
Cn1c(C(=O)N2CCC(C)(C)c3ccccc32)cnc1Cl,0.0013335741151716232
Cn1cc(C(=O)N2CCC2CNC(=O)C2CCc3[nH]ncc3C2)nn1,0.00048086568245670494
Cn1cc(C(=O)NCC2CCN(C(=O)CO)C2(C)C)n(C)c1=O,0.00021308401319675144
Cn1cc(CCC(=O)NC2CCN(C(=O)C3CCNC(=O)C3)C2)cn1,0.00022113716282717535
Cn1cc2c(n1)CCNC2C(=O)N1CCC(O)(C(F)F)CC1,0.0002832305395054507
Cn1ncc(N)c1CCC(=O)N1CCC(NC(=O)CC(C)(F)F)C1,0.0008209842529462757
Cn1ncc2c1CCCN(C(=O)C1CCOc3ccccc31)C2,0.0007582194211253343
NC[C@H]1C[C@@H]2CC[C@H](C1)N2C(=O)c1cc(Cl)cc(C(F)(F)F)n1,0.000496151002323143
O=C(CC1CC(F)(F)C1)NC1CCN(C(=O)C2CCO2)C12CCC2,0.2045564567092709
O=C(NC1(C2CCOCC2)C1)c1coc(C2CCC2)n1,0.0
O=C(NS(=O)(=O)CC1CCC(F)(F)C1)C1CC2(CC2)C1,0.0010979825839564224
O=C(O)C1N(CC(O)CC2CCCC2)CC12CCCC2,0.0007976398810562975
O=C(O)CN1CCCN(C(=O)c2ccccc2-n2cccn2)CC1,0.0008220354630547166
O=C(c1nnn(-c2ccccc2)c1C1CC1)N1CC(O)(CCF)C1,0.21466488033217712
O=C1CC[C@@H](CNC(=O)Nc2ccn(CCc3ccccn3)n2)N1,0.0005767978346679158
O=C1CCCc2oc(=O)c(C(=O)N[C@@H]3CCC[C@@H]3n3cccn3)cc21,0.0008333922653257882
O=C1CN(CCNC(=O)[C@@H]2CC[C@H]3CC[C@H]2N3)CCN1c1ccccc1,0.0005820941018572672
O=C1NCCCCC1N1CCN(C(=O)c2n[nH]c3c2CCCC3)CC1,0.0004678249763161962
O=S(=O)([C@H]1CCOC1)N(Cc1ncccc1Cl)CC1CC1,0.00045657680283364704
C[C@@H](CCNC(=O)c1ccnn1C1CCC1)NC(=O)CC1(CO)CC1,0.4488026526069141
C[C@@H](CNc1ncccc1C#N)NC(=O)c1ccccc1OC(F)F,0.0017014853432452306
C[C@@H]1C[C@H]1C(=O)NCC12CC(CO1)N(C(=O)C(F)(F)C(O)C1CC1)C2,0.0006938162057203349
C[C@H](O)C(=O)N1C[C@H](C)[C@H](NC(=O)c2c[nH]nc2-c2ccsc2)C1,0.0007167947615478114
CC[C@@H]1C[C@H]1C(=O)N(C)C(C)CNC(=O)CC1(CO)CCOCC1,0.0003352496053189425
CC[C@@H]1CN(C(=O)c2cnco2)C[C@@H]1NC(=O)C1COC2COCC21,0.00047054041279703086
CC(=O)N[C@H](CC1CCC1)C(=O)N1CCOC(c2ccoc2)C1,0.0004909682253405703
CC(=O)N(C)c1ccc(NC(=O)N2CC(F)(F)CC2CCO)cn1,0.0004197777822923883
CC(=O)N1CC(C)(C)C[C@H]1CNC(=O)c1coc(C2CCCC2)n1,0.000891402924454588
CC(=O)Nc1cccc2c1CN(C(=O)NC1CCN(C)C1=O)CC2,0.0006429355596509083
CC(C(=O)NCC(NC(=O)[C@H]1C[C@@H](O)C1)C1CC1)c1ccccc1,0.11163551887197946
CC(C(=O)NCCN(C)C(=O)c1ccc(=O)oc1)c1cccnc1,0.00029023177121313465
CC(C)(CNC(=O)Cn1ncnn1)Nc1nnc(C(C)(C)C)o1,0.0005221289208728898
CC(C)(O)C(=O)NC1CCCCN(C(=O)c2cc(O)ncn2)C1,0.16261254289435034
CC(C)(O)CC(=O)NC1(CNC(=O)CNc2ccccc2)CCC1,0.0004918075986316844
CC(C)COC1CN(C(=O)N[C@H]2CCN(C(=O)OC(C)(C)C)C2)C1,0.1981057998736589
CC(C)Cn1cc(C(=O)N[C@@H](C)CNC(=O)c2nccn2C)cn1,0.00043115678573009885
CC(C)N(CCN(C)C(=O)c1ccc(=O)oc1)C(=O)CC1(O)CC1,0.0002922195656329669
CC(C)c1cnn(C)c1C(=O)NCC1(C(N)=O)C(=O)Nc2ccccc21,0.000814476973810133
CC(C)c1ncc(C(=O)N[C@H]2[C@@H]3CN(C(=O)C(C)(C)C)C[C@@H]32)s1,0.30458162891014484
CC(C)c1nnc2n1CC(NC(=O)c1cscc1Cl)CC2,0.000726362989347427
CC(C1CCCCC1)N(C)C(=O)CCn1cc(C2(CCO)CC2)nn1,0.0014496056704746702
CC(CNC(=O)C(F)(F)c1cnn(C)c1)CNC(=O)C1C(C)C1C,0.0004018579777978457
CC(NC(=O)CN1CCc2sccc2C1)C1(S(C)(=O)=O)CC1,0.00047226102510133884
CC(O)CCc1cn(CCNC(=O)C2(C#N)CC23CCC3)nn1,0.0002476712283031666
CC(SC1CCOC1)C(=O)N1CC[C@@H](O)[C@@H](O)C1,0.13307595328677152
CC1(C)C[C@@H](NC(=O)C23CCC(=O)N2CCS3)[C@H]1C(=O)O,0.00026697988996805317
CC1(C)C(CN)CCS1(=O)=NC(=O)c1cnc2sccc2c1,0.000758192540406471
CC1(C)CCC(CS(=O)(=O)NCC=CCl)OC1,0.22201137454189504
CC1(CNC(=O)C2CC2)CCN(C(=O)c2ccnn2C(C)(C)C)CC1,0.0005906254596695074
CC1(NC(=O)CCC2CCCOC2)CCN(C(=O)C2CC(=O)C2)C1,0.09455423544764888
CC1CC(NC(=O)C(C)(C)CO)CN1C(=O)CCC1CCCCO1,0.0004421868640330163
CC1CC1CC(=O)N1CCC(NC(=O)c2cnccc2O)C(O)C1,0.00035579820721882895
CC1CCN(c2nncs2)CC1NC(=O)CC1CC2(CC2)C1,0.18524781797271012
CC1CN(C(=O)c2ccncc2Cl)CC1NC(=O)C1CCC1(C)C,0.2744021411581182
CC1CN(C(=O)c2nn[nH]c2C2CC2)CC1CNC(=O)c1cnco1,0.18335067139395936
CC1COCCC1CNC(=O)c1ccc(CC(F)(F)F)cc1,0.00045304363181335183
CCC(C(=O)N1CC(NC(=O)CC2CCC2)CCC1C)n1cncn1,0.4057941369429715
CCC(C)(CC)C(=O)N1CCCN(c2ncnc(C)c2C)CC1,0.0013905808286443374
CCC(CC)(CCOC(=O)C1CC2(CCCN2)C1)C(=O)OC,0.00038014882813552084
CCC(CO)CNC(=O)c1cccc(CNC(=O)OC(C)(C)C)c1,0.00043692530980961216
CCC(NC1CCN(C(=O)C(C)C)CC1C)C1CCNC1,0.0003041277288428286
CCC(F)C(=O)NC1CC(CNc2cc(O)ncn2)C1,0.43858199694477396
CCC1(C(=O)NC(C)C2CCCN(C(=O)c3ccc(N)nc3)C2)CC1,0.000758556729395644
CCCN1CCOC(C)(CNC(=O)c2cc(F)cc(F)c2)C1,0.0004521193243520563
CCCc1cc(C(=O)NCCN(CC)C(=O)c2ccc(F)cc2)no1,0.0005383306854809637
CCN(C(=O)C12CC1C2)C1CCN(C(=O)[C@H]2C[C@H](N(C)C)C2)C1,0.0005507166526558371
CCN(C(=O)CCNC(=O)NCC1CCCC1)C1COC1,0.0005660287751975966
CCN(C)C[C@]12COC[C@H]1CN(C(=O)c1nc(C)[nH]c1C)C2,0.0003165375397525972
CCN(CC(=O)NC1(CNC(=O)C(C)(C)CO)CCCC1)C1CC1,0.0003538525986543021
CCN(CCNC(=O)COC(C)C)C(=O)Cn1cc(C2CC2)nn1,0.10993674720343628
CCN(CCNC(=O)c1c(C)nn(C)c1C)c1ccnc(C)n1,0.001153963061142871
CCO[C@H]1C[C@H](NC(=O)c2cnc3c(cnn3C)c2O)C1,0.00044623231466403996
CCOC(C(=O)N1CCCCCC1(C)C(=O)OC)C1CC1,0.0006342804010211419
CCOC1C(C)C1C(=O)N[C@H]1C[C@@H](CNC(=O)[C@@H](O)C(C)C)C1,0.000269220767180029
CCOC1CC(C(=O)NCC[C@H](C)NC(=O)c2cccc(F)c2F)C1,0.0005144028184171559
CCOc1ccc(CC(=O)NCC2(OC)CCSC2)nc1,0.00038049667424064386
CCc1cc(NCC2(O)CCN(C(=O)c3ccoc3)CC2)nc(C)n1,0.0007202985658927098
CCc1nc(CN2CCN(Cc3cc(CO)on3)CC2)cs1,0.0004279793814667615
CCc1ncc(CN(CC(=O)OC)C(=O)c2cccc(O)c2F)s1,0.0005280825131977895
CCc1ncncc1C(=O)NCc1ccc(Cl)c2c1CCOC2,0.00044731916198488216
CCn1ncnc1CN1CCC([C@H](C)NC(=O)c2ccc(C)o2)CC1,0.0004750104269358997
CN(C)CCc1ccc(C(=O)N[C@H]2CCN(CCO)C2)cc1,0.00028055738588113213
CN(CCN(C)C(=O)CSC1CC1)C(=O)c1cc(O)nn1C,0.00044213069310676767
CN(CCNC(=O)Nc1nccc(C2CC2)n1)Cc1ccncc1,0.00038283578135605504
CN(CCNc1cc(OCC2CC2)ncn1)C(=O)OC(C)(C)C,0.001021749763131279
CN(CCO)C(=O)C1C2CCCC(O)(C2)C1(C)C(=O)O,0.1367730912626662
CN1CCCC(NC(=O)CNS(=O)(=O)CCC(=O)OC(C)(C)C)C1,0.15366765369967317
CNC(=O)c1ccc(CN(Cc2nonc2C)C(C)C)cc1,0.00047430685942488035
CNc1ccc(NC(=O)c2cnc(C)nc2C2CC2)cc1,0.30318328330877575
COC(=O)[C@@]1(NC(=O)CCc2nc3ccccc3[nH]2)C(C)[C@H]1C,0.00042888767708267663
COC(=O)[C@@H]1C[C@H](NC(=O)Cc2conc2C)CS1,0.00047159166225777167
COC(=O)C1CC1C(=O)N1CC(CN(C)C(=O)C2CC23CC3)C1,0.0002347209068179782
COC(=O)N[C@H]1CCN(C(=O)CC2CCNc3ccccc32)C1,0.0009827221662617657
COC(=O)c1sc2ncnc(N(C)CC(C)NC(=O)CO)c2c1C,0.0005891530478529777
COC(C(=O)N1CCCC1CNC(=O)CSC(C)(C)C)C1CC1,0.0006644048996750049
COC(C(=O)NC1CN(C(=O)C2CC3(CCC3)CO2)C1)C(C)C,0.00042291763618188005
COC(C)C(=O)N[C@H](C)CNC(=O)c1nc(-c2cn[nH]c2)no1,0.0006254404445813371
COC1(C(=O)N2CC(CN(C)C(=O)C3CCN(C)CC3)C2)CCC1,0.1593071961276843
COC1(C(=O)N2CC(NC(=O)c3cc[nH]c3C)C2)CCCC1,0.13581173525680376
COC1CN(C(=O)c2sc(Br)nc2C(C)C)C1,0.22834709379260573
COCC(C)CC(=O)N1CC(Nc2ncc3c(n2)CCCC3)C(C)(C)C1,0.0005706631674058531
COCC1(O)CN(C(=O)Nc2ccnn2Cc2ccccc2)C1,0.000706838616263094
COCCN(C)CC(=O)NC1(C)CN(C(=O)Cc2nccn2C)C1,0.00020889219637185483
COCCN(C)Cc1nc(-c2ccc(OC)cc2)no1,0.0009577945253385463
COCc1cccc(CNC(=O)[C@]2(c3ccccc3)C[C@H](O)C2)c1,0.0004870506668447725
COc1cc(NC(=O)NC(C)C(C)C(=O)N2CCOCC2)cnc1OC,0.0012324326268744715
COc1cc(OC)nc(NCC(C2CC2)N(C)C(=O)c2c[nH]nn2)n1,0.0008561658376258695
COc1ccc([C@]2(C(=O)NC3(C(=O)O)CC(CO)C3)C[C@@H](O)C2)cc1,0.0003098238428810377
COc1ccc(C(=O)N2CCCCc3ncccc32)c(C)c1,0.511563815022342
COc1ccc(C(=O)NC(C)C2CCCCN2C)cc1F,0.000719213601022417
COc1ccc(C)c(NC(=O)C2COCCC2(F)F)n1,0.0004792589592838145
COc1ccc(CN2CCC(C)(CNC(=O)c3cncs3)CC2)nn1,0.29408160595448835
COc1ccc(F)c(C(=O)NCC2CCC(NC(C)=O)C2)c1F,0.0005084190718567375
COc1ccc2ncc(C(=O)NCC3(C)CCCO3)n2n1,0.0004872508044624302
COc1cccc(NC2CCN(C(=O)c3cc(C)ccn3)CC2)c1,0.46555908224655546
COc1nn(C)cc1CN1CCc2nccc(N)c2C1,0.0007754069756768296
CSCC(C)(C)C(=O)NCC1CC(C)N(C(=O)c2ncccn2)C1,0.0003423215669418847
CSc1ccc(C(=O)Nc2cc(F)ccc2OCC(N)=O)cc1,0.0011514180328898729
Cc1c(C#N)c2ccccc2n(CC(C)CN2CCOCC2)c1=O,0.0012466484310040573
Cc1cc(C(C)NC(=O)N2C[C@H]3CC[C@H]3C2)cc(C)n1,0.0005058718368269079
Cc1cc(CC(=O)NC(C)CN(C)CCC2CCOCC2)n[nH]1,0.00043693843121115033
Cc1cc(CN2CCN(Cc3ccncc3)CC2)cnn1,0.00029476655274006153
Cc1ccc(Cl)c(C(=O)NC2CN(C(=O)C(C)(O)C3CC3)C2)c1,0.0005728611294018029
Cc1cnc(CCNC(=O)NC2(C3CCCO3)CCOCC2)nc1C,0.0003551526447631413
Cc1csc(C(=O)NC(C)C2CCN(C(=O)c3coc(C)c3)C2)c1,0.0009125703689997915
Cc1nc[nH]c1CC(O)C(=O)N1CC(CC(C)(F)F)C1,0.0004191303546423242
Cc1nc(C(C)(C)NC(=O)C2CNCC3(CCC3)O2)no1,0.00033527815618173047
Cc1nc(C)c(CNC(=O)C2Cc3ccncc3C2)c(C)n1,0.0004258466638615383
Cc1nc2c(F)cccc2cc1C(=O)NC(C)CCNC(=O)CC#N,0.0007530348952302997
Cc1nnc(N2C[C@@H](C)[C@@H](NC(=O)Cn3ncnn3)C2)nc1C,0.00038463886828886076
Cc1nnc2n1CC(CNC(=O)NCC1CC(C(C)(C)C)C1)CC2,0.0005997997708709373
Cc1oncc1C(=O)N1CCC[C@@H]1CN(C)C(=O)c1cccnc1O,0.17017027292351203
Cn1ccnc1C(=O)N[C@H]1CC[C@H](CNC(=O)c2ccns2)CC1,0.24978837698754638
Cn1ncc(C(=O)O)c1CN1C[C@@H](CO)O[C@@H](CO)C1,0.00022398460685672109
N#CC1(C(=O)NCC2(F)CC(N)C2)CCCCC1,0.0006663943457205141
O=C(Cn1nccn1)NCc1cc(F)c(O)c(Br)c1,0.00038743666310049515
O=C(NC1CCc2c(F)cccc21)c1ccc(C(=O)O)nc1,0.00037252105286197565
O=C(NCC1CCN1C(=O)CCCc1ccsc1)C1CCC1,0.0005828825155001599
O=C(NCC1CN(C(=O)CCC(F)(F)F)C1)c1cccnc1O,0.00025198110114550286
O=C(NCC1COc2ccccc2O1)C12CCC(CC1)CO2,0.0006310036043544768
O=C(NCc1ccc(-c2ccco2)cc1F)N1CCC2COCCC21,0.0016991074596576026
O=C(NCc1ccc(OC2CC2)cc1F)C1(C2CCNCC2)CC1,0.0006679638980524004
O=C(c1cccc2c1OCC2)N1CCC2(CC1)CC(O)CCO2,0.0005026377541343591
O=C(c1ccncn1)N1CCC2(CCOC2=O)CC1,0.00033381726942926745
O=C(c1ncn2c1CCCC2)N1CCC(F)(c2ccccc2)C1,0.00044612669576049797
O=S(=O)(CC1CCCO1)NCC1CCC2(CCOCC2)O1,0.1381455219100054
Fc1ccc(CC2CN(CC(O)c3ccccn3)CCO2)cc1F,0.0005272301519917052
C[C@@H](CNC(=O)OC(C)(C)C)NCc1cnc2c(cnn2C)c1,0.0010548962571132285
CC[C@@H](COC)NC(=O)N[C@H]1C[C@H](c2ccc(F)cc2)C1,0.00045179146306016654
CC(=O)C1(NC(=O)Cn2nc3ccccn3c2=O)CCC1,0.08623338373967768
CC(C(=O)N1CC[C@H](NC(=O)Cc2ccc(=O)[nH]c2)C1)C1CCCO1,0.00022448931035105697
CC(C)(C#N)C(=O)N1CCOC(CNC(=O)c2nncs2)C1,0.14808820623130864
CC(C)(C)c1ccc(S(=O)(=O)Nc2cc3n(n2)CCC3)nc1,0.0005091325174419959
CC(C)(O)CC(=O)NCC1CC2CCC1N2C(=O)CC1CCOC1,0.00026052320690871014
CC(C)Cn1c(C(O)C(C)C)nnc1N(C)CC(=O)N1CCCC1,0.0003658991472065087
CC(C)Cn1ccnc(N2CC3CC(C2)CS(=O)(=O)C3)c1=O,0.0008795605986443735
CC(C)Oc1cc(C#N)ccc1NC(=O)N1CC[C@@H](F)[C@H](O)C1,0.0010930803371310318
CC(C)Sc1ccc(C(=O)NS(=O)(=O)c2c[nH]cn2)cc1,0.0006112062550308735
CC(C)c1oncc1C(=O)NC1CN(C(=O)[C@@H]2CCC(=O)N2)C1,0.08575910765620952
CC(CC(C)Nc1ncc2c(n1)CCCC2)NC(=O)C1CCSC1,0.0017727789898135738
CC(CC(N)=O)C(=O)N1CC(CNC(=O)Cn2cc(Cl)cn2)C1,0.00016469674964845766
CC(CNC(=O)C1CCC1F)N(C)C(=O)C(O)Cc1ccccc1,0.00040178848740736657
CC(CO)C(=O)N1CC2CC(NC(=O)c3cccn4nnnc34)CC2C1,0.19982365836153168
CC(O)C(=O)NC1CCCN(C(=O)CCn2ccccc2=O)C1,0.00019570373536140356
CC1(C)C(=O)CC1C(=O)N[C@H]1C[C@@H](CNC(=O)C(C)(O)C2CC2)C1,0.11085452499064727
CC1(C)CC(NC(=O)c2cc3ccncc3cc2F)C(=O)O1,0.3704384249563624
CC1(C)CCCC(C(=O)O)(n2nnc(-c3cccnn3)n2)C1,0.0013757773816589925
CC1(C)OC[C@@H]([C@@H]2CN(C(=O)CCc3ccc4c(c3)NCC4)CCO2)O1,0.0009793109571087973
CC1(CC(=O)N[C@H]2CC[C@H](CNC(=O)[C@@H]3[C@H]4COC[C@H]43)CC2)CC1,0.1501542486492434
CC1(CN2CCn3c(nnc3C3CC3)C2)CN(C(=O)OC(C)(C)C)C1,0.0008258921976563678
CC1(NC(=O)CCC(N)=O)CCN(C(=O)c2cnn3c2OCCC3)C1,0.11370686205143961
CC1CC(C(=O)NCC2CCN(C(=O)C3(C#N)CC3C)C23CC3)CO1,0.3855667977131641
CCC(=O)N1CC[C@@H](NC(=O)C2(n3cnnn3)CCCCC2)C1,0.00025042237349546945
CCC(=O)N1CCC(C)N(C(=O)C2CC(F)(F)C2)CC1,0.0004418876690404752
CCC(=O)NCC(=O)N1CCC(C)(CNC(=O)[C@@H](C)N(C)C)C1,0.0003572094471153177
CCC1(C(=O)NC[C@H]2C[C@H](NC(=O)C3(CC)CC3)C2)CCC1,0.0009026175008514891
CCC1CC1C(=O)NCC1CCCC1NC(=O)C1(C)CC1(F)F,0.0009006957625733906
CCCC(=O)N1CCCC[C@]12C[C@H](NC(=O)CCCn1cccn1)C2,0.0007813879046177698
CCCC(C)(CC)C(=O)N1CCCC(C(=O)Nc2ncccn2)C1,0.0012167836510851293
CCCC(C)(O)CC(=O)N1CC(NC(=O)c2ccc(F)cc2)CC1C,0.0005010562603075749
CCCC(NCC(=O)Nc1ccc2c(c1)OCCO2)C(=O)N(C)C,0.0012174875317482324
CCCC(O)(CCC)CNCc1ccnc(C(=O)OC)c1,0.00043873721894434526
CCCC(O)CC(=O)N1CCN(C(=O)C2=C(C)CCC2)CCC1C,0.0003691416630053453
CCCC1(C(=O)NCc2cc(=O)[nH]c(C3CC3)n2)CCC1,0.0004946745388221644
CCCCC(C)C(=O)N1CCCN(C(=O)CN(CC)CC)CC1,0.0006138763131095694
CCCCc1cn(CC(=O)NCCc2nnc3n2CCC3)nn1,0.00020352517892852114
CCCN(CC)c1nnnn1CCOC(C)(C)C(F)(F)F,0.0005189546058426189
CCCc1cc(C(=O)NS(=O)(=O)CCc2ccccc2OC)c(C)o1,0.000510760636146046
CCCc1nc(C(=O)N2CC(CO)(NC(=O)CSC)C2)cs1,0.00043377750733909244
CCN(CC(=O)N1CCCC(CNC(=O)[C@@H](C)O)C1)C1CC1,0.0002542334985694263
CCN(Cc1cccc(F)c1)Cc1cnc(C(N)=O)cn1,0.0005765657435612714
CCNc1cc(C(=O)Nc2cccc(N(CC)C(N)=O)c2)ccn1,0.0015020072732253571
CCO[C@@H]1C[C@H]1C(=O)N(C)CC1OCCc2ccccc21,0.0006363706643959684
CCOC(=O)C(NC(=O)c1cc(C(F)F)n(C)n1)C(C)C,0.000637805799797387
CCOC(=O)CC1(S(=O)(=O)NCc2nc(C)c(C)[nH]2)CC1,0.00030681547736693255
CCS(=O)(=O)CC(=O)N[C@H]1[C@@H]2CN(C(=O)c3coc(C)n3)C[C@@H]21,0.00024266037694884162
CCS(=O)(=O)CCNC(=O)Nc1cccc(OC(C)C)c1,0.0006504713550814932
CCc1cc(-c2noc(CC3C(=O)Nc4ccc(F)cc43)n2)no1,0.0016831193109347678
CCc1ccc(C(=O)NC2CCN(Cc3ccncc3C)C2)cc1,0.0003670747791870338
CCc1occc1C(=O)N1CC(Nc2ccc(C)nn2)C1,0.0006954251538083292
CCc1ocnc1C(=O)N1CCN(c2cc(F)ncn2)[C@H](C)C1,0.000631583890593055
CCn1cnnc1C(=O)NC(C)(CNc1ncc(C)cn1)C1CC1,0.2654145197536305
CCn1ncc(C(=O)NCCC(C)NC(=O)CC(C)C(F)F)c1C,0.0004632502092751991
CN(C(=O)C1(C#N)CC1C(F)(F)F)c1nn(C)cc1Cl,0.33693415121781595
CN(C)C[C@H]1CC[C@@H](NC(=O)CCSc2ccccn2)CC1,0.0004234510114916892
CN(C)C(=O)CN1CCOC(CNC(=O)c2c(F)cccc2F)C1,0.0003360728067258533
CN(c1nnnn1C1CC(=O)N(CC(F)(F)F)C1)C1(CO)CC1,0.10537709243514577
COC(=O)[C@@H]1CC[C@H](COC(=O)c2cnc3occc3c2)C1,0.3269446253293925
COC(=O)CCc1ccc(CN2CCC2(CO)CO)o1,0.00022275350684337184
COC(=O)c1c(C)cc(NC(=O)N2CCC3C2CCCN3C)cc1C,0.0013139999353393203
COC(=O)c1ccc2c(c1)CC(NS(=O)(=O)c1cnc[nH]1)C2,0.00032793608316206125
COC(=O)c1cccc(OCC(O)CN[C@@H](C)c2cccc(O)c2)c1,0.0007022503181204546
COC(=O)c1cscc1NC(=O)N(C1CC1)C1CCCNC1,0.0007760667098631304
COC(C)(C(=O)N1CC[C@H](NC(=O)C2CC23CC3)C1)c1ccccc1F,0.00044659916105410516
COC(C)(C)C(=O)N1CCC2(CC1)CN(C(=O)CC1(O)CCC1)C2,0.0005337482683504804
COC(C)C(=O)N1CCCC1CN(C)C(=O)C(C)CS(C)(=O)=O,0.0002529897453882023
COC(C)CCC(=O)N1CCCC(NC(=O)c2cccnc2N)CC1,0.0005514321016757402
COC1(CNC(=O)C(C)(C)C2CC2)CN(C(=O)CC=CCl)C1,0.24152880623822642
COC1CC(CNC(=O)Nc2cc(C)ccc2C)C1,0.0011092878866290638
COCC(C)(CC(=O)O)NCc1ccc(Cl)c(S(C)(=O)=O)c1,0.0003814086218238202
COCC(OC)c1noc(C2(C)CCCN(C(C)=O)S2(=O)=O)n1,0.00034697367014280083
COCC1(CNC(=O)C2Cc3ccncc3C2)CCCN1,0.0003191927761061323
COCC1(CO)CCN(C(=O)c2ccc(-c3ccncc3)s2)C1,0.3714684328542106
COCC1(NCc2ccc(OC)cc2OC)CCOC1,0.0006179681121752687
COCC1CC(O)CN1C(=O)c1cc2cc[nH]c(=O)c2s1,0.0003286747250288613
COCCC(C)CNC(=O)NC1CCc2ccc(OC)cc2C1,0.000610121430074652
COCc1cc(N2CCC[C@H]2Cc2ccnn2C)nc(C(C)(C)C)n1,0.0012422153658440537
COc1ccc(C(=O)NCCN(C)Cc2nn(C)c(=O)[nH]2)c(Cl)c1,0.0003197863431557672
COc1ccc(C(=O)Nc2nccc(C3CC3)n2)c(OC)n1,0.41838762338302743
COc1ccc(NC(=O)NCc2nccnc2C)cc1,0.0008272074051976986
COc1nc(CNc2cnn(S(=O)(=O)C3CC3)c2)ccc1C,0.0005747218650020595
CS(=O)(=O)c1cncc(NC(=O)N2CCC(CCF)CC2)c1,0.0009681959482649064
CS(C)(=O)=NC(=O)CNc1cc(C(F)(F)F)c2c(n1)CCC2,0.0004149975192565929
CSCC(C)(O)CNC(=O)Nc1ccc(S(=O)(=O)N(C)C)cc1,0.0006414040932338549
CSCCC(=O)NC1(C)CN(C(=O)C2CC(F)(F)C2)C1,0.0006379062697331903
CSCc1ccc(C(=O)NC2CCCN(C(=O)C(C)CF)C2)o1,0.0004926750238018545
CSc1ncc(COC(=O)C2COc3c(F)cc(F)cc3C2)cn1,0.0014616033732801018
Cc1[nH]c(C#N)cc1C(=O)N(C)CCNC(=O)c1nc2n(n1)CCCC2,0.29590145098318804
Cc1c[nH]nc1C(=O)N[C@H]1CCN(C(=O)c2ccnn2C2CCC2)C1,0.19413674664361133
Cc1cc(C)cc(N2CC(C(=O)N3CCC(O)CO3)CC2=O)c1,0.0007311572644909747
Cc1cc(C)n(CCCC(=O)NC(C)(C)c2cn(CC(C)C)nn2)n1,0.0005522388435370462
Cc1cc(C)n2nc(CC(=O)N3CCCCC(N)C3)nc2n1,0.00043460096997602473
Cc1cc(CC(=O)NC[C@@H](Nc2nccc(C)n2)C2CC2)n(C)n1,0.0005492679853763892
Cc1cc(N2CCC(C)(NC(=O)CC3COCCO3)C2)ncc1C#N,0.0010860998115797599
Cc1ccc(C(=O)N2CCCCC2CNC(=O)Cn2ccnc2C)[nH]1,0.0005421200838633933
Cc1ccncc1CCOC(=O)C1OC(=O)c2ccccc21,0.00035694272267641574
Cc1cn(C)nc1C(=O)N1CCC[C@@H]1CCNC(=O)c1ncn(C)n1,0.00024900784170716906
Cc1cn(C)nc1C(=O)NC1CCN(Cc2csnn2)C(C)C1,0.0004354275555620277
Cc1cn(C)nc1c1noc(CCC(=O)N2CCCC(C)C2)n1,0.7120252491927637
Cc1cnc(N2CCN(C(=O)C(CO)c3ccccc3)C[C@@H]2C)nc1C,0.0009066362829519523
Cc1cnc(NCC2CN(C(=O)C3CCCOCC3)CC23CCC3)nc1,0.0009581098124765926
Cc1cnc(S(=O)(=O)NC(=O)c2ncoc2C)c(C)c1,0.0003321090841975029
Cc1cnn(C(C)C(=O)N2CC[C@H](Nc3cc(C(N)=O)ncn3)C2)c1,0.3678894577492577
Cc1conc1C(=O)N1CCN(c2ncncc2C#N)CC(O)C1,0.0009028708708920277
Cc1csc(C(=O)N[C@@H](C)CNC(=O)C2CC(C)(C)CN2C)c1,0.0004931481279275246
Cc1csc(C(C)C(=O)N[C@H](C)CNC(=O)CCc2ncc[nH]2)n1,0.00040779273976229214
Cc1nc(N2CCC(c3ncon3)C2)ccc1Br,0.0005954806803952197
Cc1nc2n(n1)CCCC2NC(=O)c1cc(C(F)(F)F)ns1,0.00041752101463177985
Cc1nn(-c2ccccc2)nc1CN1C(=O)OC2CCCC21,0.0007149333253620083
Cc1noc(C)c1CN(C)C(=O)C1(C)CCC(F)(F)C1,0.0005899306672733667
Cc1oc(-c2nn[nH]n2)cc1C(=O)NC1(C)CC(C)(C)OC1=O,0.0011156518081263213
N#CC1(c2ccc(NC(=O)C(F)(F)CCn3ccnn3)cc2)CC1,0.0016803429150453381
N#Cc1c(N2CC[C@H](NC(=O)c3ccno3)C2)nnc2c1CCC2,0.0007723534856730334
N#Cc1ccnc(N2C3CCCC2CN(C(=O)c2cnc[nH]2)C3)n1,0.45136292179164217
N[C@@H]1CCC[C@H](CNC(=O)Nc2cccc(C(=O)NC3CC3)c2)C1,0.0005703579547969871
NC1CCCCC1CNC(=O)COc1ccc(Br)cc1,0.0005915680236184877
O=C(NC1CN(C(=O)c2cccnn2)Cc2nccn2C1)c1ncc[nH]1,0.00026073895847914235
O=C(NCC1(CO)CC1)Nc1cccc(-c2cc[nH]n2)c1,0.001309809261787063
O=C(NCC1(CO)CCCCC1)Nc1ccc(OCC2CCCO2)cc1,0.0017333403888393835
O=C(NCc1nnnn1CC1CC1)[C@H]1CC2(CC2)C[C@H]1c1ccccc1,0.0004262408728006231
O=C(NS(=O)(=O)C1CC2(CCOCC2)C1)c1ccc[nH]1,0.0002775727806953604
O=C(Nc1cnc(Cl)nc1)C(O)c1ccc(F)c(Cl)c1,0.0008941332019609898
O=C(O)C1N(C(=O)C2COc3ccccc3O2)CC1(C(=O)O)C2CC2,0.0002539464116596955
O=S(=O)(C1COC1)N1CCCC1c1ncc(Br)cn1,0.00030215192732939065
O=S(=O)(CCNc1ccc(Cl)cc1CO)NC1CCC1,0.000412423918980263
C[C@]1(CNC(=O)C23CC2C3)CCCN1C(=O)C1Cc2nncn2C1,0.00027932923170686234
C[C@@]12CN(C(=O)c3ccnc(CO)c3)C[C@]1(C(=O)O)CS(=O)(=O)C2,0.1729386182874275
C[C@@H](CCNC(=O)Cc1nncn1C)NC(=O)COc1ccccc1,0.00032357188203596264
C[C@@H](Cn1cc(CC2(O)COC2)nn1)NC(=O)C12CCC(CC1)C2,0.0005240852033919623
C[C@H](CNC(=O)C1CC12CCC2)NC(=O)CNS(C)(=O)=O,0.073838612426389
C[C@H](Cn1cc(C(C)(C)C)nn1)NC(=O)C1(C)CCOC1,0.00037833725125101947
CC[C@@H]1C[C@H]1C(=O)N1CC(NC(=O)CCC2CC2)CC(C)(C)C1,0.1581554980350666
CC[C@@H]1CN(C(=O)Cn2cnnc2)C[C@@H]1NC(=O)C12CCC(CC1)C2,0.0007110383111194118
CC[C@@H]1CN(c2nnco2)C[C@@H]1NC(=O)C1CC(C2CCOCC2)=NO1,0.0006849341020201663
CC(=O)NC1(CO)CN(C(=O)c2ccc(F)c3cccnc23)C1,0.14090174138920578
CC(=O)NC1CCN(C(=O)c2cc3ccccc3s2)CC1O,0.0005729746945037073
CC(C)(C)CCNC(=O)CN1CCN(C(=O)C(N)C2CCOC2)CC1,0.00045087186678955315
CC(C)(C)OC(=O)CC1(C(=O)N2CCCc3c(O)cccc32)CC1,0.6369337446869848
CC(C)C[C@H](C)NC(=O)c1ccnn1CC(=O)NCc1ccccc1,0.0005617783559650443
CC(C)C(C)(O)CNC(=O)c1ccc(-n2ccnc2)nc1,0.0007010963791788144
CC(C)C(NC1CCOCC1)C(=O)NC(C)(CO)c1ccc(F)cc1,0.0007274539986440067
CC(C)CCC(=O)N(C)C(C)CCNC(=O)c1ccc2ocnc2c1,0.001128486751705409
CC(C)N1CCCN(C(=O)NCc2nnnn2C2CC2)CC1,0.00025312741867568545
CC(C)O[C@H]1C[C@@H](NC(=O)N2CCCC2C(C)(C)C)C1,0.0006542949352268534
CC(CNC(=O)c1cnn2cc[nH]c12)NC(=O)CC(C)(C)C(C)(F)F,0.000697054980514825
CC(CS(C)=O)NC(=O)c1ccc2c(c1)N(C)C(=O)CN2C,0.000629990543164554
CC(NC(=O)COC(=O)C1SCCc2ccccc21)c1ccco1,0.0005866107102271428
CC(O)Cn1cc(C2COCCN2C(=O)Cc2cccnc2O)nn1,0.00020546273698287472
CC1(C)CCNC(C(=O)Nc2ccc(N3CCCC3)nc2)C1,0.6183160523383749
CC1(C)CCOC1CS(=O)(=O)NCC(=O)NCc1cccnc1,0.00019115153071280614
CC1CC(C(=O)N2[C@H]3CC[C@@H]2C[C@@H](CNC(=O)CC2CCCO2)C3)C1,0.0009126744665078355
CC1CC(C)(C(=O)N2CC(CNC(=O)C3CCC3)C2)CCO1,0.0002920450654620169
CC1CC(NC(=O)COC(F)F)CN1C(=O)CNC(=O)C1CC1,0.0968796625920899
CC1CC1CC(=O)NCCC1CCCCN1C(=O)C1CC2CC2C1,0.4176885239542088
CC1CC1CN(C)C(=O)NCC1(F)CN(C(=O)OC(C)(C)C)C1,0.1738796643869405
CC1CC2CC2CC1C(=O)NCCN(C)C(=O)C1CCCC2CC21,0.3623152072848576
CC1CCC(C(=O)NC2CC3CN(C(=O)Cn4nccc4N)CC32)O1,0.0005843802202716759
CC1CCN(CC(=O)N[C@H]2CC[C@@H](N(C)C(=O)C3CC3C)CC2)CC1,0.17593298794970272
CCC(=O)NCC(CC)NC(=O)c1n[nH]c(COC)n1,0.0002119508168896307
CCC(C)OCC(=O)N[C@H]1CCCN(CCc2ccccc2)C1,0.0004909189743118745
CCC(CO)C(=O)NC(CNC(=O)C1(C(C)C)CC1)C1CCCC1,0.000382633610882737
CCC(NC(C)=O)C(=O)N1CCC12CCOc1ccccc12,0.0003497545536713513
CCC(O)CC(=O)N(CC)C1CCN(C(=O)c2ccnnc2)C1,0.00029116733609273
CCCC[C@@H](N)C(=O)Nc1ccc(SC)c(C(=O)OCC)c1,0.0009163057718784871
CCCC(=O)NCC1(NC(=O)c2ccnc(OCC)n2)CCC1,0.25428014906860485
CCCC(NC(N)=O)C(=O)N(C)CCNC(=O)C1C(C)(C)C1(C)C,0.0005030004416391637
CCCCC(C)C(=O)N1CC(C)CN(C(=O)C2CCOC2)C(C)C1,0.0006612275822530403
CCCN(CCNC(=O)c1cnn(C)c1)C(=O)C(C2CC1)C(C)O,0.0
CCCN1CCN(C(=O)c2cn(C)nc2C2CCCC2)[C@H](C)C1,0.0009337231688420481
CCN(CC(=O)N1CCC2(CCCC2)C1)c1cccc2cc[nH]c12,0.9128835358960784
CCN(CC)C(=O)CN1C[C@@H]2C[C@H]1CN2C(=O)c1c(C)cnn1C,0.0003334459722741953
CCOC(=O)[C@H]1CC[C@H](NC(=O)N2CC3(CCC3)C2C2CCOCC2)CC1,0.39142430618457247
CCOC(=O)C1(S(C)=O)CCN(C(=O)c2ccnn2C(F)F)CC1,0.000516770884761167
CCOC1(CNC(=O)NCC2(C3CCCCO3)CCC2)CCOC1,0.0007065520475587178
CCOc1ccc(NC(=O)N2CCC[C@@H]2C(=O)O)cc1Cl,0.0012925106414110644
CCSCC(=O)NC1CCN(C(=O)c2c(C)ccn2C)CC1C,0.00030747725194418606
CCSCc1cc(C(=O)N(C)C(C)CNC(=O)C(F)CC)no1,0.00033488029203976126
CCc1c[nH]c(C(=O)N2CCC(C)C(NC(=O)c3cc(O)no3)C2)c1,0.0006764820443129487
CCc1c(C)nc2ncnn2c1N(CCNC(=O)C(C)O)CCOC,0.0005581989245532236
CCc1cc(C(=O)N2CC(NC(=O)Cc3nncn3C)C2)on1,0.00020675616603815656
CCc1cc(C(=O)NC(CNC(=O)C2COC(C)C2)C2CC2)nn1C,0.0003228992799791301
CCc1cc(C(=O)Nc2nccc(C(C)C)n2)n(C)n1,0.0011198484628337046
CCc1ccc(C2CCN(C(=O)c3cnnc(Cl)c3)CC2)cc1,0.0006448086468172989
CCc1cccnc1C(=O)N1CCC2(COC(CNC(=O)CO)C2)C1,0.0002940902362775311
CCc1nc[nH]c1C(=O)N1CCC(CCNC(=O)Cn2ncnn2)C1,0.0004190878069778516
CCc1nnc(N2CCC(C)(C)C(NC(=O)c3cc(C)no3)C2)o1,0.0012867418350693905
CN(C(=O)Cc1ccc(Cl)cn1)C1CCN(C(=O)C2(O)CC2)CC1,0.0002657496025427776
CN(C)C(C(=O)NC1CCC(=O)c2ccccc21)c1cscn1,0.16892523708521603
CN(C)c1ccc(CN2C(=O)CCN(Cc3cccc(F)c3)C2=O)cn1,0.000829212470532884
CN(C)c1ncc(C(=O)NC(CO)c2ccc(Cl)cc2)o1,0.4788526037560576
CN1CCC(CNC(=O)N2CC3CCC2C(CO)C3)C1=O,0.0003306690597729665
CN1CCC(N2CCC(NCc3nnnn3C3CC3)CC2)C1,0.0001702850607060795
CN1CCC2C(CCCN2C(=O)NC(C)(C)C2CCOCC2)C1,0.0004142298547488953
CN1CCN(C2CN(C(=O)c3cc(Br)nn3C)C2)CC1,0.00027326432263868406
CNC[C@@H]1CCCCN1C(=O)C1(CCc2ccccc2)CC1,0.0011321055820806762
CNC(=O)C1(C)CCN(CC2CCCCN2C(=O)OC(C)(C)C)C1,0.41623574511914285
CNC(=O)NC(=O)C(C)N1CC(C)(NC(=O)C23CCCN(CC2)C3)C1,0.11501511085169759
CNc1ccc(C(=O)N(C)C(C)CNC(=O)[C@@H](C)N(C)C)cc1F,0.0006688330485247237
COC(=O)C1CC2(CC(C(=O)NC3CCOCC(C)(C)C3)C2)C1,0.0005340628585508693
COC(=O)N(C)CC(=O)N1CC[C@H](CNC(=O)CN(C)C(N)=O)C1,0.000271959929377796
COC(=O)c1cc(Cl)cc(S(=O)(=O)N2CCC(O)CC2)c1,0.0002517655484745782
COC(C)(C)C(=O)N1C[C@]2(C)CN(C(=O)CC3(O)CC3)C[C@]2(C)C1,0.0002584480584317841
COC(CNC(=O)Cn1cc(CCN2CCCC2)nn1)C(C)(C)C,0.0005425906439134959
COC1(C#N)CC(C(=O)NC2CC(CC(F)(F)F)C2)C1,0.0005853619421182602
COC1(C(F)(F)F)CCN(C(=O)c2cn3ccncc3n2)CC1,0.0005620337636790673
COCC(O)(CO)CNC(=O)CNc1cccc(OC)c1,0.0005282350351205305
COCC1COCCN1CC1CC1c1ccc(F)cc1,0.0004486777883357891
COCCC(=O)N1CC(NC(=O)C23CCCC2C3(F)F)CC1C,0.16669883481743136
COCCC(C)C(=O)NCCN(C(=O)c1cc[nH]c1)C1CC1,0.0005715019255541874
COCCC(C)COC(=O)c1cc(C(=O)c2ccccc2)c[nH]1,0.2571973459313192
COCCN(C)C(=O)N1CCS(=O)(=O)CC1c1nnn[nH]1,0.00021461306444248772
COCCS(=O)(=O)CC(=O)Nc1cc(C#N)cc(C(=O)O)c1,0.0009134450886228729
COc1cc2nc(COC(=O)C3(O)CCC3)[nH]c2cc1Cl,0.0008054566919997522
COc1cccc(CNc2nc(N)nc(C(F)F)n2)c1,0.0006402484609772635
CS(=O)(=O)C1(C(=O)N2CCC3CS(=O)(=O)CC3C2)CC1,0.0002689119656458195
CS(=O)(=O)NC1CCCN(C(=O)NC[C@H]2COC(=O)O2)C1,0.08104367340401628
CSC(C)C(=O)NC1(CO)CN(C(=O)C(C)NC(N)=O)C1,0.00036687139215934846
CSC1CN(C(=O)NCc2ccnc(N3CCOCC3)c2)C1,0.0006802093697722263
CSCC(=O)N[C@H](C)C1CN(C(=O)c2ccc3oc(=O)[nH]c3n2)C1,0.20400741487902932
CSc1nccnc1C(=O)N1CC(NC(=O)c2c(C)noc2N)C1,0.34239244319551054
Cc1[nH]nc(C(=O)N2CCN(C(=O)CN(C)C)C[C@H]2C)c1C(F)(F)F,0.0003331117543524667
Cc1c(C(=O)NC2(c3ncccc3F)CC2)nnn1C(C)C,0.0004157497249604676
Cc1c(C(=O)NCCN(C)C(=O)C2(C3CC3)CC2)cnn1CCC#N,0.0012781975502080358
Cc1c(Cl)cnn1CC(=O)N1CC[C@H](Nc2cc(O)ncn2)C1,0.0006720003381093894
Cc1cc[nH]c1C(=O)N1C[C@H]2[C@H](NC(=O)c3ccc(C(C)C)nc3)[C@H]2C1,0.41075523151889043
Cc1cc(C(=O)N[C@H](C)CNc2ccnc(Cl)n2)c(C)cn1,0.0005546209565071814
Cc1cc(CCC(=O)NC(C)CNC(=O)CCn2cccn2)on1,0.0002476004300677072
Cc1ccc(=O)n(CC(=O)Nc2ccc3c(c2)OCCNC3)n1,0.0005791355812820964
Cc1ccc(C(=O)NC23CCCC2N(Cc2nocc2C)CC3)nn1,0.0004393460649988634
Cc1ccc(NC(=O)C(F)(F)S(C)(=O)=O)c(C(F)(F)F)c1,0.0008724272999826554
Cc1cccc(C(CN(C)C)NC(=O)c2ccnc(OC3CC3)c2)c1,0.00044968252312615933
Cc1cccc2c1CC(C(=O)N[C@H]1CCCC[C@@H]1O)N2,0.0004432255275891576
Cc1ccn(C)c1C(=O)N1CC[C@@H](Nc2ccnc(C3CCC3)n2)C1,0.0015059879862614341
Cc1nc(C(=O)N2CCCC(n3cc([C@@H](O)C(C)C)nn3)CC2)n(C)n1,0.0004243384764895285
Cc1nc(C(=O)NCC2CC3CCC2N(C(=O)CO)C3)c2n1CCCC2,0.0004889641032206825
Cc1nc(C2CCOCC2)nn1C(=O)C(N)c1cccs1,0.0006338688494401724
Cc1nn(C)cc1CN1CCC1CNC(=O)c1cn2c(n1)COCC2,0.0003718441529004355
Cc1nnc(CCC(=O)N(C)CC2CCCN2C(=O)c2c[nH]nn2)o1,0.00023022123021565523
Cn1cnc(CCNC(=O)C2(C3CCC(=O)NC3)CCC2)n1,0.0002480011632373849
Cn1cnc(CCNC(=O)C2CNCC(C)(C)O2)c1Br,0.000388569684082249
Nc1ncncc1C(=O)NCCC1CCC2(CCOCC2)CO1,0.0010581229041965758
O=C(CN1CCCC1)NC1CN(C(=O)CNc2nccs2)C1,0.00037643417844740804
O=C(Cc1cc(F)ccc1-c1ccccc1)NC[C@@H]1CCCO1,0.0009814229354640513
O=C(N[C@H]1CCCCN(C(=O)[C@H]2C[C@@H](O)C2)C1)c1coc2c1COC2,0.0005124229753662386
O=C(NCC1CCN1Cc1ccccc1)NC1CCc2[nH]cnc2C1,0.00038739150764461624
O=C(Nc1nnc(C2CCCO2)s1)c1cnc2n1CCC2,0.0005734241364888425
O=C(O)C[C@H]1C[C@H](NC(=O)c2ccN3c(=O)[nH]nc3c2)C1,0.11323512846657596
O=C(c1cccc(F)c1O)N1CC(C2CCC2)C1,0.0005836065760691562
O=C(c1cccn2c(=O)[nH]nc12)N1CCN(CCO)C(CCO)C1,0.00020168599016198453
O=C(c1ccnc(OC(F)F)c1)N1CC(n2ccnn2)C1,0.0003708651061476714
O=C(c1cncn1C(F)(F)F)N1CCNC(CC(F)(F)F)C1,0.0005088224863592722
O=C1NCC(CS(=O)(=O)N2CCO[C@@H](C(F)(F)F)C2)O1,0.00026398262947996014
O=S(=O)(NCc1ccccc1)c1ccc2c(c1)OCCO2,0.0006016336255989178
C[C@@H](CCNC(=O)c1ccc2c(c1)CN(C)C2)NC(=O)C1CSC1,0.00038400238273869646
C[C@@H](CNC(=O)C12CCC(CO1)C2)NC(=O)[C@H]1C[C@H]2[C@@H](C1)C2(F)F,0.1531075024772672
C[C@@H](CNC(=O)CCc1ccccn1)NC(=O)c1ccon1,0.0003247694247243423
C[C@@H](CNc1ccc2nnnn2n1)NC(=O)C12CCC(CC1)C2(C)C,0.22522626027218062
C[C@@H]1C[C@H]1[C@@H]1C[C@H]1NC(=O)c1nn(C)cc1NC(=O)OC(C)(C)C,0.0007382485990837511
C=Cn1nccc1C(=O)N1CC([C@H](C)NC(=O)c2ccc(CO)o2)C1,0.4923629548297098
CC[C@H](CC(=O)N1CC(NC(=O)C2CCCSC2)C1)C(C)C,0.00039195966345226767
CC[C@H](CC(=O)N1CC(NC(=O)c2nccn2C)C1)C(C)C,0.00048057468631131263
CC(=O)C(O)C1CCN(C(=O)C2CC3COCC(C2)C3=O)CC1,0.00045433035495265307
CC(=O)CCC(=O)N1CCN(C(=O)CCn2cccn2)[C@H](C)C1,0.12789423793918983
CC(=O)NC[C@@H]1C[C@H](F)CN1C(=O)Cc1ccc(C#N)cc1F,0.0002767217911813983
CC(C(=O)N1CC[C@H](NC(=O)C2CCS2(=O)=O)C1)S(N)(=O)=O,0.00012902355397615952
CC(C(=O)NCC(C)N(C)CC1CCOCC1)C(C)(C)C,0.0005326131761105383
CC(C)[C@H](O)C(=O)N1CC(C)(NC(=O)CC2CCC(O)C2)C1,0.00034828388570647123
CC(C)(C#N)C(=O)NC1CN(C(=O)c2ncc3ccccn23)C1,0.4734680218429742
CC(C)(C)[C@H](N)C(=O)N1CCC(OCC(N)=O)CC1,0.126007338617481
CC(C)(C)OC(=O)N1CC(NC(=O)c2ccc(CO)cn2)C1(C)C,0.0004039151559096898
CC(C)(C)Oc1cc(CNC(=O)N2CCn3nccc3C2)ccn1,0.0004505711591859291
CC(C)(C)c1nnc2n1CCN(C(=O)[C@H](O)C1CCC1)C2,0.00034435122278514267
CC(C)N1CC(C(=O)N2C[C@@H]3CNC[C@]3(C)C2)CCC1=O,0.0002674562264496682
CC(C)c1cc(C(=O)NC(C(=O)N(C)C)c2ccccc2)nn1C,0.0005413948036508938
CC(C)c1nccn1CCC(=O)N[C@H]1C[C@@H](CS(C)(=O)=O)C1,0.0005720883503803955
CC(CCN1CC2CC1C2)NC(=O)N1CC(CC(N)=O)OC(C)(C)C1,0.15471609769856315
CC(CCNC(=O)CC1(CO)CC1)NC(=O)CN(C)C)NC(N)=O,0.0
CC(Cn1cccn1)C(=O)N1CC2(CC(NC(=O)C3CC3)C2)C1,0.0004282846331396928
CC(NC(=O)Cc1ccoc1)C1(O)CN(C(=O)CCn2ccnc2)C1,0.00045434208038349434
CC(OC(=O)Cn1cc(C(F)(F)F)ccc1=O)c1nncn1C,0.0003680741061332446
CC(F)(F)CCCS(=O)(=O)N1CC(O)C2(CCC2)C1,0.0007056813339821345
CC1(C)CC1(NC(=O)CCC1CCOC1)c1nn[nH]n1,0.0002563686657621473
CC1(C)OCCC1CNC(=O)N(CCO)CC(F)F,0.00041605049379257974
CC1CC(C(=O)N2CC3CC2CCC3NC(=O)CC2(C)CC2)C1,0.49826743505333243
CC1CCC(C(=O)N2C[C@@H](n3cc(CCOC(N)=O)nn3)CO2)C1,0.0003902289580849545
CC1CCC(NC(=O)COC(=O)Cc2cc(F)ccc2O)CS1,0.0005606815152357945
CC1CCCC1(O)CNC(=O)Cc1cncc2cc(Cl)ccc12,0.0005884767243769291
CC1CCCCCN1C(=O)C1CCCC(S(C)(=O)=O)C1,0.6367175715617107
CC1CCN(c2cc(S(N)(=O)=O)ncn2)CC12CCC2,0.0005205553109060352
CC1CN(C(C)(C)CNC(=O)c2ccnc(-n3cccn3)c2)CC(C)O1,0.0004351673247781326
CC1CN(Cc2cccc(C(=O)O)c2)C2(CC2)C(=O)N1,0.0004426004706371809
CCC(C)C(=O)N1CC[C@H](CNC(=O)C2CCSC(C)C2)C1,0.0003275845978767603
CCC(C)C(=O)NCC(O)CNc1ncnc(C)c1C#N,0.0009442933426573645
CCC(C)c1nccc(N2CC(C)(NC(=O)c3[nH]ccc3C3CC3)C2)n1,0.0010415520897711864
CCC1(C)CC(NC(c2cnn(C)c2)C(F)(F)F)C1,0.0006178658346912521
CCCC(=O)NC1CCCC(NC(=O)c2ccnn2C)C1,0.00044179216995430805
CCCC(C)(O)C(=O)N1C[C@@H](n2cc(-c3cnn(C)c3)nn2)CO1,0.0005697467477377882
CCCC(CC)C(=O)N1CC(C)(NC(=O)c2ccc3nccnc3n2)C1,0.3188583862025296
CCCCc1nnc(N2CCCC3(CCOCC3)C2)n1C,0.0012184891252817554
CCN(C(=O)[C@H]1C[C@@H]1C(F)F)C1CCN(C(=O)CN2CCCC2=O)C1,0.15316715701569122
CCN(C(=O)CC1CC2(CC2)CO1)C1CCN(C(=O)C2CC(C)C2)C1,0.0005069178370103962
CCN(C(=O)c1ccc(=O)[nH]c1)C1CCN(C(=O)[C@@H](O)C(C)C)C1,0.09077690230047321
CCN(C(=O)c1n[nH]cc1C)C1CCN(CCCC2CCC2)C1,0.0008746112893254259
CCN(C)S(=O)(=O)N1CCN(c2ccccn2)CC1,0.0006333084038207067
CCN(CC)C(=O)CCNC(=O)NC1CN(C)CC1C,0.0003015851715333962
CCN1CCC[C@H](NC(=O)C2COc3ccc(Cl)cc32)C1,0.0004158868482099669
CCNC(=O)C1CN(C(=O)Nc2ccc(S(C)(=O)=O)c(OC)c2)C1,0.0006111034732411188
CCOC(=O)CCC(=O)COC(=O)c1n[nH]nc1C1CC1,0.00025217700344559566
CCOCC(=O)NC1CCN(C(=O)c2cc(C#N)[nH]c2C)C1,0.29349727271453974
CCc1[nH]c(C)nc1C(=O)N[C@H]1CN(C(=O)c2ccncc2O)C[C@H]1C,0.2510208498803832
CCc1cc(NC2CN(C(=O)C(C)(C)CCOC)CC2(C)C)ncn1,0.0008289529809639191
CCc1ccc(C(=O)NCC2CC(C)N(C(=O)CCC(C)O)C2)cc1,0.0005855695747674323
CCc1nnc(N(CCC#N)Cc2ccc(OC)cc2)n1C,0.001650911635394911
CCn1c(C(=O)Nc2ccc(F)cn2)cnc1Br,0.0008356050118644696
CCn1nncc1S(=O)(=O)N1CCCC12CCCOC2,0.000293435672172195
CN(C(=O)C(N)c1cnn(C)c1)C1CCCc2cccnc21,0.0011370994684007966
CN(C)CC1CN(C(=O)c2cc(CC3CCNCC3)on2)CCO1,0.000349588789992977
CN(CCF)C1CCCN(C(=O)c2cnc3[nH]nnc3c2)C1,0.1334705762342432
CN1CCN(C(=O)C2(NC(=O)N3C[C@@H]4COC[C@@H]43)CCCCC2)CC1,0.19672891590775976
CNC(=O)NCC(=O)NCC1(O)CN(C(=O)C(C)(C)C(F)(F)F)C1,0.18463512766224457
CO[C@]1(CS(=O)(=O)N(C)CC2(O)CCOCC2)C[C@H](C(=O)O)C1,0.0003045709308841634
CO[C@@H]1C[C@H](n2nnnc2N2CCN(C(C)(C)C)CC2)C[C@@H]1OC,0.0004467242318667842
COC(=O)C[C@@H](C)NS(=O)(=O)c1ccc(F)cc1Cl,0.0003538418676728737
COC(=O)C1CC(C)CN(C(=O)c2coc(C3CCCC3)n2)C1,0.00045980328295921926
COC(=O)C1N(C(=O)C(C)c2c(C)n[nH]c2C)CC1(C)C,0.0004522749509718611
COC(=O)CC(C)(C)CNc1nccnc1C(F)(F)F,0.001096020745036772
COC(=O)CC1(CC(=O)N2CCCC(N(C)C(=O)CO)CC2)CC1,0.0002544064743170114
COC(C)(C(=O)N1C2CCC1CN(C(=O)C1(O)CCC1)C2)C1CC1,0.0004929541589415668
COC(C)CCC(=O)N1CC(NC(=O)C2CC3(CSC3)C2)C1,0.0002721296791463707
COC1(CNC(=O)C2CCC2)CN(C(=O)c2ccccn2)C1,0.1278446342565537
COC12CCC(C(=O)NCc3ccc(F)c(CO)c3)(CC1)C2,0.0005243497018789046
COC1CCCCC1C(=O)N1CCOc2nccc(C(=O)O)c2C1,0.13751851274768856
COCC(C)(C)C(=O)N1CCN(C(=O)Cc2cnoc2)CC1,0.00031007604700158503
COCC1(CN(C)C)COCCN1C(=O)c1cccc(C)c1C(=O)O,0.0004845638063794473
COc1cc(C#N)ccc1OCC(=O)N1CCN2C(=O)CCC2C1,0.0008119682340671123
COc1cc(C(=O)NCC2NCC3CCC32)cc(Cl)c1OC(C)C,0.0004850643800405876
COc1ccc(C#N)cc1S(=O)(=O)N[C@H](C)C1CCC1,0.001207247212822055
COc1ccc(C(N)C(=O)N2CCCC2C2CCOCC2)cc1,0.0004514399463986299
COc1ccc(CNC(=O)c2cc(CN3CCCC3)on2)cc1C#N,0.0012486855698144708
CSC1(CNC(=O)c2ccccc2N=S2(=O)CCCC2)CC1,0.43183988289126485
Cc1c(C(=O)NCc2cncs2)cnn1CC(F)(F)F,0.0006257372580938164
Cc1c(CNC(=O)CC2CCC2NC(=O)OC(C)(C)C)cnn1C,0.0005030124526346538
Cc1cc(C(=O)N(CCNC(=O)[C@@H](O)C(C)C)C2CC2)nc(C)n1,0.18871067309575265
Cc1cc(C(C)NC(=O)NCC2CC3(CC3)CN2)c(C)o1,0.0005063559976570775
Cc1ccc(C(=O)N2CCC(NC(=O)c3ccnc(N)c3)C2)cn1,0.3467388348748528
Cc1ccc(C)c2c1OCC[C@H]2NC(=O)NCC1(C)COCCO1,0.000412004486632439
Cc1ccc(Cl)cc1OCC(=O)Nc1cnn(C)c1,0.0016060051511535551
Cc1ccc2nc(C)c(C(=O)N3CCOC(C4CCCO4)C3)cc2c1,0.0006771781670070055
Cc1cccc(C)c1OCCC(=O)N1CC(CNC(=O)[C@@H](C)O)C1,0.00027005543896421806
Cc1ccnc(N)c1C(=O)N1C[C@@H]2C[C@H]1CN2C(=O)[C@H]1C[C@@H]1C,0.0004594592186428154
Cc1ccncc1CC(=O)NC(C)(CNC(=O)c1ccco1)C1CC1,0.0004993977862705899
Cc1csc(NC(=O)C(C)N2CCN(S(C)(=O)=O)CC2)n1,0.0005676250022008008
Cc1nc(C(=O)N[C@@H](C)CCNC(=O)C(O)C(C)(C)C)c(C)o1,0.0003591609602168555
Cc1nc(C(=O)Nc2nc(C)cc(C)c2C#N)cc(=O)[nH]1,0.0006421839026919014
Cc1nc(O)nc(C)c1CC(=O)N1CC(CNC(=O)C(C)C2CC2)C1,0.00023803489136651362
Cc1nc2c(C(=O)N3CCC3C(N)=O)cc(Cl)cc2[nH]1,0.0005339587696119744
Cc1nccn1CCN1CCN(C(=O)OC(C)(C)C)C(C(C)C)C1,0.0005125989046178022
Cc1nnc(NC2CCN(C(=O)c3conc3C3CC3)C2)s1,0.00031718882416454356
Cc1nnc(NCC2(O)CN(C(=O)CC3(C)CC3)C2)c(C#N)c1C,0.0010786303643354376
Cc1nocc1C(=O)NCC[C@H](C)NC(=O)CC1OCCO1,0.0002874257349344515
Cc1nocc1C(=O)NCC(O)CNC(=O)C1(C)CC2CCC(C1)S2,0.00046116365297313515
Cn1cc2cc(C(=O)NC(C)(CCO)C(=O)O)ccc2n1,0.0004681417972441998
Cn1nccc1C(F)(F)C(=O)Nc1cc2c(cn1)CCC2,0.000951642073734165
N#Cc1ccc(C(=O)NC[C@H]2C[C@@H](NC(=O)C3(O)CC3)C2)c(=O)[nH]1,0.0002657346421418047
N#Cc1cnn(CC(=O)Nc2nnc(C3CC3)s2)c1,0.0005362621909427886
NCC1CC2(C1)CC(NC(=O)c1cc(-c3ccccn3)no1)C2,0.6313367958344687
O=C(CC1(O)CCCC1)N[C@H]1C[C@]2(CCCCN2C(=O)C2CC2)C1,0.0007989329993824369
O=C(CC1CC1)NCC1CCCN(C(=O)c2cccc(F)c2Cl)C1,0.0005722106039533801
O=C(CC1CS(=O)(=O)c2ccccc21)NC(CCO)C1CC1,0.00040671398400374975
O=C(Cn1cccc1)NC1CCN(CCNC(=O)C2(CO)CC2)CC1,0.00031948293139821317
O=C(Cn1ccnn1)N1CCC2(CCN(c3cc(Cl)ncn3)C2)C1,0.0010186792526842268
O=C(NC1CCCCC12CCNC2)c1cc(Cl)ns1,0.0005668347459398217
O=C(NC1COC2(CCCCC2)C1)c1ccc(OCC2CC2)nc1,0.0013116943094248783
O=C(NCCN1CC[C@@H](O)C1)c1ccnn1CC(F)(F)F,0.000262117264615387
O=C(O)[C@H]1CC(F)(F)CN1C(=O)C1(O)CCCN(Cc2ccccc2)C1,0.00032429350654456424
O=C(O)C12CC(CN1Cc1ccc(OCC(F)F)cc1)C2,0.0005376645478636073
O=C(c1ccc(Cc2nnc[nH]2)cc1)N1CCN(CC(O)C2CC2)CC1,0.00033801026814549444
O=C1CC[C@@H](CNC(=O)CCc2cccc3cccnc23)N1,0.000292999673711321
O=C1CSc2cc(C(=O)N3CCCC(N4CCNC4=O)C3)ccc2N1,0.0011302776300155996
O=S(=O)(c1cccc2c1COC2)N1C2CCCC1CNC2,0.0003000480569115337
Fc1cc(Br)cc(CNC[C@H]2CCCO2)c1,0.00041581685432648857
C[C@@H](F)[C@H](NC(=O)NC1CCC12CCCCC2)C(=O)O,0.0003364450780091169
C[C@H](C(=O)N1CCC(O)(C2(C(=O)O)CCC2)CC1)N1Cc2ccccc2C1,0.0007991907952741885
C[C@H](CNC(=O)CN1CSCC1=O)NC(=O)CC1CC2(CC2)C1,0.15751657531094743
CC[C@H](C)[C@@H](C)NC(=O)N[C@H]1CCCc2ccc(F)cc21,0.0011830869446496184
CC(=O)Nc1ccc(C)c(NC(=O)[C@@H]2CCCO[C@H]2c2ccn[nH]2)c1,0.001615736648060749
CC(C#N)C(=O)N1CC(NC(=O)c2ncoc2C2CCC2)CCC1C,0.0009941185543168153
CC(C(=O)N[C@H]1C[C@H](CNC(=O)c2cn(C)nn2)C1)c1ccc(F)cc1,0.0003126365967839419
CC(C(=O)N1CCOCC1Cc1cn(C(C)(C)C)nn1)N1CCC1,0.00043777907518986146
CC(C)(C(=O)NCC1CC(NC(=O)c2cc[nH]n2)C1)c1nccs1,0.13170325360238783
CC(C)(C)C(NC(N)=O)C(=O)N1CCCC2(C[C@H](O)[C@H](O)CO2)C1,0.00019022420922520356
CC(C)(C)OC(=O)[C@]1(C)CCCN1Cc1cncc(F)c1,0.0007167677254456869
CC(C)(C)n1ncc2c(N3CC(=O)NC4CCCCC43)ncnc21,0.0014943049735077975
CC(C)(C)n1nnc(C(=O)N2CCC[C@H]2CNC(=O)c2cnco2)n1,0.00034726953179642237
CC(C)C(CO)C(=O)N1CC2(CCN(C(=O)C3CCO3)CC2)C1,0.0002949942281246807
CC(C)C(NC(=O)C(C)(C)C)C(=O)NC1CCCN(C(C)(C)C)C1,0.0005755650245609881
CC(C)CC(=O)N1CCC(C)N(C(=O)CC2CC3CCC2O3)CC1,0.00038819395191328176
CC(C)CC(C)CN1C[C@@H]2C[C@H]1CN2C(=O)Cc1ccc(C(N)=O)nc1,0.0003165476483827928
CC(C)Cc1ccccc1C(=O)N(C)CCN(C)C(=O)C12CC1C2,0.00036774300888468435
CC(C)NC(=O)CN1C[C@H]2[C@H](NC(=O)CN3CCCC3=O)[C@H]2C1,0.05701200901318388
CC(C)n1nccc1NC(=O)CN1CCC(CF)C1,0.0008182844657059727
CC(C1CC1)N(CCC#N)C(=O)CC1(O)CCCOC1,0.5038176318888176
CC(CNC(=O)C1CCC(=O)C1)(NC(=O)c1cn[nH]c(=O)c1)C1CC1,0.08981065104134557
CC(CNC(=O)NCC1CCC(O)C1)COc1ccccc1,0.00035400585367141373
CC(CNC(=O)c1ccsn1)CNC(=O)C1(C)CC(O)CN1C,0.00023867958096826107
CC(N)CCNC(=O)NCCN1CCn2nccc2C1,0.0002449185055995969
CC1(C(=O)N2CCC(NC(=O)c3cc(O)cnc3N)CC2)CCCC1,0.4534187818409933
CC1(C)C[C@@H](CNC(=O)CO)N(C(=O)CNc2ccccc2)C1,0.000639789063490855
CC1(C)CC(C2CN(C(=O)Cc3nnc4n3CCCC4)C2)=NO1,0.0003085008706687517
CC1(C)CC1CC(=O)N1CCC[C@@H](NC(=O)CC2(O)CC2)C1,0.16014832372069113
CC1(C)CCC(NS(=O)(=O)CCOC2CCOC2)C1,0.21330096200193596
CC1CCCN1S(=O)(=O)NCC(C)(C)N1CCN(C(C)C)CC1,0.14609211078311038
CC1CCN(C(=O)c2ccsc2S(C)(=O)=O)CCS1,0.25378747738487967
CC1CN(CCNC2(c3ccccc3)CC(F)(F)C2)CCO1,0.0006708002796056249
CC1c2ccc(O)cc2CCN1C(=O)Cn1ncc2ccccc21,0.0006321704309467843
CCC(=O)N1CCC2(C1)CS(=O)(=O)CCN2C(=O)CCOC,0.00037533491139682694
CCC(=O)NCC(=O)NC[C@H]1CCCN(C(=O)c2ccncc2O)C1,0.06027567937641632
CCC(C)(CNS(=O)(=O)c1snnc1C)COC,0.0003797672880265246
CCC(C)C(C)C(=O)N1CCN(C(=O)[C@H]2C[C@@H]2C)CC12CCC2,0.00033586472240394635
CCC(C)CCC(=O)N1C[C@H](C)[C@H](NC(=O)CCc2cnoc2)C1,0.00031831908893382435
CCC(F)C(=O)N1C[C@H]2[C@H](NC(=O)c3cc(O)cc(=O)o3)[C@H]2C1,0.0004064784816896185
CCCC(CC)CC(=O)Nc1ccc(C(N)=O)c(C)c1,0.0009711008038811158
CCCCc1cn(C[C@@H](C)NC(=O)Cc2csc(C)c2)nn1,0.0003987498546139551
CCCN(C)C(=O)c1cccc(S(=O)(=O)N(CC)CCO)c1,0.0003372291550416319
CCCN(CCC)C(=O)C(C)N1CCC[C@H](CCC(=O)O)C1,0.001039224366512759
CCCOc1ccccc1CNC(=O)NCC1(C(=O)OC)CCOC1,0.000510896420821184
CCN(C(=O)Cc1ccn[nH]1)C1CCN(c2cc(C)nc(OC)n2)C1,0.0008385580254775983
CCO[C@H]1CCN(C(=O)CCn2cnc3c(cnn3C)c2=O)C1,0.00038783604585737786
CCOC(=O)C1(F)CN(C(=O)NC[C@@H]2CCCO2)CC12COC2,0.1525399139810868
CCOC(=O)CCN(C)C(=O)C1(CCOC)CCCC1,0.4626736246889216
CCOC(=O)NC(C(=O)N1CC2CCC(C2)C1)C(C)C,0.0003677396136478066
CCOC(=O)NCC(=O)N1CC(CNC(=O)c2cnc(C)o2)C1,0.00020958237590047396
CCOC(=O)c1nc(N2CC(O)CC3(CCCC3)C2)sc1C,0.5587000742130548
CCOC(CC)C(=O)NC1(C)CCN(C(=O)[C@@H](O)[C@@H](C)CC)C1,0.00034795774567288485
CCOC1(C)CCN(C(=O)Cc2cccc3ccncc23)CC1,0.0006033888462718449
CCS(=O)CC(=O)NC1CC2(CCCN(c3ncns3)C2)C1,0.0006147056269598763
CCc1cc(N2C[C@@H]3C[C@H]2CN3C(=O)c2cccnc2O)ncn1,0.000297112933640855
CCc1ccc(F)cc1C(=O)NCCN(C)C(=O)c1c(C)cnn1C,0.0005269057746143815
CCc1cccc(C(=O)NCC(=O)Nc2c(C)cccc2C)n1,0.0007659818484849443
CCc1nc(O)cc(CN2CCn3cc(CC)nc3C2)n1,0.00027153250986008823
CCn1cc(C(=O)NC2CC(CNC(=O)CC(C)OC)C2)cn1,0.0005138505294597583
CCn1cnnc1C(=O)N1CCC[C@]1(C)CNC(=O)C1(CO)CC1,0.1439527472804353
CCn1ncc(C(=O)NC[C@H]2CCCN2C(=O)c2ocnc2C)c1C,0.0004297796315668626
CN(C)[C@@H]1CCC[C@H]1NC(=O)CC1CC(C(F)F)C1,0.0002847216752467408
CN(CCNC(=O)c1c[nH]nc1C1CC1)C(=O)Cc1ccccc1F,0.0004659955217526843
CN(Cc1nn(C)cc1Cl)C(=O)NC1CCN(C2CCC2)C1=O,0.0007429628579487183
CNCCN(C(=O)CSCC(=O)N(C)C)C(C)C,0.0004116127681776901
CNS(=O)(=O)NCC(=O)N1CCOC(C2CCCN2)C1,0.0001592008202794469
CO[C@@H]1CCOC[C@H]1NC(=O)N1CC(=O)N[C@H](CO)C1,0.00020824922287825953
COC[C@H](CO)NC(=O)Nc1cc(C(=O)OC)cc(C)n1,0.0004982271934787458
COC(=O)[C@@H]1CN(CC2(OC(C)C)CCOC2)C[C@H]1CN,0.0002863491234598195
COC(=O)CC(NC(=O)Cc1conc1C)c1cccc(OC)c1,0.0005765668129380494
COC(=O)c1cccc(NCC(=O)C2CCS(=O)(=O)C2)c1,0.0006244776373710472
COC1(C(=O)NCC(C)N(C)C(=O)c2nc(Cl)oc2C)CC1,0.00030565394920455927
COC1(CC(=O)N[C@@H](C)CNC(=O)C2CCNC(=O)C2)CC1,0.00020687096623704258
COC1(CC(=O)NCCc2ncc(-c3ccccc3)o2)CC1,0.0010300670345833342
COC1(CNC(=O)C(C)N2CCC2)CN(C(=O)CS(N)(=O)=O)C1,0.08124155793142711
COC1(CO)CN(C(=O)C(N)c2c(C)cccc2C)C1,0.00024274690189343982
COC1CNCC(C(=O)N2Cc3ccccc3C(F)(F)C2)C1,0.00037237526887721047
COCC(COC(=O)[C@@H]1C[C@]12CCOc1ccccc12)OC,0.0005269942393633791
COCC1(C(=O)N2CCCCC(CNC(=O)C3CC(C)C3)C2)CC1,0.00031035113229503425
COCC1(C(=O)NC(C)CN(C)c2ncc3ncn(C)c3n2)CCC1,0.36071605479214475
COCCN1C2CCC1CN(C(=O)c1c[nH]c(=O)c(C)c1)CC2,0.0002500053904151535
COc1cc(C#N)ccc1C(=O)NCC1CN(C(=O)[C@@H]2CCCO2)C1,0.4803579659249227
COc1cc(C)ccc1CNC(=O)CS(=O)(=O)C(C)C,0.0003450664373206782
COc1cc(O)c(C(C)NCCN2CCNCC2)cn1,0.000729454007882614
COc1ccc(C(=O)NCC2CCCCN2C(=O)CN(C)C)cn1,0.19241765601645214
COc1ccc(N(C(=O)C2CC(C)OC2C)C2CCOCC2)cc1,0.0014661155562116837
COc1ccc(F)cc1CC(=O)NC1CCOc2ccccc21,0.00062696212202278
COc1ccc2c(c1)CN(C(=O)[C@@H](O)Cc1c[nH]cn1)CCO2,0.00034229343393951553
COc1cnc(C(=O)N2CC[C@H](NC(=O)CC3(CO)CC3)C2)nc1,0.0002815366263250229
CSC1(CNC(=O)c2cccc(C(N)=O)c2C)CCOCC1,0.00045783313037245143
Cc1[nH]nc2ncc(C(=O)NCCC3CCOCC3)cc12,0.23937846404181315
Cc1c(C(=O)N(C)CC(C)NC(=O)C2(C)CC(F)(F)C2)ccn1C,0.0006495883286033886
Cc1cc(C(=O)NCC(C)CNC(=O)C2(F)CC2)nn1C(C)(C)C,0.0004771191610991984
Cc1cc(C)c(CC(=O)N(C)c2ccncc2C)c(C)c1,0.0007310796514685781
Cc1ccc(C(=O)N[C@H]2C[C@H](CNC(=O)C3(F)CCCC3)C2)c(=O)[nH]1,0.16919126381742225
Cc1ccc2c(c1CO)CCCN2C(=O)NCC1CC2(CC(O)C2)C1,0.0007239025137643269
Cc1ccnc(C(C)NC(=O)N2CCC(c3ncc[nH]3)CC2)c1,0.0005864022436234748
Cc1cnc(N(C)C2CCN(C(=O)CCC(N)=O)CC2)nc1O,0.0006883539188551678
Cc1nc(C(=O)N2CCC(NC(=O)c3ccnc4c3CCC4)C2)[nH]c1C,0.0005041150949617322
Cc1nc(CC(C)C)sc1C(=O)N1C[C@@H]2C[C@H]1CN2C1CC1,0.0006595874238046174
Cc1ncc(CNC(=O)CC2OCCc3sccc32)s1,0.0004741016965835555
Cc1ncn(C)c1C(=O)N1CC2C(CNC(=O)C(C)CC(C)(C)C)C2C1,0.00030701836793472196
Cc1nn(C)c(C)c1C(C)C(=O)N[C@@H](C)C1CN(C(=O)[C@@H](C)O)C1,0.0003891471687325423
Cc1nnc(C(=O)N2CCC(C)(C)C(NC(=O)C3CCOC3)C2)s1,0.00027589947073959766
Cc1nnc(CN2CCCC3(C2)CN(C(=O)c2cccnc2)C3)s1,0.00026200544245158307
Cc1nnnn1CC(=O)N[C@H]1C[C@H](NC(=O)C2CN(C)CCO2)C1,9.515606912249567e-05
Cn1cnc(C(=O)N[C@H]2C[C@@H](Nc3nncs3)C2)n1,0.000563587188389973
Cn1cnc(C(=O)NC(CNC(=O)CCF)C2CC2)cc1=O,0.0002480047520350502
Cn1ncc(C(=O)NC[C@H]2CCCCN2C(=O)CCc2ncc[nH]2)n1,0.0007536025361810857
Cn1ncc2c(N3CCOC4(CCN(C(=O)CCF)CC4)C3)ncnc21,0.000946843854087212
Cn1ncc2cc(NC(=O)N3CCCCC3C3CCC3)cnc21,0.818204368444483
N#CCOc1cc(F)ccc1NC(=O)c1cccc2c1CNC2,0.5163502137613338
O=C(CC1CCC1)N1CC(C2CCCCN(C(=O)C3CCC3)C2)C1,0.0013723523862079114
O=C(CCF)NCC1CCN(C(=O)COC2CC2)C1,0.0003428609349321893
O=C(N[C@@H]1[C@H]2CCN[C@H]21)C1CN(C2CCCCC2)CCO1,0.00045104261080903597
O=C(N[C@@H]1C[C@@H]2CC[C@H](C1)N2C(=O)C1CCO1)c1coc(CC2CC2)n1,0.0007770554952652933
O=C(N[C@@H]1CCN(C(=O)C(O)c2cccc3c2CCC3)C1)c1ncc[nH]1,0.00040886316240787066
O=C(N[C@H]1CC[C@@H](CO)C1)c1cncc(-n2cnnn2)c1,0.0002043293987129771
O=C(NC1(CO)CN(C(=O)CC2(O)CC2)C1)c1cccc(C2CC2)c1,0.097344469191812
O=C(NC1CCC(F)C1)N1CCc2ccccc2CC1,0.0007566551325784531
O=C(NC1CCN(C(=O)CC2CCC3CC23)CC1O)C(O)C1CC1,0.09387703822182106
O=C(Nc1nc2c(s1)COCC2)N1CCC(OC2CCCC2)CC1,0.0013074437959373353
O=C(OCC(F)F)C1(NC(=O)OCc2ccccc2Cl)CC1,0.0005665294013235457
O=C(c1ccc2c(c1)NCCCC2)N1CCC(C2CCCN2)C1,0.0015608297722725642
O=C(c1cnoc1)N1CCC(NC(=O)C(F)(F)c2ccccn2)C1,0.0005372858273169359
O=C1C[C@H](C(=O)NC[C@H]2C[C@@H]3CC[C@H](C2)N3c2ncc(F)cn2)CN1,0.0004809699800897054
O=C1CC=C(c2ccc(NC(=O)[C@]34CNC[C@H]3COC4)cc2)O1,0.0006324100529972608
C[C@]1(C(F)F)C[C@H]1NCc1ccc(-n2cncn2)nc1,0.0008681094194133444
C[C@@H](CCNC(=O)[C@@H]1CC1(F)F)NC(=O)c1ccc(C2(C)CC2)cc1,0.0006609799091493212
C[C@@H](O)C(=O)NC1CCN(C(=O)c2cccc3cnnn23)CC1F,0.0002158872231987926
C[C@H]1C(C(=O)N2CCCN(Cc3ccccc3)CC2)[C@@H]1C,0.00031487104744226164
CC[C@@H]1CN(C(=O)Cc2nccs2)C[C@@H]1NC(=O)CC1(O)CC1,0.0003652045461023798
CC(=O)CCCC(=O)NC1CCN((Cc2cnns2)CC1,0.0
CC(=O)NC1CC2(C1)CN(C(=O)CCOC1COC1)C2,0.0003424079282391021
CC(=O)c1nnc(N[C@H]2C[C@H](CNC(=O)C(C)(O)C3CC3)C2)s1,0.28617558485984246
CC(C(=O)N1CC(C2CN(C(=O)c3cccn(C)c3=O)C2)C1)C1CC1,0.0004705671383490414
CC(C)(C)CCNC(=O)CN1CCC(NC(=O)[C@@H]2[C@H]3COC[C@H]32)C1,0.0003443522794657255
CC(C)(CO)C(C)(O)CC(=O)N1CCC(CS(N)(=O)=O)CC1,0.1643652139456097
CC(C)C(=O)N1CCC[C@H](NC(=O)Cc2ccn[nH]c2=O)C1,0.00035258234040227586
CC(C)C(=O)NC1(C2CCN(C(=O)c3nccc4ccccc34)C2)CC1,0.000655728700808596
CC(C)C(O)CC(=O)N(C)C[C@@H]1CCCN1C(=O)C1CCC1F,0.00037463921878943266
CC(C)c1nc(CN2CC[C@H](NC(=O)CC3CCC4CC34)C2)n[nH]1,0.00043138358428573213
CC(C)c1nccn1CC(=O)N[C@@H](C)CNC(=O)CN1CCOC1=O,0.0002160058380226981
CC(C1CC1)N(CCC#N)C(=O)[C@@H]1CC[C@H](C(=O)O)S1,0.4402807764905694
CC(CNC(=O)C(O)C1CCC1)N(C)C(=O)C1CCCCC1C1CC1,0.4207917937913766
CC(NCC1(O)CCCS(=O)(=O)C1)c1cnn(CC2CCC2)c1,0.000603794920916025
CC(O)CCCN(C)CCN(C)C(=O)c1cn(C)c2ccccc12,0.3808348283961997
CC(F)(F)[C@@H]1C[C@H]1CNS(=O)(=O)c1cccc(F)c1C#N,0.0010267427010486356
CC1(C(=O)NCC2CC3CCC2N(C(=O)C2(CO)CC2)C3)CC(=O)C1,0.19935311387331808
CC1(C)CCC(NC(=O)[C@@H]2C[C@H]2c2ccncc2Cl)(C(=O)O)CC1,0.0006150317662964455
CC1(C)CN(CC(=O)Nc2nccs2)CC1NC(=O)c1ccoc1,0.0011770344799224858
CC1CC(NC(=O)c2ccnc(N3CCN(C)CC3)c2)C(=O)O1,0.000530676239184391
CC1CC(Nc2nnc(C3CC3)o2)CCN1C(=O)[C@@H](C)N(C)C,0.00036575003124804097
CC1CC2CN(C(=O)Nc3nc(C(C)C)ns3)CCN2C1=O,0.0009095545792776313
CC1CCC(CC(=O)OCc2n[nH]c3ccccc23)O1,0.0006410237477668635
CC1CN(C(=O)CN2CCOCC2)CC1NC(=O)C(C)n1cccc1,0.0002888639622026846
CCC(=O)N[C@H]1CCCCN(C(=O)c2cc(C)nc3[nH]ncc23)C1,0.242574094519751
CCC(=O)NCC(=O)OC(C)Cc1cc(Cl)cc(Cl)c1,0.00045465196318775024
CCC(CC(=O)N1CCC(NC(=O)c2ccnc3ccnn23)C1)OC,0.00026972079855682075
CCC(CC)(CO)C(=O)N(C)C1CCOCC1OC,0.18940041571493885
CCC(CNC(=O)CC(O)CC)NC(=O)C(C)(C)C1(O)CCOC1,0.000294627826022291
CCC(O)C(F)(F)C(=O)N[C@@H]1C[C@H]2CC[C@@H]1N2C(=O)OC(C)(C)C,0.0005159706651532919
CCC1CCC(O)(C(=O)N(C)c2ccc(O)cc2)C1,0.0010384164683251871
CCCN(C)S(=O)(=O)NC(=O)c1cccc(CC#N)c1,0.000653052865417216
CCCN(CCNC(=O)c1cc(C)ncn1)Cc1ccn(CC)n1,0.0003741036120039732
CCN(CC)C(=O)CCC(=O)NC1CCCc2[nH]c(=O)ccc21,0.0004036986134337154
CCN1CCC(CNC(=O)N2CCCNC(=O)C(F)(F)C2)CC1,0.000270162871283511
CCO[C@@H]1CCC[C@@H]1S(=O)(=O)NCc1nc2c(s1)COCC2,0.0002846923387853556
CCOC(CCNS(=O)(=O)N1CC(C2CC2)C1)c1ccccc1,0.0004171589086836015
CCOC(CN1CC[C@@H]2C(F)(F)[C@]2(O)C1)C1CC1,0.0003483719022705707
CCOC1CC(CC(=O)NC[C@@H]2CCCCN2C(=O)[C@H]2C[C@@H]2C)C1,0.00028669034826739873
CCOc1cc(C)ccc1NC(=O)NCc1cc(C)nc(N(C)C)n1,0.0007040250833835044
CCc1cc(C(=O)N(CCN(C)C(=O)[C@@H]2C[C@H]2C2CC2)C(C)C)no1,0.0003870695592562753
CCc1cc(C(=O)NC(CC)CNC(=O)c2nc(CC)no2)[nH]n1,0.00031444830534877583
CCc1n[nH]c(=O)c(C(=O)NCc2ccc(C(=O)OC)cc2)c1CC,0.0004904014391329148
CCc1ncc(CNC(=O)N2CCCCC2C2OCCO2)o1,0.00037039094090347363
CCn1cnnc1C(=O)N1C[C@H]2CN(C(=O)c3cc(C)no3)C[C@H]2C1,0.10776981228678138
CCn1nc(C)c(CN(C)C(=O)c2cccc(COC)n2)c1C,0.0006100079790549208
CCn1ncc(Br)c1C(=O)OCC1CCC2(CCC2)O1,0.23663026653458222
CN(C(=O)CCC1CCOC1)N(C)C(=O)OC(C)(C)C,0.0004276171187110062
CN(C)C(=O)c1ccc(NC(=O)N2CCC[C@@H]3OCC[C@@H]32)nc1,0.0005604409408073943
CN(C)CC(=O)N(C)CC1CCCN(C(=O)C2(C3CCCCC3)CC2)C1,0.00046306802665170484
CN(CC(=O)N1CCCCC1)S(=O)(=O)c1ccc(F)cc1,0.00042854484014504576
CN(CC(=O)Nc1ccc(Cl)cc1)C(=O)[C@@H]1CCO[C@@H]1CC(=O)O,0.0005365876917605406
CN(CCN(C)C(=O)C1(NC(N)=O)CC1)C(=O)c1ccn(C)n1,0.00023762007932870053
CN(CCN1CCN=C1N1CCC(F)(c2ccccc2)C1)S(C)(=O)=O,0.0006824533066031802
CNC(C)CCNC(=O)C1CCc2n[nH]c(=O)cc2C1,0.00029343024805851325
CNC1(CNC(=O)Nc2ccc(C3CC3)c(C#N)c2)CCC1,0.0014481648720391618
CNS(=O)(=O)c1ccccc1N1CCC(SC(C)C)CC1,0.2960203256516663
CNc1nc(C)ccc1C(=O)NCC(=O)c1cccs1,0.2516421581063647
CO[C@]1(C(F)(F)F)C[C@H]2C[C@@H]1CC2N1CCN(CC(F)F)CC1,0.0005078302369921439
CO[C@@H]1CNC[C@H](NC(=O)c2ccc(Nc3ccccc3)cn2)C1,0.0008131114262947536
CO[C@H]1CC(C(=O)Nc2cnoc2C2CCOCC2)C[C@H]1OC,0.0008795361540630732
COC(=O)[C@H]1C[C@H](NC(=O)NCc2cccc(Cl)c2)C1,0.0006171923061045524
COC(=O)C1(Cc2cn(CC(=O)NC(C)(C)C)nn2)CCCO1,0.0003383861605149377
COC(=O)C1CCN(C(=O)c2c(OC)ncnc2OC)C12CC2,0.0004995671387215721
COC(=O)CC1(NC(C)c2cccc(NC(=O)C3CC3)c2)COC1,0.000797930049968167
COC(=O)c1ccc(C(=O)N2CC(OCCO)C2)cc1Cl,0.0002757365157376503
COC(=O)c1nccnc1N1C2CCC1CN(C(=O)c1ncc[nH]1)C2,0.0006448509091474285
COC(=O)c1nn(C)cc1NC(=O)c1oc(C2CC2)nc1C,0.0011924052752574335
COC1(C(=O)N[C@@H]2CN(C(=O)C3(CO)CC3)C[C@@H]2C)CCCOC1,0.00020056941367092021
COC1(C)CC(N(C)C(=O)Nc2ccncc2)C1(C)C,0.0008686203905699957
COC1(CC(=O)N(C)C2C(=O)NCC23CCOCC3)CC1,0.00036218313095378734
COC1CCCC(C(=O)N2CC3(CCN(C(=O)c4ncc[nH]4)C3)C2)C1,0.0011135653610513815
COC1CCCC1C(=O)NC1CCC2(CC1)CS(=O)(=O)C2,0.0005044912366393973
COCC1(C(=O)NCCN(C)Cc2nc(C(C)C)no2)CCCC1,0.0004646594470477677
COCC1(CC(=O)N[C@H](C)CNC(=O)c2cccc(=O)[nH]2)CCCC1,0.00018513140203411702
COCCC1(C(=O)NCC2CC3(CO2)CN(C(=O)CC#N)C3)CC1,0.09086645063448257
COCc1cn(CC2SCCN2C(=O)C(C)n2cc(C)cn2)nn1,0.0006635838970906747
COc1cc(C(=O)N(C)C2CCN(C(=O)C3(C4CC4)CC3)CC2)n[nH]1,0.13570633272320942
COc1cc(C(=O)N(C)CCNC(=O)C2CCC(F)(F)C2)ncn1,0.00034346547632739673
COc1cccc2c(CC(=O)N(C)CC(C)(C)CN)c[nH]c12,0.0006220468427801448
COc1cccc2c1CC(C(=O)N1C[C@@H]3C[C@H]1CN3C(N)=O)CO2,0.00039846704888373756
COc1ccccc1[C@H](C)N(C)C(=O)[C@@H]1CCN(C)[C@@H]1C,0.00036459848012536215
COc1coc(COC(=O)COc2ccc(Cl)cc2OC)cc1=O,0.24705853769575362
CS(=O)(=O)NCC(=O)N1CCN(C(=O)C[C@H]2COC(=O)N2)CC1,0.05845989543232656
CSCC(=O)N1CCC(C)C1CNC(=O)c1ncn(C)n1,0.0003492040646331759
CSc1cc(C(=O)N(C)CCNC(=O)C2(CO)CCCO2)ccn1,0.24730495489570914
CSc1cccc(Cl)c1CN1CCC(C(=O)NCC(N)=O)CC1,0.00033015038145996
Cc1cc(-c2nn[nH]n2)cnc1C(=O)N(C)C(C)CC(F)F,0.0011384707801596259
Cc1cc(C(=O)NCC2CN(CC3CCC4CC4C3)CCCO2)on1,0.2433355274604981
Cc1cc(C)n(-c2ccc(CN3CC(C(C)NC(=O)[C@H](C)O)C3)cc2)n1,0.0005537628766536502
Cc1cc(CC(=O)N[C@H]2C[C@H](NC(=O)[C@H](C)c3ccccc3)C2)ccn1,0.00040114519970273004
Cc1cc(NC(=O)[C@@H]2C[C@H](C)O[C@H](C)C2)c(C)cc1N1CCOCC1,0.0018925483402697483
Cc1cc(NC(=O)CCCN2CCC(N)CC2)cs1,0.0012824131975296147
Cc1cc(NCCN(C2CC2)S(C)(=O)=O)n2ncnc2n1,0.0002917738643912864
Cc1ccc(C)c(CNC(=O)N2C[C@@H]3CC[C@]3(C(=O)O)C2)n1,0.0003629455965083681
Cc1cccc(CNC(=O)CSCc2nnn[nH]2)c1C,0.00035004443256710083
Cc1cccnc1C(=O)NCC1CCN(CCn2cncn2)CC1,0.00032617670067580374
Cc1cn2nc(C(=O)NC[C@@H](C)NC(=O)C3CCCC34CC4)cc2c1,0.0
Cc1cn2nnc(C(=O)NCC3(C(C)C)CCCC3)c2c(=O)[nH]1,0.22233794982494012
Cc1cnn2cc(NC(=O)N3CC(O)C4(CCOCC4)C3)cnc12,0.416067262881212
Cc1nc(C(=O)NC2CN(CC3CCOC3)CC2(C)C)c[nH]1,0.0002936020508227071
Cc1ncc(C(=O)NC[C@H]2C[C@@H](NC(=O)CCn3cnnn3)C2)o1,0.00020555319582310795
Cc1nn(C)c(C)c1COC(=O)Cc1cccc(Cl)c1,0.0006230913326203394
Cc1nnc(NCC2CCCN(C(=O)[C@]3(C)CCC(=O)N3)C2)o1,0.3322837497337131
Cn1cc(CN(C(=O)C(N)Cc2cccnn2)C2CC2)cn1,0.00046955450845903313
Cn1ccc(CCC(=O)NC2CCN(C(=O)C3CC4(CC4)C3)CC2)n1,0.0005250927207087212
Cn1nccc1-c1n[nH]cc1C(=O)N=S1(=O)CCCC1,0.0009359655237937571
N#Cc1nc(C2CC2)n2ccc(C(=O)N3CCC(C(F)F)CC3)cc12,0.8208099496905547
O=C(CC12CCCN1CCC2)NCC(F)(F)C1(O)CCOCC1,0.0007074729880838532
O=C(CC1CCOC1)NC1CN(C(=O)c2cc(CC3CCC3)c[nH]2)C1,0.0006065890733800226
O=C(CCCC(F)F)NCC(O)CNC(=O)c1[nH]ccc1C1CC1,0.0003470154301477809
O=C(COC1COC1)NCC1CCCN1C(=O)c1ccc(F)cn1,0.00027049319930389035
O=C(Cc1cncs1)N1CCC(F)(CNC(=O)C2(F)CC2)CC1,0.00034560120144486715
O=C(Cn1cccn1)N1CCCC2(CCN(C(=O)CC3CC3)C2)C1,0.0005422578681073309
O=C(Cn1ccnc1C1CCC1)NCC1(c2ccccn2)CCC1,0.0014170910241846908
O=C(NC1(CO)CN(C(=O)CC2CCCO2)C1)c1nncn1C1CC1,0.000246903365246369
O=C(NC1CCN(CCF)CC1)c1cnn2c(=O)cc[nH]c12,0.13485278248988425
O=C(NC1CCN(c2ccc(F)cc2)C1=O)N1CCC12CCOCC2,0.001046001163402804
O=C(NCCC1(O)CCCC1)c1ccc(-c2cncnc2)o1,0.0014587937258075353
O=C1CCc2ccc(C(=O)NC3CCN(CCF)C3)cc2N1,0.0005637420936985351
O=S(=O)(NC[C@H]1CCCCN1)c1cnn(-c2ccccc2)c1,0.0002651588231046264
O=S(=O)(NC1(C(F)F)CC1)c1ccc(OC2CCC2)cc1,0.0002948432965857284
Brc1ccc2cc(CN3CCCC4CNCCC43)[nH]c2c1,0.0007532250312545993
C[C@@H](CNC(=O)C12CCCC(CO1)C2)NC(=O)C1(C)CC(O)CN1C,0.00027260577172063323
C[C@@H]1CN(C(=O)c2cccc(Cl)c2O)CCN1C(=O)C1CCO1,0.0004338157000472806
C[C@H](CCO)NC(=O)N[C@H]1C[C@H](c2ccc(Br)cc2)C1,0.00040508293224683287
C[C@H](O)C(=O)N(CCN(C)C(=O)c1ccccc1CC(C)(C)C)C1CC1,0.0009911215845732598
C[C@H](O)C(=O)N1C[C@H]2[C@H](CNc3nccc(-c4ccccc4)n3)[C@H]2C1,0.3891143091954638
C[C@H](O)C(=O)NC[C@H]1CCCN1c1n[nH]c(=O)s1,0.0003118370071049719
C[C@H]1CN(C(=O)C2CS(=O)(=O)C2)C[C@H]1NC(=O)c1c(C#N)cnn1C,0.000611479026006625
CC(=O)CC(C)(C)CC(=O)NCC1CCCN1C(=O)c1c[nH]c(C)c1,0.22886068109419277
CC(=O)N1C[C@@H]2C[C@H]1CN2C(=O)Nc1c(C)cc(C)nc1C,0.0006868580210827413
CC(=O)NCC1CCCN(C(=O)c2ccc3cnsc3c2)CC1,0.3562138475531101
CC(=O)NCCc1cn(C(C)C(=O)N2CCC(O)(C(C)C)C2)nn1,0.00031186517013941236
CC(C#N)C(=O)NC1CCCN(C(=O)C23CC2C3)C1C,0.5741037921181965
CC(C(=O)Nc1cccc(C2CC2(F)F)c1)S(=O)(=O)C1CCC1,0.0007437549510302951
CC(C)[C@@H](O)C(=O)N1CCC(C)(NC(=O)C2Cc3ccc(F)cc32)C1,0.0003561659698007194
CC(C)(C(=O)NC1(CF)CCN(C(=O)CC2(O)CC2)C1)C(F)F,0.22117858237503132
CC(C)(C)O[C@H]1CC[C@H](NC(=O)NC(CO)CCO)CC1,0.00040107313074395424
CC(C)(CF)C(=O)NC(CNC(=O)C1CC2CC2C1)C1CCCC1,0.36887249042167436
CC(C)C(C)(C)COC(=O)c1ccccc1-c1nnn(C)n1,0.0013514329756369296
CC(CNC(=O)C(C)(C)n1cccn1)CNC(=O)C1CCC1F,0.0002924331832870522
CC(CNC(=O)CCC1(C)CC1)N(C)C(=O)CN1CCCCC1=O,0.2521723155706186
CC(CNC(=O)c1c[nH]c(C2CC2)n1)CN(C)C(=O)c1ccncc1O,0.27538075016179653
CC(CNC(=O)c1cccnn1)NC(=O)c1cc(C(N)=O)[nH]n1,0.1116580553637927
CC(CF)C(=O)NCCC1(CNC(=O)CCC2CC2(F)F)CC1,0.0005078759434729301
CC(CS(C)(=O)=O)C(=O)N1CC(C)(C)Oc2ccccc21,0.0008684611932217753
CC(NC(=O)[C@@H]1CC[C@@H]1CNC(=O)OC(C)(C)C)c1ccncc1,0.0005520565972978582
CC(NC(=O)C1CCC1)C1CCN(C(=O)Cc2cccc(O)c2)C1,0.0004464997667734482
CC(NC(=O)CCc1cnn(C)n1)C1CN(C(=O)c2ncn(C)n2)C1,0.00018329160643658352
CC(NC(=O)c1cc(F)n(C)n1)C1(O)CCN(C(=O)CC#N)C1,0.0003045454762862934
CC(O)CCC(=O)N1CCCN(C(=O)c2ncc3ccccn23)CC1,0.1848074109506146
CC1(C)NCCCC1NC(=O)c1cnc(C(F)F)s1,0.0005758861213381544
CC1(NC(=O)C2CCC2)CCN(c2nnc(-c3ccccc3)o2)C1,0.0017423415729901383
CC1(NC(=O)C2CCCO2)CN(C(=O)CCc2cn[nH]c2)C1,0.12410298151617816
CC1(NC(=O)CNC(=O)C(F)(F)F)CCCN(C(=O)CC2CC2)C1,0.17885038916659024
CC1(F)CN(C(=O)C2(O)CCC2)CCN(C(=O)CC(O)C2CC2)C1,0.0003192317739977608
CC1=NOC(C(=O)N2CCC[C@H]2CNC(=O)Cc2ccc(F)cc2)C1,0.00042908686208073397
CC1CCN(C(=O)C2CCNC3(CC3)C2)CCC12CCCN2,0.000969667271512831
CC1CCN(C(=O)CC2(CO)CC2)CC1NC(=O)c1cncn1C,0.0005688503002918401
CC1CCN(C(=O)c2cnoc2)C1CNC(=O)CCc1nnc[nH]1,0.00041302414551812924
CC1CCn2ncc(C(=O)NC(C)CN(C)C(=O)c3cnc[nH]3)c2C1,0.0004683134354300309
CC1CN(c2ccnc(C#N)n2)CC2(CCN(C(=O)C(C)(C)O)C2)O1,0.40352305894684365
CC1COc2ccccc2CN1C(=O)c1c[nH]c(=O)n(C)c1=O,0.0004528735240390327
CCC(=O)N[C@@H]1CCN(C(=O)c2ncn3cccnc23)C1,0.0002892178511529475
CCC(C(=O)N1CCC([C@@H](C)O)CC1)c1nn[nH]n1,0.00030403702858182555
CCC(C(=O)N1CCCN(c2nnc(C(N)=O)s2)CC1)C(C)C,0.39411258374544983
CCC(C)(NC(=O)C1CC(=O)c2ccccc2O1)c1nnn[nH]1,0.00031920525221743566
CCC(C)C(=O)N[C@H]1CN(C(=O)Cc2ccc3c(c2)CCCO3)C[C@H]1C,0.00045834305916460713
CCC(C)C(C)C(=O)N1CC(CNc2nc(Cl)c(C#N)s2)C1,0.7863579052289824
CCC(C)N1CCC(NC(=O)c2cn3cnnc3cn2)CC1,0.0010320913577031097
CCC(CNC(=O)c1ncc(C)cc1C)NC(=O)c1cccc(F)c1,0.000493541272766627
CCC(O)C(C)C(=O)N1CCN(C(=O)c2cnc3n2CCCC3)CC1,0.0003983842703396165
CCC(O)CC(=O)NCC1CC2(CC2)CN1C(=O)c1ccn(C)c1,0.0007173821624818237
CCC(F)C(=O)NCCN(C)C(=O)C1(OC(C)=O)CC1,0.00027720802855690004
CCC1CN(C(=O)NC2CCCNC2C)CCCO1,0.0005215157100154422
CCCC(C)C(=O)N(C)C[C@H]1CCCN1C(=O)c1cccc2c1NCC2,0.0015683203181274539
CCCC(N)C(=O)NCC1(C2CCOCC2)CC1(F)F,0.0004889586587064669
CCCN(C(=O)c1cscn1)C1CCN(C(=O)c2n[nH]cc2C)C1,0.0005293469255243252
CCN(CC)C(=O)CN1CCC(C)(NC(=O)CCNC(=O)CO)C1,0.0002945011951963348
CCN(CCNC(=O)CC1CCCCC1)C(=O)c1nc(O)n(C)n1,0.0003444025643963691
CCN1CCCC2CN(C(=O)C3CCN(C)CC3)CCC21,0.0003293197438090204
CCOC1(C(=O)NCC2(O)CN(C(=O)c3ccc(C#N)[nH]3)C2)CCC1,0.0006728971807870118
CCOC1CC(N(C)C(=O)[C@@H]2CCN(C)[C@H](C)C2)C1(CC)CC,0.0009444177324416899
CCOc1nn(C)cc1NC(=O)NC1(C)CCCC1(F)F,0.0014216814589492457
CCc1cc(N2CCC[C@H](CNC(=O)c3cc(Cl)on3)C2)ncn1,0.6501249877457708
CCc1noc(-c2ccc(NC(=O)C(F)(F)C3(O)CCCC3)cn2)n1,0.0017044309253126122
CCn1c(C2CC(O)C2)nnc1N1CCN(c2ccncc2OC)CC1,0.0006779841407625004
CCn1nc(C)c(CNC(=O)C2Cc3ccc(Cl)cc32)n1,0.00039495354140935173
CN(CC(N)=O)C[C@H]1CCCCN1C(=O)c1ccc(F)cc1Cl,0.0005137093058093554
CN(CCCN(C)C(=O)C1CCO1)C(=O)c1ccnc(C2CC2)n1,0.14443245394084422
CN(CCCN(C)C(=O)c1c[nH]nn1)Cc1cccc(C(C)(C)C)c1,0.0004205546151596904
CN1C(=O)CC[C@@H]1C(=O)N1CCC(c2ncc3ccccn23)CC1,0.24193936508516686
CN1C(=O)Cc2c(C(=O)N[C@H]3CC[C@H](OC(C)(C)C)CC3)cccc21,0.324672672931853
CN1CCC(C(=O)N2CCC3CCC(C2)N3C2CCCNC2=O)CC1,0.19847258996679287
CN1CCC(C)(C(=O)NCC23CCC(CC2)NC3)CC1=O,0.00029387096787004605
CN1CCCC1CCC(=O)N1CC(CNC(=O)c2ncccn2)C1,0.1963687144132596
CNS(=O)(=O)CCN(C)S(=O)(=O)c1ccc(C#N)c(C)c1,0.0005021188267651381
CNc1ncc(C(=O)NC2(CNC(=O)C3CC3C(C)O)CC2)o1,0.0004054864162804499
COC(=O)[C@@H]1CO[C@H](CCC(=O)N2CCC(F)(F)CC(C)C2)C1,0.0005589648927633171
COC(=O)C1(NC(=O)C(F)CCN)CCC2CC21,0.0003141960372415059
COC(=O)C1(NC(=O)c2cn(C)nc2N)CC(C(=O)O)C1,0.23048043287093153
COC(=O)c1cc(C)nn1CC(=O)N1CCCC(C2(C)OCCO2)C1,0.0005443150932348858
COC(=O)c1cc(NC(=O)C(C)C2CCC(=O)N2)cn1C,0.000745326010993936
COC(=O)c1ccc(CC(=O)N2CCCC2c2ccc[nH]2)c(C)c1,0.0005535815281297357
COC(C)CN1CCC(NC(=O)CCc2nnc[nH]2)C1,0.00018937037398501707
COC1(CNC(=O)c2ccc3c(c2)CCCO3)CCOCC1,0.00041291959871470974
COCC1(O)CN(C(=O)c2csc(C(C)OC)n2)C1,0.0003078739338475792
COc1cc(C(=O)N2CCC3(CC2)OCC2CC23)ccc1F,0.0006326892473744348
COc1ccc(C(=O)O)cc1-c1cn(C(C)C(=O)NC(C)(C)C)nn1,0.0010317058805467258
COc1cccc(N2CCC(NS(C)(=O)=O)C2)c1C(C)C,0.0005885101902534026
COc1cnc(C(F)(F)F)cc1C(=O)NCC1(S(C)(=O)=O)CC1,0.0003782170074326387
COc1ncc(OC)cc1NC(=O)N1CC(=O)N(C)[C@@H]2C[C@@H]21,0.25743044781139734
CS(=O)(=O)c1ccc(COC(=O)c2cccn(C3CC3)c2=O)cc1,0.0004122519231689372
Cc1cc(C(=O)N(C)CC(C)NC(=O)CC2(C)CCCO2)[nH]c1C,0.0003994839472302473
Cc1cc(C(=O)N2CCC[C@@H]2CNc2ccncn2)cc(O)n1,0.0009888012662904928
Cc1cc(C(=O)N2CCCC2C(C)(C)CNC(=O)CN(C)C)[nH]n1,0.1969618947979964
Cc1cc(C(=O)NC(C)C2CCN(CC(N)=O)C2)c(C)cn1,0.0002342840645946547
Cc1cc(C(=O)NCC(=O)N(C)CCNC(=O)c2cc(C)no2)nn1C,0.08967168324158083
Cc1cc(C)c(C(=O)N[C@H]2CCN(C(=O)c3sc(C)nc3C)C2)o1,0.0006069880737860092
Cc1cc(CCNC(=O)NC2(C)Cc3ccccc3C2)ccc1C#N,0.0010876612127398804
Cc1ccc(-n2cc(C(C)NC(=O)CN3CCCC3=O)nn2)c(C)c1,0.00047322903531773526
Cc1ccc(C(=O)N(C)C)cc1NC(=O)C(N)c1cn(C)nn1,0.0006396273929558301
Cc1ccc(C(=O)N(CCN(C)C2CCN(C)C2=O)C(C)C)cc1,0.00040023907830885434
Cc1ccc(OCC(O)CNC(C)C(=O)NCC(C)C)cc1,0.0004005026304928316
Cc1cccc(C)c1CCNC(=O)NC1CCCC(CO)C1,0.0004976260504297796
Cc1ccnc(NCC2(CNC(=O)c3cc(C)n[nH]c3=O)CC2)n1,0.28581163141373045
Cc1ccncc1CN1CC(O)(CNC(=O)c2cn[nH]c2C(C)C)C1,0.0002846431609810862
Cc1cnc(C(C)NC(=O)C(C)(C)c2ccc(Cl)cn2)o1,0.0005431427601193827
Cc1n[nH]c(C)c1CC(=O)N1CCN(c2nc(C3CC3)ns2)CC1,0.00033115521673669865
Cc1nc(O)cc(NCCC(C)NC(=O)CSC2CC2)n1,0.0006201649293028076
Cc1nc2cc(C(=O)N(C)CC(C)NC(=O)[C@@H](C)O)[nH]c2s1,0.0006041824159410965
Cc1nnc(N2CCOCC(CNC(=O)c3ncc(F)cn3)C2)s1,0.313495323669821
Cc1ocnc1C(=O)N1CCCC[C@@H]1CNC(=O)c1cnn(C)c1N,0.4621326313380095
Cn1c(C(=O)NC2CC3CN(c4ncnc(N)n4)CC3C2)c[nH]c1=O,0.24327070318126898
N#CCC(=O)NCC(NC(=O)c1ccc2ncccc2n1)C1CC1,0.3746136414733173
N#Cc1csc(C(=O)NC23CCCC2N(C(=O)C2CCC2)CC3)c1,0.0016011864538196807
O=C([C@@H]1CCCN1C(=O)Cc1csc(Br)c1)C1CC1,0.17141329317679777
O=C(C1CCCCN1C(=O)Cc1ccsc1Cl)N1C[C@H]2CC[C@H]2C1,0.00035867865216634987
O=C(C1CS(=O)(=O)CC12CC2)N1CC(O)Cc2ccccc21,0.0004546516905302077
O=C(CC1(O)CCCNC1)NS(=O)(=O)CC1CCCC(F)C1,0.19257199215986856
O=C(CCc1ccn[nH]1)N[C@H]1C[C@H](NC(=O)c2cc(O)cc(O)n2)C1,0.2091545564160865
O=C(COC1CC1)NCC1CCCN1C(=O)c1ccc2c(c1)COC2,0.0006923578806241172
O=C(COCC1CCOCC1)N[C@H]1C[C@@H](CNc2ncccn2)C1,0.00037347173182549495
O=C(NC[C@H]1C[C@@H]1c1ccccc1)N1CCC(O)(C(F)F)C1,0.0003647595082344706
O=C(NC(CO)C1CCCO1)c1ccc(C(F)(F)F)nc1,0.00038466559040357506
O=C(NCC1CCCN1C(=O)C1CNCC2(CCC2)O1)c1cnco1,0.1680683241538651
O=C(OCC(=O)N1CCC2(C1)OCc1ccccc12)c1ccoc1,0.0006476264476969444
O=C(c1cnnn1Cc1ccccc1)N1CCC(F)(CO)CC1,0.0005440107210009394
O=C1CCCc2nc(NC(CO)c3cccnc3)ccc21,0.0005005029456257515
O=S(=O)(C1CCC(F)(F)CC1)N1CCOCC1CC1CC1,0.00048601100397974574
C[C@H](NC(=O)c1cc(O)n(C)n1)C1CN(C(=O)c2cc(O)no2)C1,0.125021588395701
C[C@H](O)C(=O)N(C)CCNC(=O)c1cc(-c2ccccc2)no1,0.0005947939453309452
C[C@H](O)C(=O)NCCC1CCN(C(=O)C2(C(F)F)CCCO2)CC1,0.00027108323372921684
C[C@H](O)CNC(=O)Nc1cnn(-c2ncccn2)c1Br,0.000540388581138792
C[C@H]1CN(C(=O)CCC(F)F)CCN1C(=O)Cc1ccc(O)cn1,0.00026322267300083434
CC(=O)[C@@H]1CCCCN1C(=O)c1cccc(Cn2cc(Cl)cn2)c1,0.1398539607244552
CC(=O)C(C)CCC(=O)N(C)Cc1ccccc1N1CCOCC1,0.6157595693482342
CC(C)(C)OC(=O)N1CCC[C@@H]1C(=O)Nc1cn2cccnc2n1,0.0006093351732500586
CC(C)(C)c1nc(N)nc(NCCc2cn3c(n2)SCC3)n1,0.0005085806878993065
CC(C)(NC(=O)c1cnccn1)C1CCCN1C(=O)C1(C(F)F)CC1,0.0005404782080068857
CC(C)(O)[C@@H](F)CNC(=O)NCc1cccc(C(N)=O)c1,0.00028715559756515473
CC(C)(F)C(=O)N1CCSCC1CCNC(=O)C1(C2CC2)CC1,0.0005210935849956325
CC(C)(F)CCC(=O)N1CCC(C2(NC(=O)c3ccno3)CC2)C1,0.0006053027475305691
CC(C)CC(=O)NC1CCC(C)N(CC(=O)Nc2ccccc2)C1,0.0011492545950730392
CC(C)c1ncc(NC(=O)N2CC3(CCC3)C2C(=O)O)cn1,0.0010006095294467093
CC(C)n1nc2c(c1CNc1cnn(C)c1C(=O)O)CCC2,0.0010564673769764585
CC(CCNC(=O)CC1(CO)CC1)N(C)C(=O)c1cncc(N)n1,0.0005111489881685535
CC(CNC(=O)C(C)CF)NC(=O)c1c(Cl)csc1Cl,0.0005436150329850076
CC(CNC(=O)C1CC1(F)F)N(C)C(=O)Cc1cnnn1C,0.00035105947016446354
CC(CNC(=O)CCC1CC1)NC(=O)CNc1nccs1,0.0004140416879703671
CC(N[C@@H]1CCC[C@H](CC#N)C1)c1ccnn1-c1ccncc1,0.001917137211030594
CC(NC(=O)CCF)C1(O)CCN(C(=O)c2ccn3ncccc23)C1,0.00031243318758816016
CC1(C(=O)N2CCN(C(=O)CC3CSC3)CC2)CCCCO1,0.00035965619472103755
CC1(C(=O)NC2CCCCCN(C(=O)c3ccc[nH]3)C2)CC(F)C1,0.001073302618658628
CC1(C)COC1CNC(=O)CCn1cc(-c2ccc(N)cn2)nn1,0.0011040768675977253
CC1(CC(=O)N2CCC(CCNC(=O)C3(C#N)CCOC3)CC2)CC1,0.4595616416691884
CC1(CCNC(=O)Cn2cc(CN3CCS(=O)CC3)nn2)CC1,0.0003305088040108248
CC1(CNC(=O)c2ccc[nH]2)CCN(C(=O)C(C)(C)CF)CC1,0.1984708648524165
CC1(O)CC2(CN(C(=O)c3cncc(-n4cc(CN)nn4)c3)C2)C1,0.0002489923054643868
CC1C(=O)NCCCN1C(=O)c1cccc(OCCO)c1,0.00023530735898501213
CC1CCC(N2CC(C(=O)NC3(c4nnn[nH]4)CCC3)CC2=O)CC1,0.00029699813968342133
CC1CCCC1C(=O)NC1(C)CN(C(=O)C2CC3(CCOCC3)C2)C1,0.2601787776789676
CC1CCCN(C(=O)CCNC(=O)c2[nH]ccc2C2CC2)C1,0.0006514285262201144
CC1CN(C(=O)[C@H](C)O)CC1CNC(=O)c1noc2c1CCCCC2,0.00039933786801976646
CCC(=O)N1CCC(CC)(NC(=O)Cn2cccn2)CC1,0.00028486925059775526
CCC(C#N)C(=O)NC1CN(C(=O)COCC2CCOC2)C1,0.0006269630081325492
CCC(C)NC(=O)C(C)S(=O)(=O)c1nncn1CC,0.0002268837224165768
CCCC(=O)N1CC2(NC(=O)CC(F)(F)CC)CCC1CC2,0.0010880704894205588
CCCC(=O)N1CCCOC(CNC(=O)c2[nH]cnc2CC)C1,0.0003400838993841575
CCCN(C)CC(=O)N1CCC1CC1CCCC1,0.0010702271590363052
CCCS(=O)(=O)N1CCC(NC(=O)C(O)(CC(C)C)CCC)C1,0.0003425647670949465
CCN(C[C@@H](C)O)S(=O)(=O)c1cncc(Br)c1,0.0002491389087384154
CCN(C)c1ccccc1NC(=O)c1cc2n(n1)CC(C)NC2=O,0.0007573880346847086
CCN(CC(=O)N1CCN(C(=O)c2coc(C#N)c2)C[C@H]1C)C1CC1,0.0013216587366007837
CCN(CC(=O)Nc1ccc(Cl)c(C)c1)C(=O)COC1(CC)CC1,0.0008960523194325043
CCN(Cc1ccc(C)cc1)S(=O)(=O)CC1(C)COC1,0.00044688877580933485
CCN1CCC1C(=O)N1CC(n2cc(Cn3ccnc3)nn2)C1,0.000619599174778139
CCOC(=O)c1cnc(N2CCN(C(=O)C3CSC3)C[C@H]2C)o1,0.0005885233563030979
CCOC(CC)C(=O)NC1CCCN(Cc2snnc2C)C1,0.000310866270638801
CCOC1CC2(C1)CC2C(=O)NC1CN(C(=O)CCC2CC2)C1,0.18414003015694544
CCOc1oc(C)nc1C(=O)N[C@@H](C)CNC(=O)c1c[nH]nn1,0.00042755924619731307
CCS(=O)CC(=O)NC[C@@H]1CCCN1C(=O)CCC(N)=O,0.00029818788481723255
CCc1cccc(CC(=O)N(CCNC(=O)CC)CCOC)c1,0.0008500163159287512
CCc1cnoc1C(=O)N[C@@H](C)CCNC(=O)c1cc(CO)oc1C,0.00040623424303300106
CCc1ncoc1C(=O)N1CC(NC(=O)C2CCCCO2)C1,0.0003379818936945957
CCc1nncn1CCNC(=O)CC1(C)CCS(=O)(=O)N1,0.00020449166210431403
CCn1cnc(C(=O)NC2CCN(C(=O)Cc3ccn[nH]3)CC2)n1,0.00017091611218982692
CCn1cnc(C(=O)NCC2CC(NC(=O)c3cc(O)ncn3)C2)n1,0.09094034754868423
CCn1ncc(S(=O)(=O)N2CCC(O)(c3ccc(F)cc3)C2)n1,0.00028424823244143656
CN(C(=O)Cc1ccn[nH]1)C(CNC(=O)c1cccnc1O)C1CC1,0.14742984461930292
CN(C(=O)Cc1nnn(-c2ccccc2)c1C1CC1)C1CC(F)(F)C1,0.0012728363164837505
CN(C)CCNC(=O)C(C)(C)c1ccc(Br)cc1,0.0005378772105959901
CN(C)c1ncc(C(=O)N2CC(NC(=O)c3cnnn3C)C2)cc1Cl,0.33358847702146394
CN(CC(=O)N1CCC[C@@]1(C)CNC(=O)Cn1cccn1)C(N)=O,0.0001755185300272165
CN(CC1(N)CC1)S(=O)(=O)c1[nH]ncc1Br,0.0004536937411537251
CN(CC1CCCN(C(=O)c2cnco2)C1)C(=O)C12CCC(C1)OC2,0.0007558436145950119
CN(CC1CN(C(=O)C2(CF)CCC2)C1)C(=O)CC1(C)CC1,0.0003892014229469917
CN1CC(CN(C)C(=O)NCC2CC(=O)N(C(C)(C)C)C2)C1,0.00031470086667937974
CN1CCC(Sc2nnc(N(C)Cc3cccs3)s2)C1=O,0.000832575388583209
CO[C@@H]1COC[C@H]1NC(=O)N1CC(CNC(=O)N(C)C)OC(C)(C)C1,0.12636553124572547
COC(=O)[C@@H]1C[C@@H]2CC[C@H](C1)[C@@H]2O,0.000481262956622774
COC(=O)[C@@H]1CC[C@@H]1NC(=O)N(C)CC1CCSCC1,0.00032691632371178883
COC(=O)[C@H](CC(C)C)NC(=O)c1cn[nH]c1-c1nncn1C,0.0010437934936268687
COC(=O)CNC(=O)[C@@H]1CCO[C@H]1c1cnn(C)c1C,0.00033756762648590795
COC(C(=O)N1CCN(c2ccc3nnnn3n2)[C@H](C)C1)C1CCC1,0.0006798642745889624
COC(C)(C)C(=O)N(C)CCC(NC(=O)c1nc[nH]c1C)C(C)C,0.17439815905001596
COC1(C(=O)NC2CCCN(c3nnnn3C)C2C)CCCC1,0.0009645154201623413
COC1(CN(C)C(=O)NC2CC2)CN(C(=O)OC(C)(C)C)C1,0.0005054994529574206
COCC(O)C(=O)NCCC1(O)CN(C(=O)c2cccnc2O)C1,0.08777929927323042
COCCN(CCNC(=O)C1(C)CC1)C(=O)C(CO)NC(N)=O,0.00037386608449683427
COCc1nc(CNC(=O)N2CC3C4CCC(O4)C3C2)no1,0.00031169574940709174
COc1cc(C(=O)NCCN(C)Cc2ccc(OC)cc2)ncn1,0.0006897586242068456
COc1cc(C)c(CNC(=O)c2cc(O)nc(C(C)C)c2)cn1,0.0004860913643613629
COc1cc(C)sc1C(=O)N[C@H]1[C@@H]2CN(C(=O)C3(OC)CC3)C[C@@H]21,0.20268666831578844
COc1cc(N2CCOCC2CNC(=O)c2cnoc2C(C)C)ncn1,0.0008339427108206789
COc1cc(OC)c(OC)cc1CN1CCC(N(C)C2CC2)CC1,0.0007660588324061606
COc1ccc(-c2cn(CC(=O)N3CCC(C#N)C3)nn2)cn1,0.0010461281016246428
COc1ccc(CN(C)Cc2nnc(C3CCOCC3)o2)c(Cl)c1,0.00035219681842355884
COc1ccc(CNC(=O)N(C)[C@@H](C)C(=O)N(C)C)cc1SC,0.0006624733892139912
COc1ccccc1[C@H](C)N(C)C(=O)CN1CCN(C2CC2)C1=O,0.0003536584321082449
CS(=O)(=NC(=O)CC1CC(O)C12CCC2)c1ccc(-c2nn[nH]n2)cc1,0.001319803570813384
CS(=O)(=O)NCC(=O)N1CCC2(C1)CN(C(=O)C1(F)CC1)CCO2,0.07707008943484339
Cc1[nH]nc(C(=O)N2CCCC2(C)CNC(=O)C2CC23CCC3)c1C,0.0006378702913223515
Cc1cc(C(=O)N(C)C(C)CCNC(=O)C2(CO)CC2)c(C)[nH]1,0.0004298098583528084
Cc1cc(CC(=O)N2CC[C@@H](CO)[C@H](N)C2)ccc1CO,0.0002445411258833939
Cc1cc(CN2CCN(C(=O)c3ccc(F)s3)[C@@H](C)C2)ncn1,0.0005666654502130782
Cc1ccc(C(=O)N2CCC(C)(CNC(=O)C3CCCS3)C2)nn1,0.00046922089131237987
Cc1ccc(C(N)C(=O)NCC(C)(O)C2CCCOC2)cc1,0.0005241214019034356
Cc1ccc(S(=O)(=O)N[C@H]2C[C@@H](c3ccccc3)C2)s1,0.0008738312068290551
Cc1ccccc1COC1CCN(C(=O)c2nn(C)cc2C(C)=O)C1,0.0005169431015472127
Cc1ccn(-c2ccccc2NC(=O)C(C)N2CCOCC2)n1,0.0008852267978044861
Cc1ccncc1C(=O)N1CCCC12CCN(C(=O)C(C)(C)O)C2,0.12437622370773373
Cc1ccsc1CC(=O)N1CC(C)(NC(=O)c2cnn(C)n2)C1,0.0005528696753733002
Cc1cnc(Cn2cc(C3CCN3C(=O)C3CCNC(=O)C3)nn2)o1,0.1424019744446302
Cc1cncnc1N(C)CCCN(C)C(=O)C1CSC1,0.0010079480415681095
Cc1n[nH]c(CC(=O)NCC(C)NC(=O)c2cc(C)sc2C)n1,0.0004120490271393161
Cc1ncnc(C)c1C(=O)OCc1ccc2c(c1)OCO2,0.0005716000330854294
Cc1ncnc(N(C)C(C)CNC(=O)C2CCC(F)C2)c1F,0.0010050288166584072
Cc1nn(C)c(Cl)c1CC(=O)N[C@@H]1C[C@H](CC#N)C1,0.0009575258063757402
Cc1noc(C(=O)NC2CCN(Cc3cccnc3)CC2O)c1C,0.00044599477182765166
Cc1noc(CCNC(=O)N2CCC(Cc3ccccn3)C2)n1,0.00024198813720840471
Cc1oc(C#N)cc1C(=O)N1CCC(NC(=O)C2(C)CC2)CC1C,0.6767194823394017
Cn1c(C#N)ccc1C(=O)NCC12CCCN1CCC2,0.0007474330721290439
Cn1nc(NC(=O)[C@@H]2C[C@H]2c2c(F)cccc2F)cc1F,0.0009059014350418227
Cn1ncc2ccc(NC(=O)N3CCC4CC43)cc21,0.41728687162810846
Cn1nccc1C1CCCN1C(=O)[C@@H](O)c1ccc(F)cc1,0.00053682867609364
Cn1ncnc1CC(=O)N1CCCCC1C1CCCN1C(=O)C1CC1,0.0006936631101196509
N#CC1(CNC(=O)NCC(=O)N2CCOc3ccccc3C2)CCC1,0.0009310618750205146
NC[C@]1(F)C[C@H](CNS(=O)(=O)c2cccc(Cl)c2F)C1,0.0005162454788804853
NC(=O)N1CCCc2ccc(NC(=O)Cn3ncnn3)cc21,0.000711717232578741
O=C(N[C@H]1CCN(C(=O)C(F)F)C1)c1cnnc(Br)c1,0.00039125533789805233
O=C(NC1CCN(C(=O)C2=C(Cl)CC2)CC1)c1cnn2cc[nH]c12,0.0014216626532369662
O=C(NCC(O)CN1CCOCC1)C1C2CCC(O2)C1C(F)(F)F,0.0003383343907817285
O=C(Nc1cc(Br)ccc1F)C12CCN(C1)S(=O)(=O)C2,0.0005625330283401866
O=C1CCc2cc(F)c(NC(=O)N3CCC(F)(F)C3)cc21,0.0006964551578979438
O=S(=O)(NC(C1CCC1)C1CCOC1)c1ccnc2ccccc12,0.0006328505656475084
O=S(=O)(NC1C[C@@H]2CC(CO)C[C@H]12)c1ccc2c(c1)CCCO2,0.0003701187787121645
O=S(=O)(c1cccc2c1CCC2)N1CC2CCC(C1)O2,0.0003067724361780035
C[C@@H](NC(=O)C1CCCO1)C1CN(C(=O)c2ccc(O)cn2)C1,0.10608915066889198
C[C@H](CNC(=O)C1CCC(F)(F)C1)NC(=O)C1CCCC2(CC2)C1,0.7559839460668725
C[C@H]1CN(C(=O)c2cccc(F)c2O)CCN1C(=O)C(C)(F)F,0.0006074742817543119
CC(=O)N1c2ccccc2C[C@H]1C(=O)N1CCC(CO)CC1(C)C,0.37016813296819595
CC(=O)NC(C(=O)NCC1CCN(C(=O)[C@@H]2CCOC2)C1)C1CCCC1,0.00038942175991162856
CC(=O)c1c[nH]c(C(=O)OCc2cc(O)nc(C3CC3)n2)c1,0.00032598774551612547
CC(C)(C)C(=O)N1CCOC(Cc2cn([C@H]3CCOC3)nn2)C1,0.0004313442841922773
CC(C)(C)O[C@H]1C[C@@H](NC(=O)NC2(CC3CC3)CCC2)C1,0.0008759415617988015
CC(C)(C)OC(=O)N1CCC(O)CC1CNCC(O)C1CC1,0.00043383689676384645
CC(C)(C)OC(=O)NC1(C(=O)NCC(O)C2CCCCC2)CCCC1,0.0005900366816624772
CC(C)CC(C)(C)C(=O)NC(C)CN(C)C(=O)c1ncc(F)cn1,0.0005456519843974876
CC(C)Oc1ccccc1NC(=O)NCc1nnc(N(C)C)[nH]1,0.0005197374673500727
CC(C)n1cc(C(=O)NC2(3CCC(F)(F)CC2)SCC3)nn1,0.0
CC(C)n1cnnc1CC(=O)N1CCCC1(c1ccccc1)C(F)F,0.0005493665069083414
CC(CNC(=O)C1CCC2C(C1)C2(F)F)n1cc(C(C)(C)C)nn1,0.0006231102029250386
CC(CS(N)(=O)=O)NC(=O)NCC1(C)CCCS1,0.00032522262139874985
CC(NC(=O)N1[C@H]2CC[C@@H]1C[C@H](c1nccn1C)C2)c1ccc[nH]1,0.0014401929161488823
CC(O)C1CC1C(=O)N1CCC[C@@H]1CNC(=O)Cn1cn[nH]c1=O,0.00014795832087706703
CC(F)(F)C(=O)N1CC(NC(=O)CCC2CCCO2)C1,0.0003143522943681996
CC1(C)C[C@@H]1C(=O)NCC1CCN1C(=O)C1CCS1(=O)=O,0.11002633350788604
CC1(C)COCCC1NC(=O)c1ccc(-c2nc[nH]n2)cc1,0.500100320089145
CC1(CNC(=O)C23CCC(CC2)C3)CCN(Cc2nnnn2C2CC2)C1,0.0010587141053671977
CC1CC(=O)NC1C(=O)N1CCCC(NC(=O)C2COC(=O)C2)C1,0.00016693270731643755
CC1CC(C)N(C(=O)c2ccc(S(=O)(=O)CC(N)=O)cc2)C1,0.00031127687897005986
CC1CCCn2c(C(=O)N3CCC4CCC(C4)C3)cnc21,0.0011703611074666477
CC1CN(C(=O)c2ccnc(-n3cccc3)c2)CCC1C(=O)O,0.380614407285528
CC1SCCN(C(=O)[C@H]2C[C@@H]3CC[C@H](C2)O3)C1C,0.21860852952529805
CCC(=O)N1CCC([C@H](C)NC(=O)c2ccc(N(C)C)cc2)CC1,0.001136916812176298
CCC(=O)N1CCC(O)(c2ccc(Br)cc2F)C1,0.0005030161343417273
CCC(C(=O)N1CCC(C(C)NC(=O)c2nc(C)no2)C1)C(C)C,0.00045733483619110344
CCC(C)(C)C(=O)NC1CCCN(C(=O)c2nn[nH]c2C2CC2)C1,0.2503603136165953
CCC(C)c1ccc(C(=O)N2CCCN(C(=O)CO)CC2)c(=O)[nH]1,0.12387207272604611
CCC(NC(N)=O)C(=O)N1CCN(C(=O)c2cnccc2N)C(C)C1,0.0005233586450552078
CCC1(C)CC1C(=O)NC1CCN(C(=O)c2cc(C(C)=O)n(C)c2)C1,0.1619041338398833
CCC1(NC(=O)CN2C(=O)CCCc3sccc32)CCNCC1,0.0009844781818046824
CCC1=NOC(C(=O)N[C@@H]2CCN(c3nc4ccccc4n3C)C2)C1,0.4573232565817205
CCCC(C)(O)C(=O)N1CCC[C@H](NC(=O)c2nnc3ccccn23)C1,0.00035900409988066
CCCC(C)(O)CC(=O)NC1CN(C(C)=O)CCC1(C)C,0.000397604555616102
CCCC(NC(N)=O)C(=O)N1CCC(CCNC(=O)[C@H](C)O)C1,0.0003077511179640638
CCCCS(=O)(=O)N1CCC(C(=O)N2[C@@H](C)C[C@@H](C)[C@H]2C)CC1,0.00046480082047973284
CCCN(CCNC(=O)C1CCC1)C(=O)c1cc2c([nH]1)CCOC2,0.0005123159031634169
CCCc1[nH]ncc1C(=O)NC[C@@H]1C[C@H](F)CN1C(=O)c1cccnn1,0.0004247036567821679
CCCc1c(C(=O)NCC[C@H](C)NC(=O)CC2(C)CC2)cnn1C,0.0004147585457507702
CCCc1nnc(N[C@H]2C[C@H](CNC(=O)C(C)COC)C2)s1,0.00037544856183389675
CCN(C(=O)C1CCNC1C(C)O)c1nc2ccccc2s1,0.2447502981358829
CCN(CCc1ccccc1)C(=O)CNC12CCCCC1OCC2,0.0005894916742691427
CCOC(=O)CCC(F)(F)C(=O)NCCC(=O)N1CCCCC1C,0.00045625959947826356
CCOc1ccccc1C1CCCN2C(=O)C(CN1)C2(F)F,0.0006772342696791251
CCOc1ccnc(NC2CCCC(NC(=O)CC(C)OC)C2)n1,0.1580072744977176
CCc1cc(C(=O)N2CCN(C(=O)CC#N)[C@@H](C(C)C)C2)n(C)n1,0.0009869500450672556
CCc1cc(C)nc(NC(C)CCNC(=O)C(C)C2CCOC2)n1,0.0008079109100069005
CCc1ccc(C(=O)N(CC)CCNC(=O)C2CCCC(F)C2)[nH]1,0.0005978150301585973
CCc1ccc(C(=O)Nc2cccc(N3CCOC3=O)c2)nc1,0.0009155672211207398
CCc1nc(C)c(C(=O)N[C@H]2C[C@@H](CNC(=O)CC3(O)CC3)C2)o1,0.0002897671192777683
CCc1nc(C)ncc1C(=O)NC(C)CN(C)C(=O)C(C)C(O)CC,0.00030880499237881604
CCc1nc(CN(C)c2nc3c([nH]2)COCC3)cs1,0.0008005989469751198
CCc1ncoc1C(=O)N1CC[C@H](CNC(=O)c2nn[nH]c2C2CC2)C1,0.19801871278229466
CCc1noc(COCC(=O)N(C)CCNC(=O)C(F)CC)n1,0.0002809712744256017
CCc1nocc1C(=O)NCC(Nc1ncncc1C)C1CCC1,0.0010361514010866306
CCc1scnc1C(=O)N1CCN(C)c2nc(C)ccc21,0.2697785882677979
CCn1cc(CNC(=O)NCC2(OC)CCC(F)(F)CC2)cn1,0.000482180836796681
CCn1ccnc1C(=O)N[C@H]1C[C@@H](NC(=O)[C@@H]2CNC(=O)C2)C1,0.0001888469758050816
CCn1ncc(C(=O)N2CCCC(C)C2CCNC(=O)C2CC2)n1,0.000505864492390244
CCn1nnc(C)c1CNS(=O)(=O)c1ccc(Cl)c(Cl)c1,0.0005146097013715024
CN(C)CC1CN(C(=O)CCc2ccc3ocnc3c2)C1,0.0007034554654155371
CN(CC(=O)NCCc1ccc(C(C)(C)C)cc1)c1ncccn1,0.000671153549130074
CN(CC1CC2(CC2)C(=O)N1)C(C(=O)O)c1ccccc1,0.0004504973059745902
CN(CCCN(C)C(=O)C1(CF)CC1)Cc1nccn1C(F)F,0.0007671898913117691
CN1CC(C(=O)NCC2(Nc3ncccn3)CCOCC2)CC1=O,0.0006728449137915748
CNS(=O)(=O)CCNC(=O)C1CCn2c(n[nH]c2=O)C1,0.0001466640632751348
CNc1cc(C(=O)N(C)C(C)C2(S(C)(=O)=O)CC2)ncn1,0.000341963288645735
COC(=O)C(CSC)NC(=O)C(C)NC(=O)C1CCCCC1,0.00029929197959437743
COC(=O)C1(N(C)S(=O)(=O)CCC(F)(F)F)CCCC1,0.0005137741904829318
COC(=O)c1ccc(NC2CN(C(=O)CC3C(C)(C)C3(C)C)C2)nc1,0.17052509586015072
COC(C)(C)CC(=O)NC1CN(C(=O)c2cc(O)no2)CC1(C)C,0.18032201521099628
COC(C)C(=O)N1CCN(C(=O)C(C)c2ccc(C)s2)C[C@@H]1C,0.0005898556935904699
COC1CC(NC(=O)N2CC#N)(c2ccccc2)C1(C)C,0.0
COC1CCN(C(=O)NCc2conc2C(F)(F)F)C1,0.00036885196074899274
COCC1(C(=O)NC2CC3(C2)CN(c2ncncc2OC)C3)CC1,0.1604121164565681
COCCC1(C(=O)N2CCC(NC(=O)c3c(C)ncn3C)C2)CC1,0.0006171350343189297
COCc1nnc2n1CCN(C(=O)CCc1cc(C)on1)C2,0.0002048791670796161
COc1c(C(=O)N2CCC3(COC3)C2)cccc1C(F)F,0.2572057311324195
COc1cc(NCCC(C)NC(=O)C23CCCCN2CCC3)ncn1,0.2931161662172826
COc1ccc(C(=O)NC[C@@H](C)NC(=O)COc2ccccn2)c(C)c1,0.00044221792642796474
COc1ccc(S(=O)(=O)NC(=O)C2(N)CC2(C)C)cc1,0.0003432895683502962
COc1ccccc1C(CO)NC(=O)NCc1nnc2n1CCCC2,0.00033552812855577684
COc1ccccc1OCCN1CCC(C(=O)O)(C(F)F)CC1,0.0007638559974541759
COc1cnc(NCC(O)CNC(=O)c2cc(C(C)C)[nH]n2)nc1,0.0005416677459846834
Cc1cc(C(F)(F)F)ccc1CNC(=O)[C@@H]1CCC(=O)NC1,0.0005142498116902611
Cc1cc(C)c(OCC(=O)N2CCN(C(=O)C(F)F)[C@H](C)C2)c(C)c1,0.0005540212429916088
Cc1cc(S(=O)(=O)NC(=O)[C@@H]2CCC(=O)N2C)cs1,0.00037962896144083804
Cc1ccc(F)c(C(=O)N2CC(O)(CNC(=O)C3(O)CC3)C2)c1,0.12436156087076976
Cc1ccccc1C(C)(C)CN1CCC(=O)N[C@H]([C@H]2CCCO2)C1=O,0.0005642581847574905
Cc1ccncc1C1CCN(S(=O)(=O)C2(C(=O)O)CC2)CC1,0.00025447979021553396
Cc1csc(C(=O)N2CCN(C(=O)C(F)F)[C@H](C)C2)c1Cl,0.0006364009814876677
Cc1csc2ncc(C(=O)N3CCN(C(=O)C(F)F)CC3C)n12,0.0005348332247209937
Cc1nc(C(=O)N2CCOC3(CCCN(C(=O)CO)C3)C2)c(C)s1,0.0003299799646580061
Cc1nc(C)c(C(=O)N[C@H](C)CNC(=O)c2occc2C)o1,0.0004430273789570189
Cc1nc(C)c(C(=O)N2CCC[C@@H]2CCNC(=O)CO)nc1C,0.1756188215854592
Cc1nc(C)c(C(=O)NCC2CC(C)(C)C2)nc1C,0.000625120370626868
Cc1ncc(C(=O)NC2(CO)CN(C(=O)c3ccncc3O)C2)o1,0.11799315898102798
Cc1ncc(CNC(=O)NC2CCc3nnc(C(C)C)n3C2)n1C,0.00034966434137566235
Cc1nn(C)c(C)c1NC(=O)CN1CCCCC1CF,0.0011822699212225372
Cc1nn(C)c(Cl)c1CN(CCNC(=O)c1cncn1C)C1CC1,0.0005489715127877838
Cc1nn(CC(=O)NC2COCCC2=O)c(=O)c2ccccc12,0.16224436998593952
Cc1nnc(N(C)CC2CCN(C(=O)C3(C)CCNC(=O)C3)CC2)o1,0.0004948418880407982
Cc1nnc(NC(=O)NC(CO)C2CCC2)s1,0.0004885381451593239
Cc1nnnn1CC(=O)N1CC(CNC(=O)CC(C)(C)C2CC2)C1,0.0002631868870737691
Cc1sc(CN)nc1C(=O)NC[C@H](C)NC(=O)C(O)C(C)(C)C,0.00042176145961941695
Cc1scnc1C(=O)NC[C@@H](C)NC(=O)C(C)(C)CC(C)C,0.0005934700480759647
Cn1ncc(COC(=O)c2cnc(C3CCC3)cc2C(F)(F)F)n1,0.0005322310611261667
Cn1nnc(NC2CC(C)(C)OC23CCN(C(=O)c2cc[nH]n2)C3)n1,0.0008357983457021815
N#CC1(C(=O)N2CCC(CCO)(CCO)CC2)CCCCC1,0.5201200985537714
N#Cc1cccc(C(=O)N[C@H]2C[C@@H](CNC(=O)C3(C4CC4)CC3)C2)c1,0.5609887391438491
N[C@@H]1CC[C@H](C(=O)N2CCCC2CN2CCCCC2)C1,0.0010989375795042236
Nc1nc(N)nc(CNC(=O)c2cncc(C(F)(F)F)n2)n1,0.00043039304720530097
O=C(CC[C@@H]1CC[C@H](C(F)(F)F)O1)Nc1nccc2occc12,0.0006953013131668072
O=C(CC1CC2CC2C1)NC[C@@H]1CCCN1C(=O)C1CCO1,0.0003589090581657263
O=C(CC1Cc2ccccc2NC1=O)N[C@@H](c1ccco1)C(F)F,0.0010961080835579303
O=C(CCc1cnoc1)N1CCN(C(=O)c2ncccc2O)CC1,0.0003671034535705402
O=C(CN1CCCC(C(F)(F)F)C1=O)N1CCC=C(F)C1,0.0004394449778485078
O=C(CN1CCCC2(CNCCO2)C1)NC(=O)NC1CCCC1,0.00036578503975715897
O=C(NC1CCN(C(=O)c2ccns2)CC1)c1cc(O)ccn1,0.0005071630199154918
O=C(NCc1ccoc1)N1CCOC2(CCSCC2)C1,0.00035818091655112963
O=C(NCc1nc2ccccc2[nH]1)NCC1(C2CC2)CC1,0.3226162006643441
O=C(OCCN1CCOCC1=O)c1ncsc1C1CC1,0.0003655826823658098
O=C(c1c[nH]nn1)N1CC2CC1CCC2NC(=O)C1(CO)CC1,0.0002207399601760734
O=C(c1cnco1)N1CCO[C@]2(CC[C@@H](Nc3ncccn3)CC2)C1,0.0005545032996154661
C[C@@H]1C[C@H]1C(=O)N1CCCCC1CNC(=O)c1ccnc(CN(C)C)c1,0.00051718878760291
C[C@@H]1C[C@H]1C(=O)N1CCN(C(=O)c2cccc(Cl)c2)CC1,0.0003619162482500077
C[C@@H]1CN(C(=O)CCC2CCC(=O)N2)CCN1C(=O)c1ccncc1,0.09411343977437232
C[C@H](CNC(=O)C1(C2CC2)CC1)NC(=O)CCNC(=O)CO,0.0001773699282836863
C[C@H](CNC(=O)c1cccc2oc(=O)[nH]c12)NC(=O)C1COCCN1C,0.000375198098823412
C[C@H]1C[C@@H]1C(=O)N1CCCC(CCNC(=O)[C@H]2C[C@@H]2C(F)F)C1,0.00039789670242957486
CC(C(=O)N1C[C@H]2COCC[C@@]2(C(=O)O)C1)N(C)Cc1ccccc1,0.0002541354571965086
CC(C(=O)N1CCC[C@H](NC(=O)[C@@H]2CCC(=O)N2)C1)c1ccccn1,0.0003287048836528374
CC(C)[C@@H](O)[C@@H](C)C(=O)N1[C@H](CO)C[C@@H]2CCCC[C@@H]21,0.00042732172195526904
CC(C)[C@H](O)C(=O)N1CCN(c2ccnc(C(F)(F)F)n2)CC1,0.000668048795551712
CC(C)(C)c1nc(CN2CCN(N=S(C)(C)=O)CC2)cs1,0.3031919775196532
CC(C)(O)CC(=O)N1CC(c2nnc3n2CCOC3)C1,0.0001987095871179827
CC(C)Oc1ccncc1NC(=O)C1OCCO1,0.0004871709209683469
CC(C)c1csc(C(C)NC(=O)Nc2cnn(C)c(=O)c2)n1,0.0012225194197512225
CC(CNC(=O)CC1(C)CC1)NC(=O)c1ccc(F)cc1,0.0005005824009374179
CC(NC(=O)N1CC(CO)CC(CO)C1)c1ccc(N(C)C)nc1,0.0007348582326636172
CC(O)CCC(=O)N1CC[C@@H](NC(=O)Cc2cscn2)C1,0.0004256085582829258
CC(O)CN(CC(F)F)C(=O)C(C)n1cc(Cn2cncn2)nn1,0.00023570558648270678
CC(Oc1cccc(Cl)c1Cl)C(=O)OC[C@@H]1CNC(=O)CO1,0.0005030302923535433
CC1(C)C2NCCCC2C1NC(=O)CSc1ccncc1,0.00033351109584563453
CC1(C)OC[C@@H]([C@H]2COCCN2C(=O)C(N)C2CC(F)(F)C2)O1,0.00032194174975572746
CC1(N2CCOCC2)CN(C(=O)Nc2ccnc(C#N)n2)C1,0.42722845516008817
CC1CC(CO)(CO)CN1C(=O)Nc1ccnn1-c1ccc(F)cc1,0.0009085542001060221
CC1CCC(C#N)(C(=O)NCc2cc(=O)[nH]c3ccc(F)cc23)CC1,0.7954421284160424
CC1CCCC(OCC(=O)N2CC3CC(O)CC2C3)C1,0.3039170335340221
CCC(=O)N1CC2CCCC1CN(C(=O)C(C)(C)OC)C2,0.00044043759660818106
CCC(C#N)C(=O)N1CCC(NC(=O)c2ncc(F)cn2)C(C)C1,0.0004486353898119235
CCC(C(=O)N1C[C@@H](CC)[C@@H](NC(=O)C(OC)C2CC2)C1)N(C)C,0.00031376017005687896
CCC(C)(C#N)C(=O)N1CC([C@@H](C)NC(=O)C2CN3CCC2CC3)C1,0.384465597882042
CCC(C)(C)C(=O)NC1CC12CCN(C(=O)C1(O)CC1)CC2,0.0004517391018552588
CCC(CNC(=O)c1ccn(C)c1)NC(=O)CC1CCOCC1,0.0005364515620029097
CCC1(C)CC(C(=O)N2CCCC2CNC(=O)Cc2ccn[nH]c2=O)C1,0.0003075595118141458
CCC1(C)OCCN1C(=O)NC(C)CN1CCN(C)CC1,0.00031165705664693596
CCC1CCCCN1CCNC(C)CC1CCCC(=O)N1,0.001072161721884689
CCCC(NC(C)=O)C(=O)N1CCN(C(=O)CC(C)(F)F)[C@@H](C)C1,0.15114145875129398
CCCC(O)CC(=O)N1CCN(C(=O)c2ccc(C)cc2F)C[C@H]1C,0.00042313043503418
CCCC1(C(=O)NCC2(C)CCN(CCO)CC2)CCC1,0.0010130687672265195
CCCCC(CCC)CNC(=O)c1cc(S(C)(=O)=O)oc1C,0.0006200392274377343
CCCN(CCNC(=O)CSC1CC1)C(=O)c1nocc1C,0.24712579957247374
CCCc1nc(CN2CCCC2CNC(=O)c2ncoc2CC)no1,0.0005215598013097253
CCCn1nc(C(=O)Nc2ncc(C(C)C)s2)ccc1=O,0.0010098925660414725
CCN(CCNC(=O)CC1CC(C)=NO1)C(=O)C(C)n1cc(C)cn1,0.00045143532988624324
CCN(CCNC(=O)c1cc(C)oc1C)C(=O)COC1CC1,0.0003018840656251561
CCOC(=O)C1CC12CCN(C(=O)CCNC(=O)C1CC1)CC2,0.00025420564697177707
CCOC(=O)Cc1ccnc(N(C)Cc2ccc(C#N)cc2)c1,0.0015632703062432053
CCOC(=O)N1CCN(C(=O)C2COc3ccccc32)CC1,0.0004672174164609191
CCOC1CC(C(=O)NC2CC3(C2)CC3Nc2ccnc(C)n2)C1,0.000531138752468585
CCS(=O)(=O)c1ccc(C(C)NC(=O)C(OC)C2CCC2)cc1,0.0006987096830439755
CCc1ccc(CC(=O)N(C)CCN(C)CC(C)OC)cc1,0.0010123095840080644
CCc1n[nH]c(CC)c1CC(=O)NCC1CC(F)(F)CO1,0.00040142611963844344
CCc1ncoc1C(=O)N(C)C1CCN(C(=O)C2(CO)CCC2)CC1,0.0004796268238730541
CCn1ccc(CC(=O)N2CCN(Cc3cn(C)nc3C)C(C)C2)n1,0.000578679165438793
CN(C(=O)C1(O)CCC1)C1CCN(C(=O)C2CC23CC3)CC1,0.0005435510908656185
CN(C)C1(C(=O)N2CCC[C@@H](NC(=O)c3ccccc3)C2)CC1,0.000406802154837342
CN(C)c1cccc(C(=O)NCC2(Nc3ncc(Cl)cn3)CC2)c1,0.0005738559641076314
CN(CC(=O)NC1CCN(C(=O)C2CCc3cn[nH]c3C2)C1)C(N)=O,0.00015981739220238144
CN(CC1CCCN1C(=O)CSC1CC1)C1CCCNC1=O,0.0004533130695975348
CN1CCC2(CC1)CCN(C(=O)Cc1csc(-c3ncccn3)n1)C2,0.5944913149637971
CO[C@@H]1CCC[C@H]1NC(=O)N1CCC(OC2CCOC2)CC1,0.00038500865473177417
CO[C@@H]1CCCN(C(=O)Cc2csc3ccccc23)C1,0.0007808268706119332
COC[C@@H]1C[C@H](O)CN1CC(=O)NC[C@H](C)NC(=O)OC(C)(C)C,0.00023389412465905116
COC[C@H]1C[C@@H]1NC(=O)N1CCC(Oc2cccc(F)c2)CC1,0.0006067834242405759
COC(=O)C(O)C1CCN(C(=O)Nc2cc(OC)c(C)c(OC)c2)CC1,0.0010293083982400475
COC(=O)C1CC2(C1)CN(C(=O)c1ccc(N(C)C)cc1Cl)C2,0.3240933686555081
COC(=O)CC1(CS(=O)(=O)N2CCC(C(F)(F)F)CC2)CC1,0.0004026741437584241
COC(=O)Cc1cc(NC2C(C)(C)C(N)C2(C)C)ncn1,0.0006888171237985598
COC(=O)N[C@H](CC1CCC1)C(=O)OCc1nnc2n1CCOC2,0.0004512787581602964
COC(=O)c1cccc2c(CN3CCC4NC(=O)CCC4C3)c[nH]c12,0.0006715228301371956
COC(C(=O)NCC1CCN1C(=O)c1cccc(O)c1F)C1CC1,0.0005054371780568576
COC1(CC(=O)N2CCC3(C2)CN(C(=O)C2COC(=O)C2)C3)CC1,0.00019319537115818845
COC1CCN(C(=O)CSCc2nc3ccccc3n2C)C1,0.0008571199066374012
COCC1(C(=O)O)CCCN1C(=O)C1C2Cc3ccccc3C21,0.0004278672233759091
COCC1CN(S(=O)(=O)c2cnn(CC(F)F)c2)CC12CCC2,0.00039000595245472275
COCCC(=O)NC[C@H]1C[C@@H](NC(=O)c2cc3n(n2)CCCC3)C1,0.0005190818606877147
COCCC(=O)NCC(C)NC(=O)c1cnn2c(C)cccc12,0.0003898647168010258
COCc1nc(C(=O)N2CCC(C(=O)OC)C23CCC3)cs1,0.0005504788717491319
COc1ccc(F)cc1NC(=O)NCCN1CCC(CO)C1,0.0011685917107264743
COc1ccccc1C(C)C(=O)N1CCN(S(C)(=O)=O)CC1(C)C,0.0004301584179928007
COc1cccnc1CNc1ccnc(CN(C)C)c1,0.0005320852205398876
COc1ccnc(C(=O)N[C@H]2CCN(C(=O)C3CC4CC4C3)C2)c1,0.0004441006195271742
COc1ncc(C(=O)OCc2cccc(OCC(F)(F)F)n2)cn1,0.0011048195139850027
Cc1c[nH]nc1C(=O)N1CC[C@H](NC(=O)c2cc(O)cc(=O)o2)C1,0.16714840779187115
Cc1cc(C(=O)NCC(NC(=O)c2ccc(CO)cc2)C(C)C)c[nH]1,0.0006624853222467658
Cc1cc(COC(=O)CS(=O)(=O)Cc2ccccn2)n(C)n1,0.00040009663713571204
Cc1cc(N2CCC[C@@H](NC(=O)CN3CCN(C)C(=O)C3)C2)ncn1,0.13692229071051942
Cc1ccc(NCCC2CCN(C(=O)CCc3ccn[nH]3)CC2)c(C)c1,0.001930444930266583
Cc1cccc(C2(C(=O)NCc3cnnn3C)CC2(F)F)c1,0.0005217198795600167
Cc1ccncc1C(=O)NC1CCN(C(=O)c2ccc(C(C)=O)[nH]2)C1,0.0002927720670413844
Cc1cnc(C(C)N2CC(C(C)NC(=O)c3cccc(=O)[nH]3)C2)o1,0.0003444865277813099
Cc1cnc(N2CC[C@H](NC(=O)C3CCOCC3)C2)nc1,0.0006868355778187655
Cc1cncc(CCC(=O)NCC[C@H](C)NC(=O)C2CCO2)c1,0.00020595617618507486
Cc1coc(C)c1C(=O)N[C@@H](C)CNC(=O)Cc1ccccc1CC#N,0.0004840639058671467
Cc1cscc1C(=O)N1CCN(C(=O)C2(CF)CCC2)C[C@@H]1C,0.0006349755902908504
Cc1nc(C(=O)NC(C)C2CN(C(=O)C(C)NC(N)=O)C2)co1,0.00023969101326737276
Cc1nc(N2CCN(C(=O)[C@@H]3[C@@H](C)C3(F)F)CC2)ccc1C#N,0.001176564304311014
Cc1nnc(CN2CCC[C@H](NC(=O)CC3(O)CCC3)C2)o1,0.00024605745220638333
Cc1nnnn1CC(=O)NC1(C)CCCN(C(=O)Cc2ccn[nH]2)C1,0.00018963263034867464
Cc1nsc(N2CCN(C(=O)c3ccc(OCC4CC4)nc3)CC2)n1,0.20432684971801826
Cc1oc(C(=O)O)cc1CN1CC(=O)N(C)CC1(C)C,0.00037974121413549396
Cn1nnc(Br)c1C(=O)N1CCN2C(=O)OCC2(C)C1,0.0002687516224231391
NS(=O)(=O)c1ccc(CC(=O)N2CC3(CC3)C[C@H]2CO)s1,0.0004104708115152348
NS(=O)(=O)c1nccc(NC2c3ccccc3OC2C(F)F)n1,0.34509124287786286
O=C([C@@H]1CC[C@@H](O)C1)N1CCN(CC(F)(F)F)CC1,0.00032135502706886007
O=C(C1CC12CCCC2)N1CCSC2COCCC21,0.32704009353475016
O=C(CC1CC1)N1CC(C2CN(C(=O)[C@H]3C[C@@H](O)C3)C2)C1,0.0002033509792244207
O=C(CC1CCCC1)N1CCC2(CC1)CC2CNC(=O)C1(O)CCC1,0.4205204310702499
O=C(CC1CCOC1)NC[C@@H]1CCCCN1C(=O)COC(F)(F)F,0.000355453907531365
O=C(CCCC1CCCC1)NCCN(C(=O)c1cc[nH]c1)C1CC1,0.0015027517496299264
O=C(CCCc1ccsc1)N1CC[C@H](NC(=O)C2(F)CC2)C1,0.000510235946508434
O=C(CCc1ccc(C(=O)O)cc1)NC1(C2CCOCC2)CC1,0.0008095472855794699
O=C(CCc1cccnc1)N[C@H]1CCN(C(=O)C(O)C2CCCCC2)C1,0.001216788614542259
O=C(CNC(=O)C1CC1)NCC(F)(F)Oc1ccccc1,0.0003536820686204177
O=C(Cn1cc(CC2CCOCC2)nn1)N1CCC2(CC2)C1,0.0010361794662426553
O=C(N[C@H]1C[C@H](Nc2ncc(C(F)F)cn2)C1)C1CCCC1,0.0014088652316300554
O=C(N1CCC(c2nc(=O)[nH]o2)CC1)C1(n2ccnn2)CC1,0.0003151305234972381
O=C(NCC1CC(F)C1)N1CC2(CCC2)[C@@H]2COC[C@@H]21,0.0006265125339763114
O=C(NCC1CCC(O)C1)c1cccc(F)c1Br,0.0006346392650870046
O=C(NCCN1C(=O)Cc2ccccc21)C12CCCN1CCC2,0.0007593453979605887
O=C(O)C1CC2CC1CN(S(=O)(=O)c1c[nH]c3ccccc13)C2,0.0005968455087499325
O=C(O)CC1(CS(=O)(=O)N2CC3CC2c2ccccc23)CC1,0.0006020453179008663
O=C(c1ccc2ncnn2c1)N1CCOC2(CCS(=O)(=O)C2)C1,0.0964963429014931
O=C(c1ccccc1)N1CCN(c2ccc(Cl)cn2)CC1,0.0007992799592511851
O=C(c1ncccn1)N1CCCOC(CNc2ncc(F)cn2)C1,0.0004993891532405156
O=C1C(Nc2ncncc2C(F)(F)F)CCN1C1CC1,0.0005619876802122423
O=C1NC2(CCC2)C2(CN(C(=O)c3csc(C(F)(F)F)c3)C2)O1,0.0006512085474972188
O=S(=O)(CCC1CCOC1)N[C@H]1C[C@H](Cn2cncn2)C1,0.00025380068257594215
OCC(NCC1(CO)COC1)c1cc(Cl)ccc1Cl,0.00037431220478717085
Fc1cccc(CN2CC3(CCSCC3)[C@@H]3COC[C@@H]32)n1,0.00023636729335935351
C[C@@H](CNC(=O)CCc1ccn(C)n1)NC(=O)c1nsnc1O,0.00021410333381786833
C[C@@H]1C[C@H]1C(=O)NC1CCCC12CCN(C(=O)Cn1ncnn1)CC2,0.00037382640499574387
C[C@H](CNC(=O)Cc1ccn[nH]1)NC(=O)C1COC2COCC21,0.00020728866208059748
C[C@H]1C[C@@H](C(=O)N(C)C(CNc2ncnc(N)n2)C2CC2)C[C@@H](C)O1,0.0003298547694412017
CC[C@@H]1CN(C(=O)[C@@H]2CNC(=O)N2)C[C@@H]1NC(=O)C1(C)CNC(=O)C1,0.00011288560578562038
CC[C@@H]1CN(C(=O)Cc2cccc(C(C)C)c2)C[C@@H]1NC(=O)C(C)O,0.00047062606496924795
CC(=O)C1CCCCN1C(=O)c1ccc(-n2cccn2)c(F)c1,0.1680690399945286
CC(=O)CCCC(=O)N[C@@H]1CN(C(=O)Cn2cc(CO)nn2)C[C@@H]1C,0.10607636535585985
CC(=O)N1CC(C(=O)N[C@H]2C[C@@H](NC(=O)c3n[nH]cc3C(C)C)C2)C1,0.000394823588166357
CC(=O)N1CCC[C@@H]1C(=O)N1CCC(NC(=O)CC2(C)CC2)CC1C,0.2593587439302834
CC(=O)N1CCC[C@H]1C(=O)N1CCN(C(=O)[C@]2(C)CCC(=O)N2)C[C@H]1C,0.00021349484265682488
CC(C(=O)NCc1ccccc1)N(CC(=O)O)Cc1ccccc1,0.0005498355600509797
CC(C)[C@H](NS(C)(=O)=O)C(=O)NCCN(C)Cc1coc(C)n1,0.0003642999882421765
CC(C)(C)OC(=O)N1CC(C2(C(=O)Nn3nnnc3C3CC3)CC2)C1,0.00027367819740506296
CC(C)(F)C(=O)N1CC(CNC(=O)CCCS(N)(=O)=O)C1,0.09367718100730939
CC(CN(C)C(=O)c1cnsn1)NC(=O)c1cnc2n1CCCC2,0.0003676837150153365
CC(CNC(=O)C1(C)CCCCO1)CNc1ncc2c(c1C#N)CCC2,0.0017142856779065203
CC(O)[C@]1(C)CCCN1C(=O)CC(C)(O)c1ccccc1,0.0004348029366148074
CC(O)CCc1cn(C2CCN(C(=O)CCc3nnc[nH]3)C2)nn1,0.00045750195809494997
CC1(C)C(NC(=O)C2CCC(F)C2)CCN1C(=O)c1ccc[nH]1,0.0005382851429177125
CC1(C)CC(NC(=O)C2CCCO2)CCN(C(=O)Cn2cncn2)C1,0.000372005111179854
CC1(c2cn(CC(F)(F)CCNC(=O)c3cn[nH]c3)nn2)CC1,0.0004974673134316864
CC1=C(C(=O)NCC(C)(C)n2cccn2)SCCO1,0.0006563172116925066
CC1CC(C(=O)N2CCN(C(=O)CC3(O)CCOCC3)C[C@@H]2C)C1,0.0003300000383731731
CC1CC2(CO1)CC(NC(=O)C(C)(C)c1cncnc1)C2,0.0008880652402658626
CC1CCN(C(=O)C2(O)CC2)CCN1C(=O)CC1(C(F)(F)F)CC1,0.0003747829985743731
CC1CCN(C(CF)C(=O)Nc2ccccc2-n2nccn2)CC1,0.0014926524510614273
CC1CN(C(=O)C2CC2)CCN1C(=O)c1cc(-c2cnn(C)c2)on1,0.0010418364604632868
CCC(=O)N1CCC(C)C(NC(=O)c2cnc(C3CC3)nc2N)C1,0.0008632720154697628
CCC(C(=O)N[C@H]1C[C@H](Cn2cccn2)C1)n1cncn1,0.0006664085956682627
CCC(C)CC(CO)NC(=O)C(O)c1cccc(OC)c1,0.000405673638366669
CCC(CC(F)F)C(=O)N(C)CC1CCN(C(=O)CSC)C1,0.0007242466755769776
CCC(CC)CN1CCC(NC(=O)c2cnnn2CC)CC1,0.0003942330671141848
CCC(CNC(=O)C1(F)CC1)NC(=O)c1ccn(C2CCCC2)n1,0.24796657016556725
CCC(O)c1cn(C2CCCN(C(=O)Cc3sccc3C)C2)nn1,0.0007271917157108828
CCC1(CNC(=O)Cn2cc(C(O)C3CC3)nn2)CCC(=O)N1,0.09799709873431396
CCCC(=O)N1CCC(C2CCCN(C(=O)C(C)(C)OC)C2)CC1,0.0005612063472675341
CCCC(=O)NC1CC2CCC1N(C(=O)CN1CSCC1=O)C2,0.11662785267390649
CCCC(OC)C(=O)NC(C)c1ccc(CNC(=O)C2CCC2)cc1,0.2330303360771809
CCCCn1cc(C(=O)NCC2(O)CCN(c3nnn(C)n3)C2)nn1,0.0005763535904153473
CCCc1ccc(C(=O)N[C@@H](C)CCNC(=O)c2ccnnc2)[nH]1,0.00031916414951318486
CCN(C(=O)CN(C)C)C1CCN(C(=O)c2cncc(O)c2)C1,0.15845147950442326
CCN(C)CC(=O)NCCN1CCN(C(=O)C(C)n2ccnc2)CC1,0.09353008945192486
CCOC(=O)C(C)(C)C1CCN(C(=O)Cn2cc(C(=O)O)cn2)CC1,0.00034506142721022116
CCOC(=O)N1CCc2c(cnn2C)NC(=O)CC1(CC)CC,0.0009294768758211307
CCOC(CN[C@@H](C)Cc1c(C)nn(C)c1C)c1ccccc1,0.0008439338680596557
CCOC1CC1C(=O)N[C@H]1C[C@H](NC(=O)c2ccc(N)nc2)C1,0.0004342521336283511
CCOc1ccc(NC(=O)C2CNC(=O)CC23CCC3)c(OC)n1,0.0009881418633444158
CCOc1ccnc(NCC2(NC(=O)Cn3ccnc3)CCC2)n1,0.35489742364774435
CCc1ccc(C(=O)NC[C@H]2C[C@@H](Nc3ccc(C)nn3)C2)o1,0.0015580867869816122
CCc1ccccc1CC(=O)NC[C@H]1C[C@@H](NC(=O)C(C)CO)C1,0.00033522097717161604
CCc1nnc(CN2CCN(C(=O)C3CCCN3C(C)C)[C@@H](C)C2)o1,0.00028313034969120024
CCc1nsc(NC(C)CNC(=O)CC2CC2(C)C)n1,0.0005643671328875548
CCn1nc(C2CC2)cc1C(=O)NC[C@H]1C[C@@H](NC(=O)[C@H](C)O)C1,0.0003230588347289021
CCn1ncc(C(=O)N2CCC(N(C)C(=O)COC3CC3)CC2)n1,0.1669563755244033
CN(C[C@@H]1CCCN1C(=O)c1coc(=O)[nH]1)C(=O)CCC1CC1,0.00064964852695291
CN(C(=O)c1ncccc1O)C1CCCN(C(=O)C(C)(F)F)CC1,0.0004257518339990647
CN(C)C1(CNC(=O)c2ccc(C#N)c(O)c2)CCSC1,0.0008042578494447363
CN(CC(=O)NCCC1(Nc2ncc(O)cn2)CCC1)C(N)=O,0.263574411000105
CN1C[C@@H](CNC(=O)c2cccnc2OC(F)F)OC1=O,0.000261279200019389
CN1C[C@H](NCc2nnc(-c3ccc(Cl)cc3)o2)CC1=O,0.0007706374746799334
CN1CC2CCC(NC3CC[C@@H]4[C@H](O)[C@H]34)C3C2C1,0.0
CN1CCN(CCNC(=O)[C@@]2(CN)C[C@@H]2C(F)(F)F)CC1,0.00026123176757107436
CO[C@@H]1C[C@@H](CN)N(C(=O)NCC23CCCC(C)(CO2)C3)C1,0.0003226602637574753
COC[C@@H](O)CN1CCCC(NC(=O)c2ccccc2C)C1,0.00029092330263958983
COC(=O)[C@@H]1C[C@@H]1CS(=O)(=O)NCC1(C)CCC(=O)N1,0.10654498241602582
COC(=O)C(OC(=O)C1CC2(CCOCC2)C1)C(C)(C)C,0.2272182783934682
COC(=O)c1cncc(NC(=O)N(C)C(CCO)c2ccccc2)c1,0.0008575415925946645
COC(C)C(=O)NC1CCN(Cc2cccc(C#N)c2)CC1,0.0009924365510920435
COC1(CC(=O)OCCc2cccc(C#N)n2)CCCC1,0.29870329892445363
COC1(CNC(=O)c2ccn3nccc3c2)CN(C(=O)C(C)O)C1,0.07932440331350767
COCC(=O)NC1(CNC(=O)c2sccc2Cl)CCOCC1,0.00038656946605648357
COCC(C)(O)C(=O)NC(C)CNC(=O)C1CC(C2CC2)=NO1,0.0839639548541114
COCC1(C(=O)N2C[C@@H]3C[C@H]2CN3C(=O)c2ccc(CO)nc2)CC1,0.0003130554645081382
COCCC(=O)N1[C@H]2CC[C@@H]1C[C@H](NC(=O)c1cnn3ccncc13)C2,0.0007151666057199402
COCCN(CCNC(=O)C(C)C1CC1)C(=O)[C@H]1C[C@H](N(C)C)C1,0.0002984453266676614
COCCn1nnnc1NC(=O)NCc1sccc1C,0.0005656689831137053
COc1c(CNC(=O)NCC(OC)C(C)C)c(C)nn1C,0.00042003912350748216
COc1ccc(C(C)NC(=O)C2CCS(=O)(=O)N2)cn1,0.00023822021059540812
COc1ccc(C2(C(=O)OC[C@@H]3C[C@@H]4O[C@H]3[C@H]3C[C@@H]43)CCOCC2)cc1C,0.000584227145300826
COc1ccc(OC(C)C(=O)N2CCC(OC(F)(F)F)C2)cc1,0.0007696497960957008
COc1cccc(N(C)C(=O)C2(c3nc[nH]n3)CCC2)c1,0.0004323302058160568
COc1ccccc1C1(CNC(=O)N2CCC(C)(CO)C2)CCC1,0.0008218276813516697
COc1ccccc1CCC(=O)N[C@H]1CCCCNC1=O,0.0003558563366209234
COc1cnccc1C(C)NC(=O)N1CCC2(CCO2)C1,0.0003394192122853972
Cc1cc(-c2ccccc2)ncc1C(=O)N1CCC2(CCN2)C1,0.2130791577091694
Cc1cc(C(=O)N2CCN(C(=O)CC3CCCC3)CC2CCO)no1,0.3126425352238392
Cc1cc(CNC(=O)C2CCC(NC(=O)OC(C)(C)C)CC2)no1,0.0005132132786151837
Cc1cc(N)nc(N2CCC(n3nc(C(C)(C)C)nc3O)CC2)n1,0.0008114716763815684
Cc1cc(NC(=O)C23CCC(CC2)O3)c(=O)n(C)c1,0.0007563964998305345
Cc1cc2c(cc1NC(=O)N1CCC[C@@H]1CS(N)(=O)=O)OCO2,0.0009082480718726567
Cc1cccc(CC2CN(C(=O)C(O)c3cn(C)nc3C)C2)c1,0.0005063831484411834
Cc1ccncc1CC(=O)NC1CCN(c2ccc(C#N)nc2)C1,0.0014205976737995958
Cc1cnc(NCc2ccc(C(=O)NCC3CC3)cc2)cn1,0.001081382085888441
Cc1cnc2c(cnn2CC(=O)OC2CCOC2C)c1,0.00045179848192150173
Cc1cocc1C(=O)N1CCN(c2nnc(C(F)F)o2)C(C)C1,0.000910747654430225
Cc1ncc2ccc(C(=O)N[C@H]3CC[C@H](C(=O)O)CC3)cn12,0.22618371503654774
Cc1ncsc1CCC(=O)N1CC(CNC(=O)c2cocn2)C1,0.00036582273498183263
Cc1nn(CC(F)(F)F)cc1NC(=O)N1CC(C)NC(=O)C1(C)C,0.0007182760564924042
Cc1nn2c(CNC3CCC(CO)(CO)CC3)c(C)nc2s1,0.0005983789588450841
Cc1nnc(N2CC(C)OC(C)(C)C2)n1CCC(F)F,0.0004300077263889287
Cn1ccc(-c2nc(CN3CCN(C(=O)C(C)(C)CO)CC3)n[nH]2)n1,0.0007790992782935474
Cn1ccc(CCC(=O)NC2COc3ccc(Cl)cc32)n1,0.0005390811874433242
N#CCOc1ccc(CNC(=O)N2CC(O)C(CO)C2)cc1,0.0007268219106775791
N#Cc1ccc(OCC(O)CN2CCC3(COCCO3)C2)cc1,0.0007238734898677411
N#Cc1ccc(S(=O)(=O)N2CCOC(C3CCC3)C2)nc1,0.0008936379762105662
N[C@H]1C[C@@]2(C[C@@H]2C(=O)N2CCC(c3ccncc3)CC2)C1,0.6019767379523484
NCCCc1cn(-c2cccc(OC(F)(F)F)c2)nn1,0.0006666569246885351
O=C(CN1CCCCCC1=O)NC[C@@H]1CCCN1C(=O)[C@@H]1CCCO1,0.1353857383610503
O=C(COC(=O)[C@@H]1CCOC(=O)N1)c1ccc(Cl)c(Cl)c1,0.0004702965987825793
O=C(CS(=O)(=O)CCCc1ccccc1)N1CCCCC1C(F)F,0.0005945436846174685
O=C(CSc1nnnn1C1CC1)c1ccc(F)c(Cl)c1,0.16892009270922942
O=C(Cc1cc[nH]c1)N[C@H]1C[C@@H](NC(=O)C2CCc3cn[nH]c32)C1,0.4004584404722977
O=C(NC1(CC(F)(F)F)CCOCC1)C1CCOC2(CCC2)C1,0.0004992597883682921
O=C(NC1CC(OCc2ccccc2)C1)C12CCC(CC1)N2,0.0006012843779630889
O=C(NC1CCOc2ccccc2C1)C1CCNC(C(=O)O)C1,0.0004911998950968592
O=C(NCCN1CC[C@H](O)C1)C1CCCN1c1ncccn1,0.00029513310895728346
O=C(Nc1cncc2c1CCNC2=O)c1cccnc1OCC(F)F,0.27133770162534415
O=C(OCCc1cncs1)C12CCC(CC1(F)F)C2,0.0016874018541839476
O=C(c1ccc(Cl)cc1F)N1CC(Cc2nn[nH]n2)C1,0.0004049035592248505
O=C(c1ccnc2cc(Cl)ccc12)N1CCN[C@@H](CC(F)F)C1,0.0005736489762982485
O=C(c1nnc2n1CCCCC2)N(CC(F)F)c1cc(F)cc(F)c1,0.40683515365645123
O=C1CC[C@@H](C(=O)NC(CNC(=O)c2cnns2)C2CC2)N1,0.00019781689988948242
O=C1CC(c2ccc(CNC(=O)N3CCC[C@H]3CCCO)cc2)CCN1,0.0005664018034665111
O=C1CN(C(=O)C2CCC23CCC3)c2ccc(F)cc2N1,0.3709330981821598
O=C1CN(CC(=O)N2CCCN(CC3CCS(=O)(=O)C3)CC2)CN1,0.10884908722967306
OC(CNCC1CCC(Cl)(F)C1)COc1cnsn1,0.0005458664912717987
OC1(C(F)(F)F)CCN(c2nc(C(F)(F)F)ccc2Cl)CC1,0.3522233054112098
C[C@H](N)c1ccc(CNC(=O)NC[C@@H]2CC(=O)N(C)[C@H]2c2ccnn2C)cc1,0.00030074585239340005
CC(=O)N(C)CC(=O)N1CCCCC1CNc1nc(C)nc(C)c1C,0.00032875198681337994
CC(=O)N1c2ccccc2CC1C(=O)NC1CC(C)(N)C1,0.0007085642186950661
CC(C(=O)NC[C@@H](C)NC(=O)C1CCCCN1C)C1CCOCC1,0.00032795594657913815
CC(C(=O)NC[C@H]1CCCCN1C(=O)c1cccn1C)C(C)(C)C,0.0008670013470540827
CC(C)[C@@H](O)C(=O)N[C@H]1C[C@@H](CNC(=O)Cn2cccn2)C1,0.0002636314023004273
CC(C)(C)OC(=O)N1CCC[C@H](C(=O)N2CCCC(CC#N)C2)C1,0.0014915424604750665
CC(C)(C)OC(=O)NCc1nocc1CN(Cc1cncs1)C1CC1,0.0005553995392378945
CC(C)(C)OCC1CCCN(C(=O)[C@@H](N)COCc2ccccc2)C1,0.0004198357932763342
CC(C)(Cc1ccc(O)cc1)C(=O)Nc1cnc(CC#N)nc1,0.0016804250424200323
CC(C)C(NC(=O)c1ccc(OCCO)cc1)C(O)C1CCCCC1,0.0006805911046076762
CC(C)N1CC(CNC(=O)c2ccc3c(c2)CNC3=O)CC1=O,0.00033926584537689294
CC(C)Oc1cccc(N2CCC(O)(C(=O)O)C2)n1,0.00038090259423398496
CC(Cn1nnnc1N1CCC2CCC(C1)S2=O)c1ccc(F)cc1,0.0007673861626774152
CC(NCC(O)COC1CCOC1)c1cccc(OCC#N)c1,0.0009938842041761632
CC(O)C(=O)N1CC([C@@H](C)NC(=O)CCc2cnccn2)C1,0.00031064272710189104
CC(O)C1CC1C(=O)N[C@H]1C[C@@H](NC(=O)c2cccc3ccnn23)C1,0.00047827868431630263
CC(O)CN(C(=O)CCn1nnc2ccccc21)C(C)C,0.0006523137095619995
CC1(C)CC1(C)NS(=O)(=O)CC1(C(F)(F)F)CCCC1,0.000423471972080159
CC1(C)CCC1C(=O)N[C@H]1C[C@@H](NC(=O)C2CCC3CCCCC3C2)C1,0.8496684819982668
CC1(C)CNCCC1NC(=O)CO[C@@H]1CCN(C(=O)OC(C)(C)C)C1,0.00041766585957891706
CC1CC2(CO1)CC(NC(=O)NC1CCN(c3ccccn3)C1)C2,0.0003184144672880261
CC1CCCN(S(=O)(=O)NCC2CC3(CCC3)CO2)C1,0.00033365364882292236
CC1CN(C(=O)[C@@H]2C[C@H]2C)CC1NC(=O)c1csc(C2CC2)n1,0.25195162508144353
CC1CN(C(=O)c2ccc[nH]2)CCN1Cc1ccccc1,0.0007498426139851167
CCC(=O)N1CC(NC(=O)NCC2(O)CCc3ccccc3C2)C1,0.00035974770705843523
CCC(C(=O)N1CCC1CNC(=O)Cn1nnc(C)n1)n1cncn1,0.00012869544932361384
CCC(C)[C@@H](NC(=O)N1CCCC(C(=O)COC)C1)C(F)(F)F,0.0008231246875532314
CCC(CC)(CNc1cc2nncn2cn1)NC(=O)C1CCCCC1,0.8162621406143998
CCC(CNC(=O)c1cnccn1)NC(=O)CCc1ccccc1,0.0002421028235858582
CCC(CNC(=O)c1cnoc1)NC(=O)C1CCS1(=O)=O,0.00022634246151046072
CCC1(C(=O)NC2CCN(CCC(F)(F)F)CC2O)CCC1,0.0005725979621658743
CCC1(C(=O)NCC2CC23CCN(C(=O)OC(C)(C)C)C3)COC1,0.000397973169403383
CCC1CCNc2c(C(=O)OC3CCCOCC3)c[nH]c21,0.0008198073055497207
CCCC(=O)NCC1CCCCN1Cc1nonc1C,0.00047818119101429
CCCCC(=O)N[C@@H]1CCN(C(=O)COC2(C)CCOCC2)C1,0.0003460848840861529
CCCc1cc(C(=O)NCCc2cccc(OC)c2OCC)no1,0.0005264029242601062
CCCc1cc(NC(=O)N2CC[C@@H](O)[C@@H](O)C2)n(C)n1,0.0006404400877427561
CCN(CC)CC(=O)N1CCC(F)(CNC(=O)[C@@H]2C[C@H]2C)CC1,0.00033082421074133515
CCN1CCCCC1C(=O)NCC(C)CNC(=O)c1cncn1C,0.0005454750723847277
CCOC(=O)c1cc(C(=O)NC2CC(=O)N(C)C2)n(C)n1,0.00021164138858138272
CCOC(C(=O)NCC[C@H](C)NC(=O)c1ccc(C)[nH]1)C1CC1,0.0004149094184570087
CCOC(CC)C(=O)N1CC2CCC1C(NC(=O)CSC)C2,0.0005186032715676819
CCc1cc(C(=O)NC2CCc3ccccc3NC2=O)no1,0.0005368184594937898
CCc1cc(NC(=O)NCC2CCS2(=O)=O)sc1C(=O)OC,0.000577589258450395
CCc1cnoc1C(=O)N1CCC(C)(CNC(=O)C2CSC2)C1,0.0002673145021327208
CCc1nnc(C(C)N2C3CCC2CN(C(=O)[C@H]2CCC(=O)N2)C3)o1,0.11449101512849322
CCc1occc1C(=O)N[C@H]1CCCN(c2ncnc(Cl)c2F)C1,0.0006390122141312468
CCn1cc(C(=O)N[C@H]2C[C@@H](CNc3ncccn3)C2)cn1,0.001168955742401639
CCn1ccc(C(=O)N2CCC[C@H]2CNC(=O)COC2(C)CCC2)n1,0.0004701752478187085
CN(C)C1(C(=O)NC2CCCC23CN(C(=O)c2ccccc2F)C3)CC1,0.33838539424147696
CN(CCCO)C1CCN(C(=O)c2ccc3ccccc3c2)CC1,0.31584145519066725
CN(CCNC(=O)c1cncc(C(F)F)c1)c1nccnc1C#N,0.4660167037458066
CNc1nc(C)ccc1C(=O)N1CCc2c(ccnc2N(C)C)C1,0.0004689014664853612
CO[C@H](C)C(=O)Nc1ccc(N2CCOCC2=O)cc1C,0.000625473198922112
CO[C@H]1CCN(c2nnc(Cc3ncn[nH]3)n2CCC#N)C1,0.000706823114761044
COC[C@@H](O)CN1C2CCCC1CN(C(=O)c1cnn3cccnc13)C2,0.0008925314554263079
COC(=O)[C@H](C)NC(=O)[C@H](C)NC(=O)[C@@H]1[C@H]2CC[C@H](C2)N1C(C)=O,0.1232505815140327
COC(=O)C1(O)CCCN(C(=O)c2ccc3[nH]c(=O)[nH]c3c2)C1,0.0005276761328415232
COC(=O)C1Cc2nnc(CNc3nc(C)ccc3C#N)n2C1,0.0007448474865987
COC(=O)c1cc(CC(=O)NCC2C3CCC32)cs1,0.00043972619037612116
COC(=O)c1ccc([C@H](C)NS(=O)(=O)c2ccnn2C)cc1,0.00040448324190668286
COC1CCN(C(=O)CCn2cnc3sccc3c2=O)CC1(C)C,0.0007322557141835047
COCC(=O)N(C)CCNC(=O)CCc1cccc2c1OCO2,0.00022546769113633003
COCC(C)(O)C(=O)N[C@@H]1CCCN(C(=O)Cc2ccccc2F)C1,0.00030960038103657576
COc1c(Cl)cc(Cl)cc1CNC(=O)C1(O)CCC(C)=C1,0.0007084795587504613
COc1ccc(C(=O)N2CCC[C@@H]3NC(=O)C[C@@H]32)c(OCC(C)C)c1,0.0006452797166048884
COc1ccc(C(=O)Nc2[nH]nc3c2CCNC3)cc1N1CCNC1=O,0.23609921460956979
COc1ccc(C(OC)C(=O)NCCc2cscn2)cc1OC,0.0007000777050703163
COc1ccc(CC(=O)NC2CCN(C(=O)c3cccn3C)C2)cc1,0.0005532915670313628
COc1ccc(CNC(=O)CC2(CSC)CC2)c(OC)c1OC,0.0012010857220763462
COc1cccc(C(=O)N2CCN(C(C)c3nc(C)no3)C[C@H]2C)c1,0.0005524272412060203
COc1cccc2ncc(C(=O)NCC3CN(CCN(C)C)C3)n12,0.0005665771876243193
COc1cncnc1N1CCN(C(=O)c2cncn2C)CC1,0.0009379664469639435
COc1nscc1C(=O)NC[C@@H](C)NC(=O)c1cc(C2CC2)no1,0.15522044763663995
CSC1(C(=O)N2CC([C@H](C)NC(=O)[C@H]3CCCO3)C2)CC1,0.0002944280679552596
CSCC(=O)N1CCCC(C)C1CNC(=O)Cn1cn[nH]c1=O,0.00022930388081208658
CSc1cccc(C(=O)N2CCN(C(=O)Cc3ccon3)C[C@H]2C)n1,0.00036517388958464075
CSc1ccsc1C(=O)NCC1CC2(CC2)=NO1,0.0
Cc1[nH]c(=O)[nH]c(=O)c1CC(=O)N(C)CCNC(=O)C12CC(CO1)C2,0.000257095914510764
Cc1c(C(=O)OCCC2CCNC2=O)nnn1C(C)C,0.0003789248188642778
Cc1cc(C)cc(OCCC(=O)N[C@@H](C(F)F)C2CCC2)c1,0.0006239678780811291
Cc1cc(O)cc(C(=O)NC2CCCN(C(=O)C3(O)CCCC3)C2)c1,0.31082624194260167
Cc1ccc(C(=O)NC2CC(CNC(=O)Cn3cnnn3)C2)cn1,0.00020699161079338577
Cc1cccc(CC(=O)N2C[C@H]3[C@H](NC(=O)[C@H]4CCCO4)[C@H]3C2)c1Cl,0.0009805039590229246
Cc1cnn(CC(=O)N2CCCC2CNC(=O)c2ccccc2)c1,0.0004472493988232442
Cc1cocc1C(=O)N1CCC1CNC(=O)CNc1cnn(C)c1,0.5074411738717043
Cc1conc1CC(=O)N1CC(NC(=O)C2(CO)CCCO2)CC1C,0.00031471246813077517
Cc1ncc(CC(=O)NCCC2CCN(C(=O)[C@H]3CCC(=O)N3)C2)o1,0.0002416992697815474
Cc1ncc2n1CCN(C(=O)c1ccc(NCC3CC3)nc1)C2,0.0011991792570537742
Cc1nccc(CNC(=O)c2ccc(C(C)C)o2)n1,0.0005964769876141923
Cc1nn(C(C)(C)C)c(C)c1NC(=O)NC(C)C1(O)CCOC1,0.0005701681196238404
Cc1nnc(N2C3CCCC2CN(C(=O)c2ccc[nH]2)CC3)s1,0.19047820225613585
Cc1noc(C)c1CN1CC[C@H](NC(=O)CN2CCCCC2)C1,0.000472096189749383
Cc1oc(CO)cc1C(=O)NC1(CF)CCN(C(=O)[C@@H]2C[C@H]2C)C1,0.00034136518891199336
Cn1nncc1NC(=O)N1CC(O)(c2ccc(Cl)cc2)C1,0.0011379440196676559
N#Cc1ccc(C(=O)N2CCC(NC(=O)C3CC4CCC(C4)C3)C2)[nH]1,0.6736338126426148
N#Cc1ccc2c(c1)CN(C(=O)CCC(CN)CC(=O)O)C2,0.0005809038725310297
N#Cc1nccc(NC2CCCCN(C(=O)CCC3CCOC3)C2)n1,0.0012858134341125838
N#Cc1nccnc1N1CCN(C(=O)C2CC3(CC3)C2)CC(O)C1,0.450518317652875
N=c1sccn1CC(=O)NC12CCC(CNc3nnco3)(C1)OC2,0.0009314217943332349
NC[C@@H]1C[C@H]1c1cn(Cc2noc(C3CCOCC3)n2)nn1,0.0003459364157340489
Nc1ncnc(NCC2(CCNC(=O)CC3CCCC(=O)N3)CC2)n1,0.0004113559652861967
O=C(CC1CC2OCCC2O1)N1CCC(C2CCOC2)C1,0.15936343316855217
O=C(CC1CCCO1)NC1CC(n2cc(C3(O)COC3)nn2)C1,0.00028865964203268296
O=C(CN1CC2CCC1C2)NC[C@H]1CCCN1C(=O)C(F)(F)CO,0.26599893575929456
O=C(Cc1ccnnc1)N1CCC(c2ccncc2)CC1,0.0012089108945395192
O=C(N[C@H]1C[C@@H](NC(=O)C2CCCS2)C1)c1cn(CCO)nn1,0.00025376153961023987
O=C(NC[C@H]1CCCN(C(=O)C2(O)CCC2)C1)c1ccnn1CC1CC1,0.00043889314049071475
O=C(NC1(CNc2ccnc(Cl)n2)CCCC1)C1CCOC1,0.0006866590392699562
O=C(NC1(c2ncccn2)CCOC1)c1cncc2c1CCNC2=O,0.00023554708333996371
O=C(NC12CCC(C1)[C@H](O)[C@@H]2O)c1ccc(F)c(CN2CCCC2)c1,0.0005440566644876453
O=C(NC1CC1)c1ccc(NS(=O)(=O)c2cccnc2)cc1,0.18426713704491565
O=C(NC1CCC(CNc2ncnc(Cl)c2F)C1)c1cnc[nH]1,0.001185717140975784
O=C(NC1CCN(C2CC2)C1=O)c1cccc(OCC2CCCO2)c1,0.0005183153166489385
O=C(NC1CN(C(=O)c2ccc3cc[nH]c3c2)C1)C1CCO1,0.0003630724328693238
O=C(NCC(F)(F)F)c1ccc2cc(F)cnc2c1,0.3001782238496708
O=C(NCC1CCCN(C(=O)C2(O)CCC2)CC1)c1cncc(F)n1,0.33863359364871976
O=C(NCC1CCN1C(=O)C1C2CCC(C2)C1C(F)(F)F)C1CC1,0.2332589754396925
O=C(O)C[C@H]1CCCN(C(=O)c2cnc3ccncc3c2)C1,0.24379495354875996
O=C(c1ccc(F)c(Cl)c1)N1CCn2c(n[nH]c2=O)C1,0.0003907381253007079
O=C(c1cncnc1C1CC1)N(CCc1nn[nH]n1)C1CC1,0.00025537087348244245
O=C(c1ncn2c1CCCC2)N1CCNC(c2nccc(O)n2)C1,0.00026830866033521823
O=C1C[C@H](C(=O)NC[C@H]2C[C@@H](NC(=O)CC3CC4(CC4)CO3)C2)CN1,0.07617497419507854
O=C1CC(C(=O)N[C@@H]2CCN(C(=O)c3ccc4ccccc4n3)C2)C1,0.17895471926070652
O=C1NC[C@H]2[C@@H]1[C@@H]2C(=O)NCc1cc2c([nH]c1=O)CCC2,0.00019939677358160054
O=S(=O)(c1ccc(C(F)(F)F)cn1)N1CCC[C@@H]2[C@H]1CCN2,0.00038644832239519215
OC1(C2CCCN(c3nnc(C(F)F)s3)C2)CC1,0.0008380687934489746
C[C@@H](CCNC(=O)c1cc(OC(F)F)n(C)n1)NC(=O)C1(F)CC1,0.0005288666645272371
CC[C@@H](C(=O)N1CC(C)C(CNC(=O)c2cncs2)C1)N(C)C,0.157323797420341
CC[C@H](C)[C@H](NC(=O)OC)c1nc(C2CC3(CC(O)C3)C2)no1,0.0004215149086299176
CC(=O)NCC(=O)N[C@H](C)CNC(=O)c1cc2sccc2s1,0.5316956370729697
CC(=O)c1ccc(N2CCCCC2CNC(=O)CCNC(N)=O)nc1,0.0005900757530083472
CC(C)(C)CC(=O)N1CC(CO)(NC(=O)Cn2cn[nH]c2=O)C1,0.0001917446359673979
CC(C)(CCCN)C(=O)Nc1cnc2c(c1)OCC(=O)N2,0.22508112678223102
CC(C)C(C)(C)C(=O)NC1CCN(C(=O)c2ccco2)CC1O,0.0004562034559320712
CC(C)C(CCN(C)C(=O)CN(C)c1ncccn1)Nc1nnnn1C,0.000618550772412066
CC(C)CC(C)(CC(=O)O)C(=O)N(C)C1CCSC1,0.18830672161140719
CC(C)CCOC(=O)N1CCC(NC(=O)CC(F)(F)F)CC1,0.0004852261725227765
CC(C)c1nc(CNc2nccnc2C#N)c2n1CCCC2,0.0014988326168141656
CC(C)c1nocc1C(=O)N1CCCC1CNC(=O)[C@@H]1CCCO1,0.00038160157429668873
CC(CCC#N)CN1CCCC(C2OCCO2)C1,0.0012768782726518997
CC(CN(C)C(=O)C1CCC1(C)C)NC(=O)c1ccnc2nccnc12,0.0006796237132626402
CC(NC(=O)[C@@H](C)c1ccccc1)C1CCCCN1C(=O)C(C)(C)O,0.0006313949313365385
CC(NC(=O)N1CCC(CCO)C1)C(=O)N1CCOCC1,0.00033652884635889426
CC1(C(=O)N2CCCC[C@H](NC(=O)c3cccc4[nH]cnc34)C2)CC1,0.5195350335559411
CC1(C)[C@]2(C(=O)NCC3CCC(C(=O)O)O3)CC[C@@H]1C2(F)F,0.0003994983567237591
CC1(C)C[C@@H]1C(=O)N1CCCC(Cn2cc(CN3CCOCC3)nn2)C1,0.0006475155459083317
CC1(C)C(C(=O)NCC[C@H]2CCCN2C(=O)C2OCC2(C)C)C1(C)C,0.00037858921371701016
CC1(NC(=O)c2cccc(C3OCCO3)c2)CCNC1=O,0.0002971795509397412
CC12CC(CC(=O)Nc3cn(CC(F)(F)F)cn3)(CO1)C2,0.00124063810911448
CC1CN(Cc2cccnn2)CC(C)S1(=O)=O,0.00038917393373101984
CC=Cc1cn(C[C@@H](C)NC(=O)C2CCn3ccnc3C2)nn1,0.0013004847216155533
CCC(=O)N1CCCC2(C1)CN(C(=O)C13CCCCC1C3)C2,0.0012365622521213803
CCC(C)(O)C(=O)N[C@H](C)C1CN(C(=O)c2ccccc2OC)C1,0.17778352068082315
CCC(C)C(=O)N1CCCC(C)(NC(=O)CCc2ccncc2)C1,0.0003528831237443426
CCC(C)CCC(=O)N[C@@H]1CCN(C(=O)C2CCC(C)C2)C1,0.0003241308101538463
CCC(C)NC1CCN(C(=O)CNC(=O)Cc2ccccc2)CC1,0.00036662181543451036
CCC(CNC(=O)C(C)(C)C(F)F)NC(=O)C12CCC(F)(CC1)C2,0.24359033307947048
CCC(F)C(=O)N1C2CCC1C(CNC(=O)C1NC(=O)CC1C)C2,0.17624565174242857
CCC1(C(=O)NCCn2cnc3ccccc3c2=O)CCOCC1,0.0005435356000489187
CCC1CCCC(OC(=O)c2c(Cl)nn(C)c2Cl)C1,0.000855486167181493
CCC1COCC1NCc1cnc2c(Cl)cc(Cl)cn12,0.0006324860486668835
CCCC(C)CC(=O)N(CCNC(=O)C1CC(C)=NO1)CC1CC1,0.19804880812644193
CCCCC(=O)N1CCC(NC(=O)Cn2cccn2)C(O)C1,0.00021791116565186283
CCCCC(CNC(=O)c1ccnc2c1CCC2)NC(=O)CCC,0.0006785114642715079
CCCN(CCNC(=O)C(C)(C)C1CCS(=O)(=O)CC1)C(C)C,0.23577447589609013
CCCN1CCOCC1CNC(=O)c1noc2ccccc12,0.0004286155189357569
CCCn1cc(C(=O)N2CCC2CNC(=O)CCCC(C)C)c(C)n1,0.0007533960712604671
CCN(C(=O)C(C)c1cccnc1)C1CCN(C(=O)COC2CC2)C1,0.00044286807944226696
CCN(CC)C(=O)CCC(=O)NC1(CC(=O)OC)CCCC1,0.0004387550405151614
CCN(CCNC(=O)C1CCCC12CCC2)C(=O)CCCN(C)C,0.0009074044621477576
CCN(CCNC(=O)Cc1cc(OC)ccn1)C(=O)C1(C)CC1,0.00031924562569829424
CCN(CCNC(=O)c1cc(NC)ccn1)C(=O)CC1(C)CC1,0.26177499782044666
CCN(CCNC(=O)c1cc(OC)ccn1)C(=O)c1cnn(CC)c1,0.0004695112027215157
CCOC(=O)CC(C)C(=O)N1CC(NC(=O)Cn2cccn2)C(C)(C)C1,0.0002765155131519421
CCOC(=O)c1c(C)nc(N(CC)CC2CCOCC2)n1C,0.0007668959761729243
CCOC1CC1C(=O)N1CCC(CC)(Nc2ncnc(N)n2)CC1,0.30724542011815564
CCOc1cc(CN(Cc2ccccc2)[C@@H]2COC[C@H]2OC)ccn1,0.00033837607133266356
CCS(=O)(=O)NC1CCCN(C(=O)NC[C@H]2C[C@@H](OC)C2)C1,0.16035706847685244
CCc1cc(C(=O)NC2(CNC(=O)[C@@H]3CCCO3)CCC2)on1,0.0002685044265616933
CCc1ccc(C(=O)N2CC(CNC(=O)C(C)SC)(OC)C2)cc1,0.00032353609058337086
CCc1nnc(C(=O)N2CC(C3CN(C(=O)[C@H](O)C(C)C)C3)C2)[nH]1,0.0001859525317446659
CCc1noc(CCNC(=O)C23CC(C2)S(=O)(=O)C3)n1,0.00029975147366831633
CCn1ncc2c(N(CC3CCC3)CC3CNC(=O)C3C)ncnc21,0.0006940495105605056
CN(C)C(=O)COc1ccc(NC(=O)c2cc3c([nH]2)CCOC3)cc1,0.42569024965898883
CN(CCCN(C)C(=O)C(C)(C)O)C(=O)c1cc2cnccc2o1,0.0005047507387794405
CN(CCN(C)C(=O)Cc1cnsc1)C(=O)c1cnc(N)c(N)c1,0.0003750058597430618
CN(CCN(C)c1ncncc1Cl)C(=O)Cn1cnnc1,0.00039877022332887325
CN1CC[C@H](C(=O)NCC2(CNc3ncc(Cl)cn3)CC2)C1,0.2343546102840748
CN1CC(CC(=O)N2CC(CO)C2)c2ccccc21,0.0006650402037757081
CN1CCCC(CNC(=O)N(C)Cc2nncn2C)C1,0.000294955600775774
CN1CCCC(c2noc(C3(C)CCN(C)S3(=O)=O)n2)C1,0.00019623335009296046
CN1CNC(=O)C12CCN(c1cc(-n3ccnc3)ncn1)CC2,0.0008989094344079014
CO[C@@H]1C[C@H](C(=O)O)N(C(=O)CCc2cnn(C)c2C)C1,0.00031748161265521816
CO[C@H](C)C(=O)N1CCC(CCNC(=O)CCCC2CCC2)C1,0.0008274743907238454
COC(=O)C[C@@H](NC(=O)C(C)n1cc(-c2cccnc2C)nn1)C(C)C,0.0007540365610123908
COC(=O)C1(NC(=O)[C@@H](C)O)CCC(F)(F)CC1,0.0004966431270449175
COC(=O)c1cc(CNC(=O)NC(C)CCC(=O)O)n(C)c1C,0.00038853325032396445
COC(=O)c1cc(CNCC2(OC(C)C)CCOC2)n(C)c1,0.0004567575465412916
COC(=O)c1cccc(CCC(=O)OC(C)c2nnc[nH]2)c1,0.0004245999872591743
COC(=O)c1nc(C(=O)N2CC3(CCCC3)c3ccccc32)cs1,0.4311208781556808
COC(C)c1cn(C[C@H](C)NC(=O)c2cnn3c2CC(F)(F)C3)nn1,0.00028884270061925004
COC1(C(=O)N2CCCN(C(=O)c3ccon3)CC2)CCSC1,0.12758295475516648
COC1(C(=O)NC(C)CCNC(=O)c2occ(C)c2C)CCCCC1,0.00033232725257810355
COC1C(NC(=O)[C@@H]2CC[C@@H]2NC(=O)OC(C)(C)C)CC1(C)C,0.00043172275581515265
COCC(O)C(=O)N1CCN(C(=O)c2c[nH]nn2)[C@H](C)C1,0.07159292318712096
COCC1CCCN1C(=O)Nc1ccn(CC2CCOC2)n1,0.0008320407488302546
COCc1ccccc1CNC(=O)N1CC(CO)CC1CO,0.0002625180871671583
COCc1nc(C)cc(NC2(CNC(=O)C3CSC(C)=N3)CC2)n1,0.0007897818015592105
COc1cc(NC(=O)CCc2cnccn2)cc(OC)c1OC,0.0009359558173579774
COc1ccc(OC)c(CC(=O)NC2=Nc3ncn(C)c3SC2)c1,0.000459333877791882
COc1cccc(C(=O)NC2(C)CCN(C(=O)c3cnn(C)n3)C2)c1,0.19397079199899153
COc1cccc(OCC(=O)NC2(C(=O)O)CCC(C)(C)CC2)c1,0.42082311134508915
COc1ccnnc1NC(=O)NCC(C)(C)C(=O)N1CCCC1,0.0006297645810788697
COc1cncnc1NC1CCC(NC(=O)C2(N(C)C)CCC2)CC1,0.4923766581304735
Cc1c(Cl)cncc1C(=O)NC[C@H]1CCCN1C(=O)C1(F)CC1,0.0004127143945507934
Cc1c(Cl)cnn1CC(=O)N(C)CCNC(=O)c1ncn(C)n1,0.0002289329280656211
Cc1cc(=O)[nH]cc1C(=O)N1CC(NC(=O)c2cn(CCO)nc2C)C1,0.1035358080675784
Cc1cc(C(=O)NC2CCCC(F)(F)C2)nn1CC(F)(F)F,0.0008310697596535404
Cc1cc(C)c(C(=O)NCCN(C)C(=O)C2CC3(CC(O)C3)C2)o1,0.0003210141011002029
Cc1cc(C)nc(SCC(=O)NCC2CCOC3(CCC3)C2)n1,0.0008329869265047848
Cc1cc(N[C@H]2C[C@H](NC(=O)c3[nH]cc4c3CCCC4)C2)ncn1,0.0013176340999280103
Cc1cc(OCC(=O)NCC2CN(C(=O)C3CSC3)C2)no1,0.10030519456717059
Cc1cc2occ(C(=O)NC[C@@H](C)NC(=O)CCC3CCCO3)c2cn1,0.0007467399438479472
Cc1ccc(C(=O)N[C@@H]2CCCN(C(=O)CC3CC3)C2)nc1,0.24836078824692923
Cc1ccc(C(=O)NC(C)C)cc1NC(=O)N1CCC[C@@H]1CCCO,0.0008752873063438668
Cc1ccc(CN2CC[C@@H](NC(=O)c3cn[nH]c3C(C)C)C2)cc1,0.0003934810539400221
Cc1ccc(S(=O)(=O)N(C)C(C)CN)cc1Br,0.00041922331553172876
Cc1ccc(S(=O)(=O)Nc2nn(C)c3c2COCC3)nc1,0.0008259675352901903
Cc1ccccc1CCNC(=O)CN1CCC(F)(C#N)CC1,0.0010879946135712694
Cc1ccncc1CC(=O)NCC(C)NC(=O)CC1CCC(O)C1,0.1220776821425931
Cc1cnoc1C(=O)N1CCCC(C)(C)C1CNC(=O)CC1CC1,0.0004207325515062929
Cc1n[nH]cc1C1CCN(C(=O)C2C3CCN2CC3)CC1,0.0004759658887663166
Cc1nc(N)nc(NC2C3CC2CN(C(=O)c2ccccn2)C3)n1,0.0005499920336209046
Cc1nccn1CC(=O)N1CCCN(C(=O)[C@@H](O)C(C)C)CC1,0.00029483355059526387
Cc1nnc(CCCC(=O)N(C)CC2CCS(=O)(=O)CC2)n1C,0.00022773555940692311
Cc1nsc(C)c1CN1C[C@@H]2C[C@H]1CN2C(=O)Cc1cncn1C,0.0005747059669843117
Cc1nsc(N2CCN(C(=O)CCc3c[nH]cn3)C[C@H]2C)c1C#N,0.001462717944775407
Cc1ocnc1C(=O)NCCN(C)C(=O)CCCc1nc[nH]n1,0.00022200809460698015
N#Cc1ccc(C(=O)N2CCC(F)(Cc3nn[nH]n3)CC2)cn1,0.000389077032872879
N#Cc1ccnc(NC2CCC3CN(C(=O)Cc4ccon4)CC3C2)n1,0.0013852994836693814
N#Cc1nccnc1NCC1CC(NC(=O)C2(CO)CCCO2)C1,0.0009295453192603449
N[C@@H]1CCCC[C@@H]1NC(=O)CC1CCC(C(F)(F)F)O1,0.0005476083656554272
O=C(CCCn1ccnc1)NCC1CCC2(C1)OCCO2,0.0010879339785819081
O=C(CCc1nnc[nH]1)N1CCN(c2cc(=O)[nH]c(=O)[nH]2)CC(O)C1,0.0002705220036751754
O=C(N[C@@H]1CCN(C(=O)CC2CCCC2)C1)c1ccc(=O)oc1,0.0006728498738441327
O=C(N1CCOC(CCO)C1)C1(Cc2cnn[nH]2)CCC1,0.00048480000794523645
O=C(NC(CNc1ncnc2c1CCO2)C1CC1)c1ccoc1Cl,0.4426043146936643
O=C(NC1CC2CC1C(O)C2O)c1ccnc(-n2cccn2)c1,0.00042217686641149015
O=C(NCC(=O)OCc1nnnn1CC(F)(F)F)c1cccc(F)c1,0.00033973165233515623
O=C(NCC1CC2CCCC(C1)N2C(=O)[C@@H]1[C@H]2COC[C@H]21)C(F)F,0.0007128154518014966
O=C(O)C[C@H]1C[C@@H](NC(=O)CCc2cccc3c2OCO3)C1,0.0006454841376862749
O=C(OCc1ccn(C2CCC2)n1)C1=CN2CCN=C2C=C1,0.4669399130820761
O=C1Nc2ccccc2C12CCCN(CCn1ccnn1)C2,0.0004705152982070398
Brc1cnccc1N1CCOC(CN2CCOCC2)C1,0.0008414396844950431
C[C@@H](CNc1ncccc1C#N)NC(=O)C1CCc2nc(N)ncc2C1,0.00122188477246086
CC[C@@H]1COCCN1C(=O)Nc1ccc(OCC#N)cc1,0.0016254946951620478
CC(=O)N1CSC[C@H]1C(=O)NC1CCCN(c2ncccc2F)C1,0.0004048715254970692
CC(=O)NC[C@H]1C[C@@H](Nc2cc(=O)n(C(C)C)c(=O)[nH]2)C1,0.000594846691863659
CC(=O)NC(C)CN(C)Cc1nnnn1-c1cccc(F)c1,0.00040420062992986127
CC(=O)NC1CC2(CCCN(C(=O)c3cncc(C)c3O)C2)C1,0.34156813398764585
CC(=O)NCC1CC2(CCC2)CN1C(=O)[C@@H]1C[C@@H]2C[C@@H]2C1,0.47506236967187954
CC(C(=O)N[C@@H]1CCN(C(=O)C2CCC2(F)F)C1)n1cccn1,0.1905808230006273
CC(C(=O)N[C@H]1CCN(C(=O)C2CC23CC3)C1)c1cccc(O)c1,0.0004714998180468319
CC(C(=O)N1C[C@H]2[C@H](NC(=O)Cc3ncnn3C)[C@H]2C1)n1cncn1,0.00021307061083485296
CC(C(=O)N1CCNC(=O)CC12CCC2)N1CCN(C)CC1,0.00020067709532958292
CC(C)(CN1CCOCC1)NCc1ccnn1CC(F)F,0.00037529015284601706
CC(C)C1CC(C(=O)N[C@H]2CCN(C(=O)c3c(C#N)cnn3C)C2)C1,0.0010064820858257239
CC(C)CN1CCN(C(=O)CC2CC3(CCOCC3)CO2)CC1=O,0.0003283927061870676
CC(C)COCC(=O)N1CCC(C(=O)NCC2CC2)CC1,0.0002854250453694942
CC(C)Oc1ccc(CNC(=O)N2CC[C@@H]3CN(C)C[C@@H]32)cn1,0.0003100525330631978
CC(C)Oc1cncc(N2CCC(CS(N)(=O)=O)C2)n1,0.0007948682137856181
CC(C)Oc1ncc(CN(C)CC(=O)N2CCNCC2)cc1Cl,0.0003546856675088052
CC(CCNC(=O)CCC1CCOC1)NC(=O)CN(C)C(N)=O,0.00024446610229697426
CC(CN(C)C(=O)CC1CCCC(=O)N1)NC(=O)C(C)n1cncn1,0.00014821502902653854
CC(CN(C)C(=O)c1cnnn1C1CC1)NC(=O)Cn1cccc1,0.00032438377609384845
CC(CNC(=O)C1OCC1(C)C)N(C)C(=O)c1c[nH]c(=O)cn1,0.0004496577063744658
CC(CNC(=O)c1cncnc1)N(C)C(=O)CCC(C)(C)C,0.0006291283901833061
CC1(CN)CCN(C(=O)CC(O)c2ccc(Cl)c(Cl)c2)C1,0.0004910404938097157
CC1(CNC(=O)Cn2cc(C3CCOC3)nn2)CC(N)C1,0.0002500507672490217
CC1(OCC(=O)NC2CCC4CC2CN4C(=O)C(C)(F)F)CCC1,0.0009845412449343103
CC1CCC(C)N1C(C)C(=O)N1CC(CNC(=O)c2c[nH]nn2)C1,0.1634416734434584
CC1CCC(CNC(=O)c2cn(C)n(C3CCCC3)c2=O)CC1,0.23148486813116198
CC1CCC(N2CC(C(=O)N(C)C)Oc3ccccc32)CC1,0.0017755921395361462
CC1CCC(NC(=O)C2CC2(F)F)CN1C(=O)CC1(O)CCOC1,0.0004683315231228499
CC1CCCC(Cn2c3c(nc3Cl)nnc2N(C)C)C1,0.0
CC1CCCCC1C(=O)N(C)CC1CN(C(=O)c2cnc(N)c(N)c2)C1,0.25333498374747254
CC1CN(C(=O)c2cocn2)CCC1NC(=O)[C@@H](O)Cc1c[nH]cn1,0.00038412302024539693
CCC(=O)N1C2CCC1CN(c1ccc(C#N)nc1)CC2,0.52594517796531
CCC(=O)NC(C)C1CCCN(CCC(C)(C)CC(=O)OC)C1,0.0008878681423111898
CCC(C)C(C)C(=O)NC1(C)CN(C(=O)c2ccc3nncn3c2)C1,0.1586583973002234
CCC(CNC(=O)CC1CCC(=O)N1)NC(=O)CCc1cncnc1,0.0002418250170900613
CCC(F)C(=O)NCC1(O)CN(C(=O)CC2CC3CCC2O3)C1,0.00035802903993219313
CCCC(CCCO)C(=O)NC[C@H](C)NC(=O)c1ncn2cccnc12,0.001163769467987429
CCCCC(C)C(=O)N1C[C@@H]2C[C@H]1CN2C(=O)C(CC(C)C)OC,0.0005035588274990127
CCCCN1CC2C(CNC(=O)c3ccnc(N(C)C)c3)C2C1,0.26282287907701635
CCN(C(=O)C(C)OC)C1CCN(c2ccnc(Cl)n2)C1,0.0005350940422272699
CCN(CCOC)S(=O)(=O)N(C)CC(=O)N[C@H]1[C@@H]2CNC[C@@H]21,0.00019293498413390715
CCN(Cc1nnc(C)n1C)C(=O)[C@H](O)C1CCOCC1,0.0002904738447208783
CCOC(=O)CC(NC(=O)Cc1csc(Cl)c1)C(C)(C)C,0.0005036296201432223
CCOC(C)(C)C(=O)NC1CCCN(C(=O)c2cccnn2)C1C,0.23323376139884286
CCOC(CNc1ncc2c(n1)COC2)c1ccccc1,0.0011126967522924862
CCOC1CC(NC(C)c2nnc(-c3ccccc3)o2)(C(=O)O)C1,0.0010905410170681089
CCOC1CC1C(=O)NC1CCCN(c2nnnn2C)C1C,0.0005566897415758878
CCc1ccc(C(=O)N[C@H](C)CNC(=O)CCC(=O)N(C)C(C)C)[nH]1,0.0003431010411112521
CCn1cc(S(=O)(=O)N2CCC3(CNC(=O)C3)C2)cn1,0.00038195407860079546
CN(C)C1CCc2cc(NC(=O)c3nc(C4CC4)no3)ccc21,0.0006882659618160277
CN(CCC1CC1)C1CCCN(C(=O)c2ccnn2C)C1,0.00063164238195811
CN(CCCN(C)C(=O)c1cc[nH]c1)C(=O)Cn1cc(CO)nn1,0.00023285130085969958
CN(CCCN(C)C(=O)c1cc(C#N)cn1C)C(=O)c1cnsc1,0.0006843936196336716
CN(CCNC(=O)c1ccnc2ncnn12)C(=O)C1(C)CCC1,0.17822150746861856
CN(CCNC(=O)c1cnn(C)c1N)C(=O)C(C)(C)c1cncnc1,0.00079380919951648
CN1CCN(c2n[nH]c(=O)s2)CC1CNC(=O)C1(S(N)(=O)=O)CC1,0.00018580415447859026
CNC(=O)CCCC(=O)NC1CN(C(=O)c2nn[nH]c2C2CC2)C1,0.00014877296963109536
CNC(=O)N[C@H](C)C(=O)OCC(=O)c1ccc(C)c(C)c1,0.0003195112024040194
CNCc1cn(C2CC(NC(=O)C3CCc4nnnn4CC3)C2)nn1,0.00023408045552917122
CNS(=O)(=O)c1ccc(CNC2CC3(CC(CO)C3)C2)cc1,0.0003049056907254721
COC(=O)[C@@H]1[C@H]2CC[C@H](C2)N1C(=O)c1cc2oc(C)c(C)c2[nH]1,0.0010661254941318932
COC(=O)[C@H]1[C@@H](C)OCCN1C(=O)c1ccc(OC)c(F)c1,0.00042201421903552465
COC(=O)C1(CNC(=O)Nc2cnoc2C2CCC2)CCOC1,0.0007260421460277779
COC(=O)CCC(=O)OC1CCCN(c2ccc(C#N)cn2)C1,0.0008354563193762119
COC(=O)N(C)CCCN(C)C(=O)Nc1ccc2c(c1)N(C)CC2,0.4490475143206468
COC(=O)c1ccc(C(=O)N2CC3CCCC2C3)cc1,0.3212097771098556
COC(=O)c1ccc(NC(C)(CNC(=O)c2cc[nH]n2)C(C)C)nc1,0.3922178753556459
COC(C)CC(=O)NCC(NC(=O)C(C)(C)O)c1ccccc1,0.00028811619090769877
COC(C)CCC(=O)N(C)CC1CCN(C(=O)CC2(CO)CC2)C1,0.000381098871957289
COC1(C(=O)OCc2nncn2-c2ccccc2)CCSC1,0.0004604024166042816
COC1(CNC(=O)C2(C)CCCC2)CN(C(=O)[C@H]2CCCO2)C1,0.0006449025258284546
COC1(CF)CN(S(=O)(=O)c2ccc(N3CCCC3=O)cc2)C1,0.0007355337897253554
COC1CC2(CCC(C(=O)NC(C)CNC(=O)C(C)(C)C)CC2)C1,0.0003569477425642429
COCC(=O)N[C@H]1CCCN(Cc2cc(F)cc(F)c2)C1,0.0005626456810457703
COCC(=O)NC(C)C(=O)NCC1(CS(C)(=O)=O)CCC1,0.12000272191515277
COCC1(C2CCC2)CN(C(=O)C2CCn3cnnc3C2)C1,0.0004013280075500436
COCCN(C)c1ccc(CN(CCC(=O)O)C2CC2)cn1,0.0005176803170526665
COCc1cc(C(=O)N2CC3CC(NC(=O)[C@H]4C[C@@H]4C)CC3C2)on1,0.00048034605915686136
COCc1cc(C(=O)Nc2ccc(OC)c(NC(N)=O)c2)on1,0.0006534275390893955
COc1cc[nH]c(=O)c1CNC(=O)C1Cc2c(F)cccc2O1,0.000628624928664615
COc1cc2c(cc1O)CCN(C(=O)CN(C)C1CC1)CC2,0.0005603434292897379
COc1ccc([C@@H](C)NC(=O)c2ncnc3c2CCC3)c(OC)c1,0.0007749339777669784
COc1ccc(C(=O)N2CCC3(C2)CN(C(=O)[C@@H](C)OC)C3)cc1O,0.174744845175042
CSc1cccc(NC(=O)N2CCn3cncc3C2)c1,0.0008635681062905717
CSc1nc(=O)c(CCC(=O)N2CCC3OC(=O)OC3C2)[nH]1,0.0
Cc1cc(=O)n(CCC(=O)Nc2ccc(C3(CO)CCCC3)cc2)cn1,0.0007239291357227758
Cc1cc(C(=O)OCC(C)(O)c2ccccc2)sc1C,0.0006859617850882036
Cc1cc(C(C)C)nc(N(C)CC2CCN(C(=O)CC(C)(C)O)C2)n1,0.0006086806392021167
Cc1cc(N2CC[C@@H](NC(=O)C3(C)CC3F)C2)nc(S(C)(=O)=O)n1,0.0004827526617843623
Cc1cc(NC[C@@H](C)NC(=O)[C@@H](O)c2ccccc2)c(C#N)cn1,0.0008237356389278861
Cc1ccc(O)c(C(=O)N2C3CCC2CN(C(=O)CCC2CC2)C3)c1,0.0008075185662151806
Cc1cccc(N2CCC(NC(=O)CNC(=O)CC(C)(C)C)CC2)n1,0.0008220246386346888
Cc1cccc(O)c1C(=O)NC(C)CN(C)C(=O)CN1CC2CC2C1,0.0003584007401764698
Cc1ccncc1CC(=O)NC[C@@H](C)NC(=O)[C@H](C)CC1CCCCC1,0.0010102152404308624
Cc1nc(CCCC(=O)NCC2CCCc3nccn32)cs1,0.0008783489842987161
Cc1nc(CS(=O)(=O)NC(C)(C)CC(=O)OC(C)(C)C)no1,0.0004387168109353476
Cc1ncc(C(=O)N[C@@H](C)CNC(=O)C2CCC(C)(C)O2)cc1C#N,0.000454598653132861
Cc1ncc(C(=O)NC2CCCN(Cc3cccnc3C)C2)c(C)n1,0.0004088536224225523
Cc1ncc(C(=O)NC2CCN(C(=O)C3(C#N)CC4CC4C3)C2)o1,0.4503783809442346
Cc1ncnc(N(C)CCN(C)C(=O)c2cnc3n2CCS3)c1C,0.0004301562074238038
Cc1nnc(C(=O)NCC(C)N(C)C(=O)C(C)C2CCCC2)s1,0.2067274405309726
Cc1noc(C)c1C(=O)NCC1C2CN(Cc3nccs3)CC12,0.0009917468060921702
Cn1nc(NC(=O)NCC2(CO)CCCC2)cc1-c1ccco1,0.001629217434696241
Cn1ncc2c(NC3CC(C)(C)OC(C)(C)C3)ncnc21,0.0016178807848761902
N#CCC(=O)N1CC(CO)(NC(=O)c2cnc3[nH]ccc3c2)C1,0.37147953698067593
N#CCC(=O)N1CCC(CNC(=O)CCn2cc(Cl)cn2)CC1,0.0007957016444436
N#Cc1cccc(OCC(O)CNCC2COc3ccccc32)c1,0.0010878247086585748
N[C@H]1CCCc2cc(C(=O)N3CCC(CO)C(O)C3)ccc21,0.00026137233489701355
NC(=O)c1cccc(C(=O)N2CC(Nc3ccc(C#N)cn3)C2)c1,0.48207408978166655
NC(=O)c1cnn2c(C(=O)N3CCC4(CCNC(=O)O4)CC3)ccnc12,0.14696557888301964
O=C(COCC(F)F)N1CCN(Cc2cccc(Cl)c2)CC1,0.0005193749892664009
O=C(Cc1cnsc1)N1CCN(C(=O)c2cncc(F)n2)CC1,0.0004380850207633765
O=C(Cn1ccnn1)N[C@H]1CC[C@H](NC(=O)c2ccc(Cl)o2)CC1,0.0002963475456215155
O=C(Cn1cncn1)NCC1CCCN1C(=O)CCn1ccnc1,0.00047654151599401046
O=C(NC(Cn1ccnn1)C(=O)O)c1cnc(C2CCOC2)s1,0.00032902827731393953
O=C(NC1CCN(C(=O)c2ccncc2)C1)c1cc(CO)on1,0.12751967096971853
O=C(NCC(O)c1ccccc1O)C1CCc2[nH]c(O)nc2C1,0.00038883276038737804
O=C(NCC1CCCCN1C(=O)C1CCSC1)C1CC2(CC2)C1,0.5395639380210699
O=C(Nc1ccc(CO)cc1)N1C[C@H]2C(=O)OC[C@H]2C1,0.000465403389188027
O=C(Nc1ccc(F)cc1-n1ccnn1)NC(C1CC1)C1CC1,0.7417841289951668
O=C(Nc1ccn(Cc2ccccn2)n1)C1CCS(=O)(=O)N1,0.000322592991384075
O=C(Nc1nccn1-c1ccccc1)N[C@H](CO)CCCO,0.000429915227266339
O=C(O)[C@@H]1C[C@H](F)CN1C(=O)c1cc2c(F)cccc2s1,0.3852122480510249
O=C(O)C1CC12CCN(c1ncnc3sc4c(c13)CCCC4)CC2,0.0009480360017924344
O=C(c1cccnc1)N1CC(CNC(=O)C2(C3CCC3)CC2)C1,0.4994993418168863
O=C(c1csc(=O)[nH]1)N1CCCC2(CCN(C(=O)[C@@H]3C[C@H]3CCo2)C1,0.0
C[C@@H](CNC(=O)C(C)(C)CC(F)F)NC(=O)c1cccc2cnnn12,0.15745113016787368
C[C@@H]1[C@H](NC(=O)N2CCN(CCNC(=O)CC3CCC3)CC2)CCN1C,0.2680638410288759
C[C@@H]1C[C@H]1C(=O)NC1CC2(C1)CN(C(=O)c1cnn(C(F)F)c1)C2,0.00043325818615763516
C[C@@H]1CCO[C@@H]1CCNC(=O)NCC(O)(CO)CO,0.0003095567901858436
C[C@H](CNC(=O)CCS(C)(=O)=O)NC(=O)C1(C)CC(C#N)C1,0.19421590422939242
C[C@H](O)C(=O)N1CCCN(C(=O)Cc2ccc(O)cn2)CC1,0.0002262883829487773
CC(=O)CC1(C(=O)NC2CCN(C(=O)C(C)SC)C2)CCCC1,0.1404628485287122
CC(=O)N1C[C@H](O)[C@@H](N2CCC(c3ccc(CO)cc3)CC2)C1,0.0006531683477319756
CC(=O)N1C=Cc2ccccc2C1CC(=O)N1CCN2C(=O)CCC21,0.0005676565231103345
CC(=O)NCC(=O)N[C@H]1C[C@H](CNC(=O)c2ccn3cncc3c2)C1,0.14688101854438562
CC(C#N)C(=O)N1CC([C@H](C)NC(=O)c2cccn(C)c2=O)C1,0.0006135364443347477
CC(C)(C)CCC(=O)NCCC1CCN(CCCS(C)(=O)=O)C1,0.0008676512252151334
CC(C)(C)n1cc(CNC2CCN(C3CCC3)C2=O)cn1,0.0006506402844758647
CC(C)C[C@@H](C(=O)N1CC2CSCC(C2)C1)N(C)C,0.00043134611734026065
CC(C)CNC(=O)C(C)NC(=O)CC(C)c1cnn(C)c1,0.0005973943226176615
CC(C)Cc1ncccc1NC(=O)N1CC2CCN(C)CC2C1,0.0008213556694954654
CC(C)Oc1cccc(N2CCC(C(=O)N3CCCC3)CC2)n1,0.0009452404431090404
CC(C)c1cc(C(=O)N2CCCC(COC(F)F)C2)nn1C,0.000591428723616305
CC(CF)C(=O)N[C@@H](C)CCNC(=O)C12CCC(F)(CC1)C2,0.00035926276473762056
CC(NC(=O)[C@H]1CCC(=O)O1)C1CN(C(=O)C2(C)CCCC2)CCO1,0.0004372948773180837
CC(NC(=O)C(C)(C)C)C(=O)N[C@H]1C[C@@H](NC(=O)c2ccncc2O)C1,0.00023186025062475586
CC(NC(=O)C1CNC(=O)C1)C1CN(CC(=O)NCC(C)(C)C)C1,0.08833348355398499
CC(NC(=O)COc1ccc(C#N)cc1)c1cncc(F)c1,0.001110751851606364
CC(NC(=O)NCC1(CF)CCC1)c1nn(C)c2ccccc12,0.43158321571856145
CC(NC(=O)c1cccc(S(C)=O)c1)c1cn(C(C)C)nn1,0.0005621617306346235
CC1(C)C[C@@H](CNC(=O)c2coc(=O)[nH]2)N(C(=O)c2ccncn2)C1,0.1296112221038561
CC1(C)CC(CN)(C(=O)N(CCO)c2ccc(Cl)cc2)C1,0.2891635331051806
CC1CN(C(=O)CCn2cc(-c3cccc(N)n3)nn2)CC(C)C1,0.0007318238830714415
CC1OCCCC1C(=O)N1CC(NC(=O)C2(O)CC2)CC2(CC2)C1,0.0003745846131790359
CCC(=O)NC1CC2CCC1N(c1nccc(S(C)(=O)=O)n1)C2,0.0008484502053935471
CCC(=O)NCC(C)CN(C)C(=O)Cc1cscn1,0.0003061118498939897
CCC(C(=O)N(CC)CCNC(=O)c1oc(C)nc1C)n1cccn1,0.00036534430070547536
CCC(C)(O)C(=O)N[C@H](C)CNC(=O)c1cc(=O)c2ccccc2[nH]1,0.0004446299909116054
CCC(C)c1cccc(NC(=O)CC2CCCCN2C(C)=O)c1,0.0007232749177718668
CCC(CC(=O)NC1CCN(C(=O)CCF)C12CCC2)C(C)C,0.0005064708812310991
CCC(CC(=O)NC1CCN(Cc2ccncc2)CC1)C1CCC1,0.0015486918274042018
CCC(CC)(CNc1ncc(OC)cn1)C(=O)OC(C)(C)C,0.0009732741290538945
CCC(CC)C(=O)N1CC(NC(=O)[C@@H](O)Cc2c[nH]cn2)C(C)(C)C1,0.00038353176353731193
CCC(O)CNC(=O)NCCN1CCSCC1C,0.00020088778754425525
CCCC(CC)C(=O)N1CC(NC(=O)CN(C)c2cnccn2)C1,0.0008317519356014524
CCCCC(=O)N1CCN(CC(C)(C)NC(=O)C2CSC2)CC1,0.0002507630543670986
CCCc1nc(CN2CCN(C(=O)c3c[nH]c(C(C)C)n3)CC2)no1,0.0004347807575189754
CCN(C(=O)N(C)c1ncccn1)c1ccccc1OC,0.0008489020582256755
CCN(C(=O)c1cnn(C)n1)C1CCN(C(=O)C2(C3CC3)CCC2)C1,0.0008350447056515335
CCN(Cc1cccc(C)c1)C(=O)NC(C)CN1CCOC1=O,0.0004295173172780292
CCOC(=O)C(C)(C)C1CCN(C(=O)c2coc(C(N)=O)c2)CC1,0.0004456743887752281
CCOC1CC(CC(=O)NCC(C)N(C)C(=O)Cc2cc[nH]c2)C1,0.00042432991802634985
CCOc1cc2c(cc1OCC)N(Cc1nnc(C)n1C)CC2,0.0016794316303570906
CCOc1ccc(CN(C)C(=O)CNc2cc(OC)ncn2)cc1,0.0014636000481102998
CCc1cc(N[C@@H]2CCCN(C(=O)C3CSC3)C2)ncn1,0.0013165565095237376
CCc1cccc(CN2CCC(N(CC)C(=O)c3nn(C)cc3C)C2)c1,0.0010064383589333374
CCc1n[nH]c(-c2ccc(NC(=O)N3CCC(O)C(C)C3)cc2)n1,0.0012127155222290732
CCc1nc[nH]c1C(=O)N(CCN(C)C(=O)c1ncccn1)C(C)C,0.00038401985034713254
CN(C(=O)CN1CCCC1(C)c1nn[nH]n1)C1CCCC1,0.00042792856090336233
CN(C)C1CCN(C(=O)CCn2cc(-c3ccsc3)nn2)CC1,0.0006735549674342119
CN(CC(=O)Nc1cc(C(F)F)ncn1)C(=O)C1CC1,0.20514157623762969
CN(CC(O)CN(C)C(=O)C1(F)CC1)C(=O)c1cnc2[nH]nnc2c1,0.00024122350909749795
CN(CCN(C)C(=O)c1ncoc1C1CCC1)C(=O)Cn1ncnn1,0.00022150418221135755
CN(CCNc1nnco1)C(=O)CCc1cccc2c1OCO2,0.0003754554166605977
CNC(=O)CCCC(=O)N1CCN(C(=O)C2(OC)CC2)[C@H](C)C1,0.10393975412991564
CNC(=O)NC(=O)CN1CCC[C@H](NC(=O)c2cnn(C)c2C)C1,0.0003178089079785008
CO[C@@H](CO)CNC(=O)Nc1cc(F)c(F)cc1OC(C)C,0.0009629182280869052
CO[C@@H]1C[C@@H](CN)N(C(=O)c2cnn(-c3nccs3)c2)C1,0.0003063277719698913
CO[C@H](C)C(=O)N1CCCC(N(C)C(=O)c2cnc(C)s2)C1,0.20093441025857395
COC(=O)[C@@H](CC1CC1)NC(=O)C(F)(F)CCn1ccnn1,0.0004380480104860868
COC(=O)[C@H]1CCCN(C(=O)c2ccnc3c2CNCC3)C1,0.0003439989707216115
COC(=O)c1cn(CCNC(=O)N(CCO)CCC(C)C)nn1,0.00023642345674344673
COC(C)C(=O)N(CCN(C)CCc1ccccc1)C(C)C,0.0005513833295873406
COC1(C)CCC(NS(=O)(=O)CCc2ccccc2F)CC1,0.0005017452528239479
COC1(CNC(=O)C(C)(C)C2CC2)CN(c2ccnc(C3CC3)n2)C1,0.0006191535738244662
COCC(=O)NC[C@H]1C[C@@H](NC(=O)c2ccc3scnc3c2)C1,0.0011272065285769133
COCC(=O)NC1CN(C(=O)c2coc3c(F)cccc23)C1,0.16807562682803934
COCC(C)(O)CC(=O)NC(Cc1ccccc1)c1ncon1,0.00035669162550948727
COCC(COC)S(=O)(=O)N[C@H]1[C@H]2CC[C@H](O2)[C@@H]1C(F)(F)F,0.13065089965923674
COCC1(C(=O)NCCC(C)Nc2ncnc(N)n2)CCCCO1,0.00033305332906281127
COCc1nccc(N[C@@H](CO)CNC(=O)C2CCC(=O)N2)n1,0.00021711538768298533
COCc1ncsc1C(=O)NC(c1ccccc1)C(C)O,0.0005899405028433698
COc1ccc(F)cc1C(=O)N1CC(C)C(CNC(=O)C23CC2C3)C1,0.0005497663159667781
COc1cccc2c1CC(NC(=O)Cc1nnc(C)n1C)C2,0.00024203305261364373
COc1ccccc1C(C)N(C)C(=O)NCC1CC(=O)N(C(C)C)C1,0.00038910908512431364
COc1ccnc(CCNC(=O)NCCN(C)C(=O)OC(C)(C)C)n1,0.0004170878432205506
COc1cnc(C(=O)NC2(C)CCN(C(=O)C(C)(C)N(C)C)C2)nc1,0.00025608930229191495
COc1coc(C(=O)NC2CCCC(NC(=O)CO)C2)cc1=O,0.0002566676257451988
CSC1(CNC(=O)N(C)Cc2nncn2C(C)C)CCC1,0.0003901897565704169
CSc1nc(C)cc(N2CCC(O)(CNC(=O)c3cnco3)C2)n1,0.0005435207794107146
Cc1c[nH]nc1C(=O)N(C)C(C)CNC(=O)C12CCCC(CO1)C2,0.20957809958317009
Cc1cc(C(=O)N(C)C(C)CCNC(=O)C(C)n2cncn2)c[nH]1,0.00039455141657204724
Cc1cc(C(=O)N2C3CCC2CN(C(=O)[C@H](C)O)C3)nc(C)n1,0.1406915714885376
Cc1cc(C(=O)NC(CNC(=O)c2cncnc2)CC(C)C)n(C)n1,0.19580784151339375
Cc1cc(C(=O)NC2CCCN(C(=O)C(C)CCN(C)C)CC2)co1,0.3816454107829776
Cc1cc(C(=O)NCC2CCN2C(=O)c2cccnc2O)nn1C,0.17274417585765803
Cc1cc(N(C)CC2CCN(C(=O)C(C)C)CC2)nc(C2CC2)n1,0.0006581444517586372
Cc1ccc(C(=O)N(C)CC2COCCN2C(=O)Cn2nccn2)o1,0.0002540666040555268
Cc1ccc(C)c(CC(=O)N(C)CC2CN(C(=O)C(C)O)CCO2)c1,0.0003365265837829632
Cc1ccc(F)c(CC(=O)N(C)CCNC(=O)c2ccncc2O)c1,0.0003353757981944232
Cc1cccc2c(C(=O)N(C)CC(=O)NC3CC3)nccc12,0.3061216606366724
Cc1ccnc(C(C)NCC2CCCN(CC3CC3)C2)n1,0.00043030390885345977
Cc1cnc(CCNC(=O)NC(C)c2cccc(N3CCCC3)c2)nc1,0.0007670819393833084
Cc1n[nH]c(C(=O)N[C@@H]2CCN(C(=O)c3cc[nH]n3)C2)c1O,0.16031491690278896
Cc1nc(C(C)C)oc1C(=O)N1CCN2C(CCS2(=O)=O)C1,0.00022899949430842204
Cc1nc(C)c(CNC(=O)C2CCC(N3CCOCC3)CC2)o1,0.000386361298015189
Cc1nc(C)n(CC(C)NS(=O)(=O)CC2(C(F)F)CCCC2)n1,0.0005256541706539765
Cc1nc2sc(C(=O)N[C@@H](CC(C)C)C(=O)N(C)C)c(C)c2c(=O)[nH]1,0.0007004488124318548
Cc1ncsc1C(=O)NC(C)C1(O)CN(c2nccnc2C#N)C1,0.0008673726697408411
Cc1nn(C(C)C)c(C)c1C(=O)N1CCCC1CNC(=O)C1CCO1,0.16967019822857446
Cc1nnc(CCCC(=O)N2CC3(C2)CC(C)(F)C3)n1C,0.0004116133457530394
Cc1nnc(CNC(=O)NCC(C)(C)NS(C)(=O)=O)s1,0.00020789234015199784
Cc1noc(-c2ccccc2NC(=O)NC2(C(=O)O)CCOC2)n1,0.6134425019573891
Cc1noc(CCC(=O)NCc2cccn(C(C)(C)C)c2=O)n1,0.0002736140125549389
Cc1oc(-c2ccccc2)c(C(=O)NCCN(C)C)c1C(=O)O,0.001319923861104064
Cn1ncc(Cl)c1CC(=O)N1CC(NC(=O)C2(C)CC2)C(C)(C)C1,0.0005100219976723579
N#Cc1c[nH]c(C(=O)NC(CCO)c2ccc(F)cc2F)c1,0.0008297610629985722
N#Cc1ccc(N2CCC3(CCCC3NC(=O)c3ccno3)CC2)cn1,0.7949694446217185
N#Cc1ccncc1C(=O)N1CC[C@H](NC(=O)COc2ccsn2)C1,0.33295022117143175
NS(=O)(=O)CC(=O)N1CC[C@@H](Nc2nc3ccc(F)cc3o2)C1,0.0003298346943990101
O=C(CC1CCn2cncc2C1)NCc1ccccc1,0.000620839205333246
O=C(COc1ccc(CO)cc1)N1CC(CCF)(c2ccccc2)C1,0.0005658559042834226
O=C(N[C@@H](CC(F)F)C(=O)O)c1ccc2c(c1)OCCO2,0.0005290291533534097
O=C(N[C@H]1[C@@H]2CN(C(=O)CCCC(F)F)C[C@@H]21)c1[nH]ncc1Cl,0.00030768822442419627
O=C(NC1(CO)CN(C(=O)C[C@H](O)c2ccccc2)C1)c1ccncn1,0.0004055385070662248
O=C(NC1CCC2CCC1O2)[C@H]1C[C@H]1c1cccc2c1OCCO2,0.0006309012201160603
O=C(NC1CCCCC12CC2)[C@H]1CCO[C@H]1C(F)(F)F,0.0004011411924430186
O=C(NC1CCN(C(=O)C2CC3CCCC32)C1)c1csc(=O)[nH]1,0.10065656021043554
O=C(NCC1CCN(C(=O)COC2CC2)CC1)c1c[nH]nn1,0.20504121692894395
O=C(Nc1cncc2c1CCNC2=O)c1csnn1,0.13997231784440137
O=C(O)CN1CCCN(Cc2ccc3c(c2)CCCC3)CC1,0.0005759207804031934
O=C(c1cnc(-c2nn[nH]n2)s1)N1CCNC2CC21,0.00042979053817175796
Brc1ccsc1,0.0004594307938701214
C[C@@H](O)CN(C)C(=O)Cc1coc(-c2ccccc2)n1,0.0012955085356153434
C[C@@H]1CN(C(=O)CC2OCCO2)C[C@@H]1NC(=O)C1(C)CCCCC1,0.000385092315941467
C[C@H](C(=O)N(C)CCN(C)C(=O)c1cc[nH]c1)c1ccccc1,0.00038433179480021687
C[C@H](Cn1cc(CC2(CO)CCC2)nn1)NC(=O)C1(C)CC1,0.00039363540371965377
C[C@H](NC(=O)CN1CCC1)C1CCN(C(=O)c2cc(O)no2)CC1,0.1841316361124441
C=Cc1ccc(C(=O)N(C)CC(C)CNC(=O)CC2(CO)CC2)cc1,0.0009832346873753022
CC(=O)CC(C)(C)C(=O)N1C[C@@H](C)[C@@H](NC(=O)c2[nH]ccc2C2CC2)C1,0.0002824941996596527
CC(C#N)C(=O)N1CCC[C@H]1CNC(=O)c1ccc2[nH]cnc2c1,0.0013646322551427491
CC(C(=O)N1CCCC(S(C)(=O)=O)C1)n1nc(C2CC2)cc1N,0.00047710615538324873
CC(C(=O)NC1(C)CN(C(=O)C2CCCOC2)C1)S(N)(=O)=O,0.08622408265994569
CC(C)(F)C(=O)N1C[C@@H]2C[C@H]1CN2C(=O)c1ccc2ncnn2c1,0.20750113265975567
CC(C)C(=O)NC1(C2CCCN2C(=O)c2cc(Cl)ccn2)CC1,0.0006703098644122669
CC(C)CN1CCCC1C(=O)NCc1nc(-c2cccs2)n[nH]1,0.0006615451644023462
CC(C)COC1CCN(Cc2noc3c2CSCC3)CC1,0.0007648699120384536
CC(C)Oc1ccccc1CNC(=O)N(C)CC(=O)NC1CC1,0.0003517983310885382
CC(CCO)C1(CNc2ncn(Cc3ccc(F)cc3)n2)CCC1,0.0008278255682423824
CC(O)C(=O)N1CCC[C@@H]1CNC(=O)C(C)CS(C)(=O)=O,0.14401527245214446
CC(O)CCc1cn(C2CCN(C(=O)Cn3nnc(N)n3)C2)nn1,0.0002683129955314973
CC(OCC1CCCCO1)C(=O)NC1CCNCCC1(F)F,0.00034029798134647537
CC(F)C1CCCN1C1CCCN(C(=O)OC(C)(C)C)C1,0.00046773226315476615
CC1(C)CCN(C(=O)c2cc[nH]n2)CC1NC(=O)c1ccccc1F,0.2761541811423458
CC1(O)CC(C(=O)Nc2nnc(C(=O)NC3CCCC3)s2)C1,0.0003945695592620402
CC1CC(NC(=O)Cc2cnco2)CCN1C(=O)[C@H]1C[C@@H](O)C1,0.106953242242972
CC1CC(Nc2nc3c(cc2C#N)CS(=O)(=O)CC3)CCC1O,0.0010610066360143807
CC1CCN(C(=O)c2cc3n(n2)CCO3)CC1CNc1nnnn1C,0.0003945480883184936
CC1CN(C(=O)[C@H]2C[C@@H]2C)CC1NC(=O)c1nsnc1O,0.1545451559034021
CC1CNC(=O)N1c1ccc(C(=O)OCC2CC(C)CO2)cc1,0.001338557892444077
CCC(=O)NCC(=O)N[C@H]1C[C@H](NC(=O)C2CC3(CC(O)C3)C2)C1,0.0001726402090007735
CCC(C)(CNC(=O)C1CC(=O)N(c2c(Cl)cccc2Cl)C1)OC,0.0011704418619515676
CCC(C)(O)c1cn([C@@H](C)CNC(=O)C2(C)CCOCC2)nn1,0.0005928014617514499
CCC(C)C(=O)NCC1CCCN1C(=O)c1cc2ccccn2c1,0.21583796940176697
CCC(C)C(C)C(=O)N[C@@H]1CN(c2ccc(C)nn2)C[C@@H]1C,0.20940864894179473
CCC(CN1CCOCC1)NC(=O)N(C)c1cccc(C#N)n1,0.0012862887550948454
CCC(CNC(=O)CC(C)(O)C1CC1)NC(=O)c1cnco1,0.136319286375641
CCC(NC(=O)N[C@@H]1C[C@@H]2CC[C@H](C1)[C@@H]2O)c1nccs1,0.0005254769133554116
CCC(O)CC(=O)N1CCC(C)C(NC(=O)CCc2ccn[nH]2)C1,0.00034898464368180354
CCC1(C(=O)N[C@H]2CCN(C(=O)[C@H](OC)c3ccccc3)C2)CC1,0.0007568271686812135
CCCC(=O)N1CCOC2(C1)CN(C(=O)C1CCCCO1)C2,0.0003797239682075303
CCCN(CCNC(=O)C(C)CCO)C(=O)c1ccc(OC)c(C)c1,0.00040407676911221544
CCCN1CCC(NC(=O)Cn2cc(C(CC)OCC)nn2)CC1C,0.0004821566220004977
CCCOc1cccc(C(=O)NC2(C)CN(C(=O)C3(OC)CC3)C2)c1,0.2187505237681923
CCN(CCNC(=O)[C@@H]1CCC(=O)O1)C(=O)c1cn2cc[nH]c(=O)c2n1,0.12668436236676683
CCN1CCN(c2noc(=O)n2CC2CCOC2)CC1(C)C,0.0006401438817584673
CCO[C@H]1C[C@H](NC(=O)c2ccc3c(c2)OCC3s2)C1,0.0
CCOC(=O)[C@H]1[C@H]2CN(C(=O)Nc3ccc4c(c3)NCC4)CC[C@H]21,0.35970859730122723
CCOC(=O)NCCC(=O)N1CCOC(C(=O)OC(C)(C)C)C1,0.00043840408058591163
CCOC(=O)c1cnccc1N1CC(O)(C(C)NC(=O)C(C)(C)F)C1,0.21037475104085862
CCOC(C(=O)N[C@H](C)CNC(=O)c1ccncc1O)C1CC1,0.0002764489252167818
CCOC(C)C(=O)N1CC(Cn2cc(CC(C)(C)O)nn2)C1,0.0004552779206219467
CCOC1CC1C(=O)N1CCN(Cc2cncc(Cl)c2)CC1,0.0004583539417656036
CCOc1cc(F)ccc1NC(=O)N1CCN(C(=O)C(C)C)CC1,0.0009471597170779212
CCc1nc[nH]c1C(=O)NCC1CCC(NC(=O)C2CC3CC3C2)C1,0.0009237045270071419
CCc1ncc(C(=O)N2CCN(c3ccnc(C(C)C)n3)CC2)s1,0.0008676241911662998
CCc1nsc(NCC(C)N(C)C(=O)c2ccc3c(c2)NCC3)n1,0.0012585001024485874
CCc1occc1C(=O)N1CCC1CNC(=O)[C@H]1CCCCN1C,0.0005458358110019086
CCn1ccc(CC(=O)N2CCC[C@@H](NC(=O)c3cscc3C)C2)n1,0.000604567373583923
CCn1ccnc1[C@@H]1OCC[C@H]1C(=O)NC(C)c1ccccn1,0.00037174089635000584
CCn1cnc(C(=O)NCC2CC3(CC3)CN2C(=O)c2ccoc2)c1,0.4122017078428042
CCn1nc(C)c(C(=O)NCC(O)CNC(=O)c2cnc(C)o2)c1C,0.0003277514946035196
CCn1nc(C)c(CNc2cn(C)nc2OCC(F)F)c1C,0.0009756474253171188
CCn1ncc(C(=O)N[C@H](C)C2CN(C(=O)CCc3cnoc3)C2)n1,0.0004651356690796571
CCn1ncc(C(=O)N(C)CCNC(=O)CN2CCCC2=O)c1C,0.00023207786183255554
CCn1nccc1CN(CCO)C(=O)NCc1cc(C2CC2)ccn1,0.00033193950083886057
CN(C[C@H]1CCCN1C(=O)c1ccncc1O)C(=O)CCC(C)(C)C,0.23847029451696877
CN(C)C(=O)CCC(=O)N[C@H]1C[C@@H](CNC(=O)c2ccc(=O)[nH]c2)C1,0.00018642205532671673
CN(CC(O)CN(C)c1nc2cccnc2s1)C(=O)C1C2CCC1CC2,0.2994986200271356
CN(CC1CCCN(c2ccncn2)C1)C(=O)c1ccnc(C2CC2)c1,0.35012537406619665
CN(CC1CCN(C(=O)c2cccnn2)C1)C(=O)c1cnsc1,0.30659915091693385
CNc1ncccc1C(=O)NC1CC2CN(C(=O)C(C)CO)CC2C1,0.000492344137420127
COC(=O)C[C@@H]1CCC[C@H]1NC(=O)N1CC(C)(c2ccccc2)C1,0.0007834059709164195
COC(=O)C(C)(C)C1CCN(CCOC(=O)N(C)C)CC1,0.0004983258468715144
COC(=O)C1(NC(=O)CC(C)C(F)F)CCCC(C)(C)C1,0.0005292379355508867
COC(=O)Cn1cc(C2(F)CN(C(=O)c3ccc(CN(C)C)o3)C2)nn1,0.0002604052722730176
COC(=O)NC1CCN(C(=O)c2ccc(Oc3cccnc3)cc2)C1,0.0005153458168063574
COC(=O)c1ccc(CN(C)C(=O)C2CCC3(CC2)CC3#N)o1,0.0
COC1C(C)C(NC(=O)c2ccc(-c3nnco3)nc2C)C1(C)C,0.630848869336199
COC1CC2(CCN(CC(O)COc3ccc(Cl)cc3)C2)C1,0.0006519810986809348
COCC(C)C(=O)N1CCC(C)(CNC(=O)C(C)(O)COC)C1,0.0003666411724944291
COCC1(C(=O)Nc2ccc3c(c2)NC(=O)C3)COC1,0.0006691514940003342
COCC12CC(NC(=O)c3csc(Br)c3)(C1)C2,0.0007583643199326735
COCCC1CCN(Cc2ccc(OC)c(S(C)(=O)=O)c2)C1,0.0005075167127530382
COc1c[nH]c(C(=O)NC(C)CC(C)NC(=O)[C@H]2CC2(C)C)cc1=O,0.17809082480589739
COc1ccc(C(=O)NC(C)CNC(=O)c2cc(C)nn2C)cc1F,0.20791997145939045
COc1ccc(CNC(=O)Cc2nncn2C(C)C)cc1O,0.0006297153778728783
COc1ccc(N2CCCC(OC(=O)CC3CCC(C)O3)C2=O)cc1,0.0010006885886503375
COc1ccc2c(C(=O)OC(C)CC(C)(C)C#N)cnn2c1,0.742933460740726
COc1cccc(CN2CC3CCCC(N)C3C2)c1Br,0.0004889985537021866
COc1ccccc1CCN(C)c1nnnn1CC1(C)CCOCC1,0.0009355583718136082
Cc1cc([C@@H](C)NC(=O)C2(c3nn[nH]n3)CCOC2)ccc1F,0.0003973470420184817
Cc1cc(C#N)nc(N(C)CCN(C)C(=O)C2CC2c2ccccc2)n1,0.0013997501982479746
Cc1cc(C(=O)N2CC([C@H](C)NC(=O)C(F)(F)CO)C2)cc(O)n1,0.1188497228870332
Cc1cc(C(=O)NC2CCN(C(=O)CC(C)(O)C3CC3)CC2)ncn1,0.3040108847189982
Cc1cc(C)nc(C(=O)N2CCC(C)(NC(=O)C(C)N3CCC3)C2)c1,0.0002765813517521417
Cc1ccc(C(=O)N2CCCC2CNC(=O)C2CC(C)OC2C)n1C,0.0004247824484486501
Cc1ccc(CCC(C)NC(=O)[C@@H]2OC[C@@H]3CCC[C@@H]32)o1,0.00039321096912916376
Cc1ccc(S(=O)(=O)N(C)CC2(O)CCCC2)c(C)c1,0.0005700898745540927
Cc1cccc(CC(C)NC(=O)N2CC(CO)CC2CO)c1,0.0004052230272373593
Cc1cncc(CC(=O)N[C@@H](C)CNC(=O)CCc2ccccc2)c1,0.00047119900019825916
Cc1cnn(C)c1C(=O)NCC[C@H](C)NC(=O)CCn1ccnc1,0.0004890222022804275
Cc1csc(CN2CC(C(C)NC(=O)c3ccc(C(N)=O)o3)C2)n1,0.19312770868765838
Cc1nc(C(=O)NC[C@H](C)NC(=O)c2csnn2)c(C)[nH]1,0.0003900942996575846
Cc1nc2c(C(=O)N[C@@H](C)CNC(=O)C3CC34CCC4)cccc2[nH]1,0.0005732959210863861
Cc1nc2ccccc2cc1C(=O)N1CCC(C2COC(=O)N2)CC1,0.24357849086265204
Cc1ncccc1S(=O)(=O)NC12CCCC1NCC2,0.0003646575529519926
Cc1ncnc(C(=O)N(C)[C@@H]2CN(C(=O)OC(C)(C)C)CC[C@H]2O)c1C,0.00041371542160359155
Cc1nn(CC(=O)NCC2(NC(=O)[C@H]3C[C@@H]3C)CC2)c(C)c1Cl,0.00024232210756290642
Cc1nnc(NCC2(C)CCN(C(=O)c3cnn(C)n3)CC2)nc1C,0.0004936837813878173
Cc1nnsc1CNS(=O)(=O)N1CCC(OCCO)C1,0.0002222352117265117
Cc1noc(C)c1CC(=O)NCC1CN(C)CCN1C(=O)CN(C)C,0.00026031042284804497
Cc1ocnc1CC(=O)N1CCc2cc(F)cc(Cl)c2C1,0.00043134416652574795
Cn1cccc1CC(=O)NC1CCN(C(=O)C2CCC(=O)N2)CC1,0.00029452527234585037
Cn1nnc(C(=O)OCc2cc(Cl)cc3c2OCC3)n1,0.000392329767188877
N#CCc1ccc(CNC(=O)NC2C[C@H](O)[C@H](O)C2)c(F)c1,0.0002912399333274402
N#Cc1ccc([C@@H]2C[C@H]2C(=O)NC2CCCCC2CO)cc1,0.0014983694193501363
Nc1n[nH]cc1C(=O)N1CCN(C(=O)C2CCC(F)(F)C2)CC1,0.26352183232426984
O=C(C1CCN(CC(F)(F)F)CC1)N1CC(CNc2nnco2)C1,0.0005768717662893297
O=C(CCn1cccn1)N1CCCCC(C2CN(C(=O)CCF)C2)C1,0.0003763935761237109
O=C(CNC(=O)C1CCCC1)NCCc1c[nH]c2cc(Br)ccc12,0.43655360223042783
O=C(NC[C@@H]1C[C@H]1CO)c1ccnc(OC2CCCCC2)c1,0.6386009784006427
O=C(NC1CCC2CNCC2C1)N1CCSC2(CCCCC2)C1,0.000756304004129891
O=C(NCC1CCN(c2n[nH]c(=O)s2)C1)[C@@H]1C[C@@H]2C[C@@H]2C1,0.0006922654457500476
O=C(NCC1CCOC1=O)Nc1ccc(CN2CCCC2=O)cc1,0.0010658899448906939
O=C(NCCS(=O)c1ccccc1)N1CC2(CCCO2)C1,0.0003365187748055701
O=C(O)CC1(NC(=O)[C@@H]2CS[C@@H]3COC[C@H]3N2)CCCOC1,0.0001984869177880069
O=C(c1ccc(CN2CCCCC2)cc1)N1CC(O)C2(CC2)C1,0.0006883979569417037
O=C(c1ccco1)N1CC2CC1CN(C(=O)C1(F)CCCCC1)C2,0.33999119000870015
O=C(c1cnsn1)N1CCN(C(=O)C(F)(F)CO)CC(O)C1,0.00032241601425069753
OC1(Cn2nnnc2N2CCC[C@H](OC(F)F)C2)CCCCC1,0.0005514622677187688
C[C@]1(F)CC[C@@H](C(=O)N[C@H]2[C@@H]3C[C@H]2[C@@H](O)[C@H]3O)CC1,0.0005832460875051951
C[C@@H](CCNC(=O)C1CC(C)(C(C)(C)C)C1)NC(=O)Cc1cnoc1,0.0003110459659302603
C[C@@H](O)C(=O)N1CCC(O)(CNC(=O)c2ccc3[nH]c(=O)[nH]c3n2)C1,0.00022422907050728295
C[C@H](CC(F)(F)F)C(=O)N1CCCN(CCCC2CCOC2)CC1,0.0005537137785985168
C[C@H](O)C(=O)N1CCCC[C@@H]1CNC(=O)c1c(Cl)cnn1C,0.0004105749409320569
C[C@H]1C[C@@H]1C(=O)NC1(C)CN(C(=O)c2cn3c(n2)COCC3)C1,0.00039800612884241586
CC[C@H](NC(=O)Nc1nc(CCN(C)C)cs1)C(=O)O,0.000833242821215142
CC(=O)N[C@H](C)C1CN(C(=O)c2cc[nH]c(=O)c2)C1,0.10807191161324609
CC(=O)N1C[C@H]2CCN(C(=O)c3ccc(CO)cc3)CC[C@H]2C1,0.00028226116417733906
CC(=O)OC1CN(S(=O)(=O)NC(C(=O)NC(C)=O)C(C)C)C1,0.00018943696553033664
CC(=O)c1ccc(C(=O)N[C@H]2C[C@@H](NC(=O)c3cccnn3)C2)s1,0.10526233695864293
CC(=O)c1cccnc1NC1CN(C(=O)CCn2ccnc2)CC1C,0.5547845418273145
CC(C(=O)N1CCc2[nH]ncc2C1)n1cc(C2(O)CCC2)nn1,0.00027119536876943134
CC(C)(C)OC(=O)N1CC[C@@H](O)[C@H]1CNC(=O)[C@@H]1C[C@H]1C1CCC1,0.00027555471348914516
CC(C)(O)C1CCN(C(=O)[C@@H]2C[C@@H]3CCCN3C(=O)N2)C1,0.00031952146440612935
CC(C)C(=O)N[C@H]1C[C@@H](CNC(=O)c2cc(Cl)c[nH]2)C1,0.00032424291401462265
CC(C)CC(CNC(=O)C1(C)CC(=O)C1)NC(=O)c1ccon1,0.1561026839756817
CC(C)N1CCC(NCc2ccc(CS(C)(=O)=O)cc2)CC1,0.0006359275738490011
CC(C)NC(=O)CNC(=O)Cn1cc(C2CCCC(O)C2)nn1,0.0001727449918897963
CC(C)NC(=O)Nc1nc2c(s1)CN(C(=O)C1(C)CC1F)CC2,0.0008366823454603892
CC(C)Oc1ccc(S(=O)(=O)N2CC(O)(c3ccccc3)C2)cn1,0.00038869960282629436
CC(COC1CCOC1)NS(=O)(=O)c1cnnc(Cl)c1,0.00022249487510630738
CC(NC(=O)[C@H]1CNC(=O)N1)C1CN(C(=O)[C@H]2CCCO2)CCO1,0.06977956154436314
CC(O)C(=O)NC1CN(C(=O)c2ccc(-n3ccnn3)cc2)CC1C,0.00033851135107285807
CC(O)CC(=O)N1CC(=O)CC12CN(C(=O)OC(C)(C)C)C2,0.00030250720250711994
CC1(C)C(C)(C)C1(F)C(=O)N[C@H]1C[C@@H](CNc2nncs2)C1,0.47681072193995766
CC1(CCO)CCN(C(=O)c2cc(=O)[nH]c(-c3ccccc3)n2)C1,0.42485243268909034
CC1CCC(c2ccccc2)N(S(=O)(=O)c2cnc(N)cn2)C1,0.0009997712831792654
CC1CCN(C(=O)C(C)(C)O)CCN1C(=O)[C@H](C)CC(F)(F)F,0.0005247426092631114
CC1CN(C)C(=O)CN1C(=O)N[C@@H]1C[C@H]1c1cccc(F)c1,0.0002986961592429909
CC1CN(c2nnc3c(c2C#N)CCCC3)CCC1(F)F,0.0017620329719516036
CCC(=O)NCC1(C)CCCN(C(=O)COCc2nnc(C)s2)C1,0.0003931058093017145
CCC(C)(O)c1cn(C[C@@H](C)NC(=O)c2ccc(=O)[nH]c2)nn1,0.00025870581685402233
CCC(CC1CCCC1)C(=O)N1CC2CC1CCC2O,0.0011423678894095471
CCC(O)C(C)C(=O)N1CC[C@@H](Nc2ncccn2)C1,0.0007019744600367992
CCC1(C(=O)NCC2CN(C(=O)c3cc4cccn4cn3)C2)COC1,0.19829602331462415
CCC1(C(=O)OC)CN(C(=O)Nc2nscc2C)C1,0.0006346565180570452
CCC1CC1C(=O)N1CCN(C(=O)c2ncc(F)cc2F)C[C@H]1C,0.0004031068042474947
CCCC(C)(C(=O)NCCc1csc(CC)n1)c1nn[nH]n1,0.0005157371227870823
CCCC(OCC)C(=O)NC1CN(C(=O)C2CCC(C)O2)CC1C,0.00043557411021309845
CCCN1CC(NC(=O)c2ccc(-n3c(C)c[nH]c3=O)cc2)CC1=O,0.00047184499212542583
CCCc1coc(C(=O)OCc2nccnc2C(F)(F)F)n1,0.0006126624185153056
CCN(C(=O)N1CC(C)OC(C2CC2)C1)c1ccc(OC)nn1,0.0007766030947581909
CCN(C1CC1)S(=O)(=O)Nc1cc2n(n1)CCNC2,0.00038811069897353855
CCN1CCC1C(=O)N[C@@H]1CCN(C(=O)CCc2cccc(O)c2)C1,0.00031804429753676554
CCN1CCC1C(=O)N(C)CC1CCCN1C(=O)C1CC12CC2,0.0004196328747929403
CCNS(=O)(=O)NC1CCCN(c2cccc(Cl)c2)C1,0.000933276899020799
CCOC(=O)c1noc(CN2CC3(CCCC3)OC3(CCC3)C2)n1,0.0012817413790648924
CCOC(C(=O)NC1COc2ncccc2C1)C1CCOC1,0.00022273677417066856
CCS(=O)CC(=O)NC1CC2(C1)CN(C(=O)c1cc(C#N)on1)C2,0.00046701278883143143
CCSC(C)C(=O)N[C@@H]1CCN(C(=O)c2cccc(CC)c2O)C1,0.0006840095995943422
CCc1cc(NC(=O)N(C)[C@@H](C)C(=O)N(C)C)sc1C(=O)OC,0.0007989209208384467
CCc1nnc(CS(=O)Cc2ccc(C#N)o2)s1,0.0006449374368804999
CCc1nnc(N(C)CC(C)CNC(=O)C2(C)CC(F)C2)o1,0.0003811603203971687
CCc1noc(C(=O)NC(CNC(=O)C2=C(Cl)CC2)C2CC2)n1,0.000238465657047009
CCc1nsc(C)c1C(=O)OCCc1ccnc(C)n1,0.000489259559657984
CCn1cc(CNC2CCC3(CCCC3)CC2)c(=O)[nH]c1=O,0.0007038410847941003
CCn1ncnc1CN1CCN(C(=O)CCCC(=O)N(C)C)[C@H](C)C1,0.00021962966842552085
CN(C)CC1(C(=O)N2CC(NC(=O)CC3CSC3)C2)CC1,0.0001498319841289427
CN(C)CCn1cc(C(=O)N(C)CCNc2cnc(F)cn2)cn1,0.0006314163048255062
CN(CC(=O)N1CCC2(C1)CN(c1nnnn1C)C2)c1ccccc1,0.0004991999156611918
CN(CCN1CCCC1)c1nnnn1[C@@H]1C[C@@H]2OCCC[C@@H]21,0.0008137133875819878
CN1CC(NC(=O)[C@@H]2CCCO[C@H]2c2cc[nH]n2)C(=O)N1,0.00024080597425384375
CN1CCN(C(=O)c2ccnn2C)C(CNC(=O)CSC2CC2)C1,0.00036023501852066973
CNC(=O)NC(C)C(=O)NCCN(C)C(=O)c1ncoc1C(C)C,0.00034492384500482286
CNc1cc(Cl)ccc1C(=O)NC(C)CNC(=O)c1cnco1,0.0008589825278304636
COC(=O)N1CCN(C(=O)c2c[nH]c(-c3ccccc3)n2)CC1,0.0007656843662288882
COC(=O)c1ccc(CCOC(=O)c2ccoc2Cl)[nH]1,0.0009108147103159478
COC(=O)c1csc(CNC(=O)N2CC3CC3(O)C2)n1,0.00032915052317558896
COC(C(=O)N1C[C@@H](C)[C@@H](NC(=O)C(C)(C)C2CC2)C1)C1CCC1,0.0004962477861312124
COC1(C(F)(F)C(=O)NCC(=O)NCc2ccncc2)CCCCC1,0.000625083742997786
COC1CCC(C(=O)NC2CN(C(=O)Cc3nc[nH]c3C)C2)C1,0.1437413182119748
COC1CCN(C(=O)NCC2(n3cncn3)CC2)C(C)C1,0.0002593849336128463
COCC(C)(C)CC(=O)NC1CCCC2CN(C(=O)CO)CC21,0.0003135043785561629
COCC(C)C(=O)N1CCOCC(NC(=O)CC2(C)CCCO2)C1,0.0003403320712541961
COCC(C)CC(=O)NC(C)(CNC(=O)C(C)(C)OC)C1CC1,0.0005482009279576599
COCCN(CCNC(=O)c1cnoc1)c1ncc(C#N)cc1F,0.0011669591175094314
COCCN1CCC(NCC(OC)c2cccc(Cl)c2F)CC1,0.0011367518306279573
COCCn1cc(C2COCCN2C(=O)C2CNC(=O)C2)nn1,0.000160779103975727
COCc1cc(CNC(C)c2sncc2Br)no1,0.0007170686598463639
COc1cc(NC(=O)N2CC3(CCC3)C[C@@H]2C)sn1,0.0015279733469893404
COc1ccc(C(C)CN2CC3CCC2(C(N)=O)CC3)cc1,0.0004916164627647907
COc1ccc2c(c1)OCCN2C(=O)N[C@@H]1COC[C@H]1OC,0.0008314678054386308
COc1cccc(CNC(=O)N2CC(C)c3ncccc32)c1OC,0.0011748906733239483
COc1ccncc1C(=O)N[C@H]1CCCC(F)(F)[C@@H]1O,0.0005587478570533782
CS[C@H]1C[C@H](NC(=O)Nc2cnn(C3CCN(C)CC3)c2)C1,0.000899168852002214
CSCC(=O)N1CCN(C(=O)c2cc3n(n2)CCO3)CC(O)C1,0.00021440386636058437
CSCC(NS(=O)(=O)CCCn1cnnn1)c1ccccc1,0.00027523758124979044
CSCCC(=O)NC[C@H]1CCCN(C(=O)C(C)c2ccccn2)C1,0.1298845110367248
Cc1cc(C(=O)N2CCN(C(=O)c3coc(C(N)=O)c3)CC2)[nH]c1C,0.22440718949132918
Cc1cc(C(=O)NCCN(C)C(=O)C(C)(C)C#N)c2nccn2c1,0.5330138485913131
Cc1cc(CC(=O)NCCC(C)NC(=O)C2(C)CC2)on1,0.0003143742656710177
Cc1cc(CCC(=O)NC(C)(CO)CC(F)F)cc(C)n1,0.0004967652847827302
Cc1cc(Cl)cc(CNCc2nnn(C)c2C(F)F)c1,0.0005244669072717739
Cc1cc2c(cn1)CCN2C(=O)N(C)CCN1CCNCC1,0.0005406365713331673
Cc1ccc(C(=O)N2CCCC(C(C)NC(=O)C3CCO3)C2)s1,0.0006051719210663489
Cc1ccc(CN(C(=O)NC2CC(C(=O)O)C2)C2CC2)cc1,0.0006557781510046127
Cc1cccc(C(O)CNC(=O)C[C@H]2COC(=O)N2)c1,0.0002938143839918878
Cc1ccccc1C(=O)N1CC(C)(C)O[C@@H]2COC[C@H]21,0.0003846854413423261
Cc1ccsc1CNC(=O)Nc1cnn(C(F)F)c1C,0.0013471315898813073
Cc1cncc(CN2CCCC(NC(=O)C3CCN(C)CC3)C2C)c1,0.000693199683041968
Cc1cncnc1NC[C@H]1C[C@@H](NC(=O)c2c(C)cccc2F)C1,0.0013381777436686445
Cc1cnsc1C(=O)NC1(C)CCCN(C(=O)c2cncnc2)C1,0.2750290309412489
Cc1n[nH]c(C)c1CCNC(=O)N1CCC(N(C)c2ccccc2)C1,0.001450463860771515
Cc1nc(C(C)C)sc1C(=O)N1CC2(COC(CNC(=O)CO)C2)C1,0.00045905924154049344
Cc1ncc(C(=O)N[C@H]2CC[C@H](NC(=O)COC(F)F)CC2)o1,0.1731345407826813
Cc1ncc(C(=O)NCC2CCN(C(=O)C3CC(N(C)C)C3)C2)s1,0.20974004913624833
Cc1nn(C)c(F)c1C(=O)NCC(C)c1ccccn1,0.0005260513127236761
Cn1cc(C(=O)N2CCCCC(NC(=O)CC3CSC3)C2)nn1,0.00034451209840136057
Cn1nc2c(c1CNC(=O)C(c1ccccc1)N1CCC(O)C1)CCC2,0.0005445776900497984
Cn1ncc(C(=O)OCC2(O)CCSCC2)c1C#N,0.20935511732679676
Cn1nncc1C(=O)N1CCN(C(=O)C2CCC(F)(F)CC2)CC1,0.0005731354907952285
Cn1nnnc1N1CCC2(CCN(C(=O)CNC(=O)C3CC3)C2)C1,0.00023487914038782808
Cn1nnnc1NC1CC2CCC1CC2C(=O)OC(C)(C)C,0.0004041085959480919
N#CCc1ccc(Cn2ccc(CNC3CCNC3=O)n2)c(F)c1,0.0005742662691887504
O=C(CC1CC(n2cnnc2)C1)NCC1CCOCC12CCCCC2,0.0015158496041642203
O=C(CN1CCCC1=O)NC1CCCN(CC2CCC(F)(F)C2)C1,0.22510504041233434
O=C(N[C@H]1CC[C@H](NC(=O)C2(O)CC2)CC1)c1ccc2ocnc2c1,0.37278830132930196
O=C(NC[C@H]1C[C@H](NC(=O)C2(n3cnnn3)CC2)C1)c1ccc[nH]1,0.00022556157182587288
O=C(NCC1(NC(=O)C2CCCO2)CCC1)c1cc2cc(F)ccc2[nH]1,0.0004853111537780096
O=C(NCC1(n2ccnn2)CC1)C1CCOC2(CCOCC2)C1,0.0009541765095329797
O=C(NCC1CCN1C(=O)c1cnc2c(c1)COCC2)C(F)F,0.0002470363148704704
O=C(NCCn1cccn1)c1cc(C2CCCO2)n[nH]1,0.0002730951043933922
O=C(O)C1N(C(=O)Cc2ccc3c(c2)COC3)CC12CCCCC2,0.23991620212584433
O=C(c1ncn2c1CCCC2)N1CCC(OCc2ccccc2)CC1,0.000656884045256163
O=C1NCCCC1NC(=O)N1CCCCc2ccccc21,0.0007566271052049785
OCCC1CN(CC2(C(F)(F)F)CCCCC2)C1,0.0004187011321433201
FC(F)Oc1cccc(N[C@H]2C[C@@H](OC(F)F)C2)n1,0.0005638449926743145
C[C@@H](CNC(=O)COC1(C)CCC1)NC(=O)c1nccc2[nH]ccc12,0.0006657654196673187
C[C@H](CNC(=O)c1nccc2cccnc12)NC(=O)C1(C)CC(F)C1,0.33818622894684325
C[C@H](c1ccccc1)N1CCC(NC(=O)[C@H](C)O)CC1,0.0003768941225145285
CC[C@@H](NC(=O)c1ccc(Cl)cc1NC(C)=O)C(N)=O,0.00043514254637160634
CC[C@H](C)[C@H](O)C(=O)NCC1(O)CCN(C(C)c2ccc(F)cc2)C1,0.00040502848459267343
CC(=O)N1CC(C)(C)C[C@H]1CNC(=O)c1cccc(Cl)c1C,0.000513613873907497
CC(=O)N1CCC2(CCCN2C(=O)c2cnc3cn[nH]c3c2)C1,0.00035184024504841463
CC(=O)NC(C)C(=O)N1CC(Nc2ncc(C)c(O)n2)CC1C,0.0005298311375869462
CC(=O)c1csc(C(=O)NC(C)CC(C)NC(=O)C2CC2C)c1,0.0006422936018109423
CC(C#N)Oc1ccccc1NC(=O)NCc1cncs1,0.0013157779841714355
CC(C(=O)N1CC(NC(=O)C2(C#N)CCOCC2)C1)n1cccn1,0.00044070221739651763
CC(C)(C)C(Cn1ccnc1)NC(=O)Cc1cccc(O)c1F,0.0004338938570330736
CC(C)(C)C1(CNC(=O)CO)CCN(C(=O)c2csc(=O)[nH]2)C1,0.1690893680724774
CC(C)(C)OCC(=O)N1CC2CCC1C(NC(=O)[C@@H]1CCOC1)C2,0.0003921743091526451
CC(C)C1(O)CCN(c2ccc(S(C)(=O)=O)nn2)CC1,0.0005719152917441615
CC(C)CC(C)(CN)NC(=O)C1CCOC(C(C)C)C1,0.00039765680737430064
CC(C)c1nc(CS(=O)Cc2ncnn2CC(F)F)cs1,0.0005917070710539892
CC(C)n1cc(NC(=O)N2CC(CO)C3(CCC3)C2)cn1,0.0004091324359723179
CC(C)n1ccnc1C(=O)NCCN(C)c1ncc2c(n1)COC2,0.00042805739040880443
CC(CCNC(=O)c1cn(C)cn1)N(C)C(=O)CC(C)C1CC1,0.0006015794881005031
CC(CNC(=O)[C@@H]1CNC(=O)C1)CN(C)C(=O)CCC(F)F,0.0002960808749852654
CC(CNC(=O)c1ccc(N)cn1)N(C)C(=O)C1(N(C)C)CCCC1,0.14543405694657371
CC(CO)C(=O)NC1CN(C(=O)C2CCS2(=O)=O)CC1(C)C,0.09908956028187667
CC(NC(=O)C1(C#N)CCNCC1)c1nc(C2CC2)no1,0.0009149559472378136
CC(O)CCCN1CCC(CCNC(=O)CC2CCCO2)C1,0.0006268500658549585
CC(OCC1CC1)C(=O)N1CCCC(C)(NC(=O)c2ccncn2)C1,0.21291536277806844
CC1(C(=O)NCC2CN(C(=O)c3ccnn3CCF)C2)CC(F)(F)C1,0.000374610413079826
CC1(C)C(CNC(=O)CO)CCN1C(=O)c1ccc2c(c1O)CCC2,0.0003700143910714563
CC1(C)CC(C(=O)N(CCO)Cc2cccnc2)CN1,0.0004337002844288641
CC1(NC(=O)C2CCC2)CN(C(=O)C2NC(=O)CC2C(F)(F)F)C1,0.1885952346079496
CC1C(C(F)(F)F)CCN1c1nnnn1C1CCCC1(C)O,0.0008364234292282839
CC1CC(CNC(=O)OC(C)(C)C)CN1CC1(S(C)=O)CC1,0.0008781260071946192
CCC(C(=O)NC1CC(N(C)C)C1)C1(O)CCCCC1,0.0007439792041451251
CCC(C)(C#N)C(=O)N[C@@H]1CCN(C(=O)c2cc(OC)ncn2)C1,0.0006489367765559775
CCC(C)C(=O)N1CCCC(N(CCO)C(=O)COCC(F)F)C1,0.00041023416647274
CCC(CC(F)F)C(=O)N1C[C@@H](F)C[C@H]1CNC(=O)C(C)(O)CC,0.000548171935629407
CCC(CC)(CC)C(=O)N[C@H]1[C@@H]2CN(C(=O)c3cc(C)n[nH]c3=O)C[C@@H]21,0.00031956161334983625
CCC(CC)CC(=O)N[C@H]1C[C@@H](CNC(=O)C(C)n2cc(C)cn2)C1,0.000669272306312005
CCC(CC)NC(=O)C(C)N(C)CCNC(=O)c1c(C)ncn1C,0.00047964202267926256
CCC(O)CC(=O)NC1(C)CN(C(=O)C(C)(O)C2CCC2)C1,0.0003219184635153268
CCC1(C(=O)N2CC3CCC(C2)N3Cc2nc(C(C)(C)C)co2)CC1,0.000943535779636512
CCC1(c2cn(CC(=O)NC3CN(C(=O)NC)C3)nn2)COC1,0.00016351196778561518
CCC1=NOC(C(=O)N2CCC(NC(=O)CN(C)C)C(C)(C)C2)C1,0.14348384939150952
CCCC(=O)c1cn(C[C@H](CC(C)C)NC(=O)CCc2nnc[nH]2)nn1,0.0003299267892295006
CCCC(C)C(=O)NCC1CN(C(=O)CN(C)S(C)(=O)=O)C1,0.16242850617529067
CCCC(CCCO)C(=O)NCCN(CC)C(=O)c1cnn(C)n1,0.0005070318702147845
CCCC1CCCCN1C(=O)c1cnn(CC2CCCCO2)c1,0.0009861533375894289
CCNC1CCN(C(=O)c2cc(OC)c(OC)cc2C)CC1,0.0006947780038885238
CCOC(C)(C)C(=O)NC1CCN(C(=O)c2ncsc2C)C1,0.18065035540373317
CCOC1CC1C(=O)NC[C@@H](C)NC(=O)Cc1ccnc(N)c1,0.1723856888885994
CCc1cc(=O)[nH]c(NC(=O)C2(c3ccc(Br)cn3)CC2)n1,0.0004927096699171965
CCc1ccc(C(=O)N(CC)CCNC(=O)Cc2cnco2)cc1,0.00039032551299695786
CCc1csc(CC(=O)N2CCC[C@@H]2CNC(=O)C(C)(F)F)n1,0.0003626403255324712
CCc1ncoc1C(=O)N[C@H]1[C@@H]2CN(C(=O)c3ccc(C)s3)C[C@@H]21,0.5835986288880574
CCc1ncoc1C(=O)NC(CC)CNC(=O)C1=C(C)CCCC1,0.00031623641171677825
CN(C(=O)N1CCC(C)(C(=O)OC(C)(C)C)C1)c1nnco1,0.0012014706415494562
CN(CCC1CC1)C(=O)CN1C(=O)CSc2ccccc21,0.0008257370780343636
CN1CC(C(=O)N[C@@H](c2ccc(F)cc2)C(F)(F)F)C(C)(C)C1,0.0004719344112294675
CN1CC(O)CC1(C)C(=O)N1CCN(C)CC1(C)C,0.00023729120051234164
CN1CCC(C)(NS(=O)(=O)c2cccc(F)c2C#N)C1,0.0004610969872046935
CNC(=O)CCC(=O)N1CCN(C(=O)COc2ccon2)[C@@H](C)C1,0.16374476322979756
CNC(=O)CN1CCC(NC2=NCC3c4ccccc4CCN23)CC1,0.0007996699978250595
CNC(=O)NC(=O)CN1CC[C@@H](NC(=O)Cc2nonc2C)C1,0.00011842070085249799
CNC(=O)c1cc(C)nc(NC[C@H](C)NC(=O)[C@@H]2[C@H]3COC[C@H]32)n1,0.0002699602843323722
CNC1(C(=O)N(C)Cc2cccc(C3CC3)c2)CCC1,0.0005183314267797361
COC[C@H](O)CN1CCCC(NC(=O)c2cc(C(N)=O)no2)C1,0.1320330438047515
COC(=O)[C@@H]1C[C@H]1COC(=O)c1cncc(-c2cncnc2)c1,0.0010674732819511393
COC(=O)N[C@H]1CCN(C(=O)c2ccc3c(c2)SCC(=O)N3)C1,0.0005081436062637891
COC(=O)c1c(C(C)NCc2cn(C)nn2)nsc1C,0.0004616658532253429
COC(=O)c1cc(CN2CC(C#N)C2)n2c1CN(C(=O)OC(C)(C)C)CC2,0.46569262404603173
COC(=O)c1oc(C(=O)NC(C)CN(C)C(=O)C2CC2C)cc1C,0.000419249103219922
COC(C(=O)NCC1CN(C(=O)c2cncnc2)CCC1C)C1CC1,0.0004983634919322091
COC1(CNC(=O)c2ccc(C)cc2)CN(C(=O)[C@@H]2CCC(=O)N2)C1,0.0002292808196959257
COC1(c2ccc(C(=O)N3CC(n4cc(CO)nn4)C3)cc2)COC1,0.17024457325712555
COC1CCC(C(=O)N2CC(C)C(NC(=O)C3CCCOC3)C2)C1,0.0003512952652019471
COCC(=O)NCC1(CCNC(=O)c2ccc(SC)cc2)CC1,0.0007577153183416738
COCC(=O)NCCC1(O)CN(C(=O)c2ccc(C)cc2F)C1,0.00025298079963282017
COCC(CS(=O)(=O)NC(=O)C(N)c1ccc(Cl)cc1)OC,0.00033214196530426766
COCC(O)C(=O)NCCN(C(=O)c1cnc(C)n1C)C1CC1,0.0003803591184587507
COCCC(=O)N(C)CCNc1nccc(-c2ccccc2F)n1,0.0010019168177182133
COCCC(C)(O)CNC(=O)C1CNCC12COC2,0.0002396185337276759
COCCC1(NC(=O)C(C)Cn2nnc3ccccc32)CCC1,0.0007170696786791591
COCCN1CCCC1CNC(=O)NC1CCc2cn[nH]c21,0.00047062021376097414
COCCc1cn(C2CC(C(=O)N3CCCC(NC(N)=O)C3)C2)nn1,0.0003180391610857512
COc1cc(C(=O)NC(C)(CNC(=O)C23CC2C3)C2CC2)ccc1F,0.17207114514289024
COc1ccc(C2CN(C(=O)Cn3cn[nH]c3=O)CCO2)c(OC)c1,0.00030697725920614553
COc1ccc(Cl)c(NC(=O)CNC(=O)N(C)Cc2ccco2)c1,0.0013256289441841173
COc1cccc([C@@H]2C[C@H]2CNC(=O)NCc2cc(C(=O)O)co2)c1,0.0008863696114121514
COc1cccnc1NC(=O)NCC1CCN(S(C)(=O)=O)CC1,0.0004362097690396029
COc1nc(C)ccc1C(=O)N1CC([C@@H](C)NC(=O)C2CCOC2)C1,0.0003101960872106569
COc1nc(C)ncc1C(=O)Nc1cccc2c1COC2=O,0.3823204278822513
CSc1ccccc1N(C)C(=O)NC1COCC1C1CC1,0.0006069500684768272
Cc1[nH]nc(C(=O)N2CC[C@@H]3CN(C(=O)C(C)(C)F)C[C@@H]3CC2)c1C,0.000510876579242466
Cc1cc(C(=O)NCC(C)NC(=O)C2COCCO2)n2ncnc2n1,0.0002371081580970634
Cc1cc(NC(=O)NCCc2ccsc2)ccc1C(=O)N(C)C,0.0008472209268710829
Cc1cc(Cl)cc(C(C)NC2CC3OCCCC23)c1,0.0010221469101697276
Cc1ccc(C(=O)N2CC[C@@H](NC(=O)C3CC(C)OC3C)C2)nc1C,0.30088283303192465
Cc1ccc(C(=O)N2CCCC(NC(=O)[C@H]3CC3(C)C)C2C)nc1,0.0007348838190617434
Cc1ccc(C(=O)N2CCCC2CN(C)c2cc(O)nc(C)n2)s1,0.0015456667517818224
Cc1ccnc(N2CC3CCC(C2)N3C(=O)C2NC(=O)CC2C)n1,0.2961834892712925
Cc1ccoc1C(=O)NCC12CC(Nc3cnc(C#N)cn3)(C1)C2,0.0015596048346762333
Cc1cn(C)nc1C(=O)N(CCN(C)C(=O)[C@@H]1C[C@H]1C)C(C)C,0.0004961270238495632
Cc1cnc(N2CCCN(C(=O)c3[nH]ncc3Cl)CC2)s1,0.0012724236294033074
Cc1cnn2c1CN(C(=O)NCC1CC(S(C)(=O)=O)C1)CC2,0.0003990969761575527
Cc1csc(=O)n1CC(=O)Nc1cccc(COC(C)C)c1,0.0007710741389444469
Cc1nn(CCS(C)(=O)=O)c(C)c1CNCC(O)CF,0.00021046749930513117
Cc1nnsc1CN1CCC[C@H](NC(=O)c2cncnc2)C1,0.00025453488962084644
Cc1noc(C(=O)N2CCC(CNC(=O)[C@@H](C)N(C)C)C(C)C2)n1,0.00029473611793630735
Cc1noc(Cc2noc(C3(C)CCN(C(=O)OC(C)(C)C)CC3)n2)n1,0.0004530226153376062
Cc1onc(-c2ccccc2)c1C(=O)N1CCC2(CC(C#N)C2)C1,0.0018014357405680152
Cn1ccnc1C(CCc1nnc2n1CCCC2)C(F)F,0.0004172597193113383
Cn1nccc1CC(=O)NC1CCCC(NC(=O)c2ccncc2)C1,0.0010607336828185822
N#Cc1cn(CC(=O)N2CCC(C(=O)NCC(F)(F)F)CC2)c(=O)[nH]1,0.0006589780404310829
N#Cc1cncc(N[C@H]2C[C@@H](CNC(=O)c3ccncc3Cl)C2)n1,0.0015570860782360921
NC1CC2CCC1N(CC1COc3ccccc3O1)C2,0.00039708215637501086
NC1CCCc2cc(C(=O)N3CC[C@@H](O)[C@@H](O)C3)ccc21,0.0004164720968286291
O=C([C@H]1CCOC1)N1CCN(C2CN(C(=O)C(F)(F)CO)C2)CC1,0.00020171684745820255
O=C(Cc1ccc2c(c1)OCO2)OCC(=O)N1CCc2sccc2C1,0.00033741323662433574
O=C(Cc1ccccc1F)NCCN1CCN(C(=O)c2ccoc2)CC1,0.0004219019340631741
O=C(NC[C@H]1C[C@@H](Nc2nc3cc(F)ccc3o2)C1)[C@@H]1CCOC1,0.0009341701987703086
O=C(NC1CCN2CCC1C2)c1ccccc1-c1ncc[nH]1,0.5347448131690098
O=C(NCC(O)CF)C1CC2(C1)CC1(CC(F)(F)C1)C2,0.0005574531668408072
O=C(NCC1CC(C(F)F)C1)C1(c2cnco2)CC1,0.00034495257353786394
O=C(Nc1nc2n(n1)CCCC2)N1C[C@@H]2CCO[C@]2(CO)C1,0.0005170241211132189
O=C(c1nsnc1O)N1CCCC2(C1)CN(c1ncns1)C2,0.4287087303375362
O=C1OC(C(=O)Nc2nc(-c3cn[nH]c3)n[nH]2)Cc2ccc(Cl)cc21,0.6012091539278424
O=S(=O)(CCC1CS(=O)(=O)C1)NC1[C@H]2CC[C@@H]1C2,0.00023741781141168038
O=S1(=O)CCC(CCNc2nccn3nnnc23)C1,0.00045245190065175113
C[C@@H](NC(=O)c1cncnc1)C1CN(C(=O)Cc2ccccc2)C1,0.0003839898581053112
C[C@@H](O)CN1CCN(C(=O)NC2CCC(=O)CC2)CC1,0.00025088380383930776
C[C@H](CNC(=O)c1cc(O)nn1C)NC(=O)C1CCc2cnn(C)c2C1,0.0001895726110791523
C[C@H](CNc1ncc2c(ncn2C)n1)NC(=O)[C@@H]1[C@H]2COC[C@H]21,0.000689963744409902
C[C@H](NC(=O)C1CC(C2CCCCC2)=NO1)c1ccn(C)n1,0.0008155160391616165
C[C@H]1CCCC[C@H]1Nc1cc(C(N)=O)nc(Cl)n1,0.4358759456258806
CC(=O)NCc1cn(C2CN(C(=O)CCn3cccn3)C2)nn1,0.00018188209531691164
CC(=O)c1cn(CC(=O)NC(C)CNC(=O)C(C)(C)O)nn1,0.07575318105239691
CC(C)(C)c1nsc(N2CCCCC2CNC(=O)c2ccno2)n1,0.0005637975728770624
CC(C)(CNC(=O)c1cnc2ccnn2c1)C1COCC12OCCO2,0.0003451169775752416
CC(C)(NC1CC1)C(=O)N1CCC(OC(F)(F)F)C1,0.00046994991477733835
CC(C)C(=O)N1C[C@@H]2CN(C(=O)c3cnn4c(=O)cc[nH]c34)C[C@@H]2C1,0.20605308635729952
CC(C)C(CCN(C)C(=O)c1cnccn1)NC(=O)C1CCC(=O)N1,0.0002391855187400787
CC(C)CC(=O)NCC1C(C)CCN1C(=O)c1ccc2c(c1)OCC2,0.00035791695070486635
CC(C)NS(=O)(=O)CCNC(=O)c1cncc2cnccc12,0.00032027590129399876
CC(C)O[C@@H]1COC[C@H]1OC(=O)c1ccc(Br)cc1,0.0005767698006206884
CC(C)n1cnc(S(=O)(=O)N2CCC(CC(F)F)CC2)c1,0.0006637245577876541
CC(CN(C)C(=O)C1CC2(CC2)C1)NC(=O)c1ccc(C(C)(C)C)[nH]1,0.00048134737712735975
CC(CN(C)C(=O)c1nc(O)n(C)n1)NC(=O)C1(NC(N)=O)CC1,0.00016105418251343223
CC(NC(=O)[C@@H]1C[C@@H]1CO)c1ncnn1-c1ccccc1,0.0003560669832017022
CC(NC(=O)CCC1CC1)C1(O)CCN(C(=O)c2ccc(C#N)[nH]2)C1,0.0010249154643982364
CC(c1cccc(F)c1)N1CCN(CC(O)COC(C)(C)C)CC1,0.000617472395920158
CC1(C)Cc2cc(C(=O)N3CCC4(COCCO4)C3)ccc2O1,0.0005278422519055038
CC1(F)CC(NC(=O)Nc2c(F)cccc2N2CCNC2=O)C1,0.3248957425065805
CC1C(N2CCCC2)CCN1C(=O)c1cncc(-n2ccnc2)n1,0.5115550669321064
CC1CC(C)(C(=O)N2CCCC2CNC(=O)c2cnsn2)C1,0.0005666140648913503
CC1CC(NC(=O)Nc2cnn(C)c2)CN1C1CCCCC1,0.0016077951034632802
CC1CC1C(=O)N1CCC(CNC(=O)CCC2CC(C)(C)CO2)C1,0.00045343402564310516
CCC(C)(C)C(=O)NS(=O)(=O)CC1(OC(C)C)CCOC1,0.17280064110098275
CCC(C)(OC)C(=O)NCC(C)N(C)C(=O)C1CCC2(CCC2)O1,0.13786605692755682
CCC(Nc1nc(C2CCOCC2)ns1)C(=O)OC(C)(C)C,0.0006109918945768352
CCC(O)(CC)CN(C)C(=O)c1cnn(C(F)F)c1,0.0005148928801565137
CCC1(Cn2nnnc2N2CCCC(C(=O)NC)C2)COC1,0.0005873931345394681
CCCC(C)C(=O)N1CCn2ncc(CNC(=O)C(C)(C)OC)c2C1,0.0005841268577207467
CCCC1(C(=O)N2CC3CCCC(C2)N3C(=O)Cn2ccnn2)CC1,0.4939286319700595
CCCCC(=O)N1CCC[C@@H](NC(=O)c2ccccc2OCC#N)C1,0.0014534571614993215
CCCCn1cc(NC(=O)N[C@@H]2C[C@H](C(=O)OC)C2(C)C)nn1,0.0006380655747341112
CCCN1CC(C(C)NC(=O)[C@H]2C[C@@H]2C(F)F)C1,0.0002726458500278345
CCN(C(=O)NCc1ccc(C)n(C)c1=O)c1ncccc1C,0.0011751911854731708
CCN(C(=O)c1ccccc1OC(F)F)C(C)CS(C)(=O)=O,0.0004473391945434994
CCOC(=O)N1CCC(NC(=O)Nc2ccsn2)C1,0.000592155411858331
CCOC(=O)c1cc(=O)n(Cc2cc(COC)cnc2OC)cn1,0.000292152625924384
CCOC(=O)c1cnn(CCNC2(c3nnc[nH]3)CC2)c1N,0.00019869708877198213
CCOC(=O)c1n[nH]c(CNC(=O)[C@H](CC)N(C)C)n1,0.00022177502458097293
CCOC(C(=O)NCC(C)CN(CC)C1CC1)C1CCOC1,0.0003763824494393126
CCOC(C)(C)C(=O)N1C[C@@H]2C[C@H]1CN2C(=O)C1(CO)CC1,0.00030054736286462666
CCS(=O)(=O)C1CCN(C(=O)NCC2CC23CCC3)CC1,0.17389490551560607
CCS(=O)(=O)CCC(N)C(=O)NC(COC)c1cccc(F)c1,0.0003030518566878152
CCc1cccnc1CNC(=O)C(C)(C(C)C)n1cccn1,0.0003737268814556572
CCc1nc[nH]c1C(=O)N1CCC(NC(=O)C(C)(C)CO)C1,0.0003582314656758388
CCc1nc(C)ncc1C(=O)N1CC(CN(C)C(=O)[C@H]2CCCO2)C1,0.22569503863067897
CCc1nc(NC(=O)CC2CC3(CCCC3)CO2)sc1C(=O)OC,0.0015565138399974204
CCc1ncoc1C(=O)NC[C@@H](C)Nc1nccc(C#N)n1,0.0008645601371704876
CCn1ccc(CC(=O)N2CC3(CCCN(CCOC)C3)C2)n1,0.0005846644668854183
CCn1cnc(C(=O)N2CC(NC(=O)[C@H]3CCCCN3C)C2)c1,0.15894654783587142
CN(C)C(=O)Cn1cc(-c2ccc3c(c2)CCS3(=O)=O)nn1,0.00036042363097524326
CN(C)C(=O)N[C@H]1CCN(C(=O)Cc2ccc3c(c2)CCC(=O)N3)C1,0.00040308939166751816
CN(C)C(C)(C)C(=O)N1CCC[C@H](NC(=O)c2cc3ccccc3[nH]2)C1,0.0008852808899577099
CN(C)c1ccc(C(=O)NCC2(CCNC(=O)C3CC3)CC2)nn1,0.23109920451251767
CN(CC1(O)CCC1)C(=O)Nc1ccc2c(c1)C(=O)NCCC2,0.2969572594677167
CN(CCNC(=O)C1(C#N)CC1)C(=O)c1ccccc1-c1ccccc1,0.7714016276187592
CN(Cc1cccc2c1OCO2)S(=O)(=O)CC1(C)CC1(F)F,0.0006254123422448146
CN1CC(NC(=O)C2CCc3[nH]nnc3C2)CC12CCOCC2,0.0003951057684315346
CN1CCCC(NC2CCN(c3cnccn3)CC2)c2ccccc21,0.7326721931221442
CO[C@H]1C[C@@H](NC(=O)OC(C)(C)C)CN(C(=O)NC2CC23CC3)C1,0.3009232092840184
COC(=O)[C@@H](NC(=O)[C@@H]1CCCN1C)[C@@H](C)OC(C)(C)C,0.0003065057225526706
COC(=O)CN(C(=O)C[C@H]1CNCCO1)C1CCOCC1,0.00032685805093564374
COC(=O)c1cc(C)ccc1S(=O)(=O)N1C[C@@H](F)[C@@H](OC)C1,0.00043909245250899114
COC(=O)c1cccc2c1N(C(=O)Cn1ccc(=O)[nH]c1=O)CCC2,0.0005178072982193653
COC(CS(=O)(=O)Nc1cn(C)nc1C(C)C)c1ccccc1,0.0012773424669842322
COC1(CNC(=O)c2cncc3c2CCC3)CCSC1,0.0004583420192298605
COCC(=O)N[C@H]1C[C@@H](NC(=O)[C@H](O)c2ccc(F)cc2)C1,0.00029443019073847
COCCN(C)CC(O)CN1CCC(C)(C2CC2)CC1,0.00036903131931953487
COCCN1CCn2ncc(CNC(=O)Cc3ccsc3)c2C1,0.00025709358031320815
COCc1ccc(C(=O)Nc2n[nH]c(C(=O)OC)n2)cc1,0.00036333561522070625
CON1CCC(NC(=O)c2ccc(CC(=O)NC(C)(C)C)cc2)CC1,0.0003478898538042238
COc1cc(C#N)ccc1S(=O)(=O)N1CCCCC1CC(C)O,0.0003867680868489893
COc1cc(NC(=O)c2cccc(S(=O)(=O)N(C)C)c2)nn1C,0.0007827451551192078
COc1cc(Br)cc(C(=O)NCc2nccn2C)c1,0.000686391920922188
COc1ccc(C(=O)C(CNC(=O)CO)CC(C)C)cc1F,0.00048745415412018044
COc1ccc(C(=O)N2C[C@@H](F)C[C@H]2C(F)(F)F)c(C)c1OC,0.0007115078549214516
COc1ccc(OC)c(CN(CCC#N)C(=O)C2CC(C(C)C)=NO2)c1,0.0012740561141686435
COc1cccc(C2=CCN(Cc3cc4n(n3)CCOC4)C2)c1,0.30846503051757695
COc1cccc(NC(=O)NC2CC(OC)C23CCC3)c1F,0.0017275534687354644
CSCCC(=O)N1CC(NC(=O)COC2CCCCC2)CC1C,0.0005742743836086423
Cc1c(C(=O)NCc2ccncn2)c(Br)nn1C,0.0005611894253224534
Cc1cc(=O)cc(C)n1CCCC(=O)Nc1cnn(C)c1C,0.000925705667266979
Cc1cc(=O)n(CCNC(=O)C2CCC2CC2CCC2)cn1,0.0005586115666360748
Cc1cc(C(=O)O)n2nc(C)c(C(=O)NCC3CCC(F)C3)c2n1,0.0007407963375307568
Cc1cc(C(C)C)nc(N2CCN(c3cc(=O)[nH]nc3Cl)CC2)n1,0.3152409627839975
Cc1cc(C)cc(C(=O)N2CCOCC2CNC(=O)CC(C)C)c1,0.0003692279879524046
Cc1cc(S(=O)(=O)Cc2ccc(F)c(C#N)c2)c(=O)n(C)c1,0.0008562571059046797
Cc1ccc(C)c(OCCC(=O)NC[C@@H]2C[C@@H](O)CN2)c1,0.00033068488264540325
Cc1ccncc1CC(=O)NCC1(C)CCN(C(=O)[C@@H](C)O)CC1,0.0002443635194006825
Cc1ccnn1-c1ccc(NC(=O)N2CCSC3CCC32)nn1,0.0004386560039525385
Cc1ccnn1CC(=O)N1CCC(CNC(=O)c2cc(O)ccn2)C1,0.0002473361531880482
Cc1cnn(C(C)C(=O)N2CC([C@@H](C)NC(=O)[C@@H]3CCCO3)C2)c1,0.00038153826699118047
Cc1nc(C(=O)NCC2N(C(=O)C(C)(C)C#N)CCCC2(C)C)n[nH]1,0.3824407760540137
Cc1nn(-c2ccccc2)c(C)c1CC(=O)N1CCC1(C)C,0.0006913457491731073
Cc1nnc(N2CCN(C(=O)C3CCC4(CC3)CC4)CC(C)(F)C2)o1,0.0004061412764964629
Cn1cnc(C(=O)NC[C@H]2C[C@@H](NC(=O)C34CCC(CO3)C4)C2)c1,0.0005594272982514579
Cn1cncc1CNC(=O)N1CCC(F)(c2ccccn2)CC1,0.0004747138992979363
Cn1ncc(N)c1CCC(=O)Nc1cccc2c1OC(C)(C)C2,0.00143885827266879
Cn1nccc1N1CCN(C(=O)C2(C)CC(C#N)C2)CC1,0.0011305209201919048
Cn1nnc(C(=O)N2CCC2CNC(=O)C2C3CCC(=O)C32)n1,0.00013915336902478012
N#CC1(S(=O)(=O)N2CCC3OCCCC3C2)CCC1,0.0010451751822468669
N#CC1(Br)CCN(C(=O)c2scnc2C2CC2)C1,0.34231332768877515
N#Cc1ccc(CCNC(=O)Cc2cccc(C(F)F)c2)cc1,0.0006308002511723154
N#Cc1nccnc1N[C@H]1C[C@H](CNC(=O)C2CNC(=O)C2)C1,0.3121207706509778
NC(=O)c1ccc(NC(=O)CN2CCNc3ccccc32)cc1,0.4208130421516444
O=C(CC1CNC2(CCC2)CO1)N[C@@H]1CCCC[C@@H]1O,0.00040347771369314095
O=C(CS(=O)(=O)CCCc1ccccc1)NC1(CO)CCOC1,0.0002752401714112
O=C(Cc1cnns1)N1CCCN(C(=O)C2CCO2)CC1,0.00022228035053804428
O=C(Cc1coc(C(F)F)n1)N1CCCC12CCOCC2,0.0004775906995776407
O=C(Cc1nncs1)NC(Cc1nccs1)C(=O)O,0.000321400580170608
O=C(Cn1cc(-c2ccsc2)nn1)NC12CCC(F)(CC1)C2,0.0007160139812564194
O=C(Cn1cc(CNC2CCC2)nn1)NCCC1CCCCO1,0.0006614948653597362
O=C(NC1CCCCCN(c2nncs2)C1)C1CCSC1,0.0005955300001451308
O=C(NCC(O)CNC(=O)C1(CF)CC1)c1cccc2c1OCO2,0.0004142945658273443
O=C(NCC1CCOCC12CCC2)c1cc(O)ccc1Br,0.0006035737515887957
O=C(NCc1ccc(C2(C(=O)O)CC2)cc1)[C@H]1CC[C@@H](C(F)(F)F)O1,0.0005400922164680198
O=C1CCC(C(=O)N2CCC(NC(=O)C3(C4CCCO4)CC3)C2)N1,0.1831286000186498
O=C1CCC(C(=O)NC[C@H]2C[C@@H](NC(=O)c3ccnc(CO)c3)C2)N1,0.00020371635589459816
O=C1CCCN1CCNC(=O)N1Cc2ccccc2C1,0.0003993352879367655
O=C1OCC[C@H]2CN(S(=O)(=O)c3cncc(Br)c3)C[C@@H]12,0.0002921278892959964
FC(F)[C@@]12CC[C@H](C[C@@H]1NC1CCCOC13CCOCC3)C2,0.00043072540891864544
Fc1cc2c(cc1F)CN(C1CCN(c3cccnn3)CC1)CC2,0.0013652180832705479
Clc1cnc2cccc(CN3CCC4(CNCCO4)C3)c2c1,0.0006827332054144917
C[C@H](CNC(=O)CC1CC1)NC(=O)c1ccnnc1,0.10005649288883271
C[C@H](O)C(=O)N[C@H]1C[C@@H](NC(=O)c2cnc(C3CC3)o2)C1,0.0001364248619948798
C[C@H]1CN=C(NCC(O)c2ccc(Br)cc2O)N1C,0.001056352307475394
CC[C@@H]1CN(C(=O)c2ocnc2C)C[C@@H]1NC(=O)c1nn(C)cc1C,0.2728220407650324
CC(=O)CC1(C(=O)NC2CC(C)N(C(=O)c3ccncn3)C2)CCC1,0.000284697325719217
CC(=O)N(C)CCCC(=O)N1CC(CO)C2(CCOCC2)C1,0.00022822621357071295
CC(=O)N1C[C@H](O)C[C@H]1C(=O)N1CC2(C1)OC1(C)CC2(C)C,0.0
CC(C(=O)NC1CC(C)N(C(=O)c2cccc(CC#N)c2)C1)N1CCC1,0.0008725930090796462
CC(C)[C@@H](O)C(=O)N[C@H](C)C1CN(C(=O)CCCN2CCCC2)C1,0.0002810694482357456
CC(C)(C)OC(=O)N1C[C@@H](NCc2c[nH]c(C3CC3)n2)CO1,0.000315792588508151
CC(C)(C)c1cc(C(=O)NC[C@H]2C[C@H](NC(=O)c3cocn3)C2)[nH]n1,0.26391432916291857
CC(C)(C)c1ncc2c(n1)CCC(C(=O)NCC1CC(F)C1)C2,0.00045900108041571907
CC(C)(O)C(=O)NCC1CCCC1NC(=O)CC1(CO)CCCC1,0.0004356739852954512
CC(C)(F)CCC(=O)N1CC[C@H](NC(=O)c2cn3ccccc3n2)C1,0.0004656427254059361
CC(C)C(COC(F)F)NCC(C)(C)c1nn[nH]n1,0.00037532235485341915
CC(C)C1CCc2ccccc2C1NC(=O)C[C@H]1CCS(=O)(=O)N1,0.0004343545911590472
CC(C)CC(=O)NCC1(NC(=O)C2CCCC2O)CCOCC1,0.0006359323591211572
CC(C)NC(=O)CCCC(=O)N1c2ccccc2NC(=O)C12CCC2,0.0007593519014902325
CC(C)Oc1cccc(CN(C)C(=O)[C@@H]2CCO[C@@H]2C)c1,0.0005695150540528572
CC(C)c1cnn(C)c1C(=O)NCC1(NC(=O)[C@@H]2C[C@H]2C)CC1,0.0003800482554790398
CC(CC(C)(C)C)NC(=O)N(C)Cc1nc2c(n1C)CCCC2,0.0006508918658481339
CC(CN)(NC(=O)c1cc(-c2ccccc2F)on1)C1CC1,0.503736173205463
CC(CO)C(=O)N1C[C@H](C)[C@H](NC(=O)c2ocnc2C2CC2)C1,0.00042540572808385683
CC(CO)C(=O)NC1(CO)CN(C(=O)C2CCOC3(CCC3)C2)C1,0.00018104931921541243
CC(NC(=O)C12CCC(CC1)O2)C1(O)CN(C(=O)c2cnn(C)c2)C1,0.14939226310531964
CC(NC(=O)C1CC(=O)NC1(C)C)c1cnc2n1CCCC2,0.0003800226578191741
CC(NC(=O)Nc1ccc2ncccc2c1)C(O)C1CCC1,0.0010783794346348097
CC(O)C(=O)N(C)C(C)CNC(=O)c1ccsc1C(F)(F)F,0.0005350566001365649
CC(O)C1CC1C(=O)N1CCN(C(=O)COc2ccsn2)CC1,0.09966791405279625
CC(O)CCC(=O)N[C@H]1C[C@H](NC(=O)c2ccc3c(c2)COCC3)C1,0.0003584389829170147
CC(F)(F)c1cncc(NC(=O)N2CCSCC2)c1,0.0008367263244111356
CC1(C)CC(C(=O)NC2(CNC(=O)C3CCCC34CC4)CC2)CCO1,0.4448885880581243
CC1(C)CCC(C(=O)N2CCC2CNC(=O)c2cnnn2C2CC2)O1,0.14179391930262006
CC1(C)CCCN(C(=O)c2ncn3ccccc23)C1CO,0.0006558807158253226
CC1(NC(=O)[C@H]2CCCC(=O)N2)CN(C(=O)C2CCC(=O)CC2)C1,0.00028181125930811863
CC1(NC(=O)CCCc2nc[nH]n2)CCc2ccccc21,0.0004671967111881476
CC1CC(NC(=O)CC(F)(F)F)CCN1CC1CCOC1,0.00044326790621217156
CC1CCc2onc(C(=O)Nc3cnn(CC(F)(F)F)c3)c2C1,0.0010094084347320328
CCC(=O)NCC1CCCN(C(=O)c2cc3n(n2)CCCC3)CC1,0.00043649161143193807
CCC(NC(N)=O)C(=O)NC1CCCn2nc(C(=O)OC)cc21,0.0003826234526467813
CCC(O)CN(C(=O)Cn1nnc(N)c1C)C1CC1,0.00022801346894932555
CCCC(NC(=O)NCC1(NC)CCCCC1)C(=O)N(C)C,0.0006447052139134768
CCCC(O)CC(=O)NC1CCN(C(=O)c2cnco2)C12CCCC2,0.0005311974012752838
CCCN1CCC[C@H](NC(=O)c2cnc(OC(C)C)cn2)C1,0.0004978485867718467
CCCNC(=O)C(C)OC(=O)c1ccc2c(c1)CCCC2=O,0.00039507582068786055
CCN(C(=O)C(C)n1cc(-c2cccnc2)nn1)C1CCOC(C)C1,0.0010611747926330803
CCN(C(=O)C(O)C1CCC1)C(C)c1ccc(OC)cc1Cl,0.0006852941530424402
CCN(CC)CC(=O)N1CC2(CC(NC(=O)C3(C4CC4)CCC3)C2)C1,0.205219094849012
CCN(CCNC(=O)Cn1nnc(C)n1)C(=O)CC1CC2(CCC2)C1,0.00025929866818346893
CCOC(=O)C(CC)N(C)Cc1ccc(C)c(C(=O)OCC)n1,0.0004064742568744375
CCOC1CC2(C1)CC2C(=O)N1CCN(C(=O)C(C)O)C[C@H]1C,0.00023193881907843
CCOCC(=O)N1CCC1CNC(=O)c1cc(C)nc2onc(C)c12,0.00032936138973703287
CCOc1ccc(CCC(=O)N2C[C@H]3[C@H](CNc4nnco4)[C@H]3C2)cc1,0.000994987772550827
CCOc1cnc(C(=O)NC2CN(C(=O)C3CCOC3)CC2C)cn1,0.0003661575207921797
CCc1cc(C(=O)NC[C@@H]2C[C@H]2c2cnn(CC)c2)cn(C)c1=O,0.0005227805247456851
CCc1cccc(C(=O)NC(C)CC(C)NC(=O)C(C)CCO)c1O,0.0004119926021388403
CCc1ccsc1CNC(=O)N(CC)CCS(C)(=O)=O,0.0004385708618237515
CCc1nc(C)c(C(=O)N2C[C@@H]3C[C@H]2CN3C(=O)c2ccncc2)o1,0.19336635242726796
CCc1nnc(N(C)C[C@H]2CCCO2)n1CC(C)(OC)C1CC1,0.0008881318439576657
CCn1cnc(S(=O)(=O)N2CCCN(C(C)=O)CC2)c1,0.00026058030235932866
CCn1ncnc1CN1CCC(C)(CNC(=O)CCC(C)(C)F)CC1,0.000603905264328394
CN(C)CC1(C(=O)NCC2(O)CN(C(=O)C3CC4CCCC43)C2)CC1,0.1732818381432109
CN(CC(=O)N1CCC1)C1CCN(c2ccc(Cl)cc2F)C1=O,0.0008583944724938871
CN(CC1CCN(c2cc(O)ncn2)C1)C(=O)CCc1ccncn1,0.0006324911798439094
CN(CC1CN(C(=O)CS(C)(=O)=O)C1)C(=O)c1nccnc1N,0.0002869652983886131
CN(CCN)Cc1cnn2c1C(=O)N(C(=O)OC(C)(C)C)CC2,0.0002982034035753054
CN(Cc1cn(CC(=O)NCc2cnnn2C)nn1)C(C)(C)C,0.00029575983693715075
CN(Cc1nccs1)C(=O)[C@@H]1OC[C@@H]2CCC[C@@H]21,0.00043653374877829026
CO[C@]1(CN)C[C@H](C(=O)NCC(C)(C)Oc2ccccc2)C1,0.0007577521308034653
COC[C@H](NC(=O)C(C)NCC(F)(F)F)c1ccccn1,0.0003383253071348169
COC(=O)c1ccc(C(=O)N(C)Cc2cc(C#N)cs2)[nH]1,0.0006349525233514922
COC(=O)c1cccnc1N1CCC(N(C)C(=O)[C@@H]2C[C@H]2C)CC1,0.00037479764383932404
COC(=O)c1cnc(NCC2CCCC2NC(=O)C(C)SC)cn1,0.0009855050328041646
COC(C)(C)C(=O)N[C@H](C)CNC(=O)c1cnn2c1CC(C)CC2,0.00037666960615630895
COC1CN(C(=O)Nc2ccc3c(c2)NC(=O)CO3)CC1(C)C,0.0013894968768190824
COCC(C)CC(=O)N1C[C@@H](C)[C@@H](NC(=O)[C@H](O)C(C)C)C1,0.0006167183752297587
COCC1CCOCCN1S(=O)(=O)N1CC(C)CC(C)C1,0.000703330769373833
COCCN(C(=O)COC)C1CCN(C(=O)c2ccsn2)CC1,0.00034639288189191144
COCCN1CCCN(C(=O)Cc2cn[nH]c2)CC1=O,0.00025284432818153935
COCc1cncc(C(=O)N2CCC3COCC2C3)c1,0.0003214647581253793
COc1ccc(OCCN2C[C@@H]3OC(=O)N(C)[C@@H]3C2)cc1,0.0003705223421222452
COc1cccc(C2CCN(Cc3ccc(CC#N)cc3)C2)c1,0.0014807794616297592
COc1nc2ccccc2cc1C(=O)N[C@@H]1C[C@H]2CC[C@@H]1N2,0.0005065200070611617
CSCC(=O)N1CC(CO)(NC(=O)c2ccc(CO)cc2)C1,0.0002926862654586984
Cc1cc(NCC2CN(C(=O)Cn3ccsc3=N)CCO2)ncn1,0.0010059067046919357
Cc1cc(O)cc(C(=O)N[C@H](C)CNC(=O)C2CCC2F)c1,0.00043207665398418813
Cc1cc(F)cc(S(=O)(=O)N[C@@H]2CCC[C@@H]2n2ccnn2)c1,0.00035974755653264516
Cc1ccc(-c2cn(CCNC(=O)CCC(=O)N(C)C)nn2)cn1,0.00021734909497909244
Cc1cccc(NC(=O)C(C)N2CC(=O)N[C@H](CO)C2)c1,0.0004671950134464403
Cc1cn(C)nc1C(=O)N[C@H]1[C@@H]2CN(c3ccncn3)C[C@@H]21,0.00043418087172188965
Cc1nc(C(=O)N[C@@H](C)CCNC(=O)C(C)CO)nn1C,0.00027124839441567045
Cc1nc(C2CC2)ncc1C(=O)NCC(C)N(C)C(=O)[C@H](C)O,0.0002600457733483753
Cc1nc(C2CCCN(C(=O)NCC(C)(C)c3cnccn3)C2)[nH]c1C,0.0004668480053905744
Cc1nc(N)nc(NC(C)(C)CCNC(=O)CC2CC(F)C2)n1,0.3243807948129701
Cc1ncc(-c2cn(C3CC(NC(=O)[C@@H]4CCCO4)C3)nn2)n1C,0.001134498091020634
Cc1nn(C(C)C)cc1C(=O)N1CC(S(=O)(=O)NC2CC2)C1,0.0002215667967693265
Cc1nn(C)c(C)c1NC(=O)N1CCC(c2ccno2)CC1,0.001462371959525875
Cc1nnc(CN2CCN(C3CCN(C)C3=O)CC2)n1C,0.00018703767097980772
Cc1nnc(NC2CN(C(=O)c3ccnn3C(C)C)C2)o1,0.335309848788269
Cc1nonc1CC(=O)NC1CCCC2CCC1N2C(=O)C1CC1C,0.0006146165141961579
Cn1c(C#N)ccc1C(=O)N1C[C@@H]2CN(Cc3ccccc3)C[C@]2(C)C1,0.0013035155311638955
Cn1c(Cc2cnsn2)nnc1N1CCC(CC(N)=O)C1,0.14605669470110144
Cn1cc(C(=O)NC2CCCC23CCC3)c(=O)c2cnn(C)c21,0.001330790607249535
Cn1cc(OC2CN(CC(=O)NCC3CCCO3)C2)cn1,0.00045077891903003544
Cn1nc(C(=O)N[C@@H]2C[C@H]2CF)cc1Br,0.0004743622342891048
N#Cc1ccc(-c2n[nH]cc2C(=O)N2CCC(CN)C23CCC3)cc1,0.7562795311156372
N#Cc1ccc(C(F)(F)F)c(N2CC3(CCC3)C2C(=O)O)c1,0.0008766926737876552
N#Cc1ccc(NC2CC3(C2)CN(C(=O)Cn2cn[nH]c2=O)C3)nc1,0.0008849890727923674
N[C@@H]1CCCC[C@@H]1C(=O)N1CCNC(=O)C12CCC(=O)CC2,0.10668159038563729
NC(=O)Cn1cccc(C(=O)OCc2ccccc2C2CC2)c1=O,0.00036058995584946433
NC1CCCCN(C(=O)c2cnn3c2OCC(O)C3)C1,0.0003197963236157729
Nc1ccc(C(=O)N2CCCC(CNC(=O)[C@H]3C[C@@H](O)C3)CC2)nc1,0.0004910432180760208
O=C(CC1(CO)CC1)N1CCC[C@H]2CN(C(=O)C3CCCO3)C[C@H]21,0.0004375084649765572
O=C(CCC1CCOCC1)NCC(O)CNC(=O)c1c[nH]nn1,0.1018648010048822
O=C(CCCc1cccnc1)Nc1cnn(CCF)c1,0.0013385525404151053
O=C(NC[C@]1(F)C[C@@H](CO)C1)c1ccc(-c2nnn[nH]2)nc1,0.0008675472388856894
O=C(NC1CCN(C2CCOCC2)C1=O)N1CCc2ccncc21,0.0004181331174349897
O=C(NC1CCN(CC(F)F)C1)c1ccnn1C1CCC1,0.0004251036672301966
O=C(NCC1CC2(C1)OCCO2)C1CC(=O)N(c2ccccc2F)C1,0.00025729588714828967
O=C(NCC1CCC2(CNC2)O1)c1cc2[nH]cnc2cc1F,0.22885042397900301
O=C(NCC1CN(C(=O)c2cn[nH]c2)C1)c1cc2c(s1)CCC2,0.21014904566288542
O=C(OCC1CCCS1(=O)=O)c1cccc2c(Cl)cnn12,0.00046208731292773616
O=C(c1cccc(OC(F)F)c1)N1C[C@@H]2CCO[C@@H]2C1,0.0005926135728171304
O=C1CC2(CN1)CC(OC(=O)c1cccc(-c3cc[nH]n3)c1)C2,0.4131282801409499
O=C1CC2CCCC2(CNC(=O)CC(O)c2ccccc2Cl)N1,0.0007400312463534808
O=C1COCCN1CCCN1CCC(n2ccnc2)CC1,0.0008818442740718635
O=C1NCC2CCC1N2Cc1c[nH]c2ccc(Br)cc12,0.0004999563277096453
O=S(=O)(NCC1CCCC2(CCOC2)O1)c1cccc2ccncc12,0.0003857962396433862
C[C@]12CN(c3ccnc(Cl)n3)C[C@H]1CS(=O)(=O)C2,0.24339778530463807
C[C@@H](NC(=O)[C@]12CCC[C@@]1(OC)OCC2)c1ccc(C(=O)O)nc1,0.00035930647097774556
C[C@H](CNC(=O)c1cccnc1)NC(=O)c1cc2c(s1)CCCCC2,0.0010262122125059717
C[C@H](O)C(=O)N1C[C@@H]2C[C@H]1CN2C(=O)c1ccc(C2(C)CC2)cc1,0.00042396464656267567
C[C@H]1C[C@@H]1C(=O)N(C)C1CCCN(Cc2csc(C3CCCO3)n2)C1,0.0007947860231128721
CC[C@@H](NC(=O)N1CCN(c2ccc(Cl)nn2)CC1)C(F)F,0.0004861879985614914
CC(=O)N[C@H](C)C1CN(c2ccc(C#N)c(Br)c2)C1,0.000599329263628791
CC(=O)N(C)C1CCCN(C(=O)C(C)C2CCC2)CC1,0.0004068672025074796
CC(=O)N(C)CCN(C)Cc1cc(-c2ccco2)on1,0.0009414340701661885
CC(=O)Nc1cnc(C)c(C(=O)NCC2CC(C)CC(C)C2)c1,0.0008023237103275489
CC(=O)c1ccc(S(=O)(=O)N2CCC[C@@H]2CC(=O)O)cc1F,0.16023607918803115
CC(C)(C)C(CNC(=O)C(C)(C)O)NC(=O)CC1OCCCO1,0.0002851628450621315
CC(C)(C)C(NC(=O)N1CCc2cc(CO)ccc2C1)c1ncccn1,0.0005886585031404395
CC(C)(C)CC(=O)N1CC(N2CCN(C(=O)c3ccon3)CC2)C1,0.20401664280280749
CC(C)(C)OC(=O)N(CC1CC1)C(=O)CC1C(=O)Nc2ccccc21,0.0016661512554748052
CC(C)(C)OC1CCN(C(=O)C2CN(CC(F)(F)F)C2)CC1,0.0005256272718827306
CC(C)(CC(=O)N1CCCC1CNC(=O)c1ccc[nH]1)C(F)F,0.27192588086010855
CC(C)(CF)N1CCN(C(=O)c2cc(C(F)F)cs2)CC1,0.0005429868511752889
CC(C)C(C)CC(=O)NC[C@H](C)NC(=O)c1cc2n(n1)CCCO2,0.00043012592309420937
CC(C)C1CN(C(=O)c2cnn(CCN(C)C)c2)CCS1,0.0003258600240814857
CC(C)N1CCC(N2CC[C@H](NC(=O)C3(S(C)(=O)=O)CC3)C2)C1=O,0.09373572740207996
CC(C)Oc1cccc(CNC2CCc3nnnn3C2)c1,0.0002978664574709242
CC(Cn1cnnc1)Nc1ccc(NC2=NCCCN2)cn1,0.00031423577934528747
CC(NC(=O)N1CCN(C(=O)C2CC2)CC1)c1ccc(C#N)cc1,0.0011408686042718964
CC(NC(=O)c1ccc(-c2cnccn2)cn1)C1=NO[C@@H]2COC[C@H]12,0.2081742318692367
CC(O)(C(=O)NCC1(O)CCN(C(=O)c2cc(F)c[nH]2)C1)C1CC1,0.00031315135531645064
CC(O)C(=O)N(C)CCNC(=O)c1ccnn1CC1CC1,0.12957935671985768
CC(O)C(=O)N1CCC1CNC(=O)C1(c2ccccn2)CC1,0.0003405884585066409
CC(O)CC1CCN(C(=O)[C@@H](O)CCNC(=O)OC(C)(C)C)CC1,0.0003898099376276844
CC1(C)C(NC(=O)c2cc(O)nc3c2CNCC3)C2CCCOC21,0.0005215693042244953
CC1(C)CC(NC(=O)C(F)(F)C2(O)CCOCC2)C(=O)O1,0.000462489455262163
CC1(C)CC(NC(=O)c2cccc3nccnc23)=NO1,0.47314710824367995
CC1(C)NCCC1C(=O)N1CC(O)(CCc2cn(CCO)nn2)C1,0.0002607905781417473
CC1(CNC(=O)Cc2ccoc2)CCN(C(=O)C2C3CCC(=O)C32)C1,0.00045549984877982995
CC1(NC(=O)Cn2cc(Cn3cc(Cl)cn3)nn2)CCCNC1,0.0003179425928673291
CC1CCOC1CC(=O)NCCc1ccc(-n2cccn2)cc1,0.0009236045902665635
CCC(=O)N1CC(CC(C)NC(=O)C2CCC(NC(N)=O)CC2)C1,0.00035974893645037255
CCC(C)C(=O)N1CCC(NC(=O)c2ccc(CC#N)cc2)CC1,0.0006857090507578837
CCC(CC)C(=O)N1CC2(CCN(Cc3nncn3C)CC2)C1,0.0003551049586629705
CCC1(C(=O)NCCC(C)NC(=O)CCOC(C)C)CCC(F)(F)C1,0.26076319621616834
CCCC(CCO)CNC(=O)c1ccn(C2CC2(F)F)n1,0.00037991647660829135
CCCC1(C(=O)N2CCOC(C(C)NC(=O)[C@H]3C[C@@H]3C)C2)CCC1,0.00037275533639522646
CCCN(CCNC(=O)[C@@H]1C[C@H]1C)CCOc1cccc(C)c1,0.00036108080080110024
CCCN(CCNC(=O)C1CCC(C)O1)C(=O)CCn1ccnn1,0.00020758454638394
CCCc1ccc(C(=O)NC[C@@]2(C)CCCN2C(=O)[C@@H]2CC2(F)F)[nH]1,0.0007666201419814379
CCN1[C@@H](C)CN(C(=O)c2c(C)ccc3ncccc23)C[C@H]1C,0.0009046668560994504
CCN1CCOCC1C(=O)NC1COC2(C1)CN(CCC1CC1)C2,0.0003378534827794316
CCOC(=O)c1[nH]ncc1CN1CC(C)(C)C1c1ccncc1,0.00038559926179619863
CCOC(C)(C)C(=O)N[C@@H](C)CCNC(=O)C1(C)CS(=O)(=O)C1,0.09339478729131795
CCOCC(C)CS(=O)(=O)N1CCC(C)(c2ccc(OC)cc2)C1,0.0004001076446508389
CCSCC(=O)N[C@@H]1CCN(c2nc(CC)nc(Cl)c2C)C1,0.0015546473048820748
CCc1cccc(CC(=O)NC[C@H](C)NC(=O)c2ccccc2)c1,0.0004884977245802143
CCc1nc(CNCc2ccc(OC(C)C)cc2)n[nH]1,0.00041225094165645915
CCc1ncc(C(=O)N2CCCN(C(C)=O)CC2)c(=O)[nH]1,0.00025192942844265095
CCc1nnc(C(=O)NC2(CO)CN(C(=O)c3ccncc3)C2)[nH]1,0.08224763406781856
CCc1noc(CN(C)C(=O)c2cc(S(N)(=O)=O)oc2C)n1,0.00028844439271925214
CCn1cc(CN2CCN(C(=O)OC(C)(C)C)[C@@H](C)C2)cn1,0.0004664776544770509
CN(C(=O)[C@H]1C[C@@H](n2cnnc2)C1)C1CC2CCC(C1)N2C(=O)CO,0.0004469001151426655
CN(CC1CN(C(=O)C(F)C2CCC2)C1)C(=O)C1CCCOC1,0.0003039794450447728
CN(Cc1cnn(C)c1)C1CCCN(C(=O)c2ccc(=O)[nH]c2)C1,0.00023486238765872886
CN1CCN(C(=O)c2ccno2)CC1CNC(=O)c1cn(C)nn1,0.11404721585291762
CNCc1cn(-c2ccccc2CCC(=O)N(C)C[C@@H]2CCCO2)nn1,0.0005825633829165111
CNc1nc(C(=O)N2CC(CNC(=O)c3cn[nH]c3)C2)cs1,0.30343436845268856
CO[C@H](C)C(=O)NC1CCCN(C(=O)CC2(CSC)CC2)C1,0.0004350564702204608
COC(=O)[C@H](OC(=O)[C@H]1C[C@@]12CC2(F)F)C1CCCC1,0.2445518633602892
COC(=O)C(CNC(=O)c1sc(C(=O)O)cc1C)CC1CC1,0.0004048378962764913
COC(=O)Nc1cccc(NC(=O)CCc2c(C)noc2C)c1,0.0005519204399761045
COC1(CNC(=O)CCCn2nc(C)cc2C)CCCC1,0.0004893038446214371
COC1(CNC(=O)c2c[nH]c(C)n2)CN(C(=O)CC2CCCC2)C1,0.3176641548539277
COC12CCC(NC3CN(C(=O)OC(C)(C)C)C3)(CC1)C2,0.0005095182665698052
COC1CC(C(=O)N(C)C[C@H]2CCCN2C(=O)C(C)SC)C1,0.00046304897689201994
COC1CCCN(NC(=O)c2c[nH]nc2-c2ccccc2F)C1,0.0008425180051339174
COCC(C)(O)CC(=O)NC(C)CCNC(=O)C1(OC)CC1,0.00025337939646597705
COCC(C)C(=O)NC[C@H](C)NC(=O)c1c(F)ccc2[nH]cnc12,0.0009703085364979762
COCC1(CCNC(=O)c2nnn(Cc3cc(C)no3)c2C)CCC1,0.0005511029366856105
COCCC1(CNC(=O)NCc2cn(C)c3ccccc23)CCC1,0.4449865620263267
COCCc1nc(Cc2nnc(N3C[C@H](C)O[C@H](C)C3)n2C)no1,0.0005192796451270827
COCCc1nnc(-c2ccc(Cl)c(OC)c2)[nH]1,0.0010807313069606677
COCc1nc(O)cc(NC(C)CC(C)NC(=O)c2ccccn2)n1,0.0005879045052202734
COc1cc(C(=O)N2CC(c3nccc(O)n3)C2)cc2c1OCCO2,0.0005421544721698438
COc1cc(CC(=O)N[C@H]2C[C@@H](NC(=O)c3ccn(C)n3)C2)ccn1,0.13044078033902873
COc1ccc(C(=O)NC[C@H]2C[C@H](NC(=O)C(C)C)C2)cc1OC,0.0005511845480386869
COc1ccc(OC)c(C(O)CN2CC(O)Cc3ccccc32)c1,0.0015593053703794612
COc1ccc(OCc2cn(CCNC(=O)C3(O)CCC3)nn2)cc1,0.00031397632321476663
COc1ccccc1CCC(=O)NCC1(O)CCN(CCCO)C1,0.00031148417415749377
COc1cccnc1CS(=O)(=O)c1ccc(C(C)=O)cc1,0.0004681817598831296
COc1cnc(N2CC[C@@H](NC(=O)CC(C)C(F)(F)F)C2)nc1,0.0008541327381567553
COc1ncc(C(=O)N2CCC(Nc3nccc(C)n3)C2)cn1,0.000601808937212162
CSCC[C@H](NCc1cccc(F)c1OC(C)C)C(N)=O,0.0005428934391500083
Cc1cc(=O)[nH]cc1C(=O)NC[C@@H](C)NC(=O)CNc1nccs1,0.0003379348630464381
Cc1cc(=O)c(C(=O)NC[C@H]2C[C@@H](NC(=O)C(C)CC(N)=O)C2)n[nH]1,0.11021445994234351
Cc1cc(C(=O)N2CCN(c3ncc(C#N)cc3F)CCC2C)c[nH]1,0.0015155517459121226
Cc1cc(C(=O)NCC2CC(NC(=O)c3ccon3)C2)nn1C,0.0003540176414584547
Cc1cc(CN2CCC(NC(=O)c3ccc(C)o3)CC2C)ncn1,0.00047376690823749783
Cc1cc(N2CCC[C@@H]2CCNC(=O)c2cnccc2C)nc(CO)n1,0.0004431090854520142
Cc1cc(OCC(=O)N2CCC3(CCN(C(=O)C(C)(C)C#N)C3)C2)no1,0.0011901619287872254
Cc1ccc(C(=O)N2CCN3CC(C)CC3C2)c(Cl)c1C,0.0005832316348041073
Cc1ccc(CN2C3CCC2CC(NC(=O)C2CCC(=O)N2)C3)cc1,0.0004077157489041048
Cc1ccc(O)cc1C(=O)N1CCC[C@H]1CNC(=O)C(C)(C)C(C)C,0.0006984210361088385
Cc1ccnc(NC(=O)Cc2cccc(C)c2Cl)n1,0.0007144073811190187
Cc1ccoc1CC(=O)N1CCCC(C(C)NC(=O)c2cnc[nH]2)C1,0.0008533455113308035
Cc1cncnc1N[C@H]1C[C@H](CNC(=O)C2CC(C3CCC3)C2)C1,0.0014633308801283455
Cc1csc(C(=O)N2CCC(=O)Nc3ccccc32)n1,0.0006755544411603127
Cc1n[nH]c(CC(=O)NC[C@H]2C[C@@H](NC(=O)CCOC(C)C)C2)n1,0.00022900791268831754
Cc1nc(C(=O)N(C)CCN(C(=O)C2CCC(=O)NC2)C(C)C)c[nH]1,0.0002449633823305644
Cc1nc(C(=O)N2CCC(CC(C)NC(=O)c3cocn3)CC2)n[nH]1,0.2364967871216508
Cc1nc(C(=O)N2CCN(C(=O)Cn3ncnn3)C3(CCC3)C2)co1,0.00024430783789621083
Cc1nc(CC(=O)N(C)CCNC(=O)c2nc(=O)[nH][nH]2)sc1C,0.00022189529226900227
Cc1nc(NCC(=O)N2CCCC2)nc2c1c(Br)cn2C,0.0015011207284306037
Cc1nccnc1C(=O)NC[C@H](C)NC(=O)c1oc(C2CC2)nc1C,0.1303961815239947
Cc1nn(CCO)cc1CNC(=O)NC[C@@H]1CCC[C@H]1O,0.0003929104067306041
Cc1nn(Cc2nnc(N3CCC(C4CCC4)CC3)n2C)c(=O)o1,0.0002725895706383802
Cc1onc(CC(=O)NCC2(NC(=O)Cc3nnco3)CC2)c1C#N,0.00021567091401078397
Cn1cccc1C(=O)NC1CCCC12CN(C(=O)[C@H]1C[C@@H](O)C1)C2,0.0005538125410219967
Cn1nc(C2CC2)nc1C(=O)OCC(=O)NCC1CCCO1,0.00039418997782815826
N#CC1(C(=O)NC2CC(n3cc(C(O)c4ccccc4)nn3)C2)CC1,0.37357410505328886
N#Cc1ncc(Cl)c(NCC2CN(C(=O)c3cscn3)C2)n1,0.6555070466833394
NS(=O)(=O)c1cccc(OCCN2CCCc3ccccc3C2)c1,0.0005240147810276325
O=C(C1=C(Cl)CC1)N1CC(CNc2ncncc2Cl)C1,0.0011372815499991614
O=C(CC1CC1)NC1CCN(C(=O)[C@H]2CCCC(=O)N2)CC1,0.00042825285219576096
O=C(Cn1cccn1)N1CC2(CCCC2NC(=O)C2CSC2)C1,0.00024255229743020345
O=C(NC(CO)c1ncc[nH]1)c1nc(Br)cs1,0.0005580438069834899
O=C(NC1(CO)CN(C(=O)C(O)C2CCOCC2)C1)[C@@H]1CC1(F)F,0.110372077735175
O=C(NCC1CCN1CCF)c1cccc(C2(F)COC2)c1,0.0004118097231798423
O=C(NCC1CN(C(=O)C2(O)CC2)CCCO1)C1CC2(CCC2)C1,0.0005603660328368695
O=C(Nc1nc2cnccc2s1)NC1CC(OC(F)F)C1,0.001114976904471061
O=C(Nc1ncc(C2CCOCC2)s1)NC1CCCn2nccc21,0.0008399642731621939
O=S1(=O)CC2CC1CN2C1CN(C2=NCCC(C(F)(F)F)N2)C1,0.11129420613132086
C[C@@H](CNC(=O)C1CN(C)C(=O)N1)NC(=O)Cc1cn2ccsc2n1,0.00013093159940643937
C[C@@H](O)C(=O)N1C[C@@H]2CCCN(C(=O)c3cc(C4CCC4)no3)[C@@H]2C1,0.0005755958739711268
C[C@@H]1[C@H](=O)CCN1C(=O)c1ccn(Cc2ccccc2F)n1,0.0
C[C@@H]1CN(C(=O)[C@H]2CC[C@H](C)CC2)CCN1C(=O)c1ncccn1,0.0006602589694147472
C[C@@H]1CN(C(=O)C2(C3CCC3)CC2)CCN1C(=O)CC1CN(C)C1,0.00035866925627563227
C[C@H](O)C(=O)N1CC(CNC(=O)c2ccc3sccc3c2)C1,0.24299472716961795
CC[C@@H]1CN(C(=O)C2(CC)CCOCC2)C[C@@H]1NC(=O)C1CC1C,0.0003550918176781209
CC(=O)N1C[C@@H](C)[C@@H](NC(=O)CCc2cc(C)no2)C1,0.0003471232706946416
CC(=O)Nc1cccc(CN(C)CC(C)NC(=O)C2CCCOC2)c1,0.0013787555344375371
CC(C(=O)OCc1ccccc1)N1CCCC(F)(F)C1,0.0004495864458399019
CC(C)(CS(=O)(=O)N1CCCC1C1OCCO1)C(F)F,0.17672382080899324
CC(C)(O)CCC(=O)N1CCC[C@H]2CN(C(=O)C3(O)COC3)C[C@H]21,0.000248876045488016
CC(C)(F)C(=O)NCC1C2CCCC1N(C(=O)C1CSC1)C2,0.0002664119767113743
CC(C)C(C(=O)NC1CN(C(=O)C2(C)CC2)CC1C)n1ncc(N)n1,0.0004421563587526856
CC(C)C(CNC(=O)C1CCCO1)NC(=O)CC1CCCC(=O)N1,0.12278851448035226
CC(C)C(F)C(=O)N(C)CC1CCN(C(=O)C2(C#N)CC2C)CC1,0.001081002831260104
CC(CC(F)(F)F)C(=O)N[C@H]1C[C@H](NC(=O)c2ccc(F)cc2)C1,0.0005111421504218278
CC(CC1CN(c2cc(C3CC3)ncn2)C1)NC(=O)c1cn(C)nn1,0.00024753390055442316
CC(CCO)C(=O)NCC1CN(C(=O)C(C)CO)CC(C)(C)O1,0.0003698908339655403
CC(CCc1ccc(F)cc1)N(C)C(=O)c1coc(CN)n1,0.0005898595233276701
CC(CN(C)C(=O)c1cnn(C)c1)NC(=O)CCn1cnnn1,0.00020793553093672868
CC(CNC(=O)CCS(C)=O)NC(=O)CCNC(=O)CO,0.00035375180889399575
CC(CF)C(=O)NC[C@@H](C)Nc1nc2ccccc2c(=O)[nH]1,0.00047412839641927147
CC(O)(CNC(=O)N1CC(=O)Nc2ccccc21)c1cccc(F)c1,0.0010559503507217363
CC(O)C(C)C(=O)N1CCOC(C(C)NC(=O)CCC(C)(C)O)C1,0.0003116765462018572
CC(O)CCC(=O)N1CCC(N(C)C(=O)C2CCCC23CC3)CC1,0.0009104736605111851
CC(O)Cn1cc(C2CN(C(=O)C3CC4(CC(O)C4)C3)CCO2)nn1,0.00028750527196492445
CC1(C)CC1CC(=O)N[C@H]1[C@@H]2CN(C(=O)Cc3ccc(O)cc3)C[C@@H]21,0.0003291624042952522
CC1(CN(C(=O)CN2CC=C(c3ccc(F)cc3)CC2)C2CC2)OCCO1,0.0012418649165747023
CC1(NC(=O)[C@@H]2CCCO2)CCCN(C(=O)C(O)c2ccnn2C)C1,0.0003964324589151009
CC1=NOC(C)(C(=O)NCC(C)CN(C)C(=O)CCC(N)=O)C1,0.0002871449152756527
CC1CC(c2ccccc2)CCN1C(=O)C1CC2(C1)CS(=O)(=O)C2,0.0006088530918532988
CC1CN(C(=O)c2ccc3nc(C4CC4)sc3c2)CC(C)O1,0.6222776711015591
CC1CN(C(=O)c2coc(=O)[nH]2)CCC1NC(=O)c1cc(CO)on1,0.19819282808267785
CC1CN(CCNS(=O)(=O)c2cc(F)ccc2Cl)CC1C,0.00035967924709603077
CCC(=O)NCCN(CC)Cc1oc(CC(C)C)nc1C,0.0003446505130675983
CCC(C(=O)Nc1nc2c(C(=O)OC)cccn2n1)N1CCCC1=O,0.2716331717452899
CCC(C)(C)C(C)NC(=O)NC1(c2ccc(O)nc2)CCC1,0.0006651881405476635
CCC(CNC(=O)c1cn[nH]c1)NC(=O)c1cccc(C(N)=O)n1,0.09035732713809018
CCCC(=O)NCC1C(C)CCCN1C(=O)CSc1ccccn1,0.16996527893982427
CCCC(C(=O)NC(CC)CNC(=O)[C@@H]1CNC(=O)N1)C(C)C,0.0003838014971697527
CCCn1cccc1C(=O)N1CC(C)(NC(=O)c2ccc(F)cc2)C1,0.2925812917219304
CCN(C(=O)[C@H]1CCCCN1C)C1CCN(C(=O)c2cnc(C)o2)C1,0.00038924999175782076
CCN(CC)c1ccc(NC(=O)[C@@H]2C[C@@H]2NC(=O)OC(C)(C)C)cn1,0.001401329004156789
CCNCc1ccc(NC(=O)NCC(O)C2CCCO2)cc1,0.0007096396528259259
CCOC1C(C)C1C(=O)NCc1ccc(OCC#N)cc1,0.0006818327165787079
CCOC1CC(NC(=O)NCC2(OC)CCC2)C1n1cccn1,0.0003678656878418351
CCc1ccc(N2CC(C(=O)NCC3(OC)CCC3)CC2=O)cc1,0.0010839241081792952
CCc1cccnc1C(C)NC(=O)CCS(=O)(=O)NC,0.0002611830521162896
CCc1ncc(C(=O)N2CCC[C@H]2CNC(=O)CC(C)(C)O)s1,0.00043957589831840376
CCc1noc(C)c1CNC(=O)NC1CC(C)(C)OC1(C)C,0.0005520894821300578
CCc1onc(C)c1C(=O)N(C)CC1COCCN1C(=O)[C@@H](C)OC,0.0003526043531764856
CCn1c(C(=O)N2CCCC(NC(=O)c3ccco3)C2)cnc1O,0.0004879827351251638
CCn1ccc(C(=O)N(CCNC(=O)c2nnn(C)n2)C2CC2)c1C,0.0003623162531400225
CN(C[C@@H]1CCCN1C(=O)C1CCC2(CC1)CC2)C(=O)C1(C)CC1F,0.0012909423750137132
CN(C(=O)c1n[nH]c(=O)[nH]c1=O)C1CCN(c2nccc(C#N)n2)C1,0.22602667606850624
CN(C)CC(C)(O)CNC(=O)Nc1cccc(Cl)c1N1CCCC1,0.0007051209624812494
CN(C)CCC1CCN(c2ncc3ccccc3n2)CC1,0.001293751152894167
CN(C)c1cnc(CNCc2cnc(C3CC3)s2)nc1,0.0007106576575668686
CN(C)c1ncccc1C(=O)NCC1(Sc2ccc(F)cc2)CC1,0.3485395519513241
CN(CC(=O)Nc1c(Cl)ccc2c1OCO2)S(=O)(=O)[C@H]1C[C@@H]1C,0.000832891913396045
CN(CC1CCOC1)C(=O)c1cscc1-c1nn[nH]n1,0.346400728270563
CN(CCNC(=O)Cn1nccn1)CCc1ccc(C(C)(C)C)cc1,0.00037023246288853036
CNC(=O)NC(=O)CN1C[C@@H]2[C@H](C1)[C@@H](NC(=O)OC(C)(C)C)C2(F)F,0.00038614612239896675
CO[C@@H]1CCCN(c2nnnn2CC2CCC3COCCC3C2)C1,0.0008213378370863258
CO[C@H](C)[C@@H](CO)NC(=O)c1ccc(CCc2ccccc2)[nH]1,0.0004429763244659521
CO[C@H](C)C(=O)NCC(C1CC1)N(C)C(=O)c1ccc(C)o1,0.0004328469169900537
CO[C@H]1C[C@@H](NC(=O)c2ccc(C)c(N3CCOC3=O)c2)C1,0.3100384899195588
COC(=O)[C@]1(NC(=O)CCNC(N)=O)CC[C@H](C)CC1,0.00032604794623718257
COC(=O)NCC(=O)N1CCC2(C1)CN(C(=O)c1ncoc1C)C2,0.25551109251870585
COC(=O)c1c(C)[nH]c(C(=O)NCC(C)(C)S(C)(=O)=O)c1C,0.0003402292742365605
COC(=O)c1sc(C(=O)N2CCN(C3CCCC3)CC2)cc1C,0.263112972047696
COC1CCN(C(=O)Nc2cn(C)nc2-c2cccnc2)CC1C,0.000709224084939316
COCC1(NC(=O)c2c[nH]nn2)CCN(C(=O)c2c[nH]c(C)c2)CC1,0.15131240577071556
COCc1cc(C(=O)N2CCC2CNC(=O)C(C)(C)C#N)no1,0.00069502964971834
COCc1nc(CNC(=O)NC(C)c2ccccc2OC)no1,0.0005031579716846623
COc1cc(C(=O)N[C@H]2C[C@H](NC(=O)CC3OCCO3)C2)ncn1,0.0001795117018250816
COc1cc(CNC(=O)Cn2ccc(=O)[nH]c2=O)ccc1OC(C)C,0.0005535081406009327
COc1cc(N(C)C(=O)C[C@@H](NC(C)=O)c2ccccc2)ccc1F,0.3865977648178364
COc1cc(NC(=O)NC(C2CCOCC2)C(F)(F)F)sn1,0.0013162382494483838
COc1cc(NC(=O)c2ccnn2C)c(Cl)c(OC)c1,0.0014220426222512667
COc1ccc(OC)c(C2=NOC(C(=O)N3CC[C@H](O)C3)C2)c1,0.00034360489396767133
COc1cccc(C2=NOC(C(=O)NCc3ncnn3C(C)C)C2)c1,0.0005210996958572204
COc1ccccc1C(F)(F)C(=O)NCCc1cn(C)nn1,0.0004291087416614884
COc1ccccc1COC1CCN(CCc2nncn2C)CC1,0.0004879256838167706
COc1ccnc(N2CCC(NC(=O)c3ccsn3)C2(C)C)n1,0.0005937338568026976
COc1nn(C)cc1NCc1c(Br)cnn1C,0.0009270017370885044
CSc1nccc(N2C[C@H]3CCN(C(=O)[C@@H](C)O)CC[C@H]3C2)n1,0.2615269346781307
Cc1cc(CCC(=O)NCCN(CCCF)C2CC2)on1,0.000356431402757942
Cc1cc(N)nc(N2CCC3(CC2)NC(=O)C(C)O3)n1,0.21947523710507916
Cc1ccc(C)c(C(=O)NCC(C)NC(=O)C(C)c2cnccn2)n1,0.00035869954168229687
Cc1ccc(CN[C@H](CC(C)C)CN(C)C)c(OCC(=O)O)c1,0.000573241611269129
Cc1ccc(NS(=O)(=O)c2cccc(O)c2)cc1OC1CCOC1,0.0013497067901603154
Cc1ccc2[nH]nc(C(=O)N(C)CC(C)NC(=O)C3CC3C)c2c1,0.0004949589542706334
Cc1ccc2nc(CCC(=O)N(C)C3CC(C)OC(C)C3)cn2c1,0.001647161811092447
Cc1cccc(C)c1S(=O)(=O)N(C)C(CCSC)C(=O)O,0.0003346631047793552
Cc1ccccc1OCC(=O)N1CCC(Cn2cc(CO)nn2)CC1,0.0006852561728548016
Cc1cccn2c(C(=O)NC3CCCN(C(=O)C(F)F)CC3)cnc12,0.0004122613978394168
Cc1cnc(NC2(CNC(=O)C3(O)CC3)CCCCC2)nc1C,0.0011256659488983925
Cc1cncc(CCC(=O)N[C@@H](C)CNC(=O)c2cnsc2)c1,0.0002808571799589817
Cc1nc(C)c(C)c(NCC2CC(NC(=O)CN(C)C(N)=O)C2)n1,0.00044613355765862813
Cc1nc(CN2CCN(C(=O)CCc3ccnn3C)CC2)no1,0.0003351632112844052
Cc1ncc(C)c(N2CCC(CN(C)C(=O)CCn3cccn3)C2)n1,0.001017839043945564
Cc1nccc(C(C)NC(=O)NCc2cccc(C(=O)O)c2)n1,0.0004551462199911638
Cc1nn2cc(=O)c(C(C)N3CC4(CCC(=O)O4)C3)nc2[nH]1,0.0
Cc1noc(C(=O)N[C@H]2[C@@H]3CN(C(=O)c4[nH]ccc4C)C[C@@H]32)n1,0.00035443184949698024
Cc1noc(C)c1C(=O)N1CCN(C(=O)C2(N(C)C)CC2)[C@H](C)C1,0.20522373473082012
Cc1noc(C)c1CCC(=O)N1CCC(CNC(=O)C2(C)COC2)C1,0.0002653030555131109
Cc1nonc1CC(=O)N1CCC(NC(=O)c2ccncc2)C1(C)C,0.0003588709414121259
Cc1nonc1CN1CCC2(CC1)OC(C)(C(=O)O)CCO2,0.000400099281052405
Cc1oc(Br)cc1C(=O)N1CCN(C[C@H](C)O)CC1,0.0003629347132080312
Cn1cc(SCC(=O)N2CCC3(C2)CN(C(=O)C2CCC2)C3)cn1,0.0007445314218825958
Cn1cccc1CC(=O)N1CCCC(NC(=O)c2ccno2)C1,0.0003798501299265665
Cn1nc(-c2ccccn2)cc1CN1CCC2C(CCN2C(=O)CO)C1,0.0011502379157062644
O=C(NC[C@@H]1CCCO1)NC(C1CCCC1)C1CCC1,0.0007482703860587994
O=C(NC1CC(NCC(F)(F)F)C1)C1CCOCC12CCCCC2,0.0004435395864074179
O=C(NC1CCC(n2cc(-c3ccncc3)nn2)CC1)C1(O)COC1,0.4856949874601514
O=C(NCC1CCCN1C(=O)C(F)F)c1cc2ccccc2[nH]1,0.000639471633413741
O=C(NCC1CCOC1=O)C(O)c1ccc(F)c2c1CCC2,0.0004440767667208441
O=C(OCCc1ccccc1Cl)c1cnnn1C1CC1,0.000673829644963781
O=C1CC(c2ccc(OCc3nc(C(F)F)no3)cc2)C1,0.00043964577738721326
O=C1CCC(C(=O)N2CCC3(CC2)CN(C(=O)C2CC2(F)F)C3)C1,0.0006185293283805529
O=C1CCC(CC(=O)N2CC(CNC(=O)C3(O)CCOCC3)C2)C1,0.17304394049849098
O=C1OC[C@@H]2CN(C(=O)Cn3cnc4ccccc43)C[C@H]12,0.0007929300419265466
O=C1OC2CC1N(C(=O)c1cc(-n3ccnc3)ccc1O)C2,0.2630116589065799
O=S(=O)(CCC1C(F)(F)C12CC2)N(C(CCO)C1CC1)C1CC1,0.0011869063868126496
O=S(=O)(N[C@@H]1[C@H]2COC[C@H]21)c1ccc2cccnc2c1,0.0005927523926955843
O=S1(=O)NCC2(CN(c3nnc(CC(F)F)n3CCCO)C2)C1,0.0002621445573825896
C[C@@H](CNc1ncnc2c1CCCC2)NC(=O)c1cc(O)n(C)n1,0.000928732278583257
C[C@@H](NC(=O)CC1(C)CCCO1)C1CN(C(=O)C2CCC3CC3C2)C1,0.00041625272137409505
C[C@@H](O)[C@@H](CO)NC(=O)Nc1cccc2c(N(C)C)nccc12,0.0004347431986305203
C[C@H](CNC(=O)C1CC12CCOC(C)(C)C2)Nc1nnnn1C,0.0004799640413952162
C[C@H](F)CC(=O)N1CCc2c(F)cc(F)cc2C1C(=O)O,0.0004347857854890731
C=C(F)C1(CC(=O)N2CC[C@@H](NC(=O)[C@@H](C)O)C2)CCC1,0.00030554012411083677
CC[C@@H](C)NC(=O)NCC(C)CN1CCOCC1,0.0003458975278134885
CC[C@H](C)[C@H](O)C(=O)NC1(C)CCN(C(=O)c2ccnnc2)CC1,0.0003309070040296899
CC(C)(C)O[C@H]1C[C@@H](C(=O)NC2(CNC(=O)CC3(O)CC3)CC2)C1,0.0004410681553362899
CC(C)(C)OC(=O)N1CC(C(=O)NCCc2nnc3n2CCCC3)C1,0.2283900200593671
CC(C)(C)c1ncc(CN2CCOCC2CC2CCCC2)cn1,0.0008640814424075357
CC(C)C[C@H](CO)NC(=O)NCC1CCCSCC1,0.0009511632336614543
CC(C)CC(=O)NC[C@@H]1CCCCN1C(=O)c1ccn(C(C)(C)C)n1,0.0009647560859869811
CC(C)CC1CCCCN1C(=O)CN(CC(=O)O)Cc1cccnc1,0.0006543232796199247
CC(C)Oc1ccc(F)cc1NC(=O)[C@@H]1C[C@H]2CC[C@@H]1O2,0.0014587240298901305
CC(C)Oc1nn(C)cc1NC(=O)NCC(=O)N1CCc2ccccc21,0.001412845874702723
CC(C)c1c(C(=O)N(CC(N)=O)CC(C)C)nc2n1CCCC2,0.000450092325035272
CC(CN(C)C(=O)C1CC(=O)C1(C)C)NC(=O)[C@H]1C[C@H]2[C@@H](C1)C2(C)C,0.14175212129276296
CC(CNC(=O)C(C)(C)CC(F)F)CNC(=O)C12CC(CO1)C2,0.15491959090223506
CC(CNC(=O)NC(CCO)c1cccc(F)c1)Oc1ccccc1,0.0006173907766324649
CC(CNC(=O)c1ccnc(CO)c1)CNC(=O)C(C)CCO,0.00025423415843263354
CC(CF)C(=O)N1CC(C)(C)CC1CNC(=O)C1(CO)CCCO1,0.0004800711575175444
CC(NC(=O)C1CCc2[nH]nnc2C1)C(C)c1ccccc1Cl,0.2827098627025457
CC(NC(=O)N(C)Cc1cccc2cn[nH]c12)C1CCCNC1,0.0006621819137970552
CC(NC(=O)NCCC1CC(O)C1)c1nc(-c2ccccc2F)no1,0.0011844478381511272
CC(O)C1CC1C(=O)N1CCN(C(=O)c2cnnn2C)CCC1C,0.00021445443158397216
CC1(C)CC(CC(=O)NCC(O)Cn2cccn2)CO1,0.0002629808848425623
CC1(C)O[C@H]2C[C@H](NC(=O)N3CCCC(C)(F)C3)C[C@H]2O1,0.0006079696277403273
CC1(CC(=O)N2CCC[C@H]3CN(C(=O)CCc4cn[nH]c4)C[C@H]32)CC1,0.001086982032779983
CC1=C(C(=O)NC2CC(NC(=O)CC3CN(C)C3)C23CCC3)CCO1,0.19482441676141377
CC1=NOC2(C1)CC(C(=O)N(C)Cc1ccc3c(c1)OCO3)C2,0.00047783505921406526
CC1CC(C)(C(=O)NCC(NC(=O)C2(O)COC2)c2ccccc2)C1,0.0004979101302770243
CC1CC(NC(=O)C2(C#N)CC2)CN1C(=O)CC(C)(O)C(F)(F)F,0.15210666880582344
CC1CC1C(=O)N(C)CCN(C)C(=O)c1cnn2c(=O)cc[nH]c12,0.17873581270130012
CC1CCC(C(=O)NC2CCN(Cc3nnnn3C)C2)CC1,0.00039226247016653395
CC1CCC2CCCN2C1C(=O)NCc1cncnc1,0.0008459631723787015
CC1CN(C(=O)[C@H](O)C(C)C)CCN1C(=O)CC1(O)CCCOC1,0.00022456279406581496
CCC(=O)N(C)CCCN(C)C(=O)C1(c2ccccn2)CC2(CC2)C1,0.0003694222967896751
CCC(C)(C)CC(=O)NC1CC(CNC(=O)c2nc(C)ccc2C)C1,0.0004825639716298058
CCC(C)(CC)C(=O)N[C@@H]1CCN(C(=O)CCS(C)(=O)=O)C1,0.18551140831394314
CCC(CNC(=O)CSC(C)C)NC(=O)c1cc(C)n(CC)n1,0.0004399202275042959
CCCC1CCCN1C(=O)c1cc(C2CCNC2)n[nH]1,0.0003934067151523796
CCCCN1CC[C@@H](NC(=O)c2ccc(CC)[nH]2)C1,0.0006623443587458154
CCCN(CC(=O)O)C(=O)CCn1c(=O)oc2cc(Cl)ccc21,0.0009860141446304726
CCN(CC)CC(=O)NCC12CC(Nc3nnco3)(CO1)C2,0.000519635933101906
CCN(CCNC(=O)CC1COC(=O)C1)C(=O)[C@@H]1CNC(=O)O1,0.00018942670555452428
CCOC(=O)[C@@]1(C)CN(C(=O)c2ccc(F)c(F)c2)C[C@H]1C(=O)O,0.0005081250794635544
CCOC(=O)C1(S(C)(=O)=O)CCN(Cc2nc(C)cs2)CC1,0.1956849723782723
CCOC(=O)c1csc(N2CCN3C(=O)OCCC3C2)n1,0.0008505227453140545
CCOC(C)C(=O)N1CCCCC(CNC(=O)COC)C1,0.00041858064087928995
CCOC(C)c1nc2c([nH]1)CC(C(=O)N1CC(CN)C3(COC3)C1)CC2,0.0004091614700104942
CCOc1cc(N2CCC(C)(NC(=O)CC3CCC3)C2)ncn1,0.0006030534396963449
CCOc1cnc(C(=O)NC2(CNC(=O)CCSC)CC2)cn1,0.13161470560598534
CCc1cc(CC)nc(N(C)C(C)CNC(=O)C2CC3CCC2C3)n1,0.000666998316546735
CCc1ccc(C(CN(C)C)NC(=O)c2cccnc2C#N)cc1,0.0013338945044835246
CCc1nnc(NC(C)CCNC(=O)C2(OC)CCCC2)s1,0.0003865749665357892
CCc1nsc(NC2CN(C(=O)C(OC)c3cccnc3)C2)n1,0.0004357313836973144
CCn1cc(C(=O)N2CCCC[C@@H]2CN(C)C(=O)[C@@H]2CC2(F)F)cn1,0.0007948316931528547
CCn1cnnc1-c1ccc(C(=O)OCC2C3COCC32)cc1,0.5374334946183781
CCn1ncc(NC(=O)Cc2c(Cl)cnn2C)n1,0.0008408065353216924
CN(C)C(CNC(=O)Nc1ccnc2ccnn12)C1CCCCC1,0.001559980242229253
CN(CC(=O)N1CCOC(CC(=O)O)C1)c1ncnc2ccsc12,0.0007494270632329559
CN(CCNC(=O)CCc1cncnc1)C(=O)C1CCCCC1,0.0006585321670543552
CN1CCC(CNC(=O)c2cnccc2C(C)(C)C)CC1=O,0.00047511001397855876
CN1CCCC1c1cc(C(=O)N2CC(CN(C)C3CC3)C2)[nH]n1,0.00045313818185192085
CN1CCCCC1CNC(=O)c1cc2ccccc2o1,0.0005818909535657081
CNC(=O)[C@H](CC(C)C)NC(=O)N1CC(OC(C)=O)C1,0.0002692945165679185
CNC(=O)C1CCC(C(=O)N(C)CCN(C)C(=O)c2cc[nH]c2)CC1,0.15801778417625761
CNC(=O)C1CCCN(S(=O)(=O)c2cnn(CC3CCC3)c2)C1,0.0007499752387399265
COC[C@@H]1CCCN1C(=O)NCC1C(=O)NCCC1C,0.0003144978800275661
COC(=O)c1cn(Cc2cnoc2C(=O)NCC2(N(C)C)CC2)nn1,0.0002400994722207837
COC1(C(N)C(=O)N(C)C2CCN(C)CC2C)CCCC1,0.0006953696222762976
COC1(CC(=O)N2CCCC(C3(NC(=O)C4CC4)CC3)C2)CC1,0.25241713809293853
COC1(CNC(=O)[C@H](C)O)CN(C(=O)c2cccc3nonc23)C1,0.0002843037977280791
COCC(=O)NCc1cc(OC)c(OCc2cccnc2)cc1C,0.0004944281551049314
COCC(O)C(=O)N1CCC2(C1)CN(C(=O)C(C)C1CCCC1)C2,0.0003874328550147539
COCC1(CNC(=O)N2CCN(c3ccc(F)cn3)CC2)CCCC1,0.0007269581098976169
COCCC(C)C(=O)N1CCC[C@H](NC(=O)c2ccc3[nH]cnc3c2)C1,0.0008327391634122681
COCCN(CCc1ccccc1)C(=O)CCc1ccc(O)cc1,0.0004901435267863355
COc1cc(C(=O)N[C@H](C)CNC(=O)c2noc3c2COCC3)n[nH]1,0.0002486797363151894
COc1cc(S(=O)(=O)N2CC(OC)(C(F)F)C2)ccn1,0.00028104204496372644
COc1ccc(C(=O)NC[C@H]2CCN(C(=O)[C@H]3CNC(=O)N3)C2)nc1,0.00020757071247861744
COc1ccc(C(=O)NCCC2(CNC(=O)c3ncc[nH]3)CC2)cc1,0.23652711408950566
COc1nc(C)cc(COC(=O)C23CCC(CC2)OC3)n1,0.0007009206415327309
COc1nccc(C)c1NC(=O)N(C)CCOc1ccc(C)cc1,0.0018728539037638878
CSC1(C(=O)N2CCCC(NC(=O)C(C)C3CC3)CC2)CC1,0.0007497758951932254
Cc1c[nH]c(CCC(=O)NCC(CC(C)C)NC(=O)C(C)C2CC2)n1,0.0002913662513902143
Cc1cc(C(=O)N2CCC(NC(=O)Cc3ccccc3)CC2C)[nH]n1,0.000349225895520555
Cc1cc(C(=O)N2CCN(C(=O)c3ccn(C(C)(C)C)n3)[C@@H](C)C2)on1,0.3617076091688664
Cc1cc(C(=O)NCC(O)CNC(=O)c2cnns2)nc(O)n1,0.0002676553472186932
Cc1cc(C(=O)NCCN2CCN(CCC3CCCCC3C)CC2)on1,0.0003345827894964649
Cc1cc(C)c(C(=O)N[C@H]2C[C@H](CNC(=O)c3n[nH]c(C)c3C)C2)o1,0.3045540263382678
Cc1cc(C)nc(C(=O)N2CCC(CNC(=O)[C@H]3C[C@@H]3C)C23CC3)c1,0.1722784118702379
Cc1cc(CNC(=O)N2CCC[C@@H]3CC[C@H](O)C[C@@H]32)n(C)n1,0.00042740657082215156
Cc1cc(N2C3CCC2CN(C(=O)c2c[nH]nn2)C3)ncn1,0.00027819632827091347
Cc1cc(NC[C@H]2[C@@H]3CN(C(=O)C(C)CO)C[C@H]23)ncn1,0.000436512532393441
Cc1ccc(CC(=O)NC2CCN(Cc3scnc3C)CC2C)cn1,0.00045999043887670404
Cc1ccc(CNC(=O)N[C@@H]2CC[C@H]2O)cc1-n1cccn1,0.00025872059139096283
Cc1cccc(-c2c[nH]c(CCC(=O)NC[C@@H]3COC[C@H]3N(C)C)n2)c1,0.001042425555638871
Cc1cccc(-n2ncc(C(=O)N3C[C@@H](C)[C@@H](NC(=O)CO)C3)c2C)c1,0.0004888439857822557
Cc1cccc(C(=O)N[C@@H]2CCN(C(=O)c3ccc(O)cn3)C2)c1,0.2387697387717937
Cc1ccccc1C(=O)N1CC2CCC(C1)N2c1ncnc(Cl)c1C,0.0009528148188421206
Cc1ccnc(C(=O)N2C(C)Cc3ccccc3C2C)n1,0.0004692780621373872
Cc1cnc(CS(=O)(=O)CCOC(C#N)C2CC2)nc1,0.001033294776051361
Cc1cscc1C(=O)NCC[C@H]1CCCN1c1ccnc(C#N)n1,0.0014058456293793839
Cc1nc(C(=O)NCC2CCN2C(=O)CCCC(C)(C)C)nn1C,0.0004059165585086345
Cc1nc(C)c(C(=O)NC2(C)CCN(C(=O)c3ccncn3)C2)s1,0.0005836082531370952
Cc1nc(C)c(CCNC(=O)N2CCC(O)C(CO)C2)s1,0.0003078659540499864
Cc1nccc(NC2CN(C(=O)CC(F)(F)F)Cc3nccn3C2)n1,0.0006380759293536809
Cc1ncnc(N2CCN(C(=O)c3cncc(C(F)F)c3)CC2)c1C,0.40459711357438766
Cc1nnsc1CN1CCN(C(=O)c2cccnc2C)[C@H](C)C1,0.0005727531402304047
Cn1cc(C(F)F)c(COC(=O)C2CCOC(=O)CC2)n1,0.0005142045558052291
Cn1ncc(C(=O)N2CCC3(CC2)CN(c2ncncc2Cl)C3)n1,0.25952165186560866
N#Cc1cccnc1N1CCC(N(CCO)C(=O)c2cccnn2)CC1,0.0010799438098052347
N[C@@H]1C[C@H]1NC(=O)CC1COCCN1CC(F)(F)F,0.00024000495164654178
Nc1nccnc1C(=O)N1CC[C@H](NC(=O)C2(O)CC3CCC2C3)C1,0.19172554126469254
O=C(CCCn1ccccc1=O)N[C@H]1[C@@H]2CN(CCCO)C[C@@H]21,0.0003674801760800668
O=C(COCc1nc(-c2cncs2)no1)N1CC2CCC(C1)O2,0.00031296037224574094
O=C(NC[C@H]1CCCN(C(=O)c2ccoc2Cl)C1)C1CC2(CC2)C1,0.6527805313992784
O=C(NC1=NCC(O)CN1)c1cc2ncc(Br)cn2n1,0.0005621488160804379
O=C(NCCC(=O)N1CCCC(O)(C(F)(F)F)CC1)c1ccoc1,0.00040364528307544384
O=C(NCCN(CC1CCOCC1)C1CC1)C(O)CC1CCCCC1,0.0012238193160650707
O=C(NCCc1nc(C(F)(F)F)no1)NCC1CC2CC2C1,0.000409207165177675
O=C(NCc1cccc(F)c1)[C@@H]1CNC[C@H]1Cc1ccccc1,0.00047263022088636295
O=C(NCc1cncnc1N1CCCC1)NCC1CCCCN1,0.364865494705893
O=C1CC(c2ccc(CNC(=O)C3CCN(CC(F)F)CC3)cc2)C1,0.15380238708039795
O=C1CCC(CCC(=O)N2CC(=O)NC3CCCCC32)CN1,0.19672624048691725
O=S(=O)(NC1(C2CC2)CCOCC1)c1ccc(C2CC2)s1,0.0005354317618171166
